3B1BD
3FAA5
364E6
3B412
11F9C
08EFF
3508D
3B2B4
33543
30C92
345AF
2F445
0DFB0
3BDC3
00629
30ABB
27B6A
36405
339F2
091A6
31FB2
019C6
366D3
3B4A5
02175
046C7
3C440
32B5B
04CD6
32E87
3D8BD
3309F
00E85
13A56
3E72A
0A52F
37FC5
32F41
3D3A3
3F8AC
0CEFF
08266
0252A
2F27F
0F7BB
01509
3C92D
33F3F
07F6C
10641
049AD
3F1FA
06E96
0D98F
0DA75
38787
09561
0BD62
35A22
3616E
317CC
31E02
0142B
37420
16BEF
07A50
3CB4C
3E34D
3D163
30AE8
38F57
09256
03204
04FB8
37515
069F0
3F727
14057
3F1DA
3D91B
0BC95
36CC6
04DB9
3DC19
35371
37D8E
0B2A5
369DD
0559B
3BAB2
309F9
0728C
3A6C4
3248F
0FCE0
3608D
027A4
3633D
10A87
066CE
03449
3835F
2FBF4
30CF3
064F3
04088
020C5
3DA73
3996F
3DAB8
00924
0C599
051DF
03540
028BD
033F6
0C016
346AE
3CE04
05882
00570
33EA0
3D171
1447C
3FE5A
3DDEB
3B070
3EB81
021F0
38547
3F639
13EFD
126B6
3BEE2
3B952
38E42
048C5
3D94A
06081
038BD
3E4B0
3419F
0079A
36EB4
015DB
00C96
33892
3D6C2
187B6
38FD2
12284
2CB97
38083
3E532
3C6FA
088FE
3E064
2907B
335B5
0887A
03568
13F75
1355D
35FA1
38862
3F984
2E02F
05524
37FB4
006F7
3B4E5
08C53
3D457
12218
355B2
3E643
00A34
3E14E
36293
3F3E0
0DE23
3A390
076DA
0FE0A
08BB5
0433B
3AAB3
03EC2
38C33
3C520
3EC28
349C6
0561B
01813
08390
0BB8B
351DC
30231
2F991
3DC5F
3C2D2
071CC
00C4D
1040F
086A1
3FE88
045F4
0714F
36B41
361AC
02C0B
038E5
16337
04A0E
3CF28
38634
33C2B
30856
0BD75
0300F
03E89
3ED11
38C26
34049
05B01
3BB7F
02F93
0CBE8
06016
30C2E
3FE64
39F41
01652
30264
3CDEB
09619
2C29F
34B1E
3A13B
0520B
13256
3B043
3D025
0A1A4
02C78
386CC
0E3EF
1157A
01988
01214
04118
33429
0DDE0
0985F
26970
0736B
02F2D
3B866
08735
399BA
05163
0605E
1599D
315E7
3DDBA
37016
0D338
3CCFB
01260
34FB0
05F93
30CD6
3C89E
089C3
34E14
3D28C
370FD
3FFCC
3DF72
3916C
02F8C
39B5F
0A26C
13491
01EC2
0D32E
3934A
0FE3E
3AF2E
38F7E
3A66B
3D9CB
382EE
2CE82
385DA
01BD2
0087E
0878E
337CF
08952
013FB
365A5
09944
37EDD
3E497
09DF2
0F07B
3F012
05950
0687A
3B7A4
34FFC
3DA8F
0A2D9
0F757
3A74A
02A8D
3D612
08790
3DAF8
04D24
3D5EC
33B99
35213
0ED7C
09247
3A905
31422
0AFF3
3920E
3361B
36F42
07A3E
35E97
02387
095E7
02240
07610
06C24
347A7
10CAE
3774D
3F691
3D805
3B685
016CC
0ECD0
336ED
39CFC
0504B
07BC1
341DB
3AE7C
0C0DA
36734
31806
3E4E8
006E5
0521B
3D0C4
2F566
3F127
3C987
3E1FB
085DC
3F3B7
18417
07EE0
13843
04239
00C60
164DC
11461
3B126
3B764
33FD9
2F6FF
1059D
3A75E
206AC
03E98
34B64
06954
35AA4
0428F
30E2E
358BC
0F5BE
2C2BB
08AA6
2742B
0A0CD
0498F
084ED
3B643
05AFA
35807
103E4
390E7
015F6
03D93
09722
0CED3
3D49A
0AD99
3EF47
069FC
0C3FB
073AC
35EFF
374EA
102ED
3EA0C
01E84
38E1C
31BCE
313B5
3F059
0C663
09F35
3A376
2DDCA
392E7
02CD8
3BF7C
3D9C1
0A5F3
07FBA
11433
3F387
034F6
23F38
050FD
344E0
2FDEC
0297A
09ADA
06FE3
3D5E0
078AC
357AD
02129
39677
34FFC
02C80
05D29
01D53
3E894
3EA6E
08F9A
0CD02
10F5D
00671
3CC07
3A3B5
3AD03
3E0AC
09D55
3B2FD
3B4AF
3B357
03477
02AF3
00A3F
3DB71
3BD28
01B90
0A659
00CC8
016D5
3521E
3621A
06EC1
06D08
38DA5
063A7
3D3B7
385A2
3E1E8
1015A
3F239
0F9A5
3B127
33AD9
352C3
0260C
05D65
3900E
3F814
036C0
3E8A1
147A6
013FB
3F3E8
03AB1
39796
06049
332EA
3BC0B
3B630
3EBDE
3BA6E
30799
3A717
08F66
0934C
04C7B
36B3C
06C3C
02BB0
341D6
0546F
00C86
37ACF
06F9C
3FF27
0630A
3D64D
3E091
0CC20
3D545
0AD2F
0584C
06B3E
3A339
3CE03
3DBC8
3E2FB
3E785
3EAB4
3ED17
3EEF8
3F084
3F1D3
3F2F7
3F3FB
3F4E9
3F5C6
3F695
3F75B
3F81A
3F8D2
3F985
3FA34
3FADD
3FB82
3FC20
3FCB8
3FD49
3FDD1
3FE50
3FEC3
3FF2B
3FF87
3FFD4
00013
00043
00064
00075
00076
00068
0004C
00021
3FFE9
3FFA5
3FF57
3FF00
3FEA2
3FE3F
3FDD9
3FD72
3FD0C
3FCA9
3FC4B
3FBF4
3FBA5
3FB61
3FB29
3FAFE
3FAE0
3FAD1
3FAD1
3FADF
3FAFC
3FB28
3FB61
3FBA6
3FBF6
3FC4F
3FCB1
3FD18
3FD83
3FDF0
3FE5D
3FEC7
3FF2D
3FF8D
3FFE5
00033
00075
000AC
000D5
000EF
000FC
000FA
000E9
000CA
0009F
00067
00024
3FFD8
3FF85
3FF2B
3FECE
3FE6F
3FE10
3FDB3
3FD5A
3FD07
3FCBD
3FC7B
3FC44
3FC19
3FBFB
3FBEB
3FBE8
3FBF2
3FC0B
3FC30
3FC62
3FC9E
3FCE5
3FD34
3FD89
3FDE4
3FE42
3FEA0
3FEFE
3FF5A
3FFB0
00000
00048
00086
000BA
000E2
000FE
0010C
0010E
00102
000E9
000C4
00094
0005A
00017
3FFCC
3FF7C
3FF28
3FED1
3FE7B
3FE26
3FDD4
3FD88
3FD42
3FD05
3FCD1
3FCA8
3FC8B
3FC7A
3FC75
3FC7D
3FC91
3FCB1
3FCDC
3FD11
3FD50
3FD96
3FDE3
3FE34
3FE88
3FEDD
3FF31
3FF82
3FFD0
00017
00057
0008F
000BC
000DF
000F6
00102
00102
000F5
000DD
000BA
0008D
00056
00018
3FFD3
3FF88
3FF3B
3FEEC
3FE9C
3FE4F
3FE05
3FDC0
3FD81
3FD4A
3FD1D
3FCF9
3FCE0
3FCD2
3FCCF
3FCD8
3FCED
3FD0C
3FD35
3FD68
3FDA2
3FDE4
3FE2A
3FE75
3FEC2
3FF0F
3FF5B
3FFA5
3FFEA
0002A
00062
00092
000B9
000D6
000E8
000EF
000EB
000DD
000C3
000A0
00073
0003E
00003
3FFC1
3FF7C
3FF33
3FEEA
3FEA1
3FE5B
3FE17
3FDD9
3FDA2
3FD72
3FD4A
3FD2C
3FD18
3FD0F
3FD10
3FD1C
3FD32
3FD52
3FD7B
3FDAD
3FDE5
3FE23
3FE66
3FEAB
3FEF3
3FF3A
3FF7F
3FFC2
00000
00038
0006A
00093
000B3
000CA
000D7
000D9
000D1
000C0
000A4
00080
00053
0001F
3FFE5
3FFA7
3FF65
3FF21
3FEDD
3FE9A
3FE59
3FE1D
3FDE5
3FDB4
3FD8A
3FD69
3FD51
3FD43
3FD3E
3FD43
3FD52
3FD6B
3FD8C
3FDB6
3FDE6
3FE1D
3FE59
3FE98
3FEDA
3FF1D
3FF5E
3FF9E
3FFDA
00012
00044
0006E
00091
000AB
000BC
000C4
000C2
000B6
000A1
00084
0005E
00031
3FFFE
3FFC5
3FF89
3FF4A
3FF0B
3FECB
3FE8D
3FE52
3FE1B
3FDEA
3FDBF
3FD9C
3FD80
3FD6E
3FD65
3FD64
3FD6E
3FD80
3FD9B
3FDBE
3FDE8
3FE18
3FE4E
3FE88
3FEC5
3FF03
3FF41
3FF7E
3FFB8
3FFEF
00020
0004C
00071
0008D
000A2
000AD
000B0
000AA
0009A
00083
00063
0003C
0000E
3FFDC
3FFA5
3FF6B
3FF2F
3FEF3
3FEB7
3FE7E
3FE48
3FE17
3FDEC
3FDC6
3FDA9
3FD93
3FD86
3FD81
3FD86
3FD93
3FDA8
3FDC5
3FDEA
3FE15
3FE45
3FE7A
3FEB2
3FEEC
3FF27
3FF61
3FF99
3FFCF
00000
0002C
00052
00071
00088
00097
0009E
0009C
00091
0007F
00064
00042
0001A
3FFED
3FFBA
3FF85
3FF4D
3FF14
3FEDB
3FEA4
3FE6F
3FE3E
3FE12
3FDEC
3FDCC
3FDB4
3FDA4
3FD9B
3FD9B
3FDA4
3FDB4
3FDCC
3FDEC
3FE12
3FE3D
3FE6D
3FEA1
3FED7
3FF0F
3FF46
3FF7D
3FFB1
3FFE2
0000E
00035
00055
0006F
00081
0008B
0008D
00087
00079
00063
00046
00023
3FFFA
3FFCC
3FF9A
3FF66
3FF30
3FEFA
3FEC4
3FE91
3FE60
3FE34
3FE0D
3FDEC
3FDD2
3FDBE
3FDB3
3FDAF
3FDB4
3FDC0
3FDD3
3FDEE
3FE0F
3FE36
3FE62
3FE92
3FEC5
3FEF9
3FF2E
3FF63
3FF96
3FFC6
3FFF2
0001A
0003C
00057
0006C
00079
0007E
0007C
00072
00060
00048
00029
00004
3FFDA
3FFAC
3FF7B
3FF48
3FF14
3FEE1
3FEAF
3FE7F
3FE53
3FE2B
3FE09
3FDED
3FDD7
3FDC9
3FDC2
3FDC2
3FDCB
3FDDA
3FDF1
3FE0E
3FE31
3FE58
3FE85
3FEB4
3FEE6
3FF18
3FF4B
3FF7D
3FFAC
3FFD8
00000
00023
00040
00057
00066
0006F
00070
0006A
0005C
00048
0002D
0000C
3FFE6
3FFBC
3FF8E
3FF5E
3FF2C
3FEFB
3FECA
3FE9B
3FE6F
3FE47
3FE23
3FE06
3FDEE
3FDDD
3FDD3
3FDD1
3FDD5
3FDE1
3FDF4
3FE0D
3FE2C
3FE50
3FE79
3FEA5
3FED4
3FF04
3FF35
3FF65
3FF93
3FFBF
3FFE8
0000B
0002A
00042
00055
00060
00064
00061
00057
00047
0002F
00012
3FFF0
3FFC9
3FF9E
3FF71
3FF42
3FF12
3FEE2
3FEB4
3FE89
3FE60
3FE3C
3FE1D
3FE04
3FDF0
3FDE4
3FDDE
3FDDF
3FDE8
3FDF7
3FE0C
3FE28
3FE49
3FE6E
3FE97
3FEC3
3FEF1
3FF20
3FF4F
3FF7C
3FFA8
3FFD0
3FFF5
00015
0002F
00043
00051
00058
00058
00052
00044
00031
00017
3FFF8
3FFD4
3FFAD
3FF82
3FF55
3FF27
3FEF9
3FECC
3FEA1
3FE78
3FE53
3FE33
3FE18
3FE03
3FDF4
3FDEC
3FDEA
3FDEF
3FDFB
3FE0D
3FE25
3FE42
3FE64
3FE8B
3FEB4
3FEE0
3FF0D
3FF3A
3FF67
3FF92
3FFBA
3FFDF
00000
0001C
00032
00042
0004C
0004F
0004C
00041
00031
0001B
3FFFF
3FFDE
3FFB9
3FF91
3FF67
3FF3B
3FF0E
3FEE2
3FEB7
3FE8F
3FE69
3FE48
3FE2C
3FE15
3FE04
3FDF9
3FDF4
3FDF6
3FDFF
3FE0D
3FE22
3FE3D
3FE5C
3FE7F
3FEA6
3FED0
3FEFB
3FF27
3FF52
3FF7D
3FFA5
3FFCA
3FFEC
00009
00021
00033
0003F
00045
00045
0003E
00030
0001D
00005
3FFE7
3FFC5
3FF9F
3FF77
3FF4D
3FF21
3FEF6
3FECC
3FEA4
3FE7E
3FE5C
3FE3F
3FE26
3FE13
3FE06
3FDFE
3FDFE
3FE03
3FE0F
3FE21
3FE38
3FE54
3FE75
3FE99
3FEC0
3FEEA
3FF14
3FF3F
3FF69
3FF91
3FFB6
3FFD9
3FFF7
00010
00025
00033
0003B
0003E
00039
0002F
0001F
00009
3FFEE
3FFCF
3FFAC
3FF86
3FF5D
3FF34
3FF0A
3FEE0
3FEB8
3FE92
3FE70
3FE51
3FE37
3FE22
3FE12
3FE09
3FE05
3FE08
3FE11
3FE20
3FE34
3FE4D
3FE6B
3FE8D
3FEB2
3FEDA
3FF03
3FF2C
3FF55
3FF7D
3FFA3
3FFC6
3FFE5
00000
00016
00026
00031
00036
00034
0002D
00020
0000D
3FFF5
3FFD8
3FFB7
3FF93
3FF6D
3FF45
3FF1C
3FEF3
3FECB
3FEA6
3FE82
3FE63
3FE47
3FE31
3FE1F
3FE13
3FE0D
3FE0D
3FE14
3FE1F
3FE31
3FE48
3FE63
3FE83
3FEA5
3FECB
3FEF2
3FF1B
3FF43
3FF6A
3FF90
3FFB4
3FFD4
3FFF0
00007
0001A
00027
0002E
0002F
0002A
00020
00010
3FFFA
3FFE0
3FFC2
3FFA0
3FF7B
3FF55
3FF2D
3FF05
3FEDE
3FEB8
3FE95
3FE74
3FE58
3FE3F
3FE2C
3FE1E
3FE16
3FE13
3FE17
3FE20
3FE2F
3FE43
3FE5C
3FE79
3FE99
3FEBD
3FEE3
3FF0A
3FF31
3FF58
3FF7E
3FFA2
3FFC3
3FFE0
3FFF9
0000D
0001C
00025
00029
00027
0001F
00012
3FFFF
3FFE7
3FFCB
3FFAC
3FF89
3FF64
3FF3E
3FF17
3FEF0
3FECA
3FEA6
3FE85
3FE67
3FE4E
3FE39
3FE29
3FE1E
3FE19
3FE1A
3FE21
3FE2D
3FE3E
3FE55
3FE70
3FE8E
3FEB0
3FED4
3FEFA
3FF20
3FF47
3FF6C
3FF90
3FFB2
3FFD0
3FFEA
00000
00011
0001C
00023
00023
0001E
00013
00003
3FFEE
3FFD4
3FFB6
3FF96
3FF72
3FF4D
3FF27
3FF01
3FEDB
3FEB7
3FE96
3FE77
3FE5C
3FE46
3FE34
3FE27
3FE20
3FE1F
3FE23
3FE2C
3FE3B
3FE4F
3FE67
3FE84
3FEA4
3FEC6
3FEEB
3FF10
3FF36
3FF5B
3FF7F
3FFA1
3FFC0
3FFDC
3FFF3
00006
00013
0001C
0001E
0001C
00013
00006
3FFF3
3FFDC
3FFC0
3FFA1
3FF80
3FF5C
3FF37
3FF11
3FEEC
3FEC8
3FEA6
3FE87
3FE6B
3FE53
3FE3F
3FE31
3FE27
3FE23
3FE25
3FE2C
3FE38
3FE4A
3FE60
3FE7A
3FE98
3FEB9
3FEDC
3FF00
3FF26
3FF4B
3FF6F
3FF91
3FFB1
3FFCD
3FFE6
3FFFA
0000A
00014
00019
00019
00013
00008
3FFF8
3FFE3
3FFC9
3FFAC
3FF8C
3FF6A
3FF46
3FF21
3FEFD
3FED9
3FEB6
3FE96
3FE79
3FE60
3FE4B
3FE3A
3FE2F
3FE28
3FE28
3FE2C
3FE36
3FE45
3FE59
3FE71
3FE8D
3FEAC
3FECE
3FEF1
3FF16
3FF3A
3FF5E
3FF81
3FFA1
3FFBF
3FFD9
3FFEF
00000
0000C
00014
00016
00012
00009
3FFFB
3FFE9
3FFD2
3FFB7
3FF98
3FF78
3FF55
3FF31
3FF0D
3FEE9
3FEC6
3FEA5
3FE87
3FE6D
3FE56
3FE44
3FE37
3FE2E
3FE2B
3FE2D
3FE35
3FE42
3FE53
3FE69
3FE83
3FEA1
3FEC1
3FEE3
3FF07
3FF2B
3FF4E
3FF71
3FF92
3FFB0
3FFCB
3FFE3
3FFF6
00004
0000E
00012
00011
0000A
3FFFF
3FFEE
3FFD9
3FFC0
3FFA4
3FF84
3FF63
3FF40
3FF1C
3FEF8
3FED6
3FEB5
3FE96
3FE7A
3FE62
3FE4E
3FE3F
3FE34
3FE2F
3FE2F
3FE34
3FE3F
3FE4E
3FE62
3FE7A
3FE96
3FEB4
3FED5
3FEF8
3FF1B
3FF3F
3FF61
3FF83
3FFA2
3FFBE
3FFD7
3FFEB
3FFFC
00007
0000D
0000E
0000A
00001
3FFF3
3FFE0
3FFC9
3FFAE
3FF91
3FF70
3FF4E
3FF2B
3FF08
3FEE5
3FEC4
3FEA4
3FE87
3FE6E
3FE59
3FE47
3FE3B
3FE34
3FE31
3FE34
3FE3D
3FE4A
3FE5B
3FE71
3FE8B
3FEA8
3FEC8
3FEE9
3FF0C
3FF2F
3FF52
3FF74
3FF93
3FFB0
3FFCA
3FFE1
3FFF3
00000
00008
0000C
0000A
00003
3FFF7
3FFE6
3FFD1
3FFB8
3FF9C
3FF7D
3FF5C
3FF3A
3FF17
3FEF4
3FED3
3FEB3
3FE95
3FE7A
3FE63
3FE51
3FE42
3FE39
3FE34
3FE35
3FE3B
3FE46
3FE55
3FE6A
3FE81
3FE9D
3FEBB
3FEDC
3FEFE
3FF20
3FF43
3FF65
3FF85
3FFA3
3FFBE
3FFD6
3FFE9
3FFF8
00003
00008
00009
00004
3FFFA
3FFEC
3FFD9
3FFC2
3FFA7
3FF89
3FF6A
3FF48
3FF26
3FF03
3FEE1
3FEC1
3FEA2
3FE87
3FE6E
3FE5A
3FE4A
3FE3E
3FE38
3FE36
3FE3A
3FE43
3FE50
3FE62
3FE78
3FE92
3FEAF
3FECE
3FEEF
3FF11
3FF34
3FF56
3FF76
3FF95
3FFB1
3FFCA
3FFE0
3FFF1
3FFFD
00004
00007
00004
3FFFD
3FFF0
3FFE0
3FFCA
3FFB1
3FF95
3FF77
3FF56
3FF34
3FF12
3FEF0
3FECF
3FEB0
3FE93
3FE7A
3FE64
3FE52
3FE45
3FE3C
3FE38
3FE3A
3FE40
3FE4C
3FE5C
3FE70
3FE88
3FEA3
3FEC1
3FEE2
3FF03
3FF25
3FF47
3FF68
3FF87
3FFA5
3FFBF
3FFD5
3FFE8
3FFF6
00000
00005
00004
3FFFF
3FFF5
3FFE6
3FFD2
3FFBB
3FFA1
3FF83
3FF64
3FF42
3FF21
3FEFF
3FEDE
3FEBE
3FEA0
3FE85
3FE6E
3FE5B
3FE4B
3FE41
3FE3B
3FE3A
3FE3F
3FE48
3FE56
3FE68
3FE7E
3FE98
3FEB5
3FED4
3FEF5
3FF16
3FF38
3FF5A
3FF7A
3FF98
3FFB3
3FFCB
3FFDF
3FFEF
3FFFB
00002
00003
00000
3FFF8
3FFEB
3FFDA
3FFC4
3FFAB
3FF8F
3FF71
3FF50
3FF2F
3FF0D
3FEEC
3FECC
3FEAD
3FE91
3FE79
3FE63
3FE52
3FE46
3FE3E
3FE3B
3FE3D
3FE45
3FE50
3FE61
3FE75
3FE8E
3FEA9
3FEC7
3FEE7
3FF08
3FF2A
3FF4B
3FF6C
3FF8A
3FFA7
3FFC0
3FFD6
3FFE8
3FFF5
3FFFE
00002
00001
3FFFB
3FFF0
3FFE1
3FFCD
3FFB6
3FF9B
3FF7D
3FF5E
3FF3D
3FF1C
3FEFA
3FEDA
3FEBA
3FE9E
3FE84
3FE6D
3FE5A
3FE4C
3FE42
3FE3D
3FE3D
3FE42
3FE4C
3FE5A
3FE6D
3FE84
3FE9E
3FEBA
3FED9
3FEFA
3FF1B
3FF3D
3FF5E
3FF7D
3FF9A
3FFB5
3FFCC
3FFE0
3FFEF
3FFFA
00000
00001
3FFFD
3FFF4
3FFE7
3FFD5
3FFBF
3FFA6
3FF8A
3FF6B
3FF4B
3FF2A
3FF08
3FEE8
3FEC8
3FEAA
3FE8F
3FE77
3FE62
3FE52
3FE46
3FE3F
3FE3D
3FE40
3FE48
3FE54
3FE65
3FE7A
3FE92
3FEAE
3FECC
3FEEC
3FF0D
3FF2E
3FF50
3FF6F
3FF8E
3FFA9
3FFC2
3FFD7
3FFE9
3FFF5
3FFFD
00001
3FFFF
3FFF8
3FFED
3FFDD
3FFC9
3FFB1
3FF96
3FF78
3FF59
3FF38
3FF17
3FEF6
3FED5
3FEB7
3FE9A
3FE81
3FE6B
3FE59
3FE4B
3FE42
3FE3E
3FE3F
3FE44
3FE4F
3FE5E
3FE71
3FE88
3FEA2
3FEBF
3FEDE
3FEFF
3FF20
3FF41
3FF62
3FF81
3FF9E
3FFB8
3FFCE
3FFE1
3FFF0
3FFFA
3FFFF
00000
3FFFB
3FFF2
3FFE4
3FFD1
3FFBB
3FFA2
3FF85
3FF66
3FF46
3FF25
3FF04
3FEE3
3FEC4
3FEA6
3FE8C
3FE74
3FE60
3FE51
3FE46
3FE40
3FE3E
3FE42
3FE4A
3FE57
3FE68
3FE7E
3FE97
3FEB3
3FED1
3FEF1
3FF12
3FF33
3FF54
3FF74
3FF92
3FFAD
3FFC5
3FFDA
3FFEA
3FFF6
3FFFE
00000
3FFFE
3FFF6
3FFEA
3FFDA
3FFC5
3FFAD
3FF92
3FF74
3FF54
3FF33
3FF12
3FEF1
3FED1
3FEB3
3FE97
3FE7E
3FE68
3FE57
3FE4A
3FE42
3FE3E
3FE40
3FE46
3FE51
3FE60
3FE74
3FE8C
3FEA6
3FEC4
3FEE3
3FF04
3FF25
3FF46
3FF66
3FF85
3FFA2
3FFBB
3FFD1
3FFE4
3FFF2
3FFFB
00000
3FFFF
3FFFA
3FFF0
3FFE1
3FFCE
3FFB8
3FF9E
3FF81
3FF62
3FF41
3FF20
3FEFF
3FEDE
3FEBF
3FEA2
3FE88
3FE71
3FE5E
3FE4F
3FE44
3FE3F
3FE3E
3FE42
3FE4B
3FE59
3FE6B
3FE81
3FE9A
3FEB7
3FED5
3FEF6
3FF17
3FF38
3FF59
3FF78
3FF96
3FFB1
3FFC9
3FFDD
3FFED
3FFF8
3FFFF
00001
3FFFD
3FFF5
3FFE9
3FFD7
3FFC2
3FFA9
3FF8E
3FF6F
3FF50
3FF2E
3FF0D
3FEEC
3FECC
3FEAE
3FE92
3FE7A
3FE65
3FE54
3FE48
3FE40
3FE3D
3FE3F
3FE46
3FE52
3FE62
3FE77
3FE8F
3FEAA
3FEC8
3FEE8
3FF08
3FF2A
3FF4B
3FF6B
3FF8A
3FFA6
3FFBF
3FFD5
3FFE7
3FFF4
3FFFD
00001
00000
3FFFA
3FFEF
3FFE0
3FFCC
3FFB5
3FF9A
3FF7D
3FF5E
3FF3D
3FF1B
3FEFA
3FED9
3FEBA
3FE9E
3FE84
3FE6D
3FE5A
3FE4C
3FE42
3FE3D
3FE3D
3FE42
3FE4C
3FE5A
3FE6D
3FE84
3FE9E
3FEBA
3FEDA
3FEFA
3FF1C
3FF3D
3FF5E
3FF7D
3FF9B
3FFB6
3FFCD
3FFE1
3FFF0
3FFFB
00001
00002
3FFFE
3FFF5
3FFE8
3FFD6
3FFC0
3FFA7
3FF8A
3FF6C
3FF4B
3FF2A
3FF08
3FEE7
3FEC7
3FEA9
3FE8E
3FE75
3FE61
3FE50
3FE45
3FE3D
3FE3B
3FE3E
3FE46
3FE52
3FE63
3FE79
3FE91
3FEAD
3FECC
3FEEC
3FF0D
3FF2F
3FF50
3FF71
3FF8F
3FFAB
3FFC4
3FFDA
3FFEB
3FFF8
00000
00003
00002
3FFFB
3FFEF
3FFDF
3FFCB
3FFB3
3FF98
3FF7A
3FF5A
3FF38
3FF16
3FEF5
3FED4
3FEB5
3FE98
3FE7E
3FE68
3FE56
3FE48
3FE3F
3FE3A
3FE3B
3FE41
3FE4B
3FE5B
3FE6E
3FE85
3FEA0
3FEBE
3FEDE
3FEFF
3FF21
3FF42
3FF64
3FF83
3FFA1
3FFBB
3FFD2
3FFE6
3FFF5
3FFFF
00004
00005
00000
3FFF6
3FFE8
3FFD5
3FFBF
3FFA5
3FF87
3FF68
3FF47
3FF25
3FF03
3FEE2
3FEC1
3FEA3
3FE88
3FE70
3FE5C
3FE4C
3FE40
3FE3A
3FE38
3FE3C
3FE45
3FE52
3FE64
3FE7A
3FE93
3FEB0
3FECF
3FEF0
3FF12
3FF34
3FF56
3FF77
3FF95
3FFB1
3FFCA
3FFE0
3FFF0
3FFFD
00004
00007
00004
3FFFD
3FFF1
3FFE0
3FFCA
3FFB1
3FF95
3FF76
3FF56
3FF34
3FF11
3FEEF
3FECE
3FEAF
3FE92
3FE78
3FE62
3FE50
3FE43
3FE3A
3FE36
3FE38
3FE3E
3FE4A
3FE5A
3FE6E
3FE87
3FEA2
3FEC1
3FEE1
3FF03
3FF26
3FF48
3FF6A
3FF89
3FFA7
3FFC2
3FFD9
3FFEC
3FFFA
00004
00009
00008
00003
3FFF8
3FFE9
3FFD6
3FFBE
3FFA3
3FF85
3FF65
3FF43
3FF20
3FEFE
3FEDC
3FEBB
3FE9D
3FE81
3FE6A
3FE55
3FE46
3FE3B
3FE35
3FE34
3FE39
3FE42
3FE51
3FE63
3FE7A
3FE95
3FEB3
3FED3
3FEF4
3FF17
3FF3A
3FF5C
3FF7D
3FF9C
3FFB8
3FFD1
3FFE6
3FFF7
00003
0000A
0000C
00008
00000
3FFF3
3FFE1
3FFCA
3FFB0
3FF93
3FF74
3FF52
3FF2F
3FF0C
3FEE9
3FEC8
3FEA8
3FE8B
3FE71
3FE5B
3FE4A
3FE3D
3FE34
3FE31
3FE34
3FE3B
3FE47
3FE59
3FE6E
3FE87
3FEA4
3FEC4
3FEE5
3FF08
3FF2B
3FF4E
3FF70
3FF91
3FFAE
3FFC9
3FFE0
3FFF3
00001
0000A
0000E
0000D
00007
3FFFC
3FFEB
3FFD7
3FFBE
3FFA2
3FF83
3FF61
3FF3F
3FF1B
3FEF8
3FED5
3FEB4
3FE96
3FE7A
3FE62
3FE4E
3FE3F
3FE34
3FE2F
3FE2F
3FE34
3FE3F
3FE4E
3FE62
3FE7A
3FE96
3FEB5
3FED6
3FEF8
3FF1C
3FF40
3FF63
3FF84
3FFA4
3FFC0
3FFD9
3FFEE
3FFFF
0000A
00011
00012
0000E
00004
3FFF6
3FFE3
3FFCB
3FFB0
3FF92
3FF71
3FF4E
3FF2B
3FF07
3FEE3
3FEC1
3FEA1
3FE83
3FE69
3FE53
3FE42
3FE35
3FE2D
3FE2B
3FE2E
3FE37
3FE44
3FE56
3FE6D
3FE87
3FEA5
3FEC6
3FEE9
3FF0D
3FF31
3FF55
3FF78
3FF98
3FFB7
3FFD2
3FFE9
3FFFB
00009
00012
00016
00014
0000C
00000
3FFEF
3FFD9
3FFBF
3FFA1
3FF81
3FF5E
3FF3A
3FF16
3FEF1
3FECE
3FEAC
3FE8D
3FE71
3FE59
3FE45
3FE36
3FE2C
3FE28
3FE28
3FE2F
3FE3A
3FE4B
3FE60
3FE79
3FE96
3FEB6
3FED9
3FEFD
3FF21
3FF46
3FF6A
3FF8C
3FFAC
3FFC9
3FFE3
3FFF8
00008
00013
00019
00019
00014
0000A
3FFFA
3FFE6
3FFCD
3FFB1
3FF91
3FF6F
3FF4B
3FF26
3FF00
3FEDC
3FEB9
3FE98
3FE7A
3FE60
3FE4A
3FE38
3FE2C
3FE25
3FE23
3FE27
3FE31
3FE3F
3FE53
3FE6B
3FE87
3FEA6
3FEC8
3FEEC
3FF11
3FF37
3FF5C
3FF80
3FFA1
3FFC0
3FFDC
3FFF3
00006
00013
0001C
0001E
0001C
00013
00006
3FFF3
3FFDC
3FFC0
3FFA1
3FF7F
3FF5B
3FF36
3FF10
3FEEB
3FEC6
3FEA4
3FE84
3FE67
3FE4F
3FE3B
3FE2C
3FE23
3FE1F
3FE20
3FE27
3FE34
3FE46
3FE5C
3FE77
3FE96
3FEB7
3FEDB
3FF01
3FF27
3FF4D
3FF72
3FF96
3FFB6
3FFD4
3FFEE
00003
00013
0001E
00023
00023
0001C
00011
00000
3FFEA
3FFD0
3FFB2
3FF90
3FF6C
3FF47
3FF20
3FEFA
3FED4
3FEB0
3FE8E
3FE70
3FE55
3FE3E
3FE2D
3FE21
3FE1A
3FE19
3FE1E
3FE29
3FE39
3FE4E
3FE67
3FE85
3FEA6
3FECA
3FEF0
3FF17
3FF3E
3FF64
3FF89
3FFAC
3FFCB
3FFE7
3FFFF
00012
0001F
00027
00029
00025
0001C
0000D
3FFF9
3FFE0
3FFC3
3FFA2
3FF7E
3FF58
3FF31
3FF0A
3FEE3
3FEBD
3FE99
3FE79
3FE5C
3FE43
3FE2F
3FE20
3FE17
3FE13
3FE16
3FE1E
3FE2C
3FE3F
3FE58
3FE74
3FE95
3FEB8
3FEDE
3FF05
3FF2D
3FF55
3FF7B
3FFA0
3FFC2
3FFE0
3FFFA
00010
00020
0002A
0002F
0002E
00027
0001A
00007
3FFF0
3FFD4
3FFB4
3FF90
3FF6A
3FF43
3FF1B
3FEF2
3FECB
3FEA5
3FE83
3FE63
3FE48
3FE31
3FE1F
3FE14
3FE0D
3FE0D
3FE13
3FE1F
3FE31
3FE47
3FE63
3FE82
3FEA6
3FECB
3FEF3
3FF1C
3FF45
3FF6D
3FF93
3FFB7
3FFD8
3FFF5
0000D
00020
0002D
00034
00036
00031
00026
00016
00000
3FFE5
3FFC6
3FFA3
3FF7D
3FF55
3FF2C
3FF03
3FEDA
3FEB2
3FE8D
3FE6B
3FE4D
3FE34
3FE20
3FE11
3FE08
3FE05
3FE09
3FE12
3FE22
3FE37
3FE51
3FE70
3FE92
3FEB8
3FEE0
3FF0A
3FF34
3FF5D
3FF86
3FFAC
3FFCF
3FFEE
00009
0001F
0002F
00039
0003E
0003B
00033
00025
00010
3FFF7
3FFD9
3FFB6
3FF91
3FF69
3FF3F
3FF14
3FEEA
3FEC0
3FE99
3FE75
3FE54
3FE38
3FE21
3FE0F
3FE03
3FDFE
3FDFE
3FE06
3FE13
3FE26
3FE3F
3FE5C
3FE7E
3FEA4
3FECC
3FEF6
3FF21
3FF4D
3FF77
3FF9F
3FFC5
3FFE7
00005
0001D
00030
0003E
00045
00045
0003F
00033
00021
00009
3FFEC
3FFCA
3FFA5
3FF7D
3FF52
3FF27
3FEFB
3FED0
3FEA6
3FE7F
3FE5C
3FE3D
3FE22
3FE0D
3FDFF
3FDF6
3FDF4
3FDF9
3FE04
3FE15
3FE2C
3FE48
3FE69
3FE8F
3FEB7
3FEE2
3FF0E
3FF3B
3FF67
3FF91
3FFB9
3FFDE
3FFFF
0001B
00031
00041
0004C
0004F
0004C
00042
00032
0001C
00000
3FFDF
3FFBA
3FF92
3FF67
3FF3A
3FF0D
3FEE0
3FEB4
3FE8B
3FE64
3FE42
3FE25
3FE0D
3FDFB
3FDEF
3FDEA
3FDEC
3FDF4
3FE03
3FE18
3FE33
3FE53
3FE78
3FEA1
3FECC
3FEF9
3FF27
3FF55
3FF82
3FFAD
3FFD4
3FFF8
00017
00031
00044
00052
00058
00058
00051
00043
0002F
00015
3FFF5
3FFD0
3FFA8
3FF7C
3FF4F
3FF20
3FEF1
3FEC3
3FE97
3FE6E
3FE49
3FE28
3FE0C
3FDF7
3FDE8
3FDDF
3FDDE
3FDE4
3FDF0
3FE04
3FE1D
3FE3C
3FE60
3FE89
3FEB4
3FEE2
3FF12
3FF42
3FF71
3FF9E
3FFC9
3FFF0
00012
0002F
00047
00057
00061
00064
00060
00055
00042
0002A
0000B
3FFE8
3FFBF
3FF93
3FF65
3FF35
3FF04
3FED4
3FEA5
3FE79
3FE50
3FE2C
3FE0D
3FDF4
3FDE1
3FDD5
3FDD1
3FDD3
3FDDD
3FDEE
3FE06
3FE23
3FE47
3FE6F
3FE9B
3FECA
3FEFB
3FF2C
3FF5E
3FF8E
3FFBC
3FFE6
0000C
0002D
00048
0005C
0006A
00070
0006F
00066
00057
00040
00023
00000
3FFD8
3FFAC
3FF7D
3FF4B
3FF18
3FEE6
3FEB4
3FE85
3FE58
3FE31
3FE0E
3FDF1
3FDDA
3FDCB
3FDC2
3FDC2
3FDC9
3FDD7
3FDED
3FE09
3FE2B
3FE53
3FE7F
3FEAF
3FEE1
3FF14
3FF48
3FF7B
3FFAC
3FFDA
00004
00029
00048
00060
00072
0007C
0007E
00079
0006C
00057
0003C
0001A
3FFF2
3FFC6
3FF96
3FF63
3FF2E
3FEF9
3FEC5
3FE92
3FE62
3FE36
3FE0F
3FDEE
3FDD3
3FDC0
3FDB4
3FDAF
3FDB3
3FDBE
3FDD2
3FDEC
3FE0D
3FE34
3FE60
3FE91
3FEC4
3FEFA
3FF30
3FF66
3FF9A
3FFCC
3FFFA
00023
00046
00063
00079
00087
0008D
0008B
00081
0006F
00055
00035
0000E
3FFE2
3FFB1
3FF7D
3FF46
3FF0F
3FED7
3FEA1
3FE6D
3FE3D
3FE12
3FDEC
3FDCC
3FDB4
3FDA4
3FD9B
3FD9B
3FDA4
3FDB4
3FDCC
3FDEC
3FE12
3FE3E
3FE6F
3FEA4
3FEDB
3FF14
3FF4D
3FF85
3FFBA
3FFED
0001A
00042
00064
0007F
00091
0009C
0009E
00097
00088
00071
00052
0002C
00000
3FFCF
3FF99
3FF61
3FF27
3FEEC
3FEB2
3FE7A
3FE45
3FE15
3FDEA
3FDC5
3FDA8
3FD93
3FD86
3FD81
3FD86
3FD93
3FDA9
3FDC6
3FDEC
3FE17
3FE48
3FE7E
3FEB7
3FEF3
3FF2F
3FF6B
3FFA5
3FFDC
0000E
0003C
00063
00083
0009A
000AA
000B0
000AD
000A2
0008D
00071
0004C
00020
3FFEF
3FFB8
3FF7E
3FF41
3FF03
3FEC5
3FE88
3FE4E
3FE18
3FDE8
3FDBE
3FD9B
3FD80
3FD6E
3FD64
3FD65
3FD6E
3FD80
3FD9C
3FDBF
3FDEA
3FE1B
3FE52
3FE8D
3FECB
3FF0B
3FF4A
3FF89
3FFC5
3FFFE
00031
0005E
00084
000A1
000B6
000C2
000C4
000BC
000AB
00091
0006E
00044
00012
3FFDA
3FF9E
3FF5E
3FF1D
3FEDA
3FE98
3FE59
3FE1D
3FDE6
3FDB6
3FD8C
3FD6B
3FD52
3FD43
3FD3E
3FD43
3FD51
3FD69
3FD8A
3FDB4
3FDE5
3FE1D
3FE59
3FE9A
3FEDD
3FF21
3FF65
3FFA7
3FFE5
0001F
00053
00080
000A4
000C0
000D1
000D9
000D7
000CA
000B3
00093
0006A
00038
00000
3FFC2
3FF7F
3FF3A
3FEF3
3FEAB
3FE66
3FE23
3FDE5
3FDAD
3FD7B
3FD52
3FD32
3FD1C
3FD10
3FD0F
3FD18
3FD2C
3FD4A
3FD72
3FDA2
3FDD9
3FE17
3FE5B
3FEA1
3FEEA
3FF33
3FF7C
3FFC1
00003
0003E
00073
000A0
000C3
000DD
000EB
000EF
000E8
000D6
000B9
00092
00062
0002A
3FFEA
3FFA5
3FF5B
3FF0F
3FEC2
3FE75
3FE2A
3FDE4
3FDA2
3FD68
3FD35
3FD0C
3FCED
3FCD8
3FCCF
3FCD2
3FCE0
3FCF9
3FD1D
3FD4A
3FD81
3FDC0
3FE05
3FE4F
3FE9C
3FEEC
3FF3B
3FF88
3FFD3
00018
00056
0008D
000BA
000DD
000F5
00102
00102
000F6
000DF
000BC
0008F
00057
00017
3FFD0
3FF82
3FF31
3FEDD
3FE88
3FE34
3FDE3
3FD96
3FD50
3FD11
3FCDC
3FCB1
3FC91
3FC7D
3FC75
3FC7A
3FC8B
3FCA8
3FCD1
3FD05
3FD42
3FD88
3FDD4
3FE26
3FE7B
3FED1
3FF28
3FF7C
3FFCC
00017
0005A
00094
000C4
000E9
00102
0010E
0010C
000FE
000E2
000BA
00086
00048
00000
3FFB0
3FF5A
3FEFE
3FEA0
3FE42
3FDE4
3FD89
3FD34
3FCE5
3FC9E
3FC62
3FC30
3FC0B
3FBF2
3FBE8
3FBEB
3FBFB
3FC19
3FC44
3FC7B
3FCBD
3FD07
3FD5A
3FDB3
3FE10
3FE6F
3FECE
3FF2B
3FF85
3FFD8
00024
00067
0009F
000CA
000E9
000FA
000FC
000EF
000D5
000AC
00075
00033
3FFE5
3FF8D
3FF2D
3FEC7
3FE5D
3FDF0
3FD83
3FD18
3FCB1
3FC4F
3FBF6
3FBA6
3FB61
3FB28
3FAFC
3FADF
3FAD1
3FAD1
3FAE0
3FAFE
3FB29
3FB61
3FBA5
3FBF4
3FC4B
3FCA9
3FD0C
3FD72
3FDD9
3FE3F
3FEA2
3FF00
3FF57
3FFA5
3FFE9
00021
0004C
00068
00076
00075
00064
00043
00013
3FFD4
3FF87
3FF2B
3FEC3
3FE50
3FDD1
3FD49
3FCB8
3FC20
3FB82
3FADD
3FA34
3F985
3F8D2
3F81A
3F75B
3F695
3F5C6
3F4E9
3F3FB
3F2F7
3F1D3
3F084
3EEF8
3ED17
3EAB4
3E785
3E2FB
3DBC8
3CE03
3A339
06B3E
0584C
0AD2F
3D545
0CC20
3E091
3D64D
0630A
3FF27
06F9C
37ACF
00C86
0546F
341D6
02BB0
06C3C
36B3C
04C7B
0934C
08F66
3A717
30799
3BA6E
3EBDE
3B630
3BC0B
332EA
06049
39796
03AB1
3F3E8
013FB
147A6
3E8A1
036C0
3F814
3900E
05D65
0260C
352C3
33AD9
3B127
0F9A5
3F239
1015A
3E1E8
385A2
3D3B7
063A7
38DA5
06D08
06EC1
3621A
3521E
016D5
00CC8
0A659
01B90
3BD28
3DB71
00A3F
02AF3
03477
3B357
3B4AF
3B2FD
09D55
3E0AC
3AD03
3A3B5
3CC07
00671
10F5D
0CD02
08F9A
3EA6E
3E894
01D53
05D29
02C80
34FFC
39677
02129
357AD
078AC
3D5E0
06FE3
09ADA
0297A
2FDEC
344E0
050FD
23F38
034F6
3F387
11433
07FBA
0A5F3
3D9C1
3BF7C
02CD8
392E7
2DDCA
3A376
09F35
0C663
3F059
313B5
31BCE
38E1C
01E84
3EA0C
102ED
374EA
35EFF
073AC
0C3FB
069FC
3EF47
0AD99
3D49A
0CED3
09722
03D93
015F6
390E7
103E4
35807
05AFA
3B643
084ED
0498F
0A0CD
2742B
08AA6
2C2BB
0F5BE
358BC
30E2E
0428F
35AA4
06954
34B64
03E98
206AC
3A75E
1059D
2F6FF
33FD9
3B764
3B126
11461
164DC
00C60
04239
13843
07EE0
18417
3F3B7
085DC
3E1FB
3C987
3F127
2F566
3D0C4
0521B
006E5
3E4E8
31806
36734
0C0DA
3AE7C
341DB
07BC1
0504B
39CFC
336ED
0ECD0
016CC
3B685
3D805
3F691
3774D
10CAE
347A7
06C24
07610
02240
095E7
02387
35E97
07A3E
36F42
3361B
3920E
0AFF3
31422
3A905
09247
0ED7C
35213
33B99
3D5EC
04D24
3DAF8
08790
3D612
02A8D
3A74A
0F757
0A2D9
3DA8F
34FFC
3B7A4
0687A
05950
3F012
0F07B
09DF2
3E497
37EDD
09944
365A5
013FB
08952
337CF
0878E
0087E
01BD2
385DA
2CE82
382EE
3D9CB
3A66B
38F7E
3AF2E
0FE3E
3934A
0D32E
01EC2
13491
0A26C
39B5F
02F8C
3916C
3DF72
3FFCC
370FD
3D28C
34E14
089C3
3C89E
30CD6
05F93
34FB0
01260
3CCFB
0D338
37016
3DDBA
315E7
1599D
0605E
05163
399BA
08735
3B866
02F2D
0736B
26970
0985F
0DDE0
33429
04118
01214
01988
1157A
0E3EF
386CC
02C78
0A1A4
3D025
3B043
13256
0520B
3A13B
34B1E
2C29F
09619
3CDEB
30264
01652
39F41
3FE64
30C2E
06016
0CBE8
02F93
3BB7F
05B01
34049
38C26
3ED11
03E89
0300F
0BD75
30856
33C2B
38634
3CF28
04A0E
16337
038E5
02C0B
361AC
36B41
0714F
045F4
3FE88
086A1
1040F
00C4D
071CC
3C2D2
3DC5F
2F991
30231
351DC
0BB8B
08390
01813
0561B
349C6
3EC28
3C520
38C33
03EC2
3AAB3
0433B
08BB5
0FE0A
076DA
3A390
0DE23
3F3E0
36293
3E14E
00A34
3E643
355B2
12218
3D457
08C53
3B4E5
006F7
37FB4
05524
2E02F
3F984
38862
35FA1
1355D
13F75
03568
0887A
335B5
2907B
3E064
088FE
3C6FA
3E532
38083
2CB97
12284
38FD2
187B6
3D6C2
33892
00C96
015DB
36EB4
0079A
3419F
3E4B0
038BD
06081
3D94A
048C5
38E42
3B952
3BEE2
126B6
13EFD
3F639
38547
021F0
3EB81
3B070
3DDEB
3FE5A
1447C
3D171
33EA0
00570
05882
3CE04
346AE
0C016
033F6
028BD
03540
051DF
0C599
00924
3DAB8
3996F
3DA73
020C5
04088
064F3
30CF3
2FBF4
3835F
03449
066CE
10A87
3633D
027A4
3608D
0FCE0
3248F
3A6C4
0728C
309F9
3BAB2
0559B
369DD
0B2A5
37D8E
35371
3DC19
04DB9
36CC6
0BC95
3D91B
3F1DA
14057
3F727
069F0
37515
04FB8
03204
09256
38F57
30AE8
3D163
3E34D
3CB4C
07A50
16BEF
37420
0142B
31E02
317CC
3616E
35A22
0BD62
09561
38787
0DA75
0D98F
06E96
3F1FA
049AD
10641
07F6C
33F3F
3C92D
01509
0F7BB
2F27F
0252A
08266
0CEFF
3F8AC
3D3A3
32F41
37FC5
0A52F
3E72A
13A56
00E85
3309F
3D8BD
32E87
04CD6
32B5B
3C440
046C7
02175
3B4A5
366D3
019C6
31FB2
091A6
339F2
36405
27B6A
30ABB
00629
3BDC3
0DFB0
2F445
345AF
30C92
33543
3B2B4
3508D
08EFF
11F9C
3B412
364E6
3FAA5
395C0
0297E
34116
06CE7
26B13
25562
3E33B
0B31F
325FB
3FFE1
338D5
033EE
3C0AF
3C569
12ABA
0717B
3EF03
05C11
3ADC4
37F70
3ECA9
35C82
036C4
3EE5D
3EDB4
38FEB
3952E
036F1
010AC
39391
3F409
12809
3BB0C
367C9
3687D
38566
38D1F
01F40
002B9
3C2AE
3A256
2D994
3C554
39CCA
386C2
3AE51
00055
3EEC8
3DF75
0E2D4
12784
37530
010CB
10941
3C9EF
3AC32
34CA6
08975
3B659
091CB
357FF
0EDC6
02748
3E058
05BF3
3FD35
09424
02A56
03F5F
110B2
34BAC
31212
086C8
37E78
19AB3
062CA
32C34
00F1B
3CDB3
3AA68
3CF15
0F5AD
076A8
3F77D
37962
3CA4E
3FBC2
00D7A
09A86
3975D
3D22A
0FF99
0608C
33725
3DED2
2F804
39409
02AEE
0AE97
05707
3B3E5
03505
3BF51
0D72B
2F227
052D8
38622
3C89B
3B245
3367C
392C5
3AEDA
3F322
36482
0B96C
38597
0C9D5
0614B
0B5EF
00921
1176F
36839
01367
083D4
020EC
3B892
322A4
32CBA
04AF9
07181
06E2F
3D5F7
01B91
00E2E
3FFE4
017E3
389C1
3D8BF
37945
02600
01947
3AD33
05739
0E1F5
3BC3D
338A6
08D1C
32E31
08859
39BFD
0A3C1
33893
39A6D
05476
04A51
02CE8
0BCAB
3D216
04A70
00B81
02B9E
2F9AB
0880F
077D5
042BA
3B496
3A88F
3F8B0
34ED0
07D21
37A0F
0A221
0DFBA
3FEB0
3F14A
31384
1175D
10406
39BD7
309E2
0630F
3A5F7
32254
0864C
3F81D
385B3
01ABA
3E07E
0A2B7
030BB
01C04
061A4
254C7
35B2C
04A58
01032
3C618
047DF
08926
0266B
00B14
3C1AB
0603C
02C39
39062
0D511
36FB1
029B5
397F1
0C501
080AF
00428
331D5
3768B
08E04
034C3
33F4E
3352B
39092
3BDD4
3B7C6
0C679
00E09
3A73B
08B1B
129C8
08972
08994
0998F
0EFBB
39D6E
32E45
03B0F
27CB4
08F86
3C793
00684
3779C
02D97
35E7A
3C3CD
3CEF2
06475
025E9
0F7F3
3EBC8
370B3
35CBD
3FCE4
39906
39FB2
00224
06E7A
07F5B
3E4D5
02B03
3C7ED
3DB47
31B4D
3C518
09302
08B03
00BCD
0B7B0
03C1A
2D0AF
3FCFB
049EC
3CED4
000DF
3CFDF
0C35C
0204B
373B2
03742
3CEE4
0A050
05E25
0145B
3DE8F
3C8E1
00A1C
02FE9
05E11
3D53B
0E068
3A8E9
01150
0DD88
00C84
3CB30
25AFB
17676
00A75
38F12
2D461
08132
3DE31
0945C
04654
39A91
38C91
3E3BA
3D9A9
0F1E3
07053
2B375
0ED86
3B83B
3E1CA
31AF0
05130
04A25
2F6AD
3DB02
03C47
03953
3F9C8
34920
3A421
39D15
01A9E
3DA08
075F4
03619
12FF4
3394C
2DEE4
3F1D6
38390
0AA70
07522
0241E
0A184
3F756
38EB9
3C6E6
3B75B
0F8BC
3DED4
34398
02A9C
04DA6
055BD
0104B
0E58F
38724
0B585
3E778
0804C
04613
0F654
350F9
0F2F3
3A9C2
3D1EF
3D69F
2B2C3
37562
33435
38272
0F8DC
03425
3A61A
06A07
3E179
04C79
07D4D
35E23
0BCFB
3EEFE
34C09
101A4
3B01A
3C122
31C01
3DB33
07B62
06FCB
0AB22
0390F
02CAE
3AA52
01127
32EDD
0AAEB
0BAE3
3D491
3C901
2B45D
002EA
3D316
357D0
35D2C
39627
1C678
0705A
3AFC0
3AE3F
3D7DA
0C5D6
00F5B
2F0CF
05898
3D2CD
37639
1039A
06336
3A8BF
16EEC
2BB4C
06DF1
08390
024D3
313CA
0592E
39995
293B8
3B515
0DC31
348AD
085F4
3F7CF
3AA59
03615
00EF7
02EB0
08A3B
398A2
35FF7
1131A
0AC34
35244
376D4
05B00
3C1DB
3496A
10AC5
00A0F
022D8
07289
396FB
3D759
0755D
0A752
3DC05
00DA8
2AF11
38746
16013
3E9F5
08407
3A201
391A4
0D995
09B08
385A2
3B8A0
3DFBD
04BE2
08AF5
05636
0AD29
01942
34A4E
06472
00E79
3CD80
2DD52
329E6
047E0
0440B
010EF
0ADF8
3FD45
3F29F
32D00
39681
11A79
3D3CF
01839
04B76
01B82
38A45
3A31A
3D744
3DDF2
38914
368E9
3EB8E
3D1C5
06328
02D04
050D7
38F1E
02915
3C69E
39C60
0959B
09233
3D132
0407D
3769C
3EC61
35091
05F10
35987
364FA
09D91
3D345
07430
01C8A
03EB7
04861
04304
01A8B
3F804
062D3
05101
0A12C
3F393
006C0
077D8
375CE
3E706
3E67D
3E987
3EC39
3EE7E
3F06F
3F221
3F3A5
3F503
3F643
3F76A
3F87B
3F978
3FA63
3FB3C
3FC05
3FCBE
3FD66
3FDFE
3FE86
3FEFE
3FF64
3FFBB
00000
00035
00059
0006D
00071
00065
0004B
00022
3FFED
3FFAB
3FF5F
3FF09
3FEAB
3FE47
3FDDE
3FD73
3FD06
3FC9A
3FC30
3FBCB
3FB6B
3FB13
3FAC4
3FA7F
3FA45
3FA17
3F9F7
3F9E4
3F9DF
3F9E8
3F9FF
3FA23
3FA53
3FA90
3FAD7
3FB28
3FB81
3FBE0
3FC45
3FCAC
3FD14
3FD7C
3FDE2
3FE43
3FE9E
3FEF2
3FF3D
3FF7E
3FFB3
3FFDD
3FFF9
00009
0000B
00001
3FFE9
3FFC5
3FF96
3FF5D
3FF1B
3FED1
3FE82
3FE2E
3FDD7
3FD7F
3FD29
3FCD5
3FC86
3FC3D
3FBFB
3FBC3
3FB94
3FB71
3FB59
3FB4D
3FB4E
3FB5B
3FB75
3FB9A
3FBCA
3FC03
3FC46
3FC90
3FCE0
3FD34
3FD8B
3FDE3
3FE3A
3FE8F
3FEDF
3FF2A
3FF6D
3FFA8
3FFD9
00000
0001B
0002B
0002F
00027
00013
3FFF4
3FFCA
3FF97
3FF5C
3FF19
3FED1
3FE85
3FE37
3FDE7
3FD99
3FD4D
3FD06
3FCC4
3FC89
3FC57
3FC2E
3FC0F
3FBFB
3FBF2
3FBF5
3FC03
3FC1D
3FC40
3FC6E
3FCA5
3FCE3
3FD28
3FD71
3FDBE
3FE0D
3FE5C
3FEAA
3FEF5
3FF3B
3FF7B
3FFB4
3FFE5
0000C
00029
0003B
00043
0003F
00030
00017
3FFF4
3FFC8
3FF93
3FF58
3FF16
3FED1
3FE88
3FE3F
3FDF6
3FDAF
3FD6B
3FD2C
3FCF3
3FCC2
3FC9A
3FC7B
3FC65
3FC5B
3FC5B
3FC65
3FC7A
3FC99
3FCC2
3FCF2
3FD2B
3FD69
3FDAC
3FDF3
3FE3C
3FE85
3FECD
3FF12
3FF54
3FF90
3FFC5
3FFF3
00018
00033
00045
0004C
00049
0003B
00024
00003
3FFDA
3FFA9
3FF71
3FF34
3FEF3
3FEAF
3FE6A
3FE26
3FDE3
3FDA3
3FD68
3FD33
3FD05
3FCDF
3FCC2
3FCAE
3FCA4
3FCA4
3FCAE
3FCC2
3FCDF
3FD05
3FD33
3FD68
3FDA3
3FDE2
3FE24
3FE68
3FEAD
3FEF0
3FF31
3FF6D
3FFA5
3FFD6
00000
00022
0003A
00049
0004F
0004B
0003D
00025
00005
3FFDD
3FFAE
3FF79
3FF3E
3FF00
3FEC0
3FE7F
3FE3E
3FE00
3FDC4
3FD8D
3FD5C
3FD32
3FD0F
3FCF5
3FCE3
3FCDC
3FCDD
3FCE8
3FCFC
3FD19
3FD3F
3FD6B
3FD9E
3FDD6
3FE12
3FE51
3FE92
3FED2
3FF11
3FF4D
3FF86
3FFB9
3FFE6
0000C
0002A
0003F
0004B
0004E
00048
00038
00020
00000
3FFD8
3FFAA
3FF76
3FF3E
3FF02
3FEC5
3FE87
3FE4A
3FE0F
3FDD8
3FDA5
3FD78
3FD51
3FD32
3FD1B
3FD0D
3FD08
3FD0B
3FD18
3FD2E
3FD4B
3FD70
3FD9C
3FDCE
3FE04
3FE3E
3FE7A
3FEB8
3FEF4
3FF30
3FF68
3FF9C
3FFCB
3FFF4
00016
00030
00041
0004A
0004A
00042
00031
00017
3FFF6
3FFCE
3FFA0
3FF6E
3FF37
3FEFD
3FEC3
3FE88
3FE4E
3FE17
3FDE3
3FDB4
3FD8B
3FD68
3FD4D
3FD3A
3FD2F
3FD2C
3FD33
3FD42
3FD58
3FD77
3FD9D
3FDC8
3FDF9
3FE2E
3FE66
3FEA0
3FEDA
3FF14
3FF4C
3FF80
3FFB0
3FFDB
00000
0001E
00034
00042
00047
00045
00039
00026
0000B
3FFE9
3FFC1
3FF93
3FF61
3FF2C
3FEF4
3FEBC
3FE84
3FE4D
3FE19
3FDE9
3FDBE
3FD99
3FD7A
3FD63
3FD53
3FD4C
3FD4C
3FD55
3FD66
3FD7F
3FD9F
3FDC5
3FDF0
3FE21
3FE55
3FE8B
3FEC3
3FEFB
3FF31
3FF65
3FF96
3FFC3
3FFE9
0000A
00024
00036
00040
00043
0003D
0002F
0001A
3FFFD
3FFDA
3FFB2
3FF84
3FF53
3FF1E
3FEE9
3FEB2
3FE7D
3FE49
3FE19
3FDED
3FDC5
3FDA4
3FD89
3FD75
3FD69
3FD65
3FD69
3FD74
3FD88
3FDA2
3FDC3
3FDEA
3FE16
3FE45
3FE78
3FEAD
3FEE3
3FF18
3FF4C
3FF7D
3FFAA
3FFD3
3FFF6
00012
00028
00037
0003E
0003D
00034
00024
0000C
3FFEE
3FFCA
3FFA1
3FF73
3FF43
3FF10
3FEDB
3FEA7
3FE75
3FE44
3FE17
3FDEE
3FDCA
3FDAC
3FD95
3FD85
3FD7D
3FD7C
3FD83
3FD91
3FDA6
3FDC3
3FDE5
3FE0C
3FE38
3FE68
3FE9A
3FECD
3FF01
3FF33
3FF64
3FF92
3FFBC
3FFE1
00000
00019
0002B
00036
00039
00035
0002A
00017
3FFFD
3FFDE
3FFB9
3FF8F
3FF62
3FF32
3FF00
3FECD
3FE9B
3FE6B
3FE3D
3FE14
3FDEE
3FDCE
3FDB4
3FDA1
3FD94
3FD8F
3FD91
3FD9B
3FDAC
3FDC3
3FDE1
3FE04
3FE2D
3FE59
3FE88
3FEB9
3FEEA
3FF1C
3FF4C
3FF7A
3FFA5
3FFCC
3FFED
00009
0001E
0002C
00033
00034
0002C
0001E
00009
3FFEE
3FFCD
3FFA7
3FF7D
3FF4F
3FF20
3FEEF
3FEBF
3FE8F
3FE61
3FE37
3FE10
3FDEE
3FDD1
3FDBB
3FDAB
3FDA2
3FDA0
3FDA6
3FDB2
3FDC6
3FDDF
3FDFE
3FE23
3FE4B
3FE77
3FEA6
3FED6
3FF06
3FF36
3FF64
3FF8F
3FFB6
3FFD9
3FFF7
0000F
00021
0002C
00030
0002D
00022
00012
3FFFA
3FFDD
3FFBB
3FF94
3FF6A
3FF3D
3FF0E
3FEDF
3FEB0
3FE83
3FE57
3FE30
3FE0C
3FDED
3FDD4
3FDC1
3FDB5
3FDB0
3FDB1
3FDBA
3FDC9
3FDDE
3FDFA
3FE1A
3FE40
3FE69
3FE94
3FEC2
3FEF1
3FF20
3FF4D
3FF79
3FFA1
3FFC6
3FFE6
00000
00014
00023
0002A
0002B
00024
00017
00004
3FFEB
3FFCC
3FFA9
3FF81
3FF57
3FF2A
3FEFD
3FECF
3FEA2
3FE76
3FE4E
3FE29
3FE08
3FDED
3FDD7
3FDC8
3FDBF
3FDBD
3FDC2
3FDCD
3FDDE
3FDF6
3FE13
3FE35
3FE5B
3FE85
3FEB0
3FEDD
3FF0B
3FF38
3FF63
3FF8C
3FFB2
3FFD3
3FFF0
00007
00018
00023
00027
00024
0001B
0000C
3FFF6
3FFDB
3FFBB
3FF96
3FF6E
3FF44
3FF18
3FEEB
3FEBF
3FE94
3FE6B
3FE45
3FE23
3FE05
3FDED
3FDDB
3FDCF
3FDC9
3FDCA
3FDD2
3FDE0
3FDF4
3FE0D
3FE2C
3FE4F
3FE76
3FE9F
3FECB
3FEF7
3FF23
3FF4E
3FF78
3FF9E
3FFC1
3FFDF
3FFF9
0000C
0001A
00022
00022
0001D
00011
3FFFF
3FFE7
3FFCA
3FFA9
3FF84
3FF5B
3FF31
3FF06
3FEDA
3FEAF
3FE86
3FE5F
3FE3C
3FE1D
3FE03
3FDEE
3FDDF
3FDD6
3FDD4
3FDD8
3FDE2
3FDF3
3FE09
3FE24
3FE44
3FE68
3FE90
3FEB9
3FEE4
3FF0F
3FF3A
3FF63
3FF8B
3FFAF
3FFCE
3FFEA
00000
00010
0001B
0001F
0001D
00014
00006
3FFF1
3FFD8
3FFB9
3FF97
3FF71
3FF48
3FF1E
3FEF4
3FEC9
3FEA0
3FE79
3FE54
3FE34
3FE18
3FE01
3FDEF
3FDE3
3FDDE
3FDDF
3FDE5
3FDF3
3FE05
3FE1E
3FE3B
3FE5C
3FE81
3FEA8
3FED2
3FEFC
3FF26
3FF50
3FF77
3FF9C
3FFBD
3FFDA
3FFF3
00006
00013
0001A
0001B
00016
0000B
3FFF9
3FFE3
3FFC7
3FFA8
3FF84
3FF5E
3FF35
3FF0C
3FEE2
3FEB9
3FE91
3FE6C
3FE4B
3FE2D
3FE13
3FDFF
3FDF1
3FDE8
3FDE6
3FDEA
3FDF4
3FE03
3FE18
3FE32
3FE51
3FE73
3FE99
3FEC1
3FEEA
3FF13
3FF3C
3FF64
3FF89
3FFAC
3FFCA
3FFE5
3FFFA
0000A
00014
00018
00016
0000E
00000
3FFED
3FFD4
3FFB7
3FF96
3FF71
3FF4B
3FF23
3FEFA
3FED1
3FEA9
3FE84
3FE61
3FE41
3FE26
3FE10
3FDFF
3FDF4
3FDEE
3FDEF
3FDF5
3FE02
3FE14
3FE2B
3FE47
3FE67
3FE8A
3FEB0
3FED8
3FF00
3FF29
3FF51
3FF77
3FF9A
3FFBA
3FFD6
3FFEE
00000
0000D
00014
00015
00010
00005
3FFF5
3FFDF
3FFC4
3FFA6
3FF84
3FF5F
3FF38
3FF10
3FEE8
3FEC0
3FE9A
3FE76
3FE56
3FE39
3FE21
3FE0D
3FDFF
3FDF7
3FDF5
3FDF8
3FE02
3FE11
3FE25
3FE3E
3FE5C
3FE7D
3FEA1
3FEC7
3FEEE
3FF16
3FF3E
3FF64
3FF88
3FFAA
3FFC7
3FFE1
3FFF5
00004
0000E
00012
00010
00008
3FFFB
3FFE8
3FFD1
3FFB4
3FF94
3FF71
3FF4C
3FF25
3FEFE
3FED6
3FEB0
3FE8C
3FE6A
3FE4C
3FE32
3FE1C
3FE0C
3FE01
3FDFC
3FDFC
3FE02
3FE0E
3FE20
3FE36
3FE51
3FE70
3FE92
3FEB7
3FEDD
3FF04
3FF2C
3FF52
3FF77
3FF99
3FFB8
3FFD3
3FFEA
3FFFB
00008
0000E
0000F
0000A
00000
3FFF0
3FFDB
3FFC1
3FFA4
3FF83
3FF5F
3FF39
3FF13
3FEEC
3FEC6
3FEA1
3FE7E
3FE5F
3FE43
3FE2B
3FE18
3FE0B
3FE03
3FE01
3FE04
3FE0D
3FE1C
3FE2F
3FE48
3FE64
3FE85
3FEA7
3FECC
3FEF3
3FF19
3FF40
3FF65
3FF88
3FFA8
3FFC5
3FFDD
3FFF1
00000
00009
0000D
0000B
00004
3FFF7
3FFE4
3FFCD
3FFB2
3FF93
3FF71
3FF4D
3FF27
3FF01
3FEDA
3FEB5
3FE92
3FE71
3FE54
3FE3B
3FE26
3FE16
3FE0B
3FE06
3FE07
3FE0D
3FE19
3FE2A
3FE3F
3FE5A
3FE78
3FE99
3FEBC
3FEE2
3FF08
3FF2E
3FF53
3FF77
3FF98
3FFB6
3FFD0
3FFE6
3FFF7
00003
0000A
0000B
00006
3FFFC
3FFEC
3FFD8
3FFBF
3FFA2
3FF82
3FF5F
3FF3A
3FF15
3FEEF
3FEC9
3FEA6
3FE84
3FE65
3FE4A
3FE33
3FE21
3FE14
3FE0C
3FE0A
3FE0E
3FE17
3FE25
3FE38
3FE50
3FE6C
3FE8B
3FEAD
3FED1
3FEF6
3FF1C
3FF41
3FF66
3FF88
3FFA7
3FFC3
3FFDB
3FFEE
3FFFC
00005
00009
00007
00000
3FFF3
3FFE1
3FFCA
3FFB0
3FF91
3FF70
3FF4D
3FF28
3FF02
3FEDD
3FEB9
3FE97
3FE77
3FE5A
3FE41
3FE2D
3FE1E
3FE13
3FE0F
3FE0F
3FE15
3FE21
3FE32
3FE47
3FE61
3FE7E
3FE9E
3FEC1
3FEE6
3FF0B
3FF30
3FF54
3FF77
3FF98
3FFB5
3FFCE
3FFE4
3FFF4
00000
00006
00007
00002
3FFF8
3FFE9
3FFD5
3FFBC
3FFA0
3FF80
3FF5E
3FF3A
3FF16
3FEF1
3FECC
3FEA9
3FE88
3FE6A
3FE50
3FE3A
3FE28
3FE1B
3FE14
3FE12
3FE15
3FE1E
3FE2C
3FE3F
3FE56
3FE72
3FE90
3FEB2
3FED5
3FEFA
3FF1F
3FF43
3FF66
3FF88
3FFA6
3FFC2
3FFD9
3FFEC
3FFFA
00002
00006
00004
3FFFC
3FFEF
3FFDE
3FFC8
3FFAD
3FF90
3FF6F
3FF4C
3FF28
3FF03
3FEDF
3FEBB
3FE9A
3FE7B
3FE5F
3FE46
3FE33
3FE24
3FE1A
3FE15
3FE16
3FE1C
3FE27
3FE38
3FE4D
3FE66
3FE83
3FEA3
3FEC5
3FEE9
3FF0D
3FF32
3FF56
3FF78
3FF97
3FFB4
3FFCD
3FFE2
3FFF2
3FFFD
00003
00004
3FFFF
3FFF5
3FFE6
3FFD2
3FFBA
3FF9E
3FF7F
3FF5D
3FF3A
3FF16
3FEF2
3FECE
3FEAB
3FE8B
3FE6E
3FE54
3FE3E
3FE2D
3FE20
3FE19
3FE17
3FE1B
3FE24
3FE32
3FE44
3FE5B
3FE76
3FE95
3FEB6
3FED8
3FEFC
3FF21
3FF45
3FF67
3FF88
3FFA6
3FFC1
3FFD8
3FFEA
3FFF8
00000
00003
00001
3FFFA
3FFED
3FFDB
3FFC5
3FFAB
3FF8E
3FF6E
3FF4C
3FF28
3FF04
3FEE0
3FEBD
3FE9C
3FE7D
3FE62
3FE4A
3FE37
3FE28
3FE1E
3FE1A
3FE1B
3FE21
3FE2C
3FE3D
3FE51
3FE6A
3FE87
3FEA7
3FEC8
3FEEC
3FF10
3FF34
3FF57
3FF78
3FF98
3FFB4
3FFCC
3FFE1
3FFF1
3FFFC
00001
00002
3FFFD
3FFF3
3FFE4
3FFD0
3FFB8
3FF9C
3FF7E
3FF5C
3FF3A
3FF16
3FEF2
3FECF
3FEAD
3FE8D
3FE70
3FE57
3FE41
3FE30
3FE24
3FE1D
3FE1B
3FE1F
3FE28
3FE36
3FE48
3FE5F
3FE7A
3FE98
3FEB9
3FEDB
3FEFF
3FF23
3FF46
3FF68
3FF89
3FFA6
3FFC0
3FFD7
3FFE9
3FFF6
3FFFE
00001
3FFFF
3FFF8
3FFEB
3FFD9
3FFC4
3FFAA
3FF8D
3FF6D
3FF4B
3FF27
3FF04
3FEE0
3FEBE
3FE9D
3FE7F
3FE64
3FE4C
3FE39
3FE2B
3FE21
3FE1D
3FE1E
3FE24
3FE30
3FE40
3FE55
3FE6E
3FE8A
3FEA9
3FECB
3FEEE
3FF11
3FF35
3FF58
3FF79
3FF98
3FFB4
3FFCC
3FFE0
3FFF0
3FFFA
00000
00000
3FFFB
3FFF1
3FFE2
3FFCE
3FFB6
3FF9B
3FF7C
3FF5B
3FF39
3FF15
3FEF2
3FECF
3FEAD
3FE8E
3FE71
3FE58
3FE43
3FE32
3FE26
3FE1F
3FE1E
3FE22
3FE2B
3FE39
3FE4B
3FE62
3FE7D
3FE9B
3FEBB
3FEDD
3FF00
3FF24
3FF47
3FF69
3FF89
3FFA7
3FFC1
3FFD7
3FFE9
3FFF6
3FFFE
00000
3FFFE
3FFF6
3FFEA
3FFD8
3FFC2
3FFA8
3FF8B
3FF6C
3FF4A
3FF27
3FF03
3FEE0
3FEBD
3FE9D
3FE7F
3FE64
3FE4D
3FE3A
3FE2C
3FE23
3FE1F
3FE20
3FE26
3FE32
3FE42
3FE57
3FE70
3FE8C
3FEAB
3FECD
3FEF0
3FF13
3FF37
3FF59
3FF7A
3FF99
3FFB4
3FFCC
3FFE0
3FFF0
3FFFA
3FFFF
3FFFF
3FFFA
3FFF0
3FFE1
3FFCD
3FFB5
3FF9A
3FF7B
3FF5A
3FF38
3FF14
3FEF1
3FECE
3FEAD
3FE8D
3FE71
3FE58
3FE43
3FE33
3FE27
3FE20
3FE1F
3FE23
3FE2C
3FE3A
3FE4D
3FE64
3FE7E
3FE9C
3FEBD
3FEDF
3FF02
3FF26
3FF49
3FF6A
3FF8A
3FFA7
3FFC1
3FFD7
3FFE9
3FFF6
3FFFD
00000
3FFFD
3FFF6
3FFE9
3FFD7
3FFC1
3FFA7
3FF8A
3FF6A
3FF49
3FF26
3FF02
3FEDF
3FEBD
3FE9C
3FE7E
3FE64
3FE4D
3FE3A
3FE2C
3FE23
3FE1F
3FE20
3FE27
3FE33
3FE43
3FE58
3FE71
3FE8D
3FEAD
3FECE
3FEF1
3FF14
3FF38
3FF5A
3FF7B
3FF9A
3FFB5
3FFCD
3FFE1
3FFF0
3FFFA
3FFFF
3FFFF
3FFFA
3FFF0
3FFE0
3FFCC
3FFB4
3FF99
3FF7A
3FF59
3FF37
3FF13
3FEF0
3FECD
3FEAB
3FE8C
3FE70
3FE57
3FE42
3FE32
3FE26
3FE20
3FE1F
3FE23
3FE2C
3FE3A
3FE4D
3FE64
3FE7F
3FE9D
3FEBD
3FEE0
3FF03
3FF27
3FF4A
3FF6C
3FF8B
3FFA8
3FFC2
3FFD8
3FFEA
3FFF6
3FFFE
00000
3FFFE
3FFF6
3FFE9
3FFD7
3FFC1
3FFA7
3FF89
3FF69
3FF47
3FF24
3FF00
3FEDD
3FEBB
3FE9B
3FE7D
3FE62
3FE4B
3FE39
3FE2B
3FE22
3FE1E
3FE1F
3FE26
3FE32
3FE43
3FE58
3FE71
3FE8E
3FEAD
3FECF
3FEF2
3FF15
3FF39
3FF5B
3FF7C
3FF9B
3FFB6
3FFCE
3FFE2
3FFF1
3FFFB
00000
00000
3FFFA
3FFF0
3FFE0
3FFCC
3FFB4
3FF98
3FF79
3FF58
3FF35
3FF11
3FEEE
3FECB
3FEA9
3FE8A
3FE6E
3FE55
3FE40
3FE30
3FE24
3FE1E
3FE1D
3FE21
3FE2B
3FE39
3FE4C
3FE64
3FE7F
3FE9D
3FEBE
3FEE0
3FF04
3FF27
3FF4B
3FF6D
3FF8D
3FFAA
3FFC4
3FFD9
3FFEB
3FFF8
3FFFF
00001
3FFFE
3FFF6
3FFE9
3FFD7
3FFC0
3FFA6
3FF89
3FF68
3FF46
3FF23
3FEFF
3FEDB
3FEB9
3FE98
3FE7A
3FE5F
3FE48
3FE36
3FE28
3FE1F
3FE1B
3FE1D
3FE24
3FE30
3FE41
3FE57
3FE70
3FE8D
3FEAD
3FECF
3FEF2
3FF16
3FF3A
3FF5C
3FF7E
3FF9C
3FFB8
3FFD0
3FFE4
3FFF3
3FFFD
00002
00001
3FFFC
3FFF1
3FFE1
3FFCC
3FFB4
3FF98
3FF78
3FF57
3FF34
3FF10
3FEEC
3FEC8
3FEA7
3FE87
3FE6A
3FE51
3FE3D
3FE2C
3FE21
3FE1B
3FE1A
3FE1E
3FE28
3FE37
3FE4A
3FE62
3FE7D
3FE9C
3FEBD
3FEE0
3FF04
3FF28
3FF4C
3FF6E
3FF8E
3FFAB
3FFC5
3FFDB
3FFED
3FFFA
00001
00003
00000
3FFF8
3FFEA
3FFD8
3FFC1
3FFA6
3FF88
3FF67
3FF45
3FF21
3FEFC
3FED8
3FEB6
3FE95
3FE76
3FE5B
3FE44
3FE32
3FE24
3FE1B
3FE17
3FE19
3FE20
3FE2D
3FE3E
3FE54
3FE6E
3FE8B
3FEAB
3FECE
3FEF2
3FF16
3FF3A
3FF5D
3FF7F
3FF9E
3FFBA
3FFD2
3FFE6
3FFF5
3FFFF
00004
00003
3FFFD
3FFF2
3FFE2
3FFCD
3FFB4
3FF97
3FF78
3FF56
3FF32
3FF0D
3FEE9
3FEC5
3FEA3
3FE83
3FE66
3FE4D
3FE38
3FE27
3FE1C
3FE16
3FE15
3FE1A
3FE24
3FE33
3FE46
3FE5F
3FE7B
3FE9A
3FEBB
3FEDF
3FF03
3FF28
3FF4C
3FF6F
3FF90
3FFAD
3FFC8
3FFDE
3FFEF
3FFFC
00004
00006
00002
3FFFA
3FFEC
3FFD9
3FFC2
3FFA6
3FF88
3FF66
3FF43
3FF1F
3FEFA
3FED5
3FEB2
3FE90
3FE72
3FE56
3FE3F
3FE2C
3FE1E
3FE15
3FE12
3FE14
3FE1B
3FE28
3FE3A
3FE50
3FE6A
3FE88
3FEA9
3FECC
3FEF1
3FF16
3FF3A
3FF5E
3FF80
3FFA0
3FFBC
3FFD5
3FFE9
3FFF8
00002
00007
00006
00000
3FFF4
3FFE4
3FFCE
3FFB5
3FF98
3FF77
3FF54
3FF30
3FF0B
3FEE6
3FEC1
3FE9E
3FE7E
3FE61
3FE47
3FE32
3FE21
3FE15
3FE0F
3FE0F
3FE13
3FE1E
3FE2D
3FE41
3FE5A
3FE77
3FE97
3FEB9
3FEDD
3FF02
3FF28
3FF4D
3FF70
3FF91
3FFB0
3FFCA
3FFE1
3FFF3
00000
00007
00009
00005
3FFFC
3FFEE
3FFDB
3FFC3
3FFA7
3FF88
3FF66
3FF41
3FF1C
3FEF6
3FED1
3FEAD
3FE8B
3FE6C
3FE50
3FE38
3FE25
3FE17
3FE0E
3FE0A
3FE0C
3FE14
3FE21
3FE33
3FE4A
3FE65
3FE84
3FEA6
3FEC9
3FEEF
3FF15
3FF3A
3FF5F
3FF82
3FFA2
3FFBF
3FFD8
3FFEC
3FFFC
00006
0000B
0000A
00003
3FFF7
3FFE6
3FFD0
3FFB6
3FF98
3FF77
3FF53
3FF2E
3FF08
3FEE2
3FEBC
3FE99
3FE78
3FE5A
3FE3F
3FE2A
3FE19
3FE0D
3FE07
3FE06
3FE0B
3FE16
3FE26
3FE3B
3FE54
3FE71
3FE92
3FEB5
3FEDA
3FF01
3FF27
3FF4D
3FF71
3FF93
3FFB2
3FFCD
3FFE4
3FFF7
00004
0000B
0000D
00009
00000
3FFF1
3FFDD
3FFC5
3FFA8
3FF88
3FF65
3FF40
3FF19
3FEF3
3FECC
3FEA7
3FE85
3FE64
3FE48
3FE2F
3FE1C
3FE0D
3FE04
3FE01
3FE03
3FE0B
3FE18
3FE2B
3FE43
3FE5F
3FE7E
3FEA1
3FEC6
3FEEC
3FF13
3FF39
3FF5F
3FF83
3FFA4
3FFC1
3FFDB
3FFF0
00000
0000A
0000F
0000E
00008
3FFFB
3FFEA
3FFD3
3FFB8
3FF99
3FF77
3FF52
3FF2C
3FF04
3FEDD
3FEB7
3FE92
3FE70
3FE51
3FE36
3FE20
3FE0E
3FE02
3FDFC
3FDFC
3FE01
3FE0C
3FE1C
3FE32
3FE4C
3FE6A
3FE8C
3FEB0
3FED6
3FEFE
3FF25
3FF4C
3FF71
3FF94
3FFB4
3FFD1
3FFE8
3FFFB
00008
00010
00012
0000E
00004
3FFF5
3FFE1
3FFC7
3FFAA
3FF88
3FF64
3FF3E
3FF16
3FEEE
3FEC7
3FEA1
3FE7D
3FE5C
3FE3E
3FE25
3FE11
3FE02
3FDF8
3FDF5
3FDF7
3FDFF
3FE0D
3FE21
3FE39
3FE56
3FE76
3FE9A
3FEC0
3FEE8
3FF10
3FF38
3FF5F
3FF84
3FFA6
3FFC4
3FFDF
3FFF5
00005
00010
00015
00014
0000D
00000
3FFEE
3FFD6
3FFBA
3FF9A
3FF77
3FF51
3FF29
3FF00
3FED8
3FEB0
3FE8A
3FE67
3FE47
3FE2B
3FE14
3FE02
3FDF5
3FDEF
3FDEE
3FDF4
3FDFF
3FE10
3FE26
3FE41
3FE61
3FE84
3FEA9
3FED1
3FEFA
3FF23
3FF4B
3FF71
3FF96
3FFB7
3FFD4
3FFED
00000
0000E
00016
00018
00014
0000A
3FFFA
3FFE5
3FFCA
3FFAC
3FF89
3FF64
3FF3C
3FF13
3FEEA
3FEC1
3FE99
3FE73
3FE51
3FE32
3FE18
3FE03
3FDF4
3FDEA
3FDE6
3FDE8
3FDF1
3FDFF
3FE13
3FE2D
3FE4B
3FE6C
3FE91
3FEB9
3FEE2
3FF0C
3FF35
3FF5E
3FF84
3FFA8
3FFC7
3FFE3
3FFF9
0000B
00016
0001B
0001A
00013
00006
3FFF3
3FFDA
3FFBD
3FF9C
3FF77
3FF50
3FF26
3FEFC
3FED2
3FEA8
3FE81
3FE5C
3FE3B
3FE1E
3FE05
3FDF3
3FDE5
3FDDF
3FDDE
3FDE3
3FDEF
3FE01
3FE18
3FE34
3FE54
3FE79
3FEA0
3FEC9
3FEF4
3FF1E
3FF48
3FF71
3FF97
3FFB9
3FFD8
3FFF1
00006
00014
0001D
0001F
0001B
00010
00000
3FFEA
3FFCE
3FFAF
3FF8B
3FF63
3FF3A
3FF0F
3FEE4
3FEB9
3FE90
3FE68
3FE44
3FE24
3FE09
3FDF3
3FDE2
3FDD8
3FDD4
3FDD6
3FDDF
3FDEE
3FE03
3FE1D
3FE3C
3FE5F
3FE86
3FEAF
3FEDA
3FF06
3FF31
3FF5B
3FF84
3FFA9
3FFCA
3FFE7
3FFFF
00011
0001D
00022
00022
0001A
0000C
3FFF9
3FFDF
3FFC1
3FF9E
3FF78
3FF4E
3FF23
3FEF7
3FECB
3FE9F
3FE76
3FE4F
3FE2C
3FE0D
3FDF4
3FDE0
3FDD2
3FDCA
3FDC9
3FDCF
3FDDB
3FDED
3FE05
3FE23
3FE45
3FE6B
3FE94
3FEBF
3FEEB
3FF18
3FF44
3FF6E
3FF96
3FFBB
3FFDB
3FFF6
0000C
0001B
00024
00027
00023
00018
00007
3FFF0
3FFD3
3FFB2
3FF8C
3FF63
3FF38
3FF0B
3FEDD
3FEB0
3FE85
3FE5B
3FE35
3FE13
3FDF6
3FDDE
3FDCD
3FDC2
3FDBD
3FDBF
3FDC8
3FDD7
3FDED
3FE08
3FE29
3FE4E
3FE76
3FEA2
3FECF
3FEFD
3FF2A
3FF57
3FF81
3FFA9
3FFCC
3FFEB
00004
00017
00024
0002B
0002A
00023
00014
00000
3FFE6
3FFC6
3FFA1
3FF79
3FF4D
3FF20
3FEF1
3FEC2
3FE94
3FE69
3FE40
3FE1A
3FDFA
3FDDE
3FDC9
3FDBA
3FDB1
3FDB0
3FDB5
3FDC1
3FDD4
3FDED
3FE0C
3FE30
3FE57
3FE83
3FEB0
3FEDF
3FF0E
3FF3D
3FF6A
3FF94
3FFBB
3FFDD
3FFFA
00012
00022
0002D
00030
0002C
00021
0000F
3FFF7
3FFD9
3FFB6
3FF8F
3FF64
3FF36
3FF06
3FED6
3FEA6
3FE77
3FE4B
3FE23
3FDFE
3FDDF
3FDC6
3FDB2
3FDA6
3FDA0
3FDA2
3FDAB
3FDBB
3FDD1
3FDEE
3FE10
3FE37
3FE61
3FE8F
3FEBF
3FEEF
3FF20
3FF4F
3FF7D
3FFA7
3FFCD
3FFEE
00009
0001E
0002C
00034
00033
0002C
0001E
00009
3FFED
3FFCC
3FFA5
3FF7A
3FF4C
3FF1C
3FEEA
3FEB9
3FE88
3FE59
3FE2D
3FE04
3FDE1
3FDC3
3FDAC
3FD9B
3FD91
3FD8F
3FD94
3FDA1
3FDB4
3FDCE
3FDEE
3FE14
3FE3D
3FE6B
3FE9B
3FECD
3FF00
3FF32
3FF62
3FF8F
3FFB9
3FFDE
3FFFD
00017
0002A
00035
00039
00036
0002B
00019
00000
3FFE1
3FFBC
3FF92
3FF64
3FF33
3FF01
3FECD
3FE9A
3FE68
3FE38
3FE0C
3FDE5
3FDC3
3FDA6
3FD91
3FD83
3FD7C
3FD7D
3FD85
3FD95
3FDAC
3FDCA
3FDEE
3FE17
3FE44
3FE75
3FEA7
3FEDB
3FF10
3FF43
3FF73
3FFA1
3FFCA
3FFEE
0000C
00024
00034
0003D
0003E
00037
00028
00012
3FFF6
3FFD3
3FFAA
3FF7D
3FF4C
3FF18
3FEE3
3FEAD
3FE78
3FE45
3FE16
3FDEA
3FDC3
3FDA2
3FD88
3FD74
3FD69
3FD65
3FD69
3FD75
3FD89
3FDA4
3FDC5
3FDED
3FE19
3FE49
3FE7D
3FEB2
3FEE9
3FF1E
3FF53
3FF84
3FFB2
3FFDA
3FFFD
0001A
0002F
0003D
00043
00040
00036
00024
0000A
3FFE9
3FFC3
3FF96
3FF65
3FF31
3FEFB
3FEC3
3FE8B
3FE55
3FE21
3FDF0
3FDC5
3FD9F
3FD7F
3FD66
3FD55
3FD4C
3FD4C
3FD53
3FD63
3FD7A
3FD99
3FDBE
3FDE9
3FE19
3FE4D
3FE84
3FEBC
3FEF4
3FF2C
3FF61
3FF93
3FFC1
3FFE9
0000B
00026
00039
00045
00047
00042
00034
0001E
00000
3FFDB
3FFB0
3FF80
3FF4C
3FF14
3FEDA
3FEA0
3FE66
3FE2E
3FDF9
3FDC8
3FD9D
3FD77
3FD58
3FD42
3FD33
3FD2C
3FD2F
3FD3A
3FD4D
3FD68
3FD8B
3FDB4
3FDE3
3FE17
3FE4E
3FE88
3FEC3
3FEFD
3FF37
3FF6E
3FFA0
3FFCE
3FFF6
00017
00031
00042
0004A
0004A
00041
00030
00016
3FFF4
3FFCB
3FF9C
3FF68
3FF30
3FEF4
3FEB8
3FE7A
3FE3E
3FE04
3FDCE
3FD9C
3FD70
3FD4B
3FD2E
3FD18
3FD0B
3FD08
3FD0D
3FD1B
3FD32
3FD51
3FD78
3FDA5
3FDD8
3FE0F
3FE4A
3FE87
3FEC5
3FF02
3FF3E
3FF76
3FFAA
3FFD8
00000
00020
00038
00048
0004E
0004B
0003F
0002A
0000C
3FFE6
3FFB9
3FF86
3FF4D
3FF11
3FED2
3FE92
3FE51
3FE12
3FDD6
3FD9E
3FD6B
3FD3F
3FD19
3FCFC
3FCE8
3FCDD
3FCDC
3FCE3
3FCF5
3FD0F
3FD32
3FD5C
3FD8D
3FDC4
3FE00
3FE3E
3FE7F
3FEC0
3FF00
3FF3E
3FF79
3FFAE
3FFDD
00005
00025
0003D
0004B
0004F
00049
0003A
00022
00000
3FFD6
3FFA5
3FF6D
3FF31
3FEF0
3FEAD
3FE68
3FE24
3FDE2
3FDA3
3FD68
3FD33
3FD05
3FCDF
3FCC2
3FCAE
3FCA4
3FCA4
3FCAE
3FCC2
3FCDF
3FD05
3FD33
3FD68
3FDA3
3FDE3
3FE26
3FE6A
3FEAF
3FEF3
3FF34
3FF71
3FFA9
3FFDA
00003
00024
0003B
00049
0004C
00045
00033
00018
3FFF3
3FFC5
3FF90
3FF54
3FF12
3FECD
3FE85
3FE3C
3FDF3
3FDAC
3FD69
3FD2B
3FCF2
3FCC2
3FC99
3FC7A
3FC65
3FC5B
3FC5B
3FC65
3FC7B
3FC9A
3FCC2
3FCF3
3FD2C
3FD6B
3FDAF
3FDF6
3FE3F
3FE88
3FED1
3FF16
3FF58
3FF93
3FFC8
3FFF4
00017
00030
0003F
00043
0003B
00029
0000C
3FFE5
3FFB4
3FF7B
3FF3B
3FEF5
3FEAA
3FE5C
3FE0D
3FDBE
3FD71
3FD28
3FCE3
3FCA5
3FC6E
3FC40
3FC1D
3FC03
3FBF5
3FBF2
3FBFB
3FC0F
3FC2E
3FC57
3FC89
3FCC4
3FD06
3FD4D
3FD99
3FDE7
3FE37
3FE85
3FED1
3FF19
3FF5C
3FF97
3FFCA
3FFF4
00013
00027
0002F
0002B
0001B
00000
3FFD9
3FFA8
3FF6D
3FF2A
3FEDF
3FE8F
3FE3A
3FDE3
3FD8B
3FD34
3FCE0
3FC90
3FC46
3FC03
3FBCA
3FB9A
3FB75
3FB5B
3FB4E
3FB4D
3FB59
3FB71
3FB94
3FBC3
3FBFB
3FC3D
3FC86
3FCD5
3FD29
3FD7F
3FDD7
3FE2E
3FE82
3FED1
3FF1B
3FF5D
3FF96
3FFC5
3FFE9
00001
0000B
00009
3FFF9
3FFDD
3FFB3
3FF7E
3FF3D
3FEF2
3FE9E
3FE43
3FDE2
3FD7C
3FD14
3FCAC
3FC45
3FBE0
3FB81
3FB28
3FAD7
3FA90
3FA53
3FA23
3F9FF
3F9E8
3F9DF
3F9E4
3F9F7
3FA17
3FA45
3FA7F
3FAC4
3FB13
3FB6B
3FBCB
3FC30
3FC9A
3FD06
3FD73
3FDDE
3FE47
3FEAB
3FF09
3FF5F
3FFAB
3FFED
00022
0004B
00065
00071
0006D
00059
00035
00000
3FFBB
3FF64
3FEFE
3FE86
3FDFE
3FD66
3FCBE
3FC05
3FB3C
3FA63
3F978
3F87B
3F76A
3F643
3F503
3F3A5
3F221
3F06F
3EE7E
3EC39
3E987
3E67D
3E706
375CE
077D8
006C0
3F393
0A12C
05101
062D3
3F804
01A8B
04304
04861
03EB7
01C8A
07430
3D345
09D91
364FA
35987
05F10
35091
3EC61
3769C
0407D
3D132
09233
0959B
39C60
3C69E
02915
38F1E
050D7
02D04
06328
3D1C5
3EB8E
368E9
38914
3DDF2
3D744
3A31A
38A45
01B82
04B76
01839
3D3CF
11A79
39681
32D00
3F29F
3FD45
0ADF8
010EF
0440B
047E0
329E6
2DD52
3CD80
00E79
06472
34A4E
01942
0AD29
05636
08AF5
04BE2
3DFBD
3B8A0
385A2
09B08
0D995
391A4
3A201
08407
3E9F5
16013
38746
2AF11
00DA8
3DC05
0A752
0755D
3D759
396FB
07289
022D8
00A0F
10AC5
3496A
3C1DB
05B00
376D4
35244
0AC34
1131A
35FF7
398A2
08A3B
02EB0
00EF7
03615
3AA59
3F7CF
085F4
348AD
0DC31
3B515
293B8
39995
0592E
313CA
024D3
08390
06DF1
2BB4C
16EEC
3A8BF
06336
1039A
37639
3D2CD
05898
2F0CF
00F5B
0C5D6
3D7DA
3AE3F
3AFC0
0705A
1C678
39627
35D2C
357D0
3D316
002EA
2B45D
3C901
3D491
0BAE3
0AAEB
32EDD
01127
3AA52
02CAE
0390F
0AB22
06FCB
07B62
3DB33
31C01
3C122
3B01A
101A4
34C09
3EEFE
0BCFB
35E23
07D4D
04C79
3E179
06A07
3A61A
03425
0F8DC
38272
33435
37562
2B2C3
3D69F
3D1EF
3A9C2
0F2F3
350F9
0F654
04613
0804C
3E778
0B585
38724
0E58F
0104B
055BD
04DA6
02A9C
34398
3DED4
0F8BC
3B75B
3C6E6
38EB9
3F756
0A184
0241E
07522
0AA70
38390
3F1D6
2DEE4
3394C
12FF4
03619
075F4
3DA08
01A9E
39D15
3A421
34920
3F9C8
03953
03C47
3DB02
2F6AD
04A25
05130
31AF0
3E1CA
3B83B
0ED86
2B375
07053
0F1E3
3D9A9
3E3BA
38C91
39A91
04654
0945C
3DE31
08132
2D461
38F12
00A75
17676
25AFB
3CB30
00C84
0DD88
01150
3A8E9
0E068
3D53B
05E11
02FE9
00A1C
3C8E1
3DE8F
0145B
05E25
0A050
3CEE4
03742
373B2
0204B
0C35C
3CFDF
000DF
3CED4
049EC
3FCFB
2D0AF
03C1A
0B7B0
00BCD
08B03
09302
3C518
31B4D
3DB47
3C7ED
02B03
3E4D5
07F5B
06E7A
00224
39FB2
39906
3FCE4
35CBD
370B3
3EBC8
0F7F3
025E9
06475
3CEF2
3C3CD
35E7A
02D97
3779C
00684
3C793
08F86
27CB4
03B0F
32E45
39D6E
0EFBB
0998F
08994
08972
129C8
08B1B
3A73B
00E09
0C679
3B7C6
3BDD4
39092
3352B
33F4E
034C3
08E04
3768B
331D5
00428
080AF
0C501
397F1
029B5
36FB1
0D511
39062
02C39
0603C
3C1AB
00B14
0266B
08926
047DF
3C618
01032
04A58
35B2C
254C7
061A4
01C04
030BB
0A2B7
3E07E
01ABA
385B3
3F81D
0864C
32254
3A5F7
0630F
309E2
39BD7
10406
1175D
31384
3F14A
3FEB0
0DFBA
0A221
37A0F
07D21
34ED0
3F8B0
3A88F
3B496
042BA
077D5
0880F
2F9AB
02B9E
00B81
04A70
3D216
0BCAB
02CE8
04A51
05476
39A6D
33893
0A3C1
39BFD
08859
32E31
08D1C
338A6
3BC3D
0E1F5
05739
3AD33
01947
02600
37945
3D8BF
389C1
017E3
3FFE4
00E2E
01B91
3D5F7
06E2F
07181
04AF9
32CBA
322A4
3B892
020EC
083D4
01367
36839
1176F
00921
0B5EF
0614B
0C9D5
38597
0B96C
36482
3F322
3AEDA
392C5
3367C
3B245
3C89B
38622
052D8
2F227
0D72B
3BF51
03505
3B3E5
05707
0AE97
02AEE
39409
2F804
3DED2
33725
0608C
0FF99
3D22A
3975D
09A86
00D7A
3FBC2
3CA4E
37962
3F77D
076A8
0F5AD
3CF15
3AA68
3CDB3
00F1B
32C34
062CA
19AB3
37E78
086C8
31212
34BAC
110B2
03F5F
02A56
09424
3FD35
05BF3
3E058
02748
0EDC6
357FF
091CB
3B659
08975
34CA6
3AC32
3C9EF
10941
010CB
37530
12784
0E2D4
3DF75
3EEC8
00055
3AE51
386C2
39CCA
3C554
2D994
3A256
3C2AE
002B9
01F40
38D1F
38566
3687D
367C9
3BB0C
12809
3F409
39391
010AC
036F1
3952E
38FEB
3EDB4
3EE5D
036C4
35C82
3ECA9
37F70
3ADC4
05C11
3EF03
0717B
12ABA
3C569
3C0AF
033EE
338D5
3FFE1
325FB
0B31F
3E33B
25562
26B13
06CE7
34116
0297E
0C75A
37FC2
368F9
299CA
32F64
0DCF5
0C8A1
2FD0C
041FF
06737
3DCCA
3E1DE
3BB08
2A2FA
022D2
38480
2C81A
019F0
071AC
343B0
085A6
399BE
0C8BD
361B2
3ADDF
2F2F1
38CB7
1535E
00936
30E4E
33B8F
2A79C
03D39
340E8
01D89
3ED64
06DD8
3ADC4
273E3
08670
0114D
0718E
32CBE
0AF6A
3672C
059AB
334DB
04376
0C67E
035FF
0CA33
33230
0B463
00D3E
3DCC1
2868C
3BC39
0243F
074EC
10136
398D0
3ACA9
03E36
3E1D4
0D9B5
0184D
00BFF
3C98C
39478
3B57D
1357E
08725
310A7
0BBD5
3B8E2
340C1
0EA41
3CBCF
31B6B
3CB8E
0B1B6
0818C
02706
3BFB1
027D2
09852
041FC
3D659
39DC5
3EB67
09446
3BB91
39E4E
18240
04168
37C0C
0BE38
0F2C0
2D820
3F4DC
08DDF
38D90
34CA9
09885
009AE
0391F
3ACF2
04BDF
3F1B0
01A05
2D6D4
3B608
11241
36983
088ED
3BA5A
325F7
2F63F
092A3
3384B
36185
018A3
08290
3F0D8
2E756
36735
088CC
3015E
0BACD
013E1
065A2
39770
0B8E3
06BAF
0D2BA
39576
2EB06
2E26B
388FB
08AEA
3E82A
11003
029D7
0378A
294C8
01740
36BBA
0E56E
0ACF5
37A1D
11BA6
3F1A0
33070
02259
38C25
0BDD3
10FDB
0427B
116AF
0837D
052E4
3785D
3619B
05870
3D24D
2E4C7
0151D
01B71
3FCC2
06741
3D2BA
37D9A
0DC9A
2ECC6
092D0
038E5
11DA2
10A88
3E018
3EFA5
00BD4
328EE
35B9E
3E773
38869
0A5D4
07729
373A6
34887
3BA67
31FE6
3DFE2
08322
329ED
14CB3
3C33C
07CFC
341B4
2C911
0EDD3
33C2E
3FAA3
09A7D
2E382
129CA
3373A
0FF8F
3F7CE
0C499
31EEB
07312
02F82
2D4BD
03F1C
3FEB0
3C8F7
12B67
0F19B
03219
2DB40
3A833
3872B
3B425
005B3
05CCA
08260
3E004
3D555
2FB82
01281
38483
32E12
06E8B
00C3A
10C2C
3E20E
361CC
0C56A
0188D
084D8
0F91E
06A70
01995
37ABB
33E13
0A52D
0A43D
3CF78
3A97A
090FC
02C0B
353A7
02674
307DD
36771
33AF3
0C551
05E5E
3A956
2FA52
3F8AF
197E3
040E1
31590
0C94C
365D6
13589
09331
04D56
029B6
36AC2
3672D
38F92
015B3
3C7EF
01515
0C924
0207B
3164C
3AD40
38742
2E52B
39879
0F0C6
3F6C2
3AB6B
04A7D
1075E
3B2B1
0E3F4
39BCD
35321
00BC3
04919
0CACE
3844F
3360D
3C46E
34EE7
33AFF
14E4C
0DF8A
3AF6C
008B2
16E0A
0398C
0E050
0D1D9
2FB14
396CB
0A7D2
0B45B
04E89
3E6C9
28C98
39AA9
2CB24
0178C
2FDF8
3DA8F
061B1
2F25E
3B06E
3DBC8
3D8FD
3E7F1
04EFD
3128C
06515
065EE
35B33
02817
01D0B
02ED9
09C58
19C0C
02B5C
2DCE8
006C7
00172
09101
2A821
15718
03937
10451
0EBFC
3B4EF
2C082
3D255
05F8F
3A8AA
07610
36FD9
391C2
03547
0B2DC
0ABCA
33211
3A938
0734C
34B30
04A64
0BD5D
3A85B
031BA
3AB2E
0CD3A
3A163
3847F
0AB64
3B14D
02E1B
379F9
07C37
01A2D
047C9
33794
3828A
3E492
0A636
0FAC5
0734A
28DDE
3AE83
034FE
03191
35FE8
3F338
319B5
3D696
38092
027FB
3BDE5
04959
0454D
3CF35
3192F
0C3BD
3872E
0B05F
3AC3D
39A07
346EE
39BD2
08E10
07ACE
133D4
3400E
0E695
0C20C
33A9C
08BDB
0F8E0
3703A
095A1
03074
227C0
39D72
10861
3A562
0234D
38553
38521
3BF7F
06047
0AB13
0DEC1
3E0EE
3DA9B
3D576
36A0D
0383C
018AF
3886B
3D4D8
0C699
38E45
09622
399FF
06DA2
0C82E
02894
371E9
340C7
3C1D0
0AA31
3583B
0BF87
2E06A
1A0F0
3234A
3D294
08D60
375EB
08CA3
04904
33DA0
04C3C
06FA7
38745
2F682
389A7
028EF
221E0
3841C
04B0F
3D792
0991F
08CAF
3B680
113A3
098A5
0CD03
300C6
0E62E
0E29B
3DF8B
00787
0860C
0632E
3C981
2C827
0344C
38386
35F94
3BDA3
06335
3DDCD
05202
017BC
01C31
33D0E
07193
3B763
3B554
03BE8
35F15
37BFF
0B481
059C7
0BE4D
350A6
3BBDA
32F86
3323D
35F07
080E3
05D5D
3EC0C
065C2
26296
04A2C
0F5A3
3AAC6
18F66
0585E
3FC55
30DC6
0B154
3B23B
0879F
3C418
00FE1
2CBF6
05F9C
029A3
01C4B
0165B
012E8
01086
00EAB
00D16
00BA9
00A54
00910
007DA
006B0
00594
00487
0038B
002A2
001CF
00112
0006F
3FFE5
3FF75
3FF20
3FEE6
3FEC5
3FEBD
3FECC
3FEF0
3FF27
3FF6E
3FFC2
00021
00086
000F1
0015C
001C5
0022A
00288
002DC
00324
0035F
0038C
003A9
003B5
003B2
0039E
0037B
00349
0030A
002BF
0026A
0020E
001AC
00146
000E0
0007A
00018
3FFBB
3FF66
3FF1A
3FED8
3FEA3
3FE7A
3FE5F
3FE51
3FE52
3FE60
3FE7A
3FEA1
3FED3
3FF0D
3FF50
3FF99
3FFE6
00035
00084
000D2
0011C
00161
0019F
001D4
00200
00220
00236
0023F
0023D
0022E
00214
001EF
001BF
00187
00146
00100
000B4
00066
00017
3FFC8
3FF7B
3FF32
3FEEF
3FEB3
3FE7F
3FE55
3FE34
3FE1F
3FE15
3FE16
3FE22
3FE39
3FE5A
3FE85
3FEB7
3FEF1
3FF30
3FF74
3FFB9
00000
00046
00089
000C9
00103
00136
00161
00184
0019C
001AB
001AF
001A8
00197
0017C
00157
0012A
000F5
000BA
0007A
00036
3FFF0
3FFA9
3FF64
3FF21
3FEE2
3FEA8
3FE75
3FE4A
3FE27
3FE0E
3FDFE
3FDF9
3FDFE
3FE0D
3FE25
3FE46
3FE70
3FEA1
3FED8
3FF13
3FF52
3FF93
3FFD5
00015
00053
0008D
000C2
000F1
00118
00137
0014D
0015A
0015C
00155
00145
0012B
00109
000DE
000AD
00076
0003B
3FFFC
3FFBB
3FF7A
3FF3A
3FEFC
3FEC2
3FE8D
3FE5F
3FE37
3FE17
3FE00
3FDF3
3FDEE
3FDF3
3FE01
3FE19
3FE38
3FE60
3FE8D
3FEC1
3FEF9
3FF35
3FF72
3FFAF
3FFEC
00027
0005E
00090
000BC
000E2
000FF
00115
00121
00125
0011F
00110
000F9
000D9
000B2
00085
00052
0001A
3FFDF
3FFA3
3FF66
3FF29
3FEEF
3FEB8
3FE86
3FE59
3FE33
3FE15
3FDFE
3FDF0
3FDEB
3FDEF
3FDFC
3FE11
3FE2E
3FE52
3FE7D
3FEAD
3FEE2
3FF1A
3FF54
3FF8E
3FFC8
00000
00035
00065
00090
000B5
000D3
000E8
000F6
000FB
000F7
000EB
000D6
000BA
00096
0006C
0003D
00009
3FFD2
3FF99
3FF5F
3FF25
3FEEE
3FEB9
3FE88
3FE5D
3FE38
3FE19
3FE02
3FDF3
3FDED
3FDEF
3FDF9
3FE0B
3FE26
3FE47
3FE6E
3FE9B
3FECD
3FF01
3FF38
3FF70
3FFA8
3FFDD
00011
00040
0006A
0008F
000AD
000C4
000D3
000D9
000D8
000CE
000BD
000A3
00083
0005D
00031
00000
3FFCD
3FF97
3FF5F
3FF28
3FEF3
3FEC0
3FE90
3FE66
3FE40
3FE21
3FE0A
3FDFA
3FDF1
3FDF1
3FDF9
3FE08
3FE1F
3FE3D
3FE62
3FE8B
3FEBA
3FEEB
3FF1F
3FF55
3FF8A
3FFBE
3FFF0
0001F
00049
0006D
0008C
000A4
000B4
000BD
000BE
000B7
000A8
00092
00076
00052
0002A
3FFFD
3FFCC
3FF99
3FF64
3FF30
3FEFC
3FECA
3FE9B
3FE71
3FE4C
3FE2C
3FE13
3FE02
3FDF7
3FDF5
3FDFA
3FE07
3FE1B
3FE36
3FE57
3FE7D
3FEA8
3FED7
3FF09
3FF3C
3FF6F
3FFA1
3FFD2
00000
0002A
0004F
0006E
00087
00099
000A4
000A8
000A4
00098
00085
0006B
0004C
00026
3FFFC
3FFCE
3FF9E
3FF6C
3FF39
3FF07
3FED6
3FEA8
3FE7E
3FE59
3FE39
3FE1F
3FE0B
3FDFF
3FDFA
3FDFD
3FE07
3FE18
3FE2F
3FE4D
3FE71
3FE99
3FEC5
3FEF4
3FF24
3FF56
3FF87
3FFB7
3FFE4
0000D
00033
00053
0006D
00081
0008E
00094
00092
0008A
0007A
00063
00047
00024
3FFFD
3FFD2
3FFA5
3FF75
3FF44
3FF13
3FEE4
3FEB7
3FE8D
3FE67
3FE46
3FE2B
3FE16
3FE08
3FE01
3FE01
3FE08
3FE16
3FE2A
3FE45
3FE66
3FE8B
3FEB4
3FEE0
3FF0F
3FF3F
3FF6E
3FF9D
3FFC9
3FFF3
00019
0003A
00055
0006B
00079
00082
00083
0007D
00070
0005C
00043
00024
00000
3FFD7
3FFAC
3FF7E
3FF50
3FF20
3FEF2
3FEC6
3FE9C
3FE76
3FE54
3FE38
3FE21
3FE11
3FE08
3FE05
3FE0A
3FE15
3FE26
3FE3E
3FE5C
3FE7E
3FEA5
3FECF
3FEFB
3FF29
3FF57
3FF85
3FFB1
3FFDA
00000
00022
0003E
00055
00066
00070
00074
00071
00067
00056
00040
00024
00002
3FFDD
3FFB4
3FF89
3FF5C
3FF2E
3FF01
3FED5
3FEAB
3FE85
3FE63
3FE45
3FE2D
3FE1B
3FE10
3FE0B
3FE0D
3FE15
3FE24
3FE39
3FE53
3FE73
3FE97
3FEBE
3FEE9
3FF15
3FF41
3FF6E
3FF99
3FFC2
3FFE9
0000B
00029
00041
00054
00060
00066
00066
0005E
00051
0003D
00024
00006
3FFE3
3FFBC
3FF93
3FF68
3FF3B
3FF0F
3FEE4
3FEBB
3FE94
3FE72
3FE53
3FE3A
3FE26
3FE19
3FE11
3FE10
3FE16
3FE22
3FE34
3FE4C
3FE69
3FE8A
3FEAF
3FED7
3FF02
3FF2D
3FF58
3FF83
3FFAC
3FFD2
3FFF5
00014
0002E
00042
00051
00059
0005B
00056
0004C
0003B
00024
00009
3FFE8
3FFC4
3FF9D
3FF74
3FF49
3FF1E
3FEF3
3FECA
3FEA4
3FE81
3FE61
3FE47
3FE31
3FE22
3FE18
3FE15
3FE18
3FE21
3FE31
3FE46
3FE60
3FE7F
3FEA2
3FEC8
3FEF0
3FF1A
3FF44
3FF6E
3FF97
3FFBD
3FFE0
00000
0001B
00031
00041
0004C
00050
0004E
00046
00038
00024
0000B
3FFEE
3FFCC
3FFA7
3FF7F
3FF56
3FF2C
3FF03
3FEDA
3FEB3
3FE90
3FE70
3FE54
3FE3D
3FE2C
3FE20
3FE1A
3FE1B
3FE21
3FE2E
3FE40
3FE58
3FE74
3FE95
3FEB9
3FEDF
3FF08
3FF31
3FF5A
3FF82
3FFA9
3FFCC
3FFED
00009
00020
00033
0003F
00046
00046
00041
00036
00024
0000E
3FFF3
3FFD3
3FFB0
3FF8B
3FF63
3FF3A
3FF12
3FEE9
3FEC3
3FE9F
3FE7E
3FE61
3FE49
3FE36
3FE28
3FE20
3FE1E
3FE22
3FE2C
3FE3C
3FE51
3FE6B
3FE89
3FEAB
3FED0
3FEF6
3FF1E
3FF47
3FF6E
3FF95
3FFB9
3FFDA
3FFF7
00010
00024
00033
0003B
0003E
0003B
00033
00024
00010
3FFF8
3FFDA
3FFBA
3FF96
3FF70
3FF48
3FF20
3FEF9
3FED2
3FEAE
3FE8D
3FE6F
3FE55
3FE40
3FE31
3FE27
3FE23
3FE24
3FE2C
3FE39
3FE4B
3FE63
3FE7F
3FE9E
3FEC1
3FEE6
3FF0D
3FF34
3FF5C
3FF82
3FFA6
3FFC8
3FFE6
00000
00016
00026
00031
00036
00036
0002F
00023
00012
3FFFC
3FFE1
3FFC2
3FFA0
3FF7C
3FF56
3FF2F
3FF08
3FEE2
3FEBD
3FE9B
3FE7D
3FE62
3FE4B
3FE3A
3FE2E
3FE27
3FE27
3FE2C
3FE36
3FE46
3FE5B
3FE75
3FE93
3FEB3
3FED7
3FEFC
3FF23
3FF49
3FF6F
3FF94
3FFB6
3FFD5
3FFF0
00007
00019
00026
0002E
00030
0002C
00022
00013
00000
3FFE7
3FFCA
3FFAA
3FF88
3FF63
3FF3D
3FF17
3FEF1
3FECC
3FEAA
3FE8A
3FE6F
3FE57
3FE44
3FE36
3FE2D
3FE2A
3FE2D
3FE35
3FE42
3FE55
3FE6C
3FE88
3FEA7
3FEC9
3FEED
3FF12
3FF38
3FF5D
3FF82
3FFA4
3FFC4
3FFE0
3FFF9
0000D
0001C
00025
00029
00028
00021
00014
00003
3FFED
3FFD2
3FFB4
3FF93
3FF70
3FF4B
3FF25
3FF00
3FEDB
3FEB9
3FE98
3FE7B
3FE62
3FE4E
3FE3E
3FE33
3FE2E
3FE2E
3FE34
3FE3F
3FE4F
3FE64
3FE7E
3FE9B
3FEBB
3FEDE
3FF02
3FF27
3FF4C
3FF70
3FF93
3FFB4
3FFD1
3FFEB
00000
00011
0001C
00023
00023
0001F
00015
00006
3FFF2
3FFD9
3FFBD
3FF9E
3FF7C
3FF58
3FF33
3FF0E
3FEEA
3FEC7
3FEA6
3FE89
3FE6E
3FE58
3FE47
3FE3A
3FE32
3FE30
3FE34
3FE3D
3FE4B
3FE5D
3FE75
3FE90
3FEAE
3FECF
3FEF3
3FF17
3FF3B
3FF5F
3FF82
3FFA3
3FFC2
3FFDC
3FFF3
00006
00013
0001C
0001F
0001C
00015
00008
3FFF6
3FFE0
3FFC6
3FFA8
3FF87
3FF65
3FF41
3FF1D
3FEF9
3FED6
3FEB5
3FE96
3FE7B
3FE63
3FE50
3FE41
3FE38
3FE33
3FE35
3FE3B
3FE47
3FE57
3FE6C
3FE86
3FEA2
3FEC2
3FEE4
3FF07
3FF2B
3FF4F
3FF72
3FF93
3FFB2
3FFCE
3FFE6
3FFFA
0000A
00014
00019
00019
00014
00009
3FFFA
3FFE6
3FFCE
3FFB2
3FF93
3FF72
3FF4F
3FF2B
3FF07
3FEE4
3FEC3
3FEA3
3FE87
3FE6E
3FE59
3FE49
3FE3E
3FE37
3FE36
3FE3A
3FE44
3FE52
3FE65
3FE7C
3FE97
3FEB5
3FED6
3FEF8
3FF1B
3FF3F
3FF62
3FF83
3FFA3
3FFC0
3FFD9
3FFEF
00000
0000C
00014
00016
00013
0000A
3FFFD
3FFEB
3FFD5
3FFBB
3FF9E
3FF7E
3FF5C
3FF39
3FF16
3FEF3
3FED1
3FEB1
3FE94
3FE7A
3FE63
3FE51
3FE44
3FE3C
3FE38
3FE3A
3FE41
3FE4D
3FE5E
3FE74
3FE8D
3FEA9
3FEC8
3FEEA
3FF0C
3FF2F
3FF52
3FF74
3FF94
3FFB2
3FFCC
3FFE3
3FFF6
00004
0000E
00012
00011
0000B
00000
3FFF0
3FFDC
3FFC4
3FFA8
3FF89
3FF69
3FF47
3FF24
3FF01
3FEDF
3FEBF
3FEA1
3FE85
3FE6E
3FE5A
3FE4B
3FE41
3FE3B
3FE3B
3FE40
3FE4A
3FE58
3FE6C
3FE83
3FE9E
3FEBC
3FEDC
3FEFD
3FF20
3FF42
3FF64
3FF85
3FFA3
3FFBF
3FFD7
3FFEC
3FFFC
00007
0000D
0000F
0000B
00002
3FFF4
3FFE2
3FFCC
3FFB2
3FF95
3FF75
3FF54
3FF32
3FF0F
3FEED
3FECC
3FEAE
3FE91
3FE78
3FE63
3FE52
3FE46
3FE3F
3FE3C
3FE3F
3FE47
3FE53
3FE65
3FE7A
3FE93
3FEAF
3FECE
3FEEF
3FF11
3FF33
3FF55
3FF76
3FF95
3FFB2
3FFCB
3FFE1
3FFF3
00000
00008
0000C
0000A
00003
3FFF8
3FFE8
3FFD3
3FFBB
3FF9F
3FF81
3FF61
3FF3F
3FF1D
3FEFB
3FEDA
3FEBB
3FE9E
3FE84
3FE6D
3FE5A
3FE4C
3FE43
3FE3E
3FE3F
3FE45
3FE4F
3FE5E
3FE72
3FE89
3FEA4
3FEC1
3FEE1
3FF02
3FF24
3FF46
3FF67
3FF87
3FFA4
3FFBF
3FFD6
3FFEA
3FFF9
00003
00008
00009
00004
3FFFB
3FFED
3FFDA
3FFC4
3FFAA
3FF8D
3FF6E
3FF4D
3FF2B
3FF09
3FEE8
3FEC8
3FEAA
3FE8F
3FE77
3FE63
3FE53
3FE48
3FE41
3FE40
3FE43
3FE4B
3FE59
3FE6A
3FE80
3FE99
3FEB5
3FED4
3FEF4
3FF15
3FF37
3FF58
3FF78
3FF97
3FFB2
3FFCB
3FFE0
3FFF1
3FFFD
00004
00007
00005
3FFFD
3FFF1
3FFE1
3FFCC
3FFB4
3FF98
3FF7A
3FF5A
3FF39
3FF17
3FEF6
3FED6
3FEB7
3FE9B
3FE82
3FE6C
3FE5A
3FE4D
3FE45
3FE41
3FE42
3FE49
3FE54
3FE63
3FE77
3FE8E
3FEA9
3FEC7
3FEE6
3FF07
3FF28
3FF4A
3FF6A
3FF89
3FFA6
3FFC0
3FFD6
3FFE8
3FFF7
00000
00005
00004
3FFFF
3FFF5
3FFE7
3FFD4
3FFBD
3FFA3
3FF86
3FF67
3FF46
3FF25
3FF04
3FEE3
3FEC4
3FEA7
3FE8D
3FE76
3FE62
3FE53
3FE49
3FE43
3FE42
3FE46
3FE4F
3FE5D
3FE6F
3FE85
3FE9E
3FEBA
3FED9
3FEF9
3FF1A
3FF3B
3FF5C
3FF7B
3FF99
3FFB4
3FFCC
3FFE0
3FFF0
3FFFB
00002
00004
00000
3FFF8
3FFEC
3FFDB
3FFC6
3FFAD
3FF92
3FF74
3FF54
3FF33
3FF12
3FEF1
3FED1
3FEB3
3FE98
3FE80
3FE6B
3FE5A
3FE4D
3FE46
3FE43
3FE45
3FE4C
3FE57
3FE67
3FE7C
3FE93
3FEAE
3FECC
3FEEB
3FF0C
3FF2D
3FF4E
3FF6E
3FF8C
3FFA8
3FFC1
3FFD7
3FFE8
3FFF5
3FFFE
00002
00001
3FFFB
3FFF1
3FFE1
3FFCE
3FFB7
3FF9D
3FF80
3FF61
3FF41
3FF20
3FEFF
3FEDF
3FEC0
3FEA4
3FE8A
3FE74
3FE61
3FE53
3FE49
3FE44
3FE44
3FE49
3FE53
3FE61
3FE73
3FE89
3FEA3
3FEBF
3FEDE
3FEFE
3FF1F
3FF40
3FF60
3FF7F
3FF9C
3FFB6
3FFCD
3FFE0
3FFEF
3FFFA
00000
00001
3FFFD
3FFF5
3FFE8
3FFD6
3FFC1
3FFA8
3FF8C
3FF6E
3FF4E
3FF2D
3FF0D
3FEEC
3FECD
3FEB0
3FE95
3FE7D
3FE69
3FE59
3FE4D
3FE46
3FE44
3FE47
3FE4E
3FE5B
3FE6B
3FE80
3FE98
3FEB3
3FED1
3FEF0
3FF11
3FF31
3FF52
3FF72
3FF8F
3FFAB
3FFC3
3FFD8
3FFE9
3FFF5
3FFFD
00001
3FFFF
3FFF8
3FFED
3FFDD
3FFCA
3FFB2
3FF98
3FF7B
3FF5C
3FF3B
3FF1A
3FEFA
3FEDA
3FEBC
3FEA0
3FE87
3FE71
3FE5F
3FE52
3FE49
3FE45
3FE46
3FE4B
3FE55
3FE64
3FE77
3FE8E
3FEA7
3FEC4
3FEE3
3FF03
3FF23
3FF44
3FF64
3FF83
3FF9F
3FFB9
3FFCF
3FFE2
3FFF0
3FFFA
3FFFF
00000
3FFFB
3FFF2
3FFE4
3FFD2
3FFBC
3FFA3
3FF87
3FF69
3FF49
3FF28
3FF08
3FEE7
3FEC9
3FEAC
3FE91
3FE7A
3FE67
3FE57
3FE4C
3FE46
3FE45
3FE48
3FE51
3FE5D
3FE6E
3FE84
3FE9C
3FEB8
3FED5
3FEF5
3FF15
3FF36
3FF57
3FF76
3FF93
3FFAE
3FFC6
3FFDA
3FFEA
3FFF6
3FFFE
00000
3FFFE
3FFF6
3FFEA
3FFDA
3FFC6
3FFAE
3FF93
3FF76
3FF57
3FF36
3FF15
3FEF5
3FED5
3FEB8
3FE9C
3FE84
3FE6E
3FE5D
3FE51
3FE48
3FE45
3FE46
3FE4C
3FE57
3FE67
3FE7A
3FE91
3FEAC
3FEC9
3FEE7
3FF08
3FF28
3FF49
3FF69
3FF87
3FFA3
3FFBC
3FFD2
3FFE4
3FFF2
3FFFB
00000
3FFFF
3FFFA
3FFF0
3FFE2
3FFCF
3FFB9
3FF9F
3FF83
3FF64
3FF44
3FF23
3FF03
3FEE3
3FEC4
3FEA7
3FE8E
3FE77
3FE64
3FE55
3FE4B
3FE46
3FE45
3FE49
3FE52
3FE5F
3FE71
3FE87
3FEA0
3FEBC
3FEDA
3FEFA
3FF1A
3FF3B
3FF5C
3FF7B
3FF98
3FFB2
3FFCA
3FFDD
3FFED
3FFF8
3FFFF
00001
3FFFD
3FFF5
3FFE9
3FFD8
3FFC3
3FFAB
3FF8F
3FF72
3FF52
3FF31
3FF11
3FEF0
3FED1
3FEB3
3FE98
3FE80
3FE6B
3FE5B
3FE4E
3FE47
3FE44
3FE46
3FE4D
3FE59
3FE69
3FE7D
3FE95
3FEB0
3FECD
3FEEC
3FF0D
3FF2D
3FF4E
3FF6E
3FF8C
3FFA8
3FFC1
3FFD6
3FFE8
3FFF5
3FFFD
00001
00000
3FFFA
3FFEF
3FFE0
3FFCD
3FFB6
3FF9C
3FF7F
3FF60
3FF40
3FF1F
3FEFE
3FEDE
3FEBF
3FEA3
3FE89
3FE73
3FE61
3FE53
3FE49
3FE44
3FE44
3FE49
3FE53
3FE61
3FE74
3FE8A
3FEA4
3FEC0
3FEDF
3FEFF
3FF20
3FF41
3FF61
3FF80
3FF9D
3FFB7
3FFCE
3FFE1
3FFF1
3FFFB
00001
00002
3FFFE
3FFF5
3FFE8
3FFD7
3FFC1
3FFA8
3FF8C
3FF6E
3FF4E
3FF2D
3FF0C
3FEEB
3FECC
3FEAE
3FE93
3FE7C
3FE67
3FE57
3FE4C
3FE45
3FE43
3FE46
3FE4D
3FE5A
3FE6B
3FE80
3FE98
3FEB3
3FED1
3FEF1
3FF12
3FF33
3FF54
3FF74
3FF92
3FFAD
3FFC6
3FFDB
3FFEC
3FFF8
00000
00004
00002
3FFFB
3FFF0
3FFE0
3FFCC
3FFB4
3FF99
3FF7B
3FF5C
3FF3B
3FF1A
3FEF9
3FED9
3FEBA
3FE9E
3FE85
3FE6F
3FE5D
3FE4F
3FE46
3FE42
3FE43
3FE49
3FE53
3FE62
3FE76
3FE8D
3FEA7
3FEC4
3FEE3
3FF04
3FF25
3FF46
3FF67
3FF86
3FFA3
3FFBD
3FFD4
3FFE7
3FFF5
3FFFF
00004
00005
00000
3FFF7
3FFE8
3FFD6
3FFC0
3FFA6
3FF89
3FF6A
3FF4A
3FF28
3FF07
3FEE6
3FEC7
3FEA9
3FE8E
3FE77
3FE63
3FE54
3FE49
3FE42
3FE41
3FE45
3FE4D
3FE5A
3FE6C
3FE82
3FE9B
3FEB7
3FED6
3FEF6
3FF17
3FF39
3FF5A
3FF7A
3FF98
3FFB4
3FFCC
3FFE1
3FFF1
3FFFD
00005
00007
00004
3FFFD
3FFF1
3FFE0
3FFCB
3FFB2
3FF97
3FF78
3FF58
3FF37
3FF15
3FEF4
3FED4
3FEB5
3FE99
3FE80
3FE6A
3FE59
3FE4B
3FE43
3FE40
3FE41
3FE48
3FE53
3FE63
3FE77
3FE8F
3FEAA
3FEC8
3FEE8
3FF09
3FF2B
3FF4D
3FF6E
3FF8D
3FFAA
3FFC4
3FFDA
3FFED
3FFFB
00004
00009
00008
00003
3FFF9
3FFEA
3FFD6
3FFBF
3FFA4
3FF87
3FF67
3FF46
3FF24
3FF02
3FEE1
3FEC1
3FEA4
3FE89
3FE72
3FE5E
3FE4F
3FE45
3FE3F
3FE3E
3FE43
3FE4C
3FE5A
3FE6D
3FE84
3FE9E
3FEBB
3FEDA
3FEFB
3FF1D
3FF3F
3FF61
3FF81
3FF9F
3FFBB
3FFD3
3FFE8
3FFF8
00003
0000A
0000C
00008
00000
3FFF3
3FFE1
3FFCB
3FFB2
3FF95
3FF76
3FF55
3FF33
3FF11
3FEEF
3FECE
3FEAF
3FE93
3FE7A
3FE65
3FE53
3FE47
3FE3F
3FE3C
3FE3F
3FE46
3FE52
3FE63
3FE78
3FE91
3FEAE
3FECC
3FEED
3FF0F
3FF32
3FF54
3FF75
3FF95
3FFB2
3FFCC
3FFE2
3FFF4
00002
0000B
0000F
0000D
00007
3FFFC
3FFEC
3FFD7
3FFBF
3FFA3
3FF85
3FF64
3FF42
3FF20
3FEFD
3FEDC
3FEBC
3FE9E
3FE83
3FE6C
3FE58
3FE4A
3FE40
3FE3B
3FE3B
3FE41
3FE4B
3FE5A
3FE6E
3FE85
3FEA1
3FEBF
3FEDF
3FF01
3FF24
3FF47
3FF69
3FF89
3FFA8
3FFC4
3FFDC
3FFF0
00000
0000B
00011
00012
0000E
00004
3FFF6
3FFE3
3FFCC
3FFB2
3FF94
3FF74
3FF52
3FF2F
3FF0C
3FEEA
3FEC8
3FEA9
3FE8D
3FE74
3FE5E
3FE4D
3FE41
3FE3A
3FE38
3FE3C
3FE44
3FE51
3FE63
3FE7A
3FE94
3FEB1
3FED1
3FEF3
3FF16
3FF39
3FF5C
3FF7E
3FF9E
3FFBB
3FFD5
3FFEB
3FFFD
0000A
00013
00016
00014
0000C
00000
3FFEF
3FFD9
3FFC0
3FFA3
3FF83
3FF62
3FF3F
3FF1B
3FEF8
3FED6
3FEB5
3FE97
3FE7C
3FE65
3FE52
3FE44
3FE3A
3FE36
3FE37
3FE3E
3FE49
3FE59
3FE6E
3FE87
3FEA3
3FEC3
3FEE4
3FF07
3FF2B
3FF4F
3FF72
3FF93
3FFB2
3FFCE
3FFE6
3FFFA
00009
00014
00019
00019
00014
0000A
3FFFA
3FFE6
3FFCE
3FFB2
3FF93
3FF72
3FF4F
3FF2B
3FF07
3FEE4
3FEC2
3FEA2
3FE86
3FE6C
3FE57
3FE47
3FE3B
3FE35
3FE33
3FE38
3FE41
3FE50
3FE63
3FE7B
3FE96
3FEB5
3FED6
3FEF9
3FF1D
3FF41
3FF65
3FF87
3FFA8
3FFC6
3FFE0
3FFF6
00008
00015
0001C
0001F
0001C
00013
00006
3FFF3
3FFDC
3FFC2
3FFA3
3FF82
3FF5F
3FF3B
3FF17
3FEF3
3FECF
3FEAE
3FE90
3FE75
3FE5D
3FE4B
3FE3D
3FE34
3FE30
3FE32
3FE3A
3FE47
3FE58
3FE6E
3FE89
3FEA6
3FEC7
3FEEA
3FF0E
3FF33
3FF58
3FF7C
3FF9E
3FFBD
3FFD9
3FFF2
00006
00015
0001F
00023
00023
0001C
00011
00000
3FFEB
3FFD1
3FFB4
3FF93
3FF70
3FF4C
3FF27
3FF02
3FEDE
3FEBB
3FE9B
3FE7E
3FE64
3FE4F
3FE3F
3FE34
3FE2E
3FE2E
3FE33
3FE3E
3FE4E
3FE62
3FE7B
3FE98
3FEB9
3FEDB
3FF00
3FF25
3FF4B
3FF70
3FF93
3FFB4
3FFD2
3FFED
00003
00014
00021
00028
00029
00025
0001C
0000D
3FFF9
3FFE0
3FFC4
3FFA4
3FF82
3FF5D
3FF38
3FF12
3FEED
3FEC9
3FEA7
3FE88
3FE6C
3FE55
3FE42
3FE35
3FE2D
3FE2A
3FE2D
3FE36
3FE44
3FE57
3FE6F
3FE8A
3FEAA
3FECC
3FEF1
3FF17
3FF3D
3FF63
3FF88
3FFAA
3FFCA
3FFE7
00000
00013
00022
0002C
00030
0002E
00026
00019
00007
3FFF0
3FFD5
3FFB6
3FF94
3FF6F
3FF49
3FF23
3FEFC
3FED7
3FEB3
3FE93
3FE75
3FE5B
3FE46
3FE36
3FE2C
3FE27
3FE27
3FE2E
3FE3A
3FE4B
3FE62
3FE7D
3FE9B
3FEBD
3FEE2
3FF08
3FF2F
3FF56
3FF7C
3FFA0
3FFC2
3FFE1
3FFFC
00012
00023
0002F
00036
00036
00031
00026
00016
00000
3FFE6
3FFC8
3FFA6
3FF82
3FF5C
3FF34
3FF0D
3FEE6
3FEC1
3FE9E
3FE7F
3FE63
3FE4B
3FE39
3FE2C
3FE24
3FE23
3FE27
3FE31
3FE40
3FE55
3FE6F
3FE8D
3FEAE
3FED2
3FEF9
3FF20
3FF48
3FF70
3FF96
3FFBA
3FFDA
3FFF8
00010
00024
00033
0003B
0003E
0003B
00033
00024
00010
3FFF7
3FFDA
3FFB9
3FF95
3FF6E
3FF47
3FF1E
3FEF6
3FED0
3FEAB
3FE89
3FE6B
3FE51
3FE3C
3FE2C
3FE22
3FE1E
3FE20
3FE28
3FE36
3FE49
3FE61
3FE7E
3FE9F
3FEC3
3FEE9
3FF12
3FF3A
3FF63
3FF8B
3FFB0
3FFD3
3FFF3
0000E
00024
00036
00041
00046
00046
0003F
00033
00020
00009
3FFED
3FFCC
3FFA9
3FF82
3FF5A
3FF31
3FF08
3FEDF
3FEB9
3FE95
3FE74
3FE58
3FE40
3FE2E
3FE21
3FE1B
3FE1A
3FE20
3FE2C
3FE3D
3FE54
3FE70
3FE90
3FEB3
3FEDA
3FF03
3FF2C
3FF56
3FF7F
3FFA7
3FFCC
3FFEE
0000B
00024
00038
00046
0004E
00050
0004C
00041
00031
0001B
00000
3FFE0
3FFBD
3FF97
3FF6E
3FF44
3FF1A
3FEF0
3FEC8
3FEA2
3FE7F
3FE60
3FE46
3FE31
3FE21
3FE18
3FE15
3FE18
3FE22
3FE31
3FE47
3FE61
3FE81
3FEA4
3FECA
3FEF3
3FF1E
3FF49
3FF74
3FF9D
3FFC4
3FFE8
00009
00024
0003B
0004C
00056
0005B
00059
00051
00042
0002E
00014
3FFF5
3FFD2
3FFAC
3FF83
3FF58
3FF2D
3FF02
3FED7
3FEAF
3FE8A
3FE69
3FE4C
3FE34
3FE22
3FE16
3FE10
3FE11
3FE19
3FE26
3FE3A
3FE53
3FE72
3FE94
3FEBB
3FEE4
3FF0F
3FF3B
3FF68
3FF93
3FFBC
3FFE3
00006
00024
0003D
00051
0005E
00066
00066
00060
00054
00041
00029
0000B
3FFE9
3FFC2
3FF99
3FF6E
3FF41
3FF15
3FEE9
3FEBE
3FE97
3FE73
3FE53
3FE39
3FE24
3FE15
3FE0D
3FE0B
3FE10
3FE1B
3FE2D
3FE45
3FE63
3FE85
3FEAB
3FED5
3FF01
3FF2E
3FF5C
3FF89
3FFB4
3FFDD
00002
00024
00040
00056
00067
00071
00074
00070
00066
00055
0003E
00022
00000
3FFDA
3FFB1
3FF85
3FF57
3FF29
3FEFB
3FECF
3FEA5
3FE7E
3FE5C
3FE3E
3FE26
3FE15
3FE0A
3FE05
3FE08
3FE11
3FE21
3FE38
3FE54
3FE76
3FE9C
3FEC6
3FEF2
3FF20
3FF50
3FF7E
3FFAC
3FFD7
00000
00024
00043
0005C
00070
0007D
00083
00082
00079
0006B
00055
0003A
00019
3FFF3
3FFC9
3FF9D
3FF6E
3FF3F
3FF0F
3FEE0
3FEB4
3FE8B
3FE66
3FE45
3FE2A
3FE16
3FE08
3FE01
3FE01
3FE08
3FE16
3FE2B
3FE46
3FE67
3FE8D
3FEB7
3FEE4
3FF13
3FF44
3FF75
3FFA5
3FFD2
3FFFD
00024
00047
00063
0007A
0008A
00092
00094
0008E
00081
0006D
00053
00033
0000D
3FFE4
3FFB7
3FF87
3FF56
3FF24
3FEF4
3FEC5
3FE99
3FE71
3FE4D
3FE2F
3FE18
3FE07
3FDFD
3FDFA
3FDFF
3FE0B
3FE1F
3FE39
3FE59
3FE7E
3FEA8
3FED6
3FF07
3FF39
3FF6C
3FF9E
3FFCE
3FFFC
00026
0004C
0006B
00085
00098
000A4
000A8
000A4
00099
00087
0006E
0004F
0002A
00000
3FFD2
3FFA1
3FF6F
3FF3C
3FF09
3FED7
3FEA8
3FE7D
3FE57
3FE36
3FE1B
3FE07
3FDFA
3FDF5
3FDF7
3FE02
3FE13
3FE2C
3FE4C
3FE71
3FE9B
3FECA
3FEFC
3FF30
3FF64
3FF99
3FFCC
3FFFD
0002A
00052
00076
00092
000A8
000B7
000BE
000BD
000B4
000A4
0008C
0006D
00049
0001F
3FFF0
3FFBE
3FF8A
3FF55
3FF1F
3FEEB
3FEBA
3FE8B
3FE62
3FE3D
3FE1F
3FE08
3FDF9
3FDF1
3FDF1
3FDFA
3FE0A
3FE21
3FE40
3FE66
3FE90
3FEC0
3FEF3
3FF28
3FF5F
3FF97
3FFCD
00000
00031
0005D
00083
000A3
000BD
000CE
000D8
000D9
000D3
000C4
000AD
0008F
0006A
00040
00011
3FFDD
3FFA8
3FF70
3FF38
3FF01
3FECD
3FE9B
3FE6E
3FE47
3FE26
3FE0B
3FDF9
3FDEF
3FDED
3FDF3
3FE02
3FE19
3FE38
3FE5D
3FE88
3FEB9
3FEEE
3FF25
3FF5F
3FF99
3FFD2
00009
0003D
0006C
00096
000BA
000D6
000EB
000F7
000FB
000F6
000E8
000D3
000B5
00090
00065
00035
00000
3FFC8
3FF8E
3FF54
3FF1A
3FEE2
3FEAD
3FE7D
3FE52
3FE2E
3FE11
3FDFC
3FDEF
3FDEB
3FDF0
3FDFE
3FE15
3FE33
3FE59
3FE86
3FEB8
3FEEF
3FF29
3FF66
3FFA3
3FFDF
0001A
00052
00085
000B2
000D9
000F9
00110
0011F
00125
00121
00115
000FF
000E2
000BC
00090
0005E
00027
3FFEC
3FFAF
3FF72
3FF35
3FEF9
3FEC1
3FE8D
3FE60
3FE38
3FE19
3FE01
3FDF3
3FDEE
3FDF3
3FE00
3FE17
3FE37
3FE5F
3FE8D
3FEC2
3FEFC
3FF3A
3FF7A
3FFBB
3FFFC
0003B
00076
000AD
000DE
00109
0012B
00145
00155
0015C
0015A
0014D
00137
00118
000F1
000C2
0008D
00053
00015
3FFD5
3FF93
3FF52
3FF13
3FED8
3FEA1
3FE70
3FE46
3FE25
3FE0D
3FDFE
3FDF9
3FDFE
3FE0E
3FE27
3FE4A
3FE75
3FEA8
3FEE2
3FF21
3FF64
3FFA9
3FFF0
00036
0007A
000BA
000F5
0012A
00157
0017C
00197
001A8
001AF
001AB
0019C
00184
00161
00136
00103
000C9
00089
00046
00000
3FFB9
3FF74
3FF30
3FEF1
3FEB7
3FE85
3FE5A
3FE39
3FE22
3FE16
3FE15
3FE1F
3FE34
3FE55
3FE7F
3FEB3
3FEEF
3FF32
3FF7B
3FFC8
00017
00066
000B4
00100
00146
00187
001BF
001EF
00214
0022E
0023D
0023F
00236
00220
00200
001D4
0019F
00161
0011C
000D2
00084
00035
3FFE6
3FF99
3FF50
3FF0D
3FED3
3FEA1
3FE7A
3FE60
3FE52
3FE51
3FE5F
3FE7A
3FEA3
3FED8
3FF1A
3FF66
3FFBB
00018
0007A
000E0
00146
001AC
0020E
0026A
002BF
0030A
00349
0037B
0039E
003B2
003B5
003A9
0038C
0035F
00324
002DC
00288
0022A
001C5
0015C
000F1
00086
00021
3FFC2
3FF6E
3FF27
3FEF0
3FECC
3FEBD
3FEC5
3FEE6
3FF20
3FF75
3FFE5
0006F
00112
001CF
002A2
0038B
00487
00594
006B0
007DA
00910
00A54
00BA9
00D16
00EAB
01086
012E8
0165B
01C4B
029A3
05F9C
2CBF6
00FE1
3C418
0879F
3B23B
0B154
30DC6
3FC55
0585E
18F66
3AAC6
0F5A3
04A2C
26296
065C2
3EC0C
05D5D
080E3
35F07
3323D
32F86
3BBDA
350A6
0BE4D
059C7
0B481
37BFF
35F15
03BE8
3B554
3B763
07193
33D0E
01C31
017BC
05202
3DDCD
06335
3BDA3
35F94
38386
0344C
2C827
3C981
0632E
0860C
00787
3DF8B
0E29B
0E62E
300C6
0CD03
098A5
113A3
3B680
08CAF
0991F
3D792
04B0F
3841C
221E0
028EF
389A7
2F682
38745
06FA7
04C3C
33DA0
04904
08CA3
375EB
08D60
3D294
3234A
1A0F0
2E06A
0BF87
3583B
0AA31
3C1D0
340C7
371E9
02894
0C82E
06DA2
399FF
09622
38E45
0C699
3D4D8
3886B
018AF
0383C
36A0D
3D576
3DA9B
3E0EE
0DEC1
0AB13
06047
3BF7F
38521
38553
0234D
3A562
10861
39D72
227C0
03074
095A1
3703A
0F8E0
08BDB
33A9C
0C20C
0E695
3400E
133D4
07ACE
08E10
39BD2
346EE
39A07
3AC3D
0B05F
3872E
0C3BD
3192F
3CF35
0454D
04959
3BDE5
027FB
38092
3D696
319B5
3F338
35FE8
03191
034FE
3AE83
28DDE
0734A
0FAC5
0A636
3E492
3828A
33794
047C9
01A2D
07C37
379F9
02E1B
3B14D
0AB64
3847F
3A163
0CD3A
3AB2E
031BA
3A85B
0BD5D
04A64
34B30
0734C
3A938
33211
0ABCA
0B2DC
03547
391C2
36FD9
07610
3A8AA
05F8F
3D255
2C082
3B4EF
0EBFC
10451
03937
15718
2A821
09101
00172
006C7
2DCE8
02B5C
19C0C
09C58
02ED9
01D0B
02817
35B33
065EE
06515
3128C
04EFD
3E7F1
3D8FD
3DBC8
3B06E
2F25E
061B1
3DA8F
2FDF8
0178C
2CB24
39AA9
28C98
3E6C9
04E89
0B45B
0A7D2
396CB
2FB14
0D1D9
0E050
0398C
16E0A
008B2
3AF6C
0DF8A
14E4C
33AFF
34EE7
3C46E
3360D
3844F
0CACE
04919
00BC3
35321
39BCD
0E3F4
3B2B1
1075E
04A7D
3AB6B
3F6C2
0F0C6
39879
2E52B
38742
3AD40
3164C
0207B
0C924
01515
3C7EF
015B3
38F92
3672D
36AC2
029B6
04D56
09331
13589
365D6
0C94C
31590
040E1
197E3
3F8AF
2FA52
3A956
05E5E
0C551
33AF3
36771
307DD
02674
353A7
02C0B
090FC
3A97A
3CF78
0A43D
0A52D
33E13
37ABB
01995
06A70
0F91E
084D8
0188D
0C56A
361CC
3E20E
10C2C
00C3A
06E8B
32E12
38483
01281
2FB82
3D555
3E004
08260
05CCA
005B3
3B425
3872B
3A833
2DB40
03219
0F19B
12B67
3C8F7
3FEB0
03F1C
2D4BD
02F82
07312
31EEB
0C499
3F7CE
0FF8F
3373A
129CA
2E382
09A7D
3FAA3
33C2E
0EDD3
2C911
341B4
07CFC
3C33C
14CB3
329ED
08322
3DFE2
31FE6
3BA67
34887
373A6
07729
0A5D4
38869
3E773
35B9E
328EE
00BD4
3EFA5
3E018
10A88
11DA2
038E5
092D0
2ECC6
0DC9A
37D9A
3D2BA
06741
3FCC2
01B71
0151D
2E4C7
3D24D
05870
3619B
3785D
052E4
0837D
116AF
0427B
10FDB
0BDD3
38C25
02259
33070
3F1A0
11BA6
37A1D
0ACF5
0E56E
36BBA
01740
294C8
0378A
029D7
11003
3E82A
08AEA
388FB
2E26B
2EB06
39576
0D2BA
06BAF
0B8E3
39770
065A2
013E1
0BACD
3015E
088CC
36735
2E756
3F0D8
08290
018A3
36185
3384B
092A3
2F63F
325F7
3BA5A
088ED
36983
11241
3B608
2D6D4
01A05
3F1B0
04BDF
3ACF2
0391F
009AE
09885
34CA9
38D90
08DDF
3F4DC
2D820
0F2C0
0BE38
37C0C
04168
18240
39E4E
3BB91
09446
3EB67
39DC5
3D659
041FC
09852
027D2
3BFB1
02706
0818C
0B1B6
3CB8E
31B6B
3CBCF
0EA41
340C1
3B8E2
0BBD5
310A7
08725
1357E
3B57D
39478
3C98C
00BFF
0184D
0D9B5
3E1D4
03E36
3ACA9
398D0
10136
074EC
0243F
3BC39
2868C
3DCC1
00D3E
0B463
33230
0CA33
035FF
0C67E
04376
334DB
059AB
3672C
0AF6A
32CBE
0718E
0114D
08670
273E3
3ADC4
06DD8
3ED64
01D89
340E8
03D39
2A79C
33B8F
30E4E
00936
1535E
38CB7
2F2F1
3ADDF
361B2
0C8BD
399BE
085A6
343B0
071AC
019F0
2C81A
38480
022D2
2A2FA
3BB08
3E1DE
3DCCA
06737
041FF
2FD0C
0C8A1
0DCF5
32F64
299CA
368F9
37FC2
386C2
0D49E
3CEE3
3AB7F
25908
3A065
3F54D
3CA00
0410D
055BB
3B966
3933A
3A406
3D8C4
3ABB4
3931C
3C133
06A39
11B6F
06029
33C18
3AB80
377F6
3339A
3EC2D
265BB
38DBD
398F4
0B2E2
365D0
37D14
3635B
3EACA
3E7C3
052FD
01084
3E8A8
38F7F
00E23
0E86C
36D15
0BEC5
07ED4
0291D
052D5
3977D
373C8
0CD0E
00B20
01FDD
3F93C
375A7
36D70
3BE91
3DD93
3FAB9
0CA7A
33A06
03C68
00720
350F6
3A184
0824D
3FC9F
05994
023E6
04C1B
0943D
3FFAC
027FD
32E88
03E21
09244
0ED3D
09258
3C6C6
36157
39909
3D4B2
3D47A
3C23E
0988B
01FF0
00EB9
04065
00D7E
38270
063AE
3B0FD
3FAA4
355B9
039F6
2F8C9
0260F
06346
3CBBF
05880
3DC90
05CDA
013F8
3FED4
112DF
009AE
397EC
3CDC6
0AC04
36758
3E4C5
0AACC
3A8EF
05651
07CC9
3B786
01C73
004E3
088A7
3A6C6
316A6
3D47A
02974
3D3C2
04782
02A99
39C57
332C9
3E647
38113
3C8CB
34010
0B950
04DCE
064C2
3A1B1
3954B
363FA
38EC8
05D54
0C36F
3DB11
03E2E
0ABD2
35F3C
329D9
05E77
36ECE
0590E
33571
02106
3A38C
3FA81
06504
07D77
0C374
07969
3F0F8
01C23
3FB56
3B09C
32D1B
00D1A
03EC3
0ADCE
3A665
0468C
04961
39EC5
06909
028E1
00584
39816
0277F
04DE9
03F64
3B1C2
08BE0
0AA9C
3D672
05FCD
03ECE
0248D
32E74
02E00
3AA7F
03B9C
01C2D
35E19
2D46E
04142
3E188
3FBCB
08281
3F35E
0292A
39F23
3CF3B
04500
0400B
3ED32
0363F
3EFC0
38BBE
39F98
341F1
3BF71
39FA9
15B92
0457D
30AF4
03BA7
38DBB
3441F
0A2E1
03D20
0E1EE
3B06B
39406
068BF
0894E
0176D
367E6
3E65A
0B63D
3F8CC
377E0
391D8
077E6
3A84F
3ED82
084A8
3B361
3A65A
0B35A
3C23D
0172A
02F7E
38217
073F4
3196B
04290
2EE89
06DB5
00BA5
06B51
032DB
04E0C
39AF7
3A3BA
0B7A9
3CD2D
389AD
01F1A
3F8FA
0684D
011C7
003D3
027B2
06B1A
014CE
29A12
08BD0
00653
3B02D
38CDB
3F4A3
3FFE2
1FAF8
0170E
00DF7
39596
32FAF
3DBBA
3709A
03966
3F6BA
06FBE
0D267
3A5CD
07727
00336
0585E
02369
3DAEA
0A49C
3C4BE
3979C
01AF6
3A748
3030D
3DEC3
2B52E
10AC1
3F711
08C39
3F1EA
35C28
046A4
090CB
074CD
3CF75
0627C
2FC09
009B0
3E889
023D4
085EC
3D167
2F4FB
3BF26
04AD2
01327
074BC
01E2C
3DB01
00605
3B223
377D4
3E5B1
39EC5
3D07E
3BE92
3936C
00B56
3FB19
0DAB4
3113F
0BA5E
02A64
37C71
128B5
07436
355A1
3F52D
3E1E6
3F350
355CB
0D4DF
39E3F
35E29
0764F
02505
05CBE
06E74
03F33
03F83
06C16
054F6
0508E
07769
36885
34BE1
3B156
00F22
0F62A
37EA8
344B9
00571
2CE46
018F0
133F8
0C849
08983
3FB3C
3D12E
3D77D
37984
032FD
33433
0948C
3C888
3494A
3C5E9
0469F
0D66C
055A2
3EA30
029A4
0EE13
3035C
074F4
06071
2BF36
0444A
3E787
28708
3CFC8
3158F
079E0
2EEAC
0ABFA
36551
3FE94
0379B
0C36B
330A1
39D9E
3C671
0BFEB
048CA
056E2
385A8
1195D
03BDC
3B1A2
3CDAE
0487A
38656
002BB
3449A
10837
3D9CB
2E54E
09B6F
0655C
336AF
3D8D2
03F51
10539
0D251
38E60
145BC
3A46F
07CC4
040F3
37F91
3B697
398FF
06F23
04347
3252C
001F1
0190A
0323B
06D3A
07E27
331D2
03380
3A2FB
051A6
39FE1
2F6D3
347F8
3EF7B
3A4B3
3C9FF
387FD
3A2B6
10D20
18120
0704C
03BD7
035BB
3F157
3A801
38BCE
042F9
38A07
3F618
39880
363AC
01EEA
3F9ED
02C03
32EC1
0E951
3D994
351C1
01E5E
0859C
3E2B2
0A1F4
0E659
39C92
350AB
0609F
096DE
0218F
04C8B
3DCE8
3452B
04E27
32F5A
38FE3
368AA
3A928
027E6
046E9
08707
033A7
2A997
015D4
080F3
007D3
3E937
00586
2E94C
084F8
064DB
07818
3FF0D
3B799
02F61
01004
3F832
08E3A
05652
019CA
04A8E
06C0B
08B07
3EE0C
0509B
06BFD
332F9
01D9F
364CF
3A67C
36D18
07D01
0D2B3
35B58
3ABE7
3F575
34E83
2F7D3
07D63
03854
023E6
01991
0130F
00E6D
00ADE
007FC
00594
00385
001BD
00031
3FEDA
3FDB3
3FCBA
3FBEB
3FB47
3FACA
3FA76
3FA47
3FA3C
3FA54
3FA8C
3FAE2
3FB53
3FBDD
3FC7B
3FD2A
3FDE6
3FEAC
3FF77
00044
0010F
001D3
0028E
0033B
003D9
00464
004DA
00539
00581
005AF
005C4
005C1
005A5
00571
00528
004CB
0045C
003DF
00355
002C3
0022A
0018F
000F5
0005E
3FFCE
3FF47
3FECD
3FE61
3FE06
3FDBC
3FD86
3FD64
3FD55
3FD5B
3FD75
3FDA2
3FDDF
3FE2D
3FE89
3FEF0
3FF60
3FFD7
00052
000CF
0014A
001C0
00230
00298
002F4
00343
00384
003B5
003D5
003E4
003E2
003CF
003AC
00379
00338
002EB
00292
00231
001C9
0015C
000EE
00080
00015
3FFAE
3FF4F
3FEF8
3FEAD
3FE6D
3FE3B
3FE17
3FE02
3FDFC
3FE06
3FE1D
3FE43
3FE76
3FEB4
3FEFC
3FF4D
3FFA4
00000
0005E
000BD
0011A
00173
001C6
00212
00254
0028C
002B9
002D9
002EC
002F1
002E9
002D4
002B2
00285
0024C
0020B
001C1
00171
0011D
000C6
0006E
00018
3FFC4
3FF75
3FF2D
3FEED
3FEB5
3FE89
3FE67
3FE51
3FE47
3FE4A
3FE59
3FE73
3FE98
3FEC7
3FEFF
3FF3E
3FF83
3FFCD
0001A
00067
000B4
000FF
00145
00186
001C0
001F2
0021A
00238
0024C
00255
00252
00244
0022C
0020A
001DE
001AA
0016F
0012E
000E8
000A0
00057
0000E
3FFC7
3FF84
3FF45
3FF0D
3FEDC
3FEB4
3FE94
3FE7F
3FE73
3FE72
3FE7B
3FE8F
3FEAB
3FED1
3FEFE
3FF32
3FF6C
3FFA9
3FFEA
0002C
0006E
000AE
000EC
00125
00158
00185
001AA
001C7
001DB
001E5
001E6
001DD
001CB
001B0
0018C
00162
00131
000FA
000BF
00082
00043
00004
3FFC6
3FF8A
3FF53
3FF21
3FEF4
3FECF
3FEB2
3FE9D
3FE90
3FE8D
3FE93
3FEA1
3FEB8
3FED6
3FEFC
3FF28
3FF59
3FF8E
3FFC6
00000
0003A
00073
000AA
000DD
0010B
00134
00157
00172
00186
00191
00194
0018F
00181
0016B
0014E
0012A
00101
000D2
0009F
00069
00032
3FFFA
3FFC3
3FF8E
3FF5C
3FF2E
3FF05
3FEE3
3FEC7
3FEB2
3FEA5
3FEA0
3FEA3
3FEAE
3FEC0
3FEDA
3FEFA
3FF20
3FF4A
3FF79
3FFAA
3FFDD
00011
00044
00076
000A5
000CF
000F6
00116
00130
00144
00150
00155
00152
00147
00136
0011D
000FF
000DB
000B2
00085
00055
00024
3FFF2
3FFC0
3FF90
3FF62
3FF38
3FF12
3FEF1
3FED7
3FEC2
3FEB5
3FEAF
3FEB0
3FEB8
3FEC7
3FEDC
3FEF8
3FF19
3FF3E
3FF67
3FF94
3FFC2
3FFF0
0001F
0004C
00077
0009F
000C3
000E2
000FB
0010F
0011B
00121
00121
00119
0010B
000F6
000DC
000BC
00098
00070
00045
00019
3FFEB
3FFBE
3FF91
3FF67
3FF40
3FF1C
3FEFD
3FEE4
3FED0
3FEC2
3FEBA
3FEBA
3FEBF
3FECB
3FEDE
3FEF5
3FF12
3FF34
3FF59
3FF81
3FFAA
3FFD5
00000
0002A
00052
00077
00099
000B7
000CF
000E3
000F0
000F7
000F8
000F3
000E7
000D6
000BF
000A3
00083
0005F
00038
00010
3FFE6
3FFBC
3FF93
3FF6C
3FF47
3FF25
3FF07
3FEEE
3FEDB
3FECC
3FEC4
3FEC2
3FEC6
3FECF
3FEDF
3FEF3
3FF0D
3FF2B
3FF4C
3FF70
3FF97
3FFBE
3FFE6
0000D
00033
00056
00076
00093
000AB
000BE
000CC
000D4
000D6
000D3
000C9
000BB
000A7
0008E
00071
00051
0002E
00009
3FFE2
3FFBB
3FF95
3FF70
3FF4D
3FF2D
3FF10
3FEF8
3FEE4
3FED6
3FECC
3FEC9
3FECB
3FED3
3FEE0
3FEF2
3FF08
3FF23
3FF41
3FF63
3FF86
3FFAA
3FFCF
3FFF4
00018
00039
00058
00074
0008B
0009E
000AD
000B6
000B9
000B7
000B0
000A4
00093
0007D
00063
00045
00025
00003
3FFDF
3FFBB
3FF97
3FF74
3FF52
3FF34
3FF18
3FF00
3FEED
3FEDE
3FED4
3FECF
3FED0
3FED5
3FEE0
3FEF0
3FF04
3FF1C
3FF38
3FF56
3FF77
3FF99
3FFBC
3FFDE
00000
00020
0003E
00059
00070
00083
00092
0009C
000A0
000A0
0009B
00090
00081
0006E
00057
0003C
0001E
3FFFE
3FFDD
3FFBB
3FF99
3FF78
3FF58
3FF3A
3FF1F
3FF08
3FEF4
3FEE5
3FEDA
3FED5
3FED4
3FED8
3FEE1
3FEEF
3FF01
3FF16
3FF30
3FF4C
3FF6A
3FF8A
3FFAA
3FFCB
3FFEB
0000A
00027
00041
00058
0006B
0007A
00085
0008B
0008C
00088
00080
00073
00061
0004C
00034
00018
3FFFB
3FFDC
3FFBC
3FF9B
3FF7C
3FF5D
3FF40
3FF26
3FF0F
3FEFC
3FEEC
3FEE1
3FEDA
3FED8
3FEDA
3FEE2
3FEED
3FEFD
3FF11
3FF28
3FF42
3FF5E
3FF7C
3FF9B
3FFBA
3FFD9
3FFF6
00012
0002C
00043
00056
00065
00071
00077
0007A
00078
00071
00066
00056
00043
0002D
00014
3FFF8
3FFDB
3FFBD
3FF9E
3FF80
3FF62
3FF46
3FF2D
3FF16
3FF02
3FEF2
3FEE6
3FEDF
3FEDC
3FEDD
3FEE3
3FEED
3FEFB
3FF0C
3FF22
3FF3A
3FF54
3FF70
3FF8D
3FFAB
3FFC8
3FFE5
00000
00019
00030
00043
00053
0005F
00066
0006A
00069
00064
0005A
0004D
0003C
00027
00010
3FFF6
3FFDB
3FFBE
3FFA1
3FF83
3FF67
3FF4C
3FF33
3FF1C
3FF09
3FEF8
3FEEC
3FEE3
3FEDF
3FEDF
3FEE3
3FEEC
3FEF8
3FF08
3FF1C
3FF32
3FF4A
3FF65
3FF81
3FF9D
3FFB9
3FFD5
3FFEF
00008
0001E
00032
00042
0004E
00057
0005C
0005C
00058
00050
00044
00035
00022
0000D
3FFF5
3FFDB
3FFBF
3FFA3
3FF87
3FF6C
3FF52
3FF39
3FF23
3FF0F
3FEFE
3FEF1
3FEE8
3FEE3
3FEE2
3FEE4
3FEEB
3FEF6
3FF05
3FF16
3FF2B
3FF42
3FF5B
3FF75
3FF90
3FFAB
3FFC6
3FFE0
3FFF8
0000E
00022
00032
00040
00049
0004F
00050
0004E
00047
0003D
0002F
0001E
0000A
3FFF3
3FFDB
3FFC1
3FFA6
3FF8B
3FF71
3FF57
3FF3F
3FF29
3FF15
3FF04
3FEF6
3FEEC
3FEE6
3FEE4
3FEE6
3FEEB
3FEF4
3FF01
3FF11
3FF25
3FF3A
3FF52
3FF6B
3FF85
3FF9F
3FFB9
3FFD2
3FFEA
00000
00014
00024
00032
0003C
00043
00045
00044
0003F
00036
0002A
0001A
00008
3FFF3
3FFDC
3FFC3
3FFAA
3FF90
3FF76
3FF5D
3FF45
3FF2F
3FF1B
3FF0A
3FEFC
3FEF1
3FEEA
3FEE6
3FEE7
3FEEB
3FEF3
3FEFE
3FF0D
3FF1F
3FF33
3FF49
3FF61
3FF7A
3FF93
3FFAD
3FFC5
3FFDD
3FFF3
00006
00017
00026
00030
00038
0003B
0003B
00038
00030
00025
00017
00006
3FFF2
3FFDD
3FFC5
3FFAD
3FF94
3FF7B
3FF62
3FF4A
3FF34
3FF21
3FF0F
3FF01
3FEF5
3FEED
3FEE9
3FEE8
3FEEB
3FEF2
3FEFC
3FF09
3FF1A
3FF2C
3FF41
3FF58
3FF70
3FF88
3FFA1
3FFB9
3FFD0
3FFE6
3FFFA
0000B
0001A
00026
0002E
00032
00033
00031
0002B
00021
00014
00005
3FFF2
3FFDE
3FFC8
3FFB0
3FF98
3FF7F
3FF67
3FF50
3FF3A
3FF26
3FF15
3FF06
3FEFA
3FEF1
3FEEC
3FEEA
3FEEC
3FEF1
3FEFA
3FF06
3FF15
3FF26
3FF3A
3FF50
3FF67
3FF7E
3FF96
3FFAE
3FFC5
3FFDA
3FFEE
00000
0000F
0001B
00024
0002A
0002C
0002B
00026
0001D
00012
00004
3FFF2
3FFDF
3FFCA
3FFB3
3FF9C
3FF84
3FF6D
3FF56
3FF40
3FF2C
3FF1A
3FF0B
3FEFE
3FEF4
3FEEE
3FEEB
3FEEC
3FEF0
3FEF8
3FF03
3FF10
3FF21
3FF33
3FF48
3FF5E
3FF75
3FF8C
3FFA3
3FFBA
3FFCF
3FFE3
3FFF5
00005
00012
0001B
00022
00025
00025
00021
0001A
00010
00003
3FFF3
3FFE1
3FFCC
3FFB7
3FFA0
3FF89
3FF72
3FF5B
3FF46
3FF32
3FF20
3FF10
3FF02
3FEF8
3FEF1
3FEED
3FEED
3FEF0
3FEF6
3FF00
3FF0C
3FF1C
3FF2D
3FF41
3FF56
3FF6C
3FF83
3FF99
3FFB0
3FFC5
3FFD9
3FFEB
3FFFB
00009
00013
0001B
0001F
0001F
0001D
00017
0000E
00002
3FFF3
3FFE2
3FFCF
3FFBA
3FFA4
3FF8E
3FF77
3FF61
3FF4C
3FF37
3FF25
3FF15
3FF07
3FEFC
3FEF4
3FEEF
3FEEE
3FEF0
3FEF5
3FEFD
3FF09
3FF17
3FF27
3FF3A
3FF4E
3FF63
3FF7A
3FF90
3FFA6
3FFBB
3FFCF
3FFE2
3FFF2
00000
0000B
00013
00019
0001A
00019
00014
0000C
00001
3FFF4
3FFE4
3FFD2
3FFBE
3FFA9
3FF93
3FF7D
3FF67
3FF51
3FF3D
3FF2A
3FF1A
3FF0C
3FF00
3FEF7
3FEF2
3FEEF
3FEF0
3FEF4
3FEFB
3FF06
3FF13
3FF22
3FF34
3FF47
3FF5C
3FF71
3FF87
3FF9D
3FFB2
3FFC6
3FFD9
3FFE9
3FFF8
00004
0000D
00013
00016
00015
00011
0000B
00001
3FFF4
3FFE5
3FFD4
3FFC1
3FFAD
3FF98
3FF82
3FF6C
3FF57
3FF43
3FF30
3FF1F
3FF10
3FF04
3FEFA
3FEF4
3FEF1
3FEF0
3FEF3
3FEFA
3FF03
3FF0F
3FF1D
3FF2E
3FF40
3FF54
3FF69
3FF7E
3FF94
3FFA9
3FFBD
3FFD0
3FFE1
3FFF0
3FFFC
00006
0000D
00011
00012
0000F
00009
00001
3FFF5
3FFE7
3FFD7
3FFC5
3FFB1
3FF9D
3FF87
3FF72
3FF5D
3FF49
3FF36
3FF24
3FF15
3FF08
3FEFE
3FEF6
3FEF2
3FEF1
3FEF3
3FEF8
3FF00
3FF0B
3FF18
3FF28
3FF3A
3FF4D
3FF61
3FF76
3FF8B
3FFA0
3FFB4
3FFC7
3FFD9
3FFE8
3FFF5
00000
00008
0000C
0000E
0000D
00008
00000
3FFF6
3FFE9
3FFDA
3FFC8
3FFB5
3FFA1
3FF8D
3FF78
3FF63
3FF4E
3FF3B
3FF2A
3FF1A
3FF0C
3FF01
3FEF9
3FEF4
3FEF2
3FEF3
3FEF7
3FEFE
3FF08
3FF14
3FF23
3FF34
3FF46
3FF5A
3FF6E
3FF83
3FF98
3FFAC
3FFBF
3FFD1
3FFE1
3FFEF
3FFFA
00003
00008
0000B
0000A
00007
00000
3FFF7
3FFEB
3FFDC
3FFCC
3FFBA
3FFA6
3FF92
3FF7D
3FF69
3FF54
3FF41
3FF2F
3FF1F
3FF11
3FF05
3FEFC
3FEF6
3FEF3
3FEF3
3FEF6
3FEFC
3FF04
3FF10
3FF1E
3FF2E
3FF40
3FF53
3FF67
3FF7B
3FF90
3FFA4
3FFB7
3FFC9
3FFDA
3FFE8
3FFF4
3FFFD
00004
00008
00008
00006
00000
3FFF8
3FFED
3FFDF
3FFD0
3FFBE
3FFAB
3FF97
3FF83
3FF6E
3FF5A
3FF47
3FF35
3FF24
3FF15
3FF09
3FEFF
3FEF8
3FEF4
3FEF3
3FEF5
3FEFA
3FF02
3FF0C
3FF19
3FF28
3FF39
3FF4C
3FF60
3FF74
3FF88
3FF9C
3FFB0
3FFC2
3FFD3
3FFE2
3FFEE
3FFF9
00000
00005
00006
00005
00000
3FFF9
3FFEF
3FFE2
3FFD3
3FFC2
3FFB0
3FF9D
3FF89
3FF74
3FF60
3FF4D
3FF3A
3FF29
3FF1A
3FF0D
3FF02
3FEFB
3FEF5
3FEF3
3FEF4
3FEF8
3FEFF
3FF09
3FF15
3FF23
3FF34
3FF46
3FF59
3FF6D
3FF81
3FF95
3FFA8
3FFBB
3FFCC
3FFDC
3FFE9
3FFF4
3FFFC
00001
00004
00004
00000
3FFFA
3FFF1
3FFE5
3FFD7
3FFC7
3FFB5
3FFA2
3FF8F
3FF7A
3FF66
3FF53
3FF40
3FF2F
3FF1F
3FF11
3FF06
3FEFD
3FEF7
3FEF4
3FEF4
3FEF7
3FEFD
3FF06
3FF11
3FF1E
3FF2E
3FF3F
3FF52
3FF65
3FF79
3FF8E
3FFA1
3FFB4
3FFC6
3FFD5
3FFE3
3FFEF
3FFF8
3FFFF
00002
00002
00000
3FFFB
3FFF2
3FFE8
3FFDA
3FFCB
3FFBA
3FFA8
3FF94
3FF80
3FF6C
3FF59
3FF46
3FF34
3FF24
3FF16
3FF09
3FF00
3FEF9
3FEF5
3FEF4
3FEF6
3FEFB
3FF03
3FF0D
3FF1A
3FF29
3FF39
3FF4B
3FF5F
3FF72
3FF86
3FF9A
3FFAD
3FFBF
3FFCF
3FFDE
3FFEA
3FFF4
3FFFC
00000
00001
00000
3FFFC
3FFF4
3FFEA
3FFDE
3FFD0
3FFBF
3FFAD
3FF9A
3FF87
3FF73
3FF5F
3FF4C
3FF3A
3FF29
3FF1A
3FF0D
3FF03
3FEFB
3FEF6
3FEF4
3FEF5
3FEF9
3FF00
3FF09
3FF15
3FF24
3FF34
3FF45
3FF58
3FF6C
3FF7F
3FF93
3FFA6
3FFB9
3FFCA
3FFD9
3FFE6
3FFF1
3FFF9
3FFFE
00000
00000
3FFFD
3FFF6
3FFED
3FFE2
3FFD4
3FFC4
3FFB3
3FFA0
3FF8D
3FF79
3FF65
3FF52
3FF3F
3FF2E
3FF1F
3FF11
3FF06
3FEFE
3FEF8
3FEF5
3FEF5
3FEF8
3FEFE
3FF06
3FF11
3FF1F
3FF2E
3FF3F
3FF52
3FF65
3FF79
3FF8C
3FFA0
3FFB2
3FFC4
3FFD4
3FFE1
3FFED
3FFF6
3FFFC
00000
00000
3FFFE
3FFF8
3FFF0
3FFE5
3FFD8
3FFC9
3FFB8
3FFA6
3FF93
3FF7F
3FF6C
3FF58
3FF45
3FF34
3FF24
3FF16
3FF0A
3FF00
3FEF9
3FEF6
3FEF5
3FEF7
3FEFB
3FF03
3FF0D
3FF1A
3FF29
3FF39
3FF4B
3FF5E
3FF72
3FF86
3FF99
3FFAC
3FFBE
3FFCE
3FFDD
3FFE9
3FFF3
3FFFA
3FFFF
00000
3FFFF
3FFFA
3FFF3
3FFE9
3FFDD
3FFCE
3FFBE
3FFAC
3FF99
3FF86
3FF72
3FF5E
3FF4B
3FF39
3FF29
3FF1A
3FF0D
3FF03
3FEFB
3FEF7
3FEF5
3FEF6
3FEF9
3FF00
3FF0A
3FF16
3FF24
3FF34
3FF45
3FF58
3FF6C
3FF7F
3FF93
3FFA6
3FFB8
3FFC9
3FFD8
3FFE5
3FFF0
3FFF8
3FFFE
00000
00000
3FFFC
3FFF6
3FFED
3FFE1
3FFD4
3FFC4
3FFB2
3FFA0
3FF8C
3FF79
3FF65
3FF52
3FF3F
3FF2E
3FF1F
3FF11
3FF06
3FEFE
3FEF8
3FEF5
3FEF5
3FEF8
3FEFE
3FF06
3FF11
3FF1F
3FF2E
3FF3F
3FF52
3FF65
3FF79
3FF8D
3FFA0
3FFB3
3FFC4
3FFD4
3FFE2
3FFED
3FFF6
3FFFD
00000
00000
3FFFE
3FFF9
3FFF1
3FFE6
3FFD9
3FFCA
3FFB9
3FFA6
3FF93
3FF7F
3FF6C
3FF58
3FF45
3FF34
3FF24
3FF15
3FF09
3FF00
3FEF9
3FEF5
3FEF4
3FEF6
3FEFB
3FF03
3FF0D
3FF1A
3FF29
3FF3A
3FF4C
3FF5F
3FF73
3FF87
3FF9A
3FFAD
3FFBF
3FFD0
3FFDE
3FFEA
3FFF4
3FFFC
00000
00001
00000
3FFFC
3FFF4
3FFEA
3FFDE
3FFCF
3FFBF
3FFAD
3FF9A
3FF86
3FF72
3FF5F
3FF4B
3FF39
3FF29
3FF1A
3FF0D
3FF03
3FEFB
3FEF6
3FEF4
3FEF5
3FEF9
3FF00
3FF09
3FF16
3FF24
3FF34
3FF46
3FF59
3FF6C
3FF80
3FF94
3FFA8
3FFBA
3FFCB
3FFDA
3FFE8
3FFF2
3FFFB
00000
00002
00002
3FFFF
3FFF8
3FFEF
3FFE3
3FFD5
3FFC6
3FFB4
3FFA1
3FF8E
3FF79
3FF65
3FF52
3FF3F
3FF2E
3FF1E
3FF11
3FF06
3FEFD
3FEF7
3FEF4
3FEF4
3FEF7
3FEFD
3FF06
3FF11
3FF1F
3FF2F
3FF40
3FF53
3FF66
3FF7A
3FF8F
3FFA2
3FFB5
3FFC7
3FFD7
3FFE5
3FFF1
3FFFA
00000
00004
00004
00001
3FFFC
3FFF4
3FFE9
3FFDC
3FFCC
3FFBB
3FFA8
3FF95
3FF81
3FF6D
3FF59
3FF46
3FF34
3FF23
3FF15
3FF09
3FEFF
3FEF8
3FEF4
3FEF3
3FEF5
3FEFB
3FF02
3FF0D
3FF1A
3FF29
3FF3A
3FF4D
3FF60
3FF74
3FF89
3FF9D
3FFB0
3FFC2
3FFD3
3FFE2
3FFEF
3FFF9
00000
00005
00006
00005
00000
3FFF9
3FFEE
3FFE2
3FFD3
3FFC2
3FFB0
3FF9C
3FF88
3FF74
3FF60
3FF4C
3FF39
3FF28
3FF19
3FF0C
3FF02
3FEFA
3FEF5
3FEF3
3FEF4
3FEF8
3FEFF
3FF09
3FF15
3FF24
3FF35
3FF47
3FF5A
3FF6E
3FF83
3FF97
3FFAB
3FFBE
3FFD0
3FFDF
3FFED
3FFF8
00000
00006
00008
00008
00004
3FFFD
3FFF4
3FFE8
3FFDA
3FFC9
3FFB7
3FFA4
3FF90
3FF7B
3FF67
3FF53
3FF40
3FF2E
3FF1E
3FF10
3FF04
3FEFC
3FEF6
3FEF3
3FEF3
3FEF6
3FEFC
3FF05
3FF11
3FF1F
3FF2F
3FF41
3FF54
3FF69
3FF7D
3FF92
3FFA6
3FFBA
3FFCC
3FFDC
3FFEB
3FFF7
00000
00007
0000A
0000B
00008
00003
3FFFA
3FFEF
3FFE1
3FFD1
3FFBF
3FFAC
3FF98
3FF83
3FF6E
3FF5A
3FF46
3FF34
3FF23
3FF14
3FF08
3FEFE
3FEF7
3FEF3
3FEF2
3FEF4
3FEF9
3FF01
3FF0C
3FF1A
3FF2A
3FF3B
3FF4E
3FF63
3FF78
3FF8D
3FFA1
3FFB5
3FFC8
3FFDA
3FFE9
3FFF6
00000
00008
0000D
0000E
0000C
00008
00000
3FFF5
3FFE8
3FFD9
3FFC7
3FFB4
3FFA0
3FF8B
3FF76
3FF61
3FF4D
3FF3A
3FF28
3FF18
3FF0B
3FF00
3FEF8
3FEF3
3FEF1
3FEF2
3FEF6
3FEFE
3FF08
3FF15
3FF24
3FF36
3FF49
3FF5D
3FF72
3FF87
3FF9D
3FFB1
3FFC5
3FFD7
3FFE7
3FFF5
00001
00009
0000F
00012
00011
0000D
00006
3FFFC
3FFF0
3FFE1
3FFD0
3FFBD
3FFA9
3FF94
3FF7E
3FF69
3FF54
3FF40
3FF2E
3FF1D
3FF0F
3FF03
3FEFA
3FEF3
3FEF0
3FEF1
3FEF4
3FEFA
3FF04
3FF10
3FF1F
3FF30
3FF43
3FF57
3FF6C
3FF82
3FF98
3FFAD
3FFC1
3FFD4
3FFE5
3FFF4
00001
0000B
00011
00015
00016
00013
0000D
00004
3FFF8
3FFE9
3FFD9
3FFC6
3FFB2
3FF9D
3FF87
3FF71
3FF5C
3FF47
3FF34
3FF22
3FF13
3FF06
3FEFB
3FEF4
3FEF0
3FEEF
3FEF2
3FEF7
3FF00
3FF0C
3FF1A
3FF2A
3FF3D
3FF51
3FF67
3FF7D
3FF93
3FFA9
3FFBE
3FFD2
3FFE4
3FFF4
00001
0000C
00014
00019
0001A
00019
00013
0000B
00000
3FFF2
3FFE2
3FFCF
3FFBB
3FFA6
3FF90
3FF7A
3FF63
3FF4E
3FF3A
3FF27
3FF17
3FF09
3FEFD
3FEF5
3FEF0
3FEEE
3FEEF
3FEF4
3FEFC
3FF07
3FF15
3FF25
3FF37
3FF4C
3FF61
3FF77
3FF8E
3FFA4
3FFBA
3FFCF
3FFE2
3FFF3
00002
0000E
00017
0001D
0001F
0001F
0001B
00013
00009
3FFFB
3FFEB
3FFD9
3FFC5
3FFB0
3FF99
3FF83
3FF6C
3FF56
3FF41
3FF2D
3FF1C
3FF0C
3FF00
3FEF6
3FEF0
3FEED
3FEED
3FEF1
3FEF8
3FF02
3FF10
3FF20
3FF32
3FF46
3FF5B
3FF72
3FF89
3FFA0
3FFB7
3FFCC
3FFE1
3FFF3
00003
00010
0001A
00021
00025
00025
00022
0001B
00012
00005
3FFF5
3FFE3
3FFCF
3FFBA
3FFA3
3FF8C
3FF75
3FF5E
3FF48
3FF33
3FF21
3FF10
3FF03
3FEF8
3FEF0
3FEEC
3FEEB
3FEEE
3FEF4
3FEFE
3FF0B
3FF1A
3FF2C
3FF40
3FF56
3FF6D
3FF84
3FF9C
3FFB3
3FFCA
3FFDF
3FFF2
00004
00012
0001D
00026
0002B
0002C
0002A
00024
0001B
0000F
00000
3FFEE
3FFDA
3FFC5
3FFAE
3FF96
3FF7E
3FF67
3FF50
3FF3A
3FF26
3FF15
3FF06
3FEFA
3FEF1
3FEEC
3FEEA
3FEEC
3FEF1
3FEFA
3FF06
3FF15
3FF26
3FF3A
3FF50
3FF67
3FF7F
3FF98
3FFB0
3FFC8
3FFDE
3FFF2
00005
00014
00021
0002B
00031
00033
00032
0002E
00026
0001A
0000B
3FFFA
3FFE6
3FFD0
3FFB9
3FFA1
3FF88
3FF70
3FF58
3FF41
3FF2C
3FF1A
3FF09
3FEFC
3FEF2
3FEEB
3FEE8
3FEE9
3FEED
3FEF5
3FF01
3FF0F
3FF21
3FF34
3FF4A
3FF62
3FF7B
3FF94
3FFAD
3FFC5
3FFDD
3FFF2
00006
00017
00025
00030
00038
0003B
0003B
00038
00030
00026
00017
00006
3FFF3
3FFDD
3FFC5
3FFAD
3FF93
3FF7A
3FF61
3FF49
3FF33
3FF1F
3FF0D
3FEFE
3FEF3
3FEEB
3FEE7
3FEE6
3FEEA
3FEF1
3FEFC
3FF0A
3FF1B
3FF2F
3FF45
3FF5D
3FF76
3FF90
3FFAA
3FFC3
3FFDC
3FFF3
00008
0001A
0002A
00036
0003F
00044
00045
00043
0003C
00032
00024
00014
00000
3FFEA
3FFD2
3FFB9
3FF9F
3FF85
3FF6B
3FF52
3FF3A
3FF25
3FF11
3FF01
3FEF4
3FEEB
3FEE6
3FEE4
3FEE6
3FEEC
3FEF6
3FF04
3FF15
3FF29
3FF3F
3FF57
3FF71
3FF8B
3FFA6
3FFC1
3FFDB
3FFF3
0000A
0001E
0002F
0003D
00047
0004E
00050
0004F
00049
00040
00032
00022
0000E
3FFF8
3FFE0
3FFC6
3FFAB
3FF90
3FF75
3FF5B
3FF42
3FF2B
3FF16
3FF05
3FEF6
3FEEB
3FEE4
3FEE2
3FEE3
3FEE8
3FEF1
3FEFE
3FF0F
3FF23
3FF39
3FF52
3FF6C
3FF87
3FFA3
3FFBF
3FFDB
3FFF5
0000D
00022
00035
00044
00050
00058
0005C
0005C
00057
0004E
00042
00032
0001E
00008
3FFEF
3FFD5
3FFB9
3FF9D
3FF81
3FF65
3FF4A
3FF32
3FF1C
3FF08
3FEF8
3FEEC
3FEE3
3FEDF
3FEDF
3FEE3
3FEEC
3FEF8
3FF09
3FF1C
3FF33
3FF4C
3FF67
3FF83
3FFA1
3FFBE
3FFDB
3FFF6
00010
00027
0003C
0004D
0005A
00064
00069
0006A
00066
0005F
00053
00043
00030
00019
00000
3FFE5
3FFC8
3FFAB
3FF8D
3FF70
3FF54
3FF3A
3FF22
3FF0C
3FEFB
3FEED
3FEE3
3FEDD
3FEDC
3FEDF
3FEE6
3FEF2
3FF02
3FF16
3FF2D
3FF46
3FF62
3FF80
3FF9E
3FFBD
3FFDB
3FFF8
00014
0002D
00043
00056
00066
00071
00078
0007A
00077
00071
00065
00056
00043
0002C
00012
3FFF6
3FFD9
3FFBA
3FF9B
3FF7C
3FF5E
3FF42
3FF28
3FF11
3FEFD
3FEED
3FEE2
3FEDA
3FED8
3FEDA
3FEE1
3FEEC
3FEFC
3FF0F
3FF26
3FF40
3FF5D
3FF7C
3FF9B
3FFBC
3FFDC
3FFFB
00018
00034
0004C
00061
00073
00080
00088
0008C
0008B
00085
0007A
0006B
00058
00041
00027
0000A
3FFEB
3FFCB
3FFAA
3FF8A
3FF6A
3FF4C
3FF30
3FF16
3FF01
3FEEF
3FEE1
3FED8
3FED4
3FED5
3FEDA
3FEE5
3FEF4
3FF08
3FF1F
3FF3A
3FF58
3FF78
3FF99
3FFBB
3FFDD
3FFFE
0001E
0003C
00057
0006E
00081
00090
0009B
000A0
000A0
0009C
00092
00083
00070
00059
0003E
00020
00000
3FFDE
3FFBC
3FF99
3FF77
3FF56
3FF38
3FF1C
3FF04
3FEF0
3FEE0
3FED5
3FED0
3FECF
3FED4
3FEDE
3FEED
3FF00
3FF18
3FF34
3FF52
3FF74
3FF97
3FFBB
3FFDF
00003
00025
00045
00063
0007D
00093
000A4
000B0
000B7
000B9
000B6
000AD
0009E
0008B
00074
00058
00039
00018
3FFF4
3FFCF
3FFAA
3FF86
3FF63
3FF41
3FF23
3FF08
3FEF2
3FEE0
3FED3
3FECB
3FEC9
3FECC
3FED6
3FEE4
3FEF8
3FF10
3FF2D
3FF4D
3FF70
3FF95
3FFBB
3FFE2
00009
0002E
00051
00071
0008E
000A7
000BB
000C9
000D3
000D6
000D4
000CC
000BE
000AB
00093
00076
00056
00033
0000D
3FFE6
3FFBE
3FF97
3FF70
3FF4C
3FF2B
3FF0D
3FEF3
3FEDF
3FECF
3FEC6
3FEC2
3FEC4
3FECC
3FEDB
3FEEE
3FF07
3FF25
3FF47
3FF6C
3FF93
3FFBC
3FFE6
00010
00038
0005F
00083
000A3
000BF
000D6
000E7
000F3
000F8
000F7
000F0
000E3
000CF
000B7
00099
00077
00052
0002A
00000
3FFD5
3FFAA
3FF81
3FF59
3FF34
3FF12
3FEF5
3FEDE
3FECB
3FEBF
3FEBA
3FEBA
3FEC2
3FED0
3FEE4
3FEFD
3FF1C
3FF40
3FF67
3FF91
3FFBE
3FFEB
00019
00045
00070
00098
000BC
000DC
000F6
0010B
00119
00121
00121
0011B
0010F
000FB
000E2
000C3
0009F
00077
0004C
0001F
3FFF0
3FFC2
3FF94
3FF67
3FF3E
3FF19
3FEF8
3FEDC
3FEC7
3FEB8
3FEB0
3FEAF
3FEB5
3FEC2
3FED7
3FEF1
3FF12
3FF38
3FF62
3FF90
3FFC0
3FFF2
00024
00055
00085
000B2
000DB
000FF
0011D
00136
00147
00152
00155
00150
00144
00130
00116
000F6
000CF
000A5
00076
00044
00011
3FFDD
3FFAA
3FF79
3FF4A
3FF20
3FEFA
3FEDA
3FEC0
3FEAE
3FEA3
3FEA0
3FEA5
3FEB2
3FEC7
3FEE3
3FF05
3FF2E
3FF5C
3FF8E
3FFC3
3FFFA
00032
00069
0009F
000D2
00101
0012A
0014E
0016B
00181
0018F
00194
00191
00186
00172
00157
00134
0010B
000DD
000AA
00073
0003A
00000
3FFC6
3FF8E
3FF59
3FF28
3FEFC
3FED6
3FEB8
3FEA1
3FE93
3FE8D
3FE90
3FE9D
3FEB2
3FECF
3FEF4
3FF21
3FF53
3FF8A
3FFC6
00004
00043
00082
000BF
000FA
00131
00162
0018C
001B0
001CB
001DD
001E6
001E5
001DB
001C7
001AA
00185
00158
00125
000EC
000AE
0006E
0002C
3FFEA
3FFA9
3FF6C
3FF32
3FEFE
3FED1
3FEAB
3FE8F
3FE7B
3FE72
3FE73
3FE7F
3FE94
3FEB4
3FEDC
3FF0D
3FF45
3FF84
3FFC7
0000E
00057
000A0
000E8
0012E
0016F
001AA
001DE
0020A
0022C
00244
00252
00255
0024C
00238
0021A
001F2
001C0
00186
00145
000FF
000B4
00067
0001A
3FFCD
3FF83
3FF3E
3FEFF
3FEC7
3FE98
3FE73
3FE59
3FE4A
3FE47
3FE51
3FE67
3FE89
3FEB5
3FEED
3FF2D
3FF75
3FFC4
00018
0006E
000C6
0011D
00171
001C1
0020B
0024C
00285
002B2
002D4
002E9
002F1
002EC
002D9
002B9
0028C
00254
00212
001C6
00173
0011A
000BD
0005E
00000
3FFA4
3FF4D
3FEFC
3FEB4
3FE76
3FE43
3FE1D
3FE06
3FDFC
3FE02
3FE17
3FE3B
3FE6D
3FEAD
3FEF8
3FF4F
3FFAE
00015
00080
000EE
0015C
001C9
00231
00292
002EB
00338
00379
003AC
003CF
003E2
003E4
003D5
003B5
00384
00343
002F4
00298
00230
001C0
0014A
000CF
00052
3FFD7
3FF60
3FEF0
3FE89
3FE2D
3FDDF
3FDA2
3FD75
3FD5B
3FD55
3FD64
3FD86
3FDBC
3FE06
3FE61
3FECD
3FF47
3FFCE
0005E
000F5
0018F
0022A
002C3
00355
003DF
0045C
004CB
00528
00571
005A5
005C1
005C4
005AF
00581
00539
004DA
00464
003D9
0033B
0028E
001D3
0010F
00044
3FF77
3FEAC
3FDE6
3FD2A
3FC7B
3FBDD
3FB53
3FAE2
3FA8C
3FA54
3FA3C
3FA47
3FA76
3FACA
3FB47
3FBEB
3FCBA
3FDB3
3FEDA
00031
001BD
00385
00594
007FC
00ADE
00E6D
0130F
01991
023E6
03854
07D63
2F7D3
34E83
3F575
3ABE7
35B58
0D2B3
07D01
36D18
3A67C
364CF
01D9F
332F9
06BFD
0509B
3EE0C
08B07
06C0B
04A8E
019CA
05652
08E3A
3F832
01004
02F61
3B799
3FF0D
07818
064DB
084F8
2E94C
00586
3E937
007D3
080F3
015D4
2A997
033A7
08707
046E9
027E6
3A928
368AA
38FE3
32F5A
04E27
3452B
3DCE8
04C8B
0218F
096DE
0609F
350AB
39C92
0E659
0A1F4
3E2B2
0859C
01E5E
351C1
3D994
0E951
32EC1
02C03
3F9ED
01EEA
363AC
39880
3F618
38A07
042F9
38BCE
3A801
3F157
035BB
03BD7
0704C
18120
10D20
3A2B6
387FD
3C9FF
3A4B3
3EF7B
347F8
2F6D3
39FE1
051A6
3A2FB
03380
331D2
07E27
06D3A
0323B
0190A
001F1
3252C
04347
06F23
398FF
3B697
37F91
040F3
07CC4
3A46F
145BC
38E60
0D251
10539
03F51
3D8D2
336AF
0655C
09B6F
2E54E
3D9CB
10837
3449A
002BB
38656
0487A
3CDAE
3B1A2
03BDC
1195D
385A8
056E2
048CA
0BFEB
3C671
39D9E
330A1
0C36B
0379B
3FE94
36551
0ABFA
2EEAC
079E0
3158F
3CFC8
28708
3E787
0444A
2BF36
06071
074F4
3035C
0EE13
029A4
3EA30
055A2
0D66C
0469F
3C5E9
3494A
3C888
0948C
33433
032FD
37984
3D77D
3D12E
3FB3C
08983
0C849
133F8
018F0
2CE46
00571
344B9
37EA8
0F62A
00F22
3B156
34BE1
36885
07769
0508E
054F6
06C16
03F83
03F33
06E74
05CBE
02505
0764F
35E29
39E3F
0D4DF
355CB
3F350
3E1E6
3F52D
355A1
07436
128B5
37C71
02A64
0BA5E
3113F
0DAB4
3FB19
00B56
3936C
3BE92
3D07E
39EC5
3E5B1
377D4
3B223
00605
3DB01
01E2C
074BC
01327
04AD2
3BF26
2F4FB
3D167
085EC
023D4
3E889
009B0
2FC09
0627C
3CF75
074CD
090CB
046A4
35C28
3F1EA
08C39
3F711
10AC1
2B52E
3DEC3
3030D
3A748
01AF6
3979C
3C4BE
0A49C
3DAEA
02369
0585E
00336
07727
3A5CD
0D267
06FBE
3F6BA
03966
3709A
3DBBA
32FAF
39596
00DF7
0170E
1FAF8
3FFE2
3F4A3
38CDB
3B02D
00653
08BD0
29A12
014CE
06B1A
027B2
003D3
011C7
0684D
3F8FA
01F1A
389AD
3CD2D
0B7A9
3A3BA
39AF7
04E0C
032DB
06B51
00BA5
06DB5
2EE89
04290
3196B
073F4
38217
02F7E
0172A
3C23D
0B35A
3A65A
3B361
084A8
3ED82
3A84F
077E6
391D8
377E0
3F8CC
0B63D
3E65A
367E6
0176D
0894E
068BF
39406
3B06B
0E1EE
03D20
0A2E1
3441F
38DBB
03BA7
30AF4
0457D
15B92
39FA9
3BF71
341F1
39F98
38BBE
3EFC0
0363F
3ED32
0400B
04500
3CF3B
39F23
0292A
3F35E
08281
3FBCB
3E188
04142
2D46E
35E19
01C2D
03B9C
3AA7F
02E00
32E74
0248D
03ECE
05FCD
3D672
0AA9C
08BE0
3B1C2
03F64
04DE9
0277F
39816
00584
028E1
06909
39EC5
04961
0468C
3A665
0ADCE
03EC3
00D1A
32D1B
3B09C
3FB56
01C23
3F0F8
07969
0C374
07D77
06504
3FA81
3A38C
02106
33571
0590E
36ECE
05E77
329D9
35F3C
0ABD2
03E2E
3DB11
0C36F
05D54
38EC8
363FA
3954B
3A1B1
064C2
04DCE
0B950
34010
3C8CB
38113
3E647
332C9
39C57
02A99
04782
3D3C2
02974
3D47A
316A6
3A6C6
088A7
004E3
01C73
3B786
07CC9
05651
3A8EF
0AACC
3E4C5
36758
0AC04
3CDC6
397EC
009AE
112DF
3FED4
013F8
05CDA
3DC90
05880
3CBBF
06346
0260F
2F8C9
039F6
355B9
3FAA4
3B0FD
063AE
38270
00D7E
04065
00EB9
01FF0
0988B
3C23E
3D47A
3D4B2
39909
36157
3C6C6
09258
0ED3D
09244
03E21
32E88
027FD
3FFAC
0943D
04C1B
023E6
05994
3FC9F
0824D
3A184
350F6
00720
03C68
33A06
0CA7A
3FAB9
3DD93
3BE91
36D70
375A7
3F93C
01FDD
00B20
0CD0E
373C8
3977D
052D5
0291D
07ED4
0BEC5
36D15
0E86C
00E23
38F7F
3E8A8
01084
052FD
3E7C3
3EACA
3635B
37D14
365D0
0B2E2
398F4
38DBD
265BB
3EC2D
3339A
377F6
3AB80
33C18
06029
11B6F
06A39
3C133
3931C
3ABB4
3D8C4
3A406
3933A
3B966
055BB
0410D
3CA00
3F54D
3A065
25908
3AB7F
3CEE3
0D49E
02BF4
2F871
3532E
00987
357D1
3AFE3
040D7
3DC0D
0756E
05481
32E91
128A9
3FC9B
3B4A8
3B300
2E23E
342A0
03324
34011
06685
37441
3B2F6
39DBD
38AB1
2E6DD
3E806
03EBC
07354
3D04A
3EA15
3FF8B
07E0C
39D07
3A5B5
00735
04285
08A1B
3C34A
3B334
2D995
36CA2
03F8E
38205
3B46E
3F168
3E783
02B73
3CD6A
3E15D
3D7A5
07331
0288E
04D3E
3761C
3D217
08584
0DDBC
063E0
0525F
3A13E
328D8
01763
0653F
0B241
34DDB
0414A
00B4F
3CFC1
3A247
36953
003C6
08110
09562
3C63C
3E8EA
04DB1
3EE1C
057FD
361E8
04F26
3D640
344B3
386E8
09660
0964B
3EB37
02709
0D60D
39591
0634B
3C8D0
34A20
10AF9
34C74
01319
3B943
00D43
08FD6
03930
38F41
33504
0BB8C
074DB
35D07
06E3B
3711B
3A6D2
041FC
0D068
01C39
3CF14
08589
06488
0A015
37D71
05373
39908
01120
2DD68
0E95B
05222
2EFA7
10007
03C52
30C3E
02907
3CDE1
0180E
034C7
3AA95
39473
39DCF
38360
25005
01590
042C5
39563
07F30
3F47A
01BE9
02347
0152A
36B0C
04F6F
38FD1
3DB15
081D5
06B0A
07568
3508C
0997C
10E01
3AEB4
3C6F8
00FDE
37E12
09937
35974
0B4FC
06307
00A93
077D9
3BA93
333C3
0437E
02296
3BFB8
35BCC
39E7B
0418A
3BCFC
0C671
39176
387F7
32DC1
3C35A
0F34E
3E47D
37E8E
04CC3
37CBA
3BEBE
38A8A
0C37E
0388B
3492E
00A08
0971A
0AA41
04E13
14F8B
001B6
3300E
34D1E
06F60
03E6B
31222
0EE6E
3E670
05976
04AAD
04A6E
0449E
00D4A
0CB24
059BE
03EDD
2B720
3D953
038E7
3C2BE
3F73A
03607
08228
37C76
3DD2F
042A7
02787
022F7
30E3F
3C5FB
0014A
2F1E7
0171A
025BA
10691
036A9
33A67
3CEFE
028FB
36DBA
3FFF4
0DA06
3EE95
3CF3D
38F9A
00A43
3685B
0E19F
3A161
0473B
2FAFB
387FF
3E69D
3B5F9
235C3
06D59
3A524
3B0D7
15AA4
2F354
02EF1
10B4C
27E8A
3BD0A
0345C
05EFB
03351
01BFE
0E7BC
1034C
3AF18
3F624
0C14A
129BC
31828
3A2B9
3AB5E
0B3BA
3B41A
02A73
39B5F
10297
00EDD
029D6
0984B
2F4AB
3ACFB
00C8E
39EFA
10F45
06AE2
3A789
397E1
3F39B
00AC8
3AEFB
09F00
010E8
10080
3AD85
384CE
39EA4
09A04
0472B
02382
3CB21
3F6A0
3C354
05AE6
32D15
3F1B2
0696C
378EC
3ABAF
36C52
0A2B2
034DE
0B9E5
36692
3A2E6
31F8C
05275
35A13
07304
3D5DD
29867
0081A
348A7
3F6F9
07C34
01D2A
0AB11
04E3D
3AA2A
03A2D
003C5
03D76
00971
29A07
0CBF1
0330B
3A752
0A79F
3CDB1
068FF
2DFFD
054DE
0C334
38F57
344FD
06984
3CACE
083FA
12AD0
002E1
0305B
3B03E
38CAE
31D78
05860
0DE3B
0162C
3BBF7
085B8
07E0C
3C145
018B4
32596
34175
0AC17
01AE0
3A67F
33D18
36DAD
3D4D5
05E24
0AE4D
0DA11
3464F
0BBBE
2E777
3F8E1
30D88
14BC4
39BF5
051FC
35B37
0277C
006C5
0E7E1
37D57
38F85
1332E
00361
3AF89
3E4C4
0DAC5
35FAC
07AF0
06717
07C3F
3B3B6
3E557
3C6AD
3A24F
048AF
30F86
017CD
3B82B
049EB
37E0F
04C8B
037BC
0259C
3B129
3015D
36A5E
3A6F9
3A114
06C80
008FC
07AE2
3DCE7
07F55
05559
3B736
045FF
07BD0
3D535
38B5E
0D83E
0BD24
3A79F
0C7AD
3FED9
30860
34295
3BB0E
38983
0334C
03ECE
30D3C
3F8B6
043FA
3DB35
04802
02FA6
3AFCF
33C40
336BE
3DD36
0D976
13D04
00C3E
38D91
09B51
01AEC
09B90
036C0
2F2CD
073F5
3D4F9
3E016
04047
31B42
3185B
37D65
093C6
0D9E1
00AC7
053C9
0767F
078BE
0588E
3DB11
3A309
38F15
07F7B
3741A
3A864
376EA
21C1B
3E9E5
0B86F
086C1
000F1
0615D
3F9D5
07436
3BE1B
3D5D7
0C9F1
0A76F
02941
32E14
3B82C
3972C
08212
3E46E
087AA
33D96
3B1A6
0401C
36FF1
3E654
052DD
0240F
01633
0321C
02363
0A4EA
09496
2F06D
3E34F
07339
02703
00F22
3B403
2F2EF
3FC42
07707
2ED4F
09C57
374D4
36B02
37407
34440
01642
03C64
02A2D
0783C
3B753
0EA18
3F46F
00FB7
014E6
0161F
015F0
01515
013D8
0125C
010B8
00EFA
00D2F
00B61
00996
007D8
0062D
0049A
00326
001D5
000AA
3FFA8
3FED3
3FE2A
3FDB0
3FD62
3FD41
3FD4A
3FD7B
3FDD0
3FE46
3FED9
3FF83
00041
0010C
001E0
002B8
0038D
0045C
00520
005D5
00676
00701
00772
007C9
00803
0081F
0081E
00800
007C6
00772
00706
00684
005F0
0054D
0049F
003E9
0032F
00276
001C1
00114
00072
3FFDF
3FF5C
3FEED
3FE93
3FE50
3FE24
3FE10
3FE14
3FE2E
3FE5F
3FEA4
3FEFB
3FF62
3FFD7
00055
000DB
00165
001F0
00279
002FC
00377
003E7
00449
0049C
004DE
0050E
0052A
00532
00527
00508
004D7
00495
00443
003E3
00377
00303
00288
00209
0018A
0010B
00091
0001E
3FFB5
3FF56
3FF05
3FEC2
3FE8F
3FE6D
3FE5D
3FE5D
3FE6F
3FE90
3FEC1
3FF01
3FF4C
3FFA2
00000
00064
000CD
00136
0019F
00204
00264
002BB
0030A
0034D
00383
003AB
003C5
003CF
003CB
003B7
00395
00365
00329
002E1
00290
00237
001D9
00177
00114
000B1
00051
3FFF6
3FFA1
3FF56
3FF14
3FEDD
3FEB3
3FE96
3FE86
3FE85
3FE90
3FEAA
3FECF
3FF00
3FF3B
3FF7F
3FFCB
0001B
00070
000C5
0011B
0016E
001BD
00206
00248
00281
002B0
002D3
002EB
002F6
002F6
002E8
002CF
002AA
0027B
00242
00201
001B9
0016C
0011C
000CA
00079
00029
3FFDD
3FF96
3FF56
3FF1D
3FEEE
3FECA
3FEB0
3FEA1
3FE9D
3FEA6
3FEB9
3FED7
3FEFE
3FF2F
3FF67
3FFA5
3FFE9
0002F
00078
000C0
00107
0014B
0018A
001C4
001F5
0021F
0023F
00256
00262
00263
0025A
00247
00229
00203
001D4
0019E
00162
00122
000DE
00098
00052
0000E
3FFCC
3FF8E
3FF56
3FF25
3FEFB
3FEDA
3FEC2
3FEB3
3FEAF
3FEB4
3FEC3
3FEDB
3FEFC
3FF24
3FF54
3FF89
3FFC3
00000
0003F
0007E
000BC
000F8
00130
00162
0018F
001B5
001D3
001E8
001F5
001F8
001F2
001E3
001CB
001AB
00184
00156
00122
000EB
000B0
00073
00036
3FFFA
3FFC0
3FF89
3FF57
3FF2A
3FF04
3FEE6
3FECF
3FEC1
3FEBB
3FEBE
3FECA
3FEDE
3FEF9
3FF1C
3FF45
3FF73
3FFA6
3FFDB
00013
0004B
00082
000B7
000EA
00118
00141
00164
00180
00194
001A1
001A6
001A2
00196
00183
00168
00146
0011E
000F2
000C1
0008D
00057
00021
3FFEB
3FFB7
3FF85
3FF58
3FF2F
3FF0C
3FEEF
3FEDA
3FECC
3FEC5
3FEC6
3FECF
3FEE0
3FEF7
3FF15
3FF39
3FF62
3FF8E
3FFBE
3FFEF
00022
00054
00084
000B2
000DC
00102
00123
0013E
00152
0015F
00164
00163
0015A
00149
00133
00116
000F3
000CB
000A0
00072
00042
00011
3FFE0
3FFB0
3FF83
3FF59
3FF33
3FF13
3FEF7
3FEE3
3FED4
3FECD
3FECD
3FED4
3FEE1
3FEF5
3FF0F
3FF2F
3FF53
3FF7B
3FFA6
3FFD2
00000
0002E
0005A
00085
000AC
000CF
000EE
00108
0011B
00129
0012F
0012F
00129
0011B
00108
000EE
000D0
000AD
00086
0005C
00031
00004
3FFD7
3FFAC
3FF82
3FF5B
3FF37
3FF18
3FEFE
3FEEA
3FEDC
3FED4
3FED2
3FED7
3FEE2
3FEF3
3FF0A
3FF26
3FF46
3FF6A
3FF91
3FFBA
3FFE4
0000E
00037
0005F
00084
000A5
000C3
000DB
000EE
000FC
00103
00105
00100
000F5
000E4
000CE
000B3
00094
00071
0004B
00023
3FFFA
3FFD1
3FFA8
3FF81
3FF5D
3FF3B
3FF1E
3FF05
3FEF1
3FEE2
3FEDA
3FED7
3FEDA
3FEE3
3FEF2
3FF06
3FF1F
3FF3C
3FF5C
3FF80
3FFA5
3FFCC
3FFF3
0001A
0003F
00061
00081
0009E
000B5
000C8
000D6
000DF
000E1
000DE
000D5
000C7
000B3
0009B
0007F
0005F
0003D
00018
3FFF2
3FFCC
3FFA6
3FF81
3FF5F
3FF3F
3FF23
3FF0A
3FEF7
3FEE8
3FEDF
3FEDB
3FEDD
3FEE4
3FEF1
3FF02
3FF18
3FF33
3FF50
3FF71
3FF94
3FFB7
3FFDC
00000
00023
00044
00063
0007E
00095
000A8
000B6
000BF
000C3
000C1
000BA
000AE
0009D
00087
0006E
00051
00031
0000F
3FFEC
3FFC8
3FFA4
3FF82
3FF61
3FF43
3FF27
3FF10
3FEFC
3FEED
3FEE4
3FEDF
3FEDF
3FEE5
3FEF0
3FEFF
3FF13
3FF2B
3FF46
3FF64
3FF84
3FFA5
3FFC8
3FFEA
0000B
0002B
00048
00062
00079
0008C
0009A
000A4
000A8
000A8
000A3
00098
0008A
00076
0005F
00045
00027
00008
3FFE7
3FFC5
3FFA4
3FF83
3FF63
3FF46
3FF2C
3FF15
3FF01
3FEF2
3FEE8
3FEE2
3FEE2
3FEE6
3FEEF
3FEFC
3FF0E
3FF24
3FF3D
3FF58
3FF76
3FF96
3FFB6
3FFD6
3FFF6
00014
00030
0004A
00060
00073
00082
0008C
00092
00092
0008F
00086
00079
00068
00053
0003A
0001F
00002
3FFE3
3FFC3
3FFA3
3FF84
3FF66
3FF4A
3FF30
3FF19
3FF06
3FEF7
3FEEC
3FEE6
3FEE4
3FEE7
3FEEE
3FEFA
3FF0A
3FF1D
3FF34
3FF4E
3FF6A
3FF88
3FFA6
3FFC5
3FFE3
00000
0001B
00034
0004B
0005D
0006C
00077
0007D
0007F
0007D
00076
0006A
0005B
00048
00032
00018
3FFFD
3FFE0
3FFC2
3FFA4
3FF86
3FF69
3FF4E
3FF34
3FF1E
3FF0B
3FEFC
3FEF0
3FEE9
3FEE6
3FEE8
3FEEE
3FEF8
3FF06
3FF18
3FF2D
3FF45
3FF5F
3FF7B
3FF98
3FFB5
3FFD2
3FFEE
00009
00021
00037
0004A
00059
00064
0006C
0006F
0006D
00068
0005E
00050
0003F
0002A
00013
3FFF9
3FFDE
3FFC1
3FFA5
3FF88
3FF6C
3FF51
3FF39
3FF23
3FF10
3FF00
3FEF4
3FEEC
3FEE8
3FEE9
3FEED
3FEF6
3FF03
3FF13
3FF26
3FF3D
3FF55
3FF6F
3FF8B
3FFA7
3FFC3
3FFDE
3FFF8
00010
00025
00038
00048
00054
0005C
0005F
0005F
0005B
00053
00046
00037
00024
0000E
3FFF6
3FFDC
3FFC1
3FFA6
3FF8A
3FF6F
3FF55
3FF3D
3FF27
3FF14
3FF04
3FEF8
3FEEF
3FEEB
3FEEA
3FEED
3FEF5
3FF00
3FF0F
3FF21
3FF35
3FF4C
3FF65
3FF7F
3FF9A
3FFB5
3FFCF
3FFE8
00000
00015
00028
00038
00044
0004D
00052
00053
00050
00049
0003E
00030
0001E
0000A
3FFF4
3FFDB
3FFC2
3FFA7
3FF8C
3FF72
3FF59
3FF41
3FF2C
3FF19
3FF09
3FEFC
3FEF2
3FEED
3FEEB
3FEEE
3FEF4
3FEFD
3FF0B
3FF1B
3FF2E
3FF44
3FF5C
3FF74
3FF8E
3FFA8
3FFC2
3FFDA
3FFF2
00007
0001A
0002A
00037
00040
00046
00048
00046
00040
00036
0002A
0001A
00007
3FFF2
3FFDB
3FFC2
3FFA9
3FF8F
3FF76
3FF5D
3FF46
3FF30
3FF1D
3FF0D
3FF00
3FEF6
3FEEF
3FEED
3FEEE
3FEF3
3FEFB
3FF07
3FF16
3FF28
3FF3D
3FF53
3FF6B
3FF83
3FF9C
3FFB5
3FFCD
3FFE4
3FFF9
0000C
0001D
0002A
00034
0003A
0003D
0003C
00038
00030
00024
00016
00004
3FFF0
3FFDA
3FFC3
3FFAB
3FF92
3FF79
3FF61
3FF4A
3FF35
3FF22
3FF11
3FF03
3FEF9
3FEF2
3FEEE
3FEEE
3FEF2
3FEF9
3FF04
3FF12
3FF23
3FF36
3FF4B
3FF62
3FF79
3FF91
3FFAA
3FFC1
3FFD8
3FFED
00000
00011
0001E
00029
00030
00034
00034
00031
0002A
00020
00012
00002
3FFEF
3FFDB
3FFC4
3FFAD
3FF95
3FF7D
3FF65
3FF4E
3FF39
3FF26
3FF15
3FF07
3FEFC
3FEF4
3FEF0
3FEEF
3FEF2
3FEF8
3FF01
3FF0E
3FF1E
3FF2F
3FF43
3FF59
3FF70
3FF87
3FF9F
3FFB6
3FFCD
3FFE1
3FFF5
00005
00013
0001F
00027
0002B
0002C
0002A
00024
0001B
0000F
00000
3FFEF
3FFDB
3FFC6
3FFAF
3FF98
3FF80
3FF69
3FF53
3FF3E
3FF2B
3FF1A
3FF0B
3FEFF
3FEF7
3FEF2
3FEF0
3FEF2
3FEF7
3FEFF
3FF0A
3FF19
3FF2A
3FF3D
3FF51
3FF67
3FF7E
3FF95
3FFAC
3FFC2
3FFD7
3FFEA
3FFFB
00009
00015
0001E
00023
00025
00024
0001F
00018
0000C
3FFFF
3FFEE
3FFDC
3FFC7
3FFB2
3FF9B
3FF84
3FF6D
3FF57
3FF42
3FF2F
3FF1E
3FF0F
3FF03
3FEFA
3FEF4
3FEF1
3FEF2
3FEF6
3FEFD
3FF07
3FF14
3FF24
3FF36
3FF4A
3FF5F
3FF75
3FF8C
3FFA2
3FFB8
3FFCD
3FFE0
3FFF1
00000
0000C
00016
0001C
0001F
0001F
0001B
00014
0000A
3FFFD
3FFEE
3FFDC
3FFC9
3FFB4
3FF9E
3FF88
3FF72
3FF5C
3FF47
3FF34
3FF22
3FF13
3FF06
3FEFC
3FEF6
3FEF2
3FEF2
3FEF5
3FEFB
3FF04
3FF10
3FF1F
3FF30
3FF43
3FF58
3FF6D
3FF83
3FF99
3FFAE
3FFC3
3FFD6
3FFE8
3FFF7
00004
0000E
00015
00019
0001A
00017
00011
00008
3FFFD
3FFEE
3FFDE
3FFCB
3FFB7
3FFA2
3FF8C
3FF76
3FF61
3FF4C
3FF38
3FF27
3FF17
3FF0A
3FEFF
3FEF8
3FEF3
3FEF2
3FEF4
3FEF9
3FF02
3FF0D
3FF1B
3FF2B
3FF3D
3FF50
3FF65
3FF7A
3FF90
3FFA5
3FFBA
3FFCD
3FFDF
3FFEF
3FFFC
00007
0000F
00013
00015
00013
0000F
00007
3FFFC
3FFEF
3FFDF
3FFCD
3FFBA
3FFA5
3FF90
3FF7B
3FF65
3FF51
3FF3D
3FF2B
3FF1B
3FF0E
3FF02
3FEFA
3FEF5
3FEF3
3FEF4
3FEF8
3FEFF
3FF0A
3FF16
3FF26
3FF37
3FF4A
3FF5E
3FF73
3FF88
3FF9D
3FFB1
3FFC5
3FFD7
3FFE7
3FFF5
00000
00009
0000E
00011
00010
0000C
00005
3FFFC
3FFEF
3FFE0
3FFCF
3FFBD
3FFA9
3FF94
3FF7F
3FF6A
3FF56
3FF42
3FF30
3FF20
3FF11
3FF06
3FEFD
3FEF7
3FEF4
3FEF4
3FEF7
3FEFD
3FF07
3FF12
3FF21
3FF31
3FF43
3FF57
3FF6B
3FF80
3FF95
3FFA9
3FFBD
3FFCF
3FFDF
3FFEE
3FFFA
00003
00009
0000C
0000D
0000A
00004
3FFFB
3FFF0
3FFE2
3FFD2
3FFC0
3FFAD
3FF98
3FF84
3FF6F
3FF5B
3FF47
3FF35
3FF24
3FF15
3FF09
3FEFF
3FEF9
3FEF5
3FEF4
3FEF6
3FEFC
3FF04
3FF0F
3FF1C
3FF2C
3FF3D
3FF50
3FF64
3FF78
3FF8D
3FFA1
3FFB5
3FFC7
3FFD8
3FFE7
3FFF3
3FFFD
00004
00009
0000A
00008
00003
3FFFB
3FFF1
3FFE4
3FFD4
3FFC3
3FFB1
3FF9D
3FF88
3FF74
3FF60
3FF4C
3FF39
3FF28
3FF19
3FF0C
3FF02
3FEFB
3FEF6
3FEF4
3FEF6
3FEFA
3FF01
3FF0B
3FF18
3FF27
3FF37
3FF4A
3FF5D
3FF71
3FF86
3FF9A
3FFAE
3FFC0
3FFD1
3FFE0
3FFED
3FFF8
00000
00005
00007
00006
00002
3FFFB
3FFF2
3FFE5
3FFD7
3FFC7
3FFB5
3FFA1
3FF8D
3FF79
3FF65
3FF51
3FF3E
3FF2D
3FF1E
3FF10
3FF05
3FEFD
3FEF7
3FEF5
3FEF5
3FEF9
3FEFF
3FF08
3FF14
3FF22
3FF32
3FF44
3FF57
3FF6A
3FF7F
3FF93
3FFA6
3FFB9
3FFCB
3FFDA
3FFE8
3FFF3
3FFFC
00002
00005
00005
00001
3FFFC
3FFF3
3FFE7
3FFDA
3FFCA
3FFB9
3FFA6
3FF92
3FF7E
3FF6A
3FF56
3FF43
3FF32
3FF22
3FF14
3FF08
3FEFF
3FEF9
3FEF5
3FEF5
3FEF8
3FEFD
3FF05
3FF10
3FF1D
3FF2D
3FF3E
3FF50
3FF64
3FF78
3FF8C
3FF9F
3FFB2
3FFC4
3FFD4
3FFE2
3FFEE
3FFF8
3FFFE
00002
00003
00001
3FFFC
3FFF4
3FFEA
3FFDD
3FFCE
3FFBD
3FFAA
3FF97
3FF83
3FF6F
3FF5C
3FF49
3FF37
3FF26
3FF18
3FF0C
3FF02
3FEFB
3FEF6
3FEF5
3FEF7
3FEFB
3FF03
3FF0D
3FF19
3FF28
3FF38
3FF4A
3FF5D
3FF71
3FF85
3FF99
3FFAC
3FFBE
3FFCE
3FFDD
3FFEA
3FFF4
3FFFB
00000
00002
00001
3FFFC
3FFF5
3FFEC
3FFE0
3FFD1
3FFC1
3FFAF
3FF9C
3FF89
3FF75
3FF61
3FF4E
3FF3C
3FF2B
3FF1C
3FF0F
3FF05
3FEFD
3FEF8
3FEF5
3FEF6
3FEFA
3FF00
3FF0A
3FF15
3FF23
3FF33
3FF45
3FF57
3FF6B
3FF7F
3FF92
3FFA6
3FFB8
3FFC9
3FFD8
3FFE5
3FFF0
3FFF8
3FFFE
00001
00000
3FFFD
3FFF7
3FFEE
3FFE3
3FFD5
3FFC5
3FFB4
3FFA2
3FF8E
3FF7A
3FF67
3FF53
3FF41
3FF30
3FF20
3FF13
3FF07
3FEFF
3FEF9
3FEF6
3FEF6
3FEF8
3FEFE
3FF06
3FF11
3FF1F
3FF2E
3FF3F
3FF51
3FF65
3FF78
3FF8C
3FFA0
3FFB2
3FFC3
3FFD3
3FFE1
3FFED
3FFF6
3FFFC
3FFFF
00000
3FFFE
3FFF8
3FFF0
3FFE6
3FFD9
3FFCA
3FFB9
3FFA7
3FF94
3FF80
3FF6C
3FF59
3FF46
3FF35
3FF25
3FF16
3FF0B
3FF01
3FEFA
3FEF6
3FEF5
3FEF7
3FEFC
3FF04
3FF0E
3FF1B
3FF29
3FF3A
3FF4C
3FF5F
3FF72
3FF86
3FF9A
3FFAC
3FFBE
3FFCE
3FFDD
3FFE9
3FFF3
3FFFA
3FFFF
00000
3FFFF
3FFFA
3FFF3
3FFE9
3FFDD
3FFCE
3FFBE
3FFAC
3FF9A
3FF86
3FF72
3FF5F
3FF4C
3FF3A
3FF29
3FF1B
3FF0E
3FF04
3FEFC
3FEF7
3FEF5
3FEF6
3FEFA
3FF01
3FF0B
3FF16
3FF25
3FF35
3FF46
3FF59
3FF6C
3FF80
3FF94
3FFA7
3FFB9
3FFCA
3FFD9
3FFE6
3FFF0
3FFF8
3FFFE
00000
3FFFF
3FFFC
3FFF6
3FFED
3FFE1
3FFD3
3FFC3
3FFB2
3FFA0
3FF8C
3FF78
3FF65
3FF51
3FF3F
3FF2E
3FF1F
3FF11
3FF06
3FEFE
3FEF8
3FEF6
3FEF6
3FEF9
3FEFF
3FF07
3FF13
3FF20
3FF30
3FF41
3FF53
3FF67
3FF7A
3FF8E
3FFA2
3FFB4
3FFC5
3FFD5
3FFE3
3FFEE
3FFF7
3FFFD
00000
00001
3FFFE
3FFF8
3FFF0
3FFE5
3FFD8
3FFC9
3FFB8
3FFA6
3FF92
3FF7F
3FF6B
3FF57
3FF45
3FF33
3FF23
3FF15
3FF0A
3FF00
3FEFA
3FEF6
3FEF5
3FEF8
3FEFD
3FF05
3FF0F
3FF1C
3FF2B
3FF3C
3FF4E
3FF61
3FF75
3FF89
3FF9C
3FFAF
3FFC1
3FFD1
3FFE0
3FFEC
3FFF5
3FFFC
00001
00002
00000
3FFFB
3FFF4
3FFEA
3FFDD
3FFCE
3FFBE
3FFAC
3FF99
3FF85
3FF71
3FF5D
3FF4A
3FF38
3FF28
3FF19
3FF0D
3FF03
3FEFB
3FEF7
3FEF5
3FEF6
3FEFB
3FF02
3FF0C
3FF18
3FF26
3FF37
3FF49
3FF5C
3FF6F
3FF83
3FF97
3FFAA
3FFBD
3FFCE
3FFDD
3FFEA
3FFF4
3FFFC
00001
00003
00002
3FFFE
3FFF8
3FFEE
3FFE2
3FFD4
3FFC4
3FFB2
3FF9F
3FF8C
3FF78
3FF64
3FF50
3FF3E
3FF2D
3FF1D
3FF10
3FF05
3FEFD
3FEF8
3FEF5
3FEF5
3FEF9
3FEFF
3FF08
3FF14
3FF22
3FF32
3FF43
3FF56
3FF6A
3FF7E
3FF92
3FFA6
3FFB9
3FFCA
3FFDA
3FFE7
3FFF3
3FFFC
00001
00005
00005
00002
3FFFC
3FFF3
3FFE8
3FFDA
3FFCB
3FFB9
3FFA6
3FF93
3FF7F
3FF6A
3FF57
3FF44
3FF32
3FF22
3FF14
3FF08
3FEFF
3FEF9
3FEF5
3FEF5
3FEF7
3FEFD
3FF05
3FF10
3FF1E
3FF2D
3FF3E
3FF51
3FF65
3FF79
3FF8D
3FFA1
3FFB5
3FFC7
3FFD7
3FFE5
3FFF2
3FFFB
00002
00006
00007
00005
00000
3FFF8
3FFED
3FFE0
3FFD1
3FFC0
3FFAE
3FF9A
3FF86
3FF71
3FF5D
3FF4A
3FF37
3FF27
3FF18
3FF0B
3FF01
3FEFA
3FEF6
3FEF4
3FEF6
3FEFB
3FF02
3FF0C
3FF19
3FF28
3FF39
3FF4C
3FF60
3FF74
3FF88
3FF9D
3FFB1
3FFC3
3FFD4
3FFE4
3FFF1
3FFFB
00003
00008
0000A
00009
00004
3FFFD
3FFF3
3FFE7
3FFD8
3FFC7
3FFB5
3FFA1
3FF8D
3FF78
3FF64
3FF50
3FF3D
3FF2C
3FF1C
3FF0F
3FF04
3FEFC
3FEF6
3FEF4
3FEF5
3FEF9
3FEFF
3FF09
3FF15
3FF24
3FF35
3FF47
3FF5B
3FF6F
3FF84
3FF98
3FFAD
3FFC0
3FFD2
3FFE2
3FFF0
3FFFB
00004
0000A
0000D
0000C
00009
00003
3FFFA
3FFEE
3FFDF
3FFCF
3FFBD
3FFA9
3FF95
3FF80
3FF6B
3FF57
3FF43
3FF31
3FF21
3FF12
3FF07
3FEFD
3FEF7
3FEF4
3FEF4
3FEF7
3FEFD
3FF06
3FF11
3FF20
3FF30
3FF42
3FF56
3FF6A
3FF7F
3FF94
3FFA9
3FFBD
3FFCF
3FFE0
3FFEF
3FFFC
00005
0000C
00010
00011
0000E
00009
00000
3FFF5
3FFE7
3FFD7
3FFC5
3FFB1
3FF9D
3FF88
3FF73
3FF5E
3FF4A
3FF37
3FF26
3FF16
3FF0A
3FEFF
3FEF8
3FEF4
3FEF3
3FEF5
3FEFA
3FF02
3FF0E
3FF1B
3FF2B
3FF3D
3FF51
3FF65
3FF7B
3FF90
3FFA5
3FFBA
3FFCD
3FFDF
3FFEF
3FFFC
00007
0000F
00013
00015
00013
0000F
00007
3FFFC
3FFEF
3FFDF
3FFCD
3FFBA
3FFA5
3FF90
3FF7A
3FF65
3FF50
3FF3D
3FF2B
3FF1B
3FF0D
3FF02
3FEF9
3FEF4
3FEF2
3FEF3
3FEF8
3FEFF
3FF0A
3FF17
3FF27
3FF38
3FF4C
3FF61
3FF76
3FF8C
3FFA2
3FFB7
3FFCB
3FFDE
3FFEE
3FFFD
00008
00011
00017
0001A
00019
00015
0000E
00004
3FFF7
3FFE8
3FFD6
3FFC3
3FFAE
3FF99
3FF83
3FF6D
3FF58
3FF43
3FF30
3FF1F
3FF10
3FF04
3FEFB
3FEF5
3FEF2
3FEF2
3FEF6
3FEFC
3FF06
3FF13
3FF22
3FF34
3FF47
3FF5C
3FF72
3FF88
3FF9E
3FFB4
3FFC9
3FFDC
3FFEE
3FFFD
0000A
00014
0001B
0001F
0001F
0001C
00016
0000C
00000
3FFF1
3FFE0
3FFCD
3FFB8
3FFA2
3FF8C
3FF75
3FF5F
3FF4A
3FF36
3FF24
3FF14
3FF07
3FEFD
3FEF6
3FEF2
3FEF1
3FEF4
3FEFA
3FF03
3FF0F
3FF1E
3FF2F
3FF42
3FF57
3FF6D
3FF84
3FF9B
3FFB2
3FFC7
3FFDC
3FFEE
3FFFF
0000C
00018
0001F
00024
00025
00023
0001E
00015
00009
3FFFB
3FFEA
3FFD7
3FFC2
3FFAC
3FF95
3FF7E
3FF67
3FF51
3FF3D
3FF2A
3FF19
3FF0A
3FEFF
3FEF7
3FEF2
3FEF0
3FEF2
3FEF7
3FEFF
3FF0B
3FF1A
3FF2B
3FF3E
3FF53
3FF69
3FF80
3FF98
3FFAF
3FFC6
3FFDB
3FFEF
00000
0000F
0001B
00024
0002A
0002C
0002B
00027
0001F
00013
00005
3FFF5
3FFE1
3FFCD
3FFB6
3FF9F
3FF87
3FF70
3FF59
3FF43
3FF2F
3FF1E
3FF0E
3FF01
3FEF8
3FEF2
3FEEF
3FEF0
3FEF4
3FEFC
3FF07
3FF15
3FF26
3FF39
3FF4E
3FF65
3FF7D
3FF95
3FFAD
3FFC4
3FFDB
3FFEF
00002
00012
00020
0002A
00031
00034
00034
00030
00029
0001E
00011
00000
3FFED
3FFD8
3FFC1
3FFAA
3FF91
3FF79
3FF62
3FF4B
3FF36
3FF23
3FF12
3FF04
3FEF9
3FEF2
3FEEE
3FEEE
3FEF2
3FEF9
3FF03
3FF11
3FF22
3FF35
3FF4A
3FF61
3FF79
3FF92
3FFAB
3FFC3
3FFDA
3FFF0
00004
00016
00024
00030
00038
0003C
0003D
0003A
00034
0002A
0001D
0000C
3FFF9
3FFE4
3FFCD
3FFB5
3FF9C
3FF83
3FF6B
3FF53
3FF3D
3FF28
3FF16
3FF07
3FEFB
3FEF3
3FEEE
3FEED
3FEEF
3FEF6
3FF00
3FF0D
3FF1D
3FF30
3FF46
3FF5D
3FF76
3FF8F
3FFA9
3FFC2
3FFDB
3FFF2
00007
0001A
0002A
00036
00040
00046
00048
00046
00040
00037
0002A
0001A
00007
3FFF2
3FFDA
3FFC2
3FFA8
3FF8E
3FF74
3FF5C
3FF44
3FF2E
3FF1B
3FF0B
3FEFD
3FEF4
3FEEE
3FEEB
3FEED
3FEF2
3FEFC
3FF09
3FF19
3FF2C
3FF41
3FF59
3FF72
3FF8C
3FFA7
3FFC2
3FFDB
3FFF4
0000A
0001E
00030
0003E
00049
00050
00053
00052
0004D
00044
00038
00028
00015
00000
3FFE8
3FFCF
3FFB5
3FF9A
3FF7F
3FF65
3FF4C
3FF35
3FF21
3FF0F
3FF00
3FEF5
3FEED
3FEEA
3FEEB
3FEEF
3FEF8
3FF04
3FF14
3FF27
3FF3D
3FF55
3FF6F
3FF8A
3FFA6
3FFC1
3FFDC
3FFF6
0000E
00024
00037
00046
00053
0005B
0005F
0005F
0005C
00054
00048
00038
00025
00010
3FFF8
3FFDE
3FFC3
3FFA7
3FF8B
3FF6F
3FF55
3FF3D
3FF26
3FF13
3FF03
3FEF6
3FEED
3FEE9
3FEE8
3FEEC
3FEF4
3FF00
3FF10
3FF23
3FF39
3FF51
3FF6C
3FF88
3FFA5
3FFC1
3FFDE
3FFF9
00013
0002A
0003F
00050
0005E
00068
0006D
0006F
0006C
00064
00059
0004A
00037
00021
00009
3FFEE
3FFD2
3FFB5
3FF98
3FF7B
3FF5F
3FF45
3FF2D
3FF18
3FF06
3FEF8
3FEEE
3FEE8
3FEE6
3FEE9
3FEF0
3FEFC
3FF0B
3FF1E
3FF34
3FF4E
3FF69
3FF86
3FFA4
3FFC2
3FFE0
3FFFD
00018
00032
00048
0005B
0006A
00076
0007D
0007F
0007D
00077
0006C
0005D
0004B
00034
0001B
00000
3FFE3
3FFC5
3FFA6
3FF88
3FF6A
3FF4E
3FF34
3FF1D
3FF0A
3FEFA
3FEEE
3FEE7
3FEE4
3FEE6
3FEEC
3FEF7
3FF06
3FF19
3FF30
3FF4A
3FF66
3FF84
3FFA3
3FFC3
3FFE3
00002
0001F
0003A
00053
00068
00079
00086
0008F
00092
00092
0008C
00082
00073
00060
0004A
00030
00014
3FFF6
3FFD6
3FFB6
3FF96
3FF76
3FF58
3FF3D
3FF24
3FF0E
3FEFC
3FEEF
3FEE6
3FEE2
3FEE2
3FEE8
3FEF2
3FF01
3FF15
3FF2C
3FF46
3FF63
3FF83
3FFA4
3FFC5
3FFE7
00008
00027
00045
0005F
00076
0008A
00098
000A3
000A8
000A8
000A4
0009A
0008C
00079
00062
00048
0002B
0000B
3FFEA
3FFC8
3FFA5
3FF84
3FF64
3FF46
3FF2B
3FF13
3FEFF
3FEF0
3FEE5
3FEDF
3FEDF
3FEE4
3FEED
3FEFC
3FF10
3FF27
3FF43
3FF61
3FF82
3FFA4
3FFC8
3FFEC
0000F
00031
00051
0006E
00087
0009D
000AE
000BA
000C1
000C3
000BF
000B6
000A8
00095
0007E
00063
00044
00023
00000
3FFDC
3FFB7
3FF94
3FF71
3FF50
3FF33
3FF18
3FF02
3FEF1
3FEE4
3FEDD
3FEDB
3FEDF
3FEE8
3FEF7
3FF0A
3FF23
3FF3F
3FF5F
3FF81
3FFA6
3FFCC
3FFF2
00018
0003D
0005F
0007F
0009B
000B3
000C7
000D5
000DE
000E1
000DF
000D6
000C8
000B5
0009E
00081
00061
0003F
0001A
3FFF3
3FFCC
3FFA5
3FF80
3FF5C
3FF3C
3FF1F
3FF06
3FEF2
3FEE3
3FEDA
3FED7
3FEDA
3FEE2
3FEF1
3FF05
3FF1E
3FF3B
3FF5D
3FF81
3FFA8
3FFD1
3FFFA
00023
0004B
00071
00094
000B3
000CE
000E4
000F5
00100
00105
00103
000FC
000EE
000DB
000C3
000A5
00084
0005F
00037
0000E
3FFE4
3FFBA
3FF91
3FF6A
3FF46
3FF26
3FF0A
3FEF3
3FEE2
3FED7
3FED2
3FED4
3FEDC
3FEEA
3FEFE
3FF18
3FF37
3FF5B
3FF82
3FFAC
3FFD7
00004
00031
0005C
00086
000AD
000D0
000EE
00108
0011B
00129
0012F
0012F
00129
0011B
00108
000EE
000CF
000AC
00085
0005A
0002E
00000
3FFD2
3FFA6
3FF7B
3FF53
3FF2F
3FF0F
3FEF5
3FEE1
3FED4
3FECD
3FECD
3FED4
3FEE3
3FEF7
3FF13
3FF33
3FF59
3FF83
3FFB0
3FFE0
00011
00042
00072
000A0
000CB
000F3
00116
00133
00149
0015A
00163
00164
0015F
00152
0013E
00123
00102
000DC
000B2
00084
00054
00022
3FFEF
3FFBE
3FF8E
3FF62
3FF39
3FF15
3FEF7
3FEE0
3FECF
3FEC6
3FEC5
3FECC
3FEDA
3FEEF
3FF0C
3FF2F
3FF58
3FF85
3FFB7
3FFEB
00021
00057
0008D
000C1
000F2
0011E
00146
00168
00183
00196
001A2
001A6
001A1
00194
00180
00164
00141
00118
000EA
000B7
00082
0004B
00013
3FFDB
3FFA6
3FF73
3FF45
3FF1C
3FEF9
3FEDE
3FECA
3FEBE
3FEBB
3FEC1
3FECF
3FEE6
3FF04
3FF2A
3FF57
3FF89
3FFC0
3FFFA
00036
00073
000B0
000EB
00122
00156
00184
001AB
001CB
001E3
001F2
001F8
001F5
001E8
001D3
001B5
0018F
00162
00130
000F8
000BC
0007E
0003F
00000
3FFC3
3FF89
3FF54
3FF24
3FEFC
3FEDB
3FEC3
3FEB4
3FEAF
3FEB3
3FEC2
3FEDA
3FEFB
3FF25
3FF56
3FF8E
3FFCC
0000E
00052
00098
000DE
00122
00162
0019E
001D4
00203
00229
00247
0025A
00263
00262
00256
0023F
0021F
001F5
001C4
0018A
0014B
00107
000C0
00078
0002F
3FFE9
3FFA5
3FF67
3FF2F
3FEFE
3FED7
3FEB9
3FEA6
3FE9D
3FEA1
3FEB0
3FECA
3FEEE
3FF1D
3FF56
3FF96
3FFDD
00029
00079
000CA
0011C
0016C
001B9
00201
00242
0027B
002AA
002CF
002E8
002F6
002F6
002EB
002D3
002B0
00281
00248
00206
001BD
0016E
0011B
000C5
00070
0001B
3FFCB
3FF7F
3FF3B
3FF00
3FECF
3FEAA
3FE90
3FE85
3FE86
3FE96
3FEB3
3FEDD
3FF14
3FF56
3FFA1
3FFF6
00051
000B1
00114
00177
001D9
00237
00290
002E1
00329
00365
00395
003B7
003CB
003CF
003C5
003AB
00383
0034D
0030A
002BB
00264
00204
0019F
00136
000CD
00064
00000
3FFA2
3FF4C
3FF01
3FEC1
3FE90
3FE6F
3FE5D
3FE5D
3FE6D
3FE8F
3FEC2
3FF05
3FF56
3FFB5
0001E
00091
0010B
0018A
00209
00288
00303
00377
003E3
00443
00495
004D7
00508
00527
00532
0052A
0050E
004DE
0049C
00449
003E7
00377
002FC
00279
001F0
00165
000DB
00055
3FFD7
3FF62
3FEFB
3FEA4
3FE5F
3FE2E
3FE14
3FE10
3FE24
3FE50
3FE93
3FEED
3FF5C
3FFDF
00072
00114
001C1
00276
0032F
003E9
0049F
0054D
005F0
00684
00706
00772
007C6
00800
0081E
0081F
00803
007C9
00772
00701
00676
005D5
00520
0045C
0038D
002B8
001E0
0010C
00041
3FF83
3FED9
3FE46
3FDD0
3FD7B
3FD4A
3FD41
3FD62
3FDB0
3FE2A
3FED3
3FFA8
000AA
001D5
00326
0049A
0062D
007D8
00996
00B61
00D2F
00EFA
010B8
0125C
013D8
01515
015F0
0161F
014E6
00FB7
3F46F
0EA18
3B753
0783C
02A2D
03C64
01642
34440
37407
36B02
374D4
09C57
2ED4F
07707
3FC42
2F2EF
3B403
00F22
02703
07339
3E34F
2F06D
09496
0A4EA
02363
0321C
01633
0240F
052DD
3E654
36FF1
0401C
3B1A6
33D96
087AA
3E46E
08212
3972C
3B82C
32E14
02941
0A76F
0C9F1
3D5D7
3BE1B
07436
3F9D5
0615D
000F1
086C1
0B86F
3E9E5
21C1B
376EA
3A864
3741A
07F7B
38F15
3A309
3DB11
0588E
078BE
0767F
053C9
00AC7
0D9E1
093C6
37D65
3185B
31B42
04047
3E016
3D4F9
073F5
2F2CD
036C0
09B90
01AEC
09B51
38D91
00C3E
13D04
0D976
3DD36
336BE
33C40
3AFCF
02FA6
04802
3DB35
043FA
3F8B6
30D3C
03ECE
0334C
38983
3BB0E
34295
30860
3FED9
0C7AD
3A79F
0BD24
0D83E
38B5E
3D535
07BD0
045FF
3B736
05559
07F55
3DCE7
07AE2
008FC
06C80
3A114
3A6F9
36A5E
3015D
3B129
0259C
037BC
04C8B
37E0F
049EB
3B82B
017CD
30F86
048AF
3A24F
3C6AD
3E557
3B3B6
07C3F
06717
07AF0
35FAC
0DAC5
3E4C4
3AF89
00361
1332E
38F85
37D57
0E7E1
006C5
0277C
35B37
051FC
39BF5
14BC4
30D88
3F8E1
2E777
0BBBE
3464F
0DA11
0AE4D
05E24
3D4D5
36DAD
33D18
3A67F
01AE0
0AC17
34175
32596
018B4
3C145
07E0C
085B8
3BBF7
0162C
0DE3B
05860
31D78
38CAE
3B03E
0305B
002E1
12AD0
083FA
3CACE
06984
344FD
38F57
0C334
054DE
2DFFD
068FF
3CDB1
0A79F
3A752
0330B
0CBF1
29A07
00971
03D76
003C5
03A2D
3AA2A
04E3D
0AB11
01D2A
07C34
3F6F9
348A7
0081A
29867
3D5DD
07304
35A13
05275
31F8C
3A2E6
36692
0B9E5
034DE
0A2B2
36C52
3ABAF
378EC
0696C
3F1B2
32D15
05AE6
3C354
3F6A0
3CB21
02382
0472B
09A04
39EA4
384CE
3AD85
10080
010E8
09F00
3AEFB
00AC8
3F39B
397E1
3A789
06AE2
10F45
39EFA
00C8E
3ACFB
2F4AB
0984B
029D6
00EDD
10297
39B5F
02A73
3B41A
0B3BA
3AB5E
3A2B9
31828
129BC
0C14A
3F624
3AF18
1034C
0E7BC
01BFE
03351
05EFB
0345C
3BD0A
27E8A
10B4C
02EF1
2F354
15AA4
3B0D7
3A524
06D59
235C3
3B5F9
3E69D
387FF
2FAFB
0473B
3A161
0E19F
3685B
00A43
38F9A
3CF3D
3EE95
0DA06
3FFF4
36DBA
028FB
3CEFE
33A67
036A9
10691
025BA
0171A
2F1E7
0014A
3C5FB
30E3F
022F7
02787
042A7
3DD2F
37C76
08228
03607
3F73A
3C2BE
038E7
3D953
2B720
03EDD
059BE
0CB24
00D4A
0449E
04A6E
04AAD
05976
3E670
0EE6E
31222
03E6B
06F60
34D1E
3300E
001B6
14F8B
04E13
0AA41
0971A
00A08
3492E
0388B
0C37E
38A8A
3BEBE
37CBA
04CC3
37E8E
3E47D
0F34E
3C35A
32DC1
387F7
39176
0C671
3BCFC
0418A
39E7B
35BCC
3BFB8
02296
0437E
333C3
3BA93
077D9
00A93
06307
0B4FC
35974
09937
37E12
00FDE
3C6F8
3AEB4
10E01
0997C
3508C
07568
06B0A
081D5
3DB15
38FD1
04F6F
36B0C
0152A
02347
01BE9
3F47A
07F30
39563
042C5
01590
25005
38360
39DCF
39473
3AA95
034C7
0180E
3CDE1
02907
30C3E
03C52
10007
2EFA7
05222
0E95B
2DD68
01120
39908
05373
37D71
0A015
06488
08589
3CF14
01C39
0D068
041FC
3A6D2
3711B
06E3B
35D07
074DB
0BB8C
33504
38F41
03930
08FD6
00D43
3B943
01319
34C74
10AF9
34A20
3C8D0
0634B
39591
0D60D
02709
3EB37
0964B
09660
386E8
344B3
3D640
04F26
361E8
057FD
3EE1C
04DB1
3E8EA
3C63C
09562
08110
003C6
36953
3A247
3CFC1
00B4F
0414A
34DDB
0B241
0653F
01763
328D8
3A13E
0525F
063E0
0DDBC
08584
3D217
3761C
04D3E
0288E
07331
3D7A5
3E15D
3CD6A
02B73
3E783
3F168
3B46E
38205
03F8E
36CA2
2D995
3B334
3C34A
08A1B
04285
00735
3A5B5
39D07
07E0C
3FF8B
3EA15
3D04A
07354
03EBC
3E806
2E6DD
38AB1
39DBD
3B2F6
37441
06685
34011
03324
342A0
2E23E
3B300
3B4A8
3FC9B
128A9
32E91
05481
0756E
3DC0D
040D7
3AFE3
357D1
00987
3532E
2F871
03A2C
35FC1
35B7C
3C251
36E36
3C40A
2A751
2E153
02E38
3B7A0
3767D
3C682
343A4
1013F
375F7
3A69F
0422D
2F06E
37E38
0D0F8
3E5A5
00B21
349D0
3F0E3
3A3EA
01656
04706
3776E
3C15F
074AA
36012
3ABAC
37952
3C6D6
12085
0FD1C
0676D
13A70
385D8
00E56
0753C
3A900
0496A
3E6FA
3BF7C
04699
2C697
3F84F
3CF02
03266
08AA9
0408B
0820C
03FA6
3E6D5
35AAC
09F54
38B50
3281C
059DF
3C634
03CF2
340F8
0081D
361D7
356A9
3D9BC
08D80
0A856
007A9
0991A
04C1E
0BDB3
35F6B
347A8
02F1A
08F2B
0A5DF
08571
07DBF
358C4
38C8D
312C1
045BB
3E915
358AE
07244
3F0C5
3C653
3D232
3AD2D
3FD82
30DE9
09E42
090F1
004A4
06A5D
00BF0
00E7C
0313A
30AB3
11FB8
33B2E
339C8
05ECC
04D3C
3D60A
085E2
01347
381DB
3F2CE
016DA
3D330
12151
35C51
36732
0D131
39DFC
046F8
0D28E
087D4
39002
0247C
36615
09564
3FCF7
0A072
336AA
0D3E2
35B89
375B9
3C8B5
3071B
01756
3E620
3E3CD
399DE
3F16D
39119
39F02
0C40D
3D241
3F09D
11D93
05ABB
3C3BC
3F7BF
0DE27
3F053
076D5
35B17
3A418
00A46
029F5
016E2
002DF
30560
38B6F
123CB
0ABF8
3C6FB
3B5A5
3D3B0
37A8A
35641
06CA9
036F2
10955
2F2B2
03261
3EF07
0099E
0026E
05634
3CBDF
3A0BA
04556
386FD
39256
12CAD
09C4D
3D90B
2FAB6
0CC0F
3E2CF
04ED3
0727B
026B7
02DA6
2CFEF
3A096
3EBF2
06E2E
0CB8F
035B3
06B6C
35C5C
3CE52
29C19
00CD5
00451
01F23
38E4A
0711C
08E2E
35CB3
340F2
0261D
004D4
08B26
3B056
37171
009E4
08D44
03AAB
0550C
0514E
3AF5E
3DCAC
04598
08EC9
02C4E
0083F
32012
13B41
3811D
31989
3E862
0116C
0E7B7
30E89
11CC7
3EB31
3716F
377EE
01EDE
12B90
2CADE
3ED3A
06943
3CADB
03558
0B08A
038B9
36AE7
3FA65
04CE5
3FF06
15328
36468
0EF12
3A2F0
32989
00D12
310F6
37A43
2C5A3
33F52
016DF
01E33
01893
07282
38125
3D1B6
05209
021C4
0B8C7
383BC
0836E
3AD66
06636
06451
0AF0E
066BD
0901C
00FA1
02B01
02161
3133D
3F7E1
0AF6D
351B0
07FD8
01D43
38EA1
3334F
05C8F
08573
3170A
0AB6A
294CB
0BD21
057D5
3CFB5
3D536
03F55
3D5BA
02CF4
0279D
02886
3528D
040D1
3D4AB
2F714
0CB8E
3C001
3A6F8
0249C
3F634
04A4E
0D214
06A02
30F70
03937
3AB10
02A64
2106A
37F3A
0B929
084E9
3FBFA
39D0A
3AFFB
05C4E
0ECCA
0FA9E
12EFD
02B6E
3E97A
07012
0B57F
3686A
3D279
2A3BA
3EC67
346CB
2EDF1
364DB
1166C
3EA5C
0E958
028E9
3397E
0E67B
08374
351E3
077CC
014F2
0BA2F
37946
30EB1
3F046
007A2
3DD56
37407
3B97B
3B824
07CF3
3CD89
3A5E9
0CB33
3EF21
07A7C
351AC
36237
131EE
012D7
05468
3D305
3B5E2
3A0E5
137EA
0CEAD
3FCBB
2F7CD
04E31
337E6
3DB09
32D0B
02C90
3CE9C
0E1AA
38809
01F41
12BCB
3FF91
3606E
31B43
0756B
079AD
03A0C
0564C
008AF
0B8FB
306D0
38EC4
32A4F
3ED0C
0E570
2F42F
2EB7D
043F8
0953E
3EE19
04BFB
15328
07403
3D4BE
099D9
3A5D5
11D42
3BA4F
3B959
3C36E
37797
08A9B
022D9
3D118
37A19
343A9
375DB
072A2
396AF
357A0
3ACEE
3C8EC
0B920
3530F
08F1F
013ED
3C316
3E037
045D6
0CB93
011ED
0C446
0DF68
2DCB9
3E4B2
3D9AD
0681E
37A91
04A69
085CD
2FE79
02340
08F57
36752
3F845
06A55
38099
3E405
0A373
09303
39EEF
0314F
34629
3EAC8
3E975
0CC19
0D9C9
3D3A2
362B1
03DFE
3C4DE
076A8
3B65E
05DB8
355CC
397EC
0354E
36E2F
37B14
037B0
09FFA
3AF77
35532
003BD
34F96
38009
00FDB
17247
3CB32
17ADC
091EA
3A16A
0042C
364C8
3FF00
0025E
2FFF8
02006
3B4B0
3F8B9
0E89F
34E86
0041A
0621F
07681
07FEF
34D38
350A2
0FC40
056A7
02147
38F62
36D47
07124
3EB34
13D2B
39EA0
0421A
38255
018C1
0A27A
02556
36CE0
000EB
39402
00C51
06CF4
3A1F7
34F3C
03C65
00899
00316
3FFC4
3FDA8
3FC33
3FB23
3FA58
3F9C0
3F951
3F902
3F8D1
3F8B9
3F8B8
3F8CC
3F8F4
3F92D
3F976
3F9CE
3FA31
3FA9F
3FB16
3FB93
3FC15
3FC99
3FD1D
3FD9F
3FE1D
3FE96
3FF06
3FF6D
3FFC9
00019
0005B
0008F
000B4
000C9
000CF
000C5
000AD
00087
00053
00014
3FFCA
3FF78
3FF1F
3FEC0
3FE5F
3FDFD
3FD9C
3FD3E
3FCE5
3FC93
3FC49
3FC0A
3FBD6
3FBAE
3FB94
3FB87
3FB89
3FB98
3FBB6
3FBE0
3FC16
3FC58
3FCA4
3FCF7
3FD52
3FDB1
3FE13
3FE76
3FED8
3FF38
3FF92
3FFE6
00031
00073
000AA
000D6
000F4
00105
00109
00100
000EA
000C7
00098
00060
0001E
3FFD4
3FF84
3FF30
3FED9
3FE82
3FE2C
3FDD9
3FD8B
3FD43
3FD04
3FCCD
3FCA2
3FC82
3FC6D
3FC66
3FC6A
3FC7C
3FC99
3FCC2
3FCF5
3FD32
3FD77
3FDC3
3FE13
3FE67
3FEBD
3FF12
3FF66
3FFB6
00000
00044
0007F
000B1
000D8
000F5
00105
0010A
00102
000EF
000D1
000A8
00076
0003B
3FFF9
3FFB1
3FF65
3FF17
3FEC9
3FE7B
3FE30
3FDE9
3FDA8
3FD6E
3FD3D
3FD15
3FCF7
3FCE5
3FCDD
3FCE1
3FCF0
3FD0B
3FD2F
3FD5D
3FD94
3FDD2
3FE15
3FE5E
3FEA9
3FEF6
3FF42
3FF8C
3FFD3
00015
00051
00085
000B0
000D2
000E9
000F6
000F8
000EF
000DB
000BE
00097
00067
00030
3FFF2
3FFB0
3FF6A
3FF23
3FEDB
3FE94
3FE50
3FE11
3FDD7
3FDA4
3FD78
3FD56
3FD3D
3FD2F
3FD2A
3FD30
3FD41
3FD5B
3FD7E
3FDAA
3FDDE
3FE18
3FE57
3FE99
3FEDF
3FF24
3FF6A
3FFAD
3FFEC
00026
0005B
00087
000AC
000C8
000DA
000E2
000E0
000D5
000BF
000A1
0007A
0004B
00016
3FFDC
3FF9E
3FF5D
3FF1B
3FED9
3FE98
3FE5B
3FE22
3FDEF
3FDC2
3FD9D
3FD80
3FD6D
3FD63
3FD62
3FD6B
3FD7E
3FD99
3FDBD
3FDE8
3FE1A
3FE51
3FE8D
3FECB
3FF0B
3FF4C
3FF8B
3FFC7
00000
00034
00061
00088
000A6
000BC
000C9
000CC
000C7
000B8
000A1
00081
0005A
0002C
3FFF8
3FFC0
3FF85
3FF48
3FF0A
3FECD
3FE93
3FE5B
3FE28
3FDFB
3FDD5
3FDB5
3FD9E
3FD90
3FD8A
3FD8E
3FD9A
3FDAF
3FDCC
3FDF0
3FE1C
3FE4C
3FE82
3FEBA
3FEF5
3FF31
3FF6D
3FFA7
3FFDE
00010
0003E
00065
00086
0009E
000AF
000B7
000B6
000AD
0009B
00081
00060
00038
0000B
3FFD8
3FFA2
3FF6A
3FF30
3FEF7
3FEBF
3FE89
3FE57
3FE2A
3FE02
3FDE1
3FDC8
3FDB6
3FDAD
3FDAB
3FDB3
3FDC2
3FDD9
3FDF8
3FE1D
3FE48
3FE78
3FEAC
3FEE2
3FF1A
3FF52
3FF8A
3FFBF
3FFF0
0001E
00046
00067
00082
00096
000A1
000A4
0009F
00093
0007E
00062
00040
00017
3FFEA
3FFB9
3FF85
3FF4F
3FF19
3FEE3
3FEAF
3FE7E
3FE51
3FE29
3FE07
3FDEB
3FDD7
3FDCA
3FDC5
3FDC8
3FDD3
3FDE5
3FDFF
3FE1F
3FE45
3FE70
3FE9F
3FED2
3FF06
3FF3B
3FF6F
3FFA3
3FFD3
00000
00028
0004B
00067
0007D
0008C
00092
00091
00089
00079
00062
00044
00020
3FFF8
3FFCB
3FF9A
3FF68
3FF35
3FF01
3FECF
3FEA0
3FE73
3FE4B
3FE28
3FE0B
3FDF4
3FDE4
3FDDC
3FDDC
3FDE2
3FDF0
3FE05
3FE21
3FE43
3FE69
3FE94
3FEC3
3FEF4
3FF26
3FF58
3FF89
3FFB8
3FFE5
0000D
00030
0004E
00066
00077
00081
00083
0007E
00072
0005F
00046
00026
00002
3FFD9
3FFAC
3FF7D
3FF4D
3FF1C
3FEEB
3FEBD
3FE91
3FE69
3FE45
3FE27
3FE0E
3FDFC
3FDF1
3FDED
3FDF0
3FDFB
3FE0C
3FE23
3FE41
3FE63
3FE8B
3FEB5
3FEE3
3FF12
3FF42
3FF72
3FFA0
3FFCB
3FFF3
00017
00036
00050
00063
0006F
00075
00073
0006B
0005C
00046
0002B
0000A
3FFE4
3FFBB
3FF8F
3FF62
3FF33
3FF04
3FED7
3FEAC
3FE84
3FE5F
3FE40
3FE26
3FE12
3FE05
3FDFE
3FDFE
3FE04
3FE12
3FE26
3FE3F
3FE5E
3FE82
3FEAA
3FED4
3FF01
3FF2E
3FF5C
3FF89
3FFB4
3FFDC
00000
00020
0003B
0004F
0005E
00066
00068
00063
00057
00045
0002D
00010
3FFEE
3FFC8
3FF9F
3FF74
3FF47
3FF1B
3FEEF
3FEC4
3FE9C
3FE78
3FE58
3FE3C
3FE27
3FE17
3FE0D
3FE0A
3FE0E
3FE18
3FE28
3FE3F
3FE5A
3FE7A
3FE9F
3FEC7
3FEF1
3FF1C
3FF48
3FF73
3FF9D
3FFC5
3FFEA
0000A
00026
0003D
0004E
00058
0005D
0005B
00052
00043
0002F
00015
3FFF6
3FFD3
3FFAD
3FF84
3FF5A
3FF2F
3FF04
3FEDA
3FEB3
3FE8E
3FE6D
3FE51
3FE3A
3FE28
3FE1C
3FE17
3FE17
3FE1E
3FE2B
3FE3E
3FE57
3FE74
3FE95
3FEBA
3FEE2
3FF0B
3FF35
3FF60
3FF89
3FFB0
3FFD5
3FFF6
00013
0002B
0003D
0004A
00051
00052
0004C
00041
0002F
00019
3FFFD
3FFDD
3FFB9
3FF93
3FF6B
3FF41
3FF18
3FEEF
3FEC8
3FEA3
3FE82
3FE65
3FE4C
3FE38
3FE2A
3FE22
3FE21
3FE25
3FE2F
3FE3F
3FE54
3FE6E
3FE8D
3FEAF
3FED4
3FEFB
3FF24
3FF4D
3FF75
3FF9C
3FFC1
3FFE2
00000
00019
0002E
0003D
00046
00049
00046
0003D
0002F
0001B
00002
3FFE5
3FFC4
3FFA0
3FF7A
3FF52
3FF2A
3FF02
3FEDC
3FEB7
3FE95
3FE77
3FE5D
3FE48
3FE38
3FE2E
3FE2A
3FE2B
3FE32
3FE40
3FE52
3FE69
3FE85
3FEA5
3FEC8
3FEED
3FF14
3FF3B
3FF63
3FF89
3FFAE
3FFCF
3FFEE
00008
0001E
0002F
0003A
00040
00040
0003A
0002E
0001D
00007
3FFED
3FFCE
3FFAC
3FF88
3FF62
3FF3B
3FF14
3FEEE
3FECA
3FEA8
3FE89
3FE6E
3FE58
3FE46
3FE3A
3FE33
3FE32
3FE37
3FE41
3FE50
3FE65
3FE7E
3FE9C
3FEBC
3FEDF
3FF05
3FF2B
3FF51
3FF77
3FF9B
3FFBD
3FFDC
3FFF8
0000F
00021
0002F
00036
00039
00035
0002C
0001E
0000B
3FFF3
3FFD7
3FFB7
3FF95
3FF71
3FF4B
3FF25
3FF00
3FEDC
3FEBA
3FE9A
3FE7E
3FE67
3FE53
3FE45
3FE3C
3FE39
3FE3B
3FE43
3FE50
3FE62
3FE78
3FE93
3FEB2
3FED3
3FEF6
3FF1B
3FF40
3FF66
3FF8A
3FFAC
3FFCB
3FFE8
00000
00014
00023
0002D
00032
00031
0002A
0001E
0000E
3FFF8
3FFDF
3FFC1
3FFA1
3FF7E
3FF5A
3FF35
3FF11
3FEED
3FECB
3FEAB
3FE8E
3FE75
3FE61
3FE51
3FE46
3FE40
3FE40
3FE45
3FE50
3FE5F
3FE73
3FE8C
3FEA8
3FEC7
3FEE9
3FF0C
3FF31
3FF55
3FF79
3FF9B
3FFBB
3FFD8
3FFF1
00007
00017
00023
0002A
0002B
00027
0001E
00010
3FFFD
3FFE5
3FFCA
3FFAC
3FF8B
3FF68
3FF45
3FF21
3FEFD
3FEDB
3FEBB
3FE9E
3FE84
3FE6E
3FE5C
3FE4F
3FE48
3FE45
3FE48
3FE50
3FE5D
3FE6F
3FE85
3FE9F
3FEBC
3FEDC
3FEFE
3FF22
3FF45
3FF68
3FF8A
3FFAB
3FFC8
3FFE3
3FFF9
0000C
00019
00022
00026
00024
0001D
00011
00001
3FFEC
3FFD3
3FFB6
3FF97
3FF76
3FF53
3FF30
3FF0D
3FEEB
3FECB
3FEAD
3FE92
3FE7B
3FE68
3FE59
3FE4F
3FE4B
3FE4B
3FE51
3FE5C
3FE6B
3FE7F
3FE97
3FEB2
3FED1
3FEF1
3FF13
3FF36
3FF59
3FF7B
3FF9B
3FFB9
3FFD4
3FFEC
00000
0000F
0001A
00020
00020
0001C
00012
00004
3FFF1
3FFDA
3FFC0
3FFA2
3FF82
3FF61
3FF3F
3FF1C
3FEFA
3FEDA
3FEBC
3FEA0
3FE88
3FE73
3FE63
3FE57
3FE51
3FE4F
3FE52
3FE5B
3FE68
3FE7A
3FE90
3FEA9
3FEC6
3FEE5
3FF05
3FF27
3FF49
3FF6B
3FF8C
3FFAA
3FFC6
3FFDF
3FFF4
00005
00012
00019
0001C
0001A
00012
00006
3FFF6
3FFE1
3FFC8
3FFAC
3FF8E
3FF6E
3FF4D
3FF2B
3FF09
3FEE9
3FECA
3FEAE
3FE94
3FE7F
3FE6D
3FE60
3FE57
3FE53
3FE55
3FE5B
3FE66
3FE75
3FE89
3FEA1
3FEBB
3FED9
3FEF8
3FF19
3FF3B
3FF5C
3FF7D
3FF9B
3FFB8
3FFD2
3FFE8
3FFFB
00009
00012
00017
00017
00012
00008
3FFF9
3FFE7
3FFD0
3FFB6
3FF99
3FF7B
3FF5A
3FF39
3FF18
3FEF8
3FED9
3FEBC
3FEA1
3FE8A
3FE77
3FE68
3FE5E
3FE58
3FE57
3FE5B
3FE64
3FE71
3FE83
3FE99
3FEB2
3FECE
3FEEC
3FF0C
3FF2D
3FF4D
3FF6E
3FF8D
3FFAA
3FFC5
3FFDC
3FFF0
00000
0000B
00012
00014
00011
00009
3FFFD
3FFEC
3FFD7
3FFBF
3FFA4
3FF86
3FF67
3FF47
3FF26
3FF06
3FEE7
3FEC9
3FEAE
3FE96
3FE82
3FE71
3FE65
3FE5D
3FE5A
3FE5C
3FE63
3FE6E
3FE7E
3FE92
3FEA9
3FEC3
3FEE0
3FEFF
3FF1F
3FF3F
3FF5F
3FF7F
3FF9C
3FFB8
3FFD0
3FFE5
3FFF7
00004
0000C
00010
0000F
0000A
3FFFF
3FFF1
3FFDE
3FFC8
3FFAE
3FF92
3FF74
3FF54
3FF34
3FF14
3FEF5
3FED7
3FEBB
3FEA2
3FE8C
3FE7A
3FE6C
3FE63
3FE5E
3FE5E
3FE62
3FE6C
3FE79
3FE8B
3FEA1
3FEB9
3FED5
3FEF2
3FF12
3FF31
3FF51
3FF71
3FF8F
3FFAB
3FFC4
3FFDB
3FFED
3FFFC
00006
0000C
0000D
0000A
00002
3FFF5
3FFE4
3FFCF
3FFB7
3FF9D
3FF80
3FF61
3FF41
3FF22
3FF02
3FEE4
3FEC8
3FEAE
3FE97
3FE83
3FE74
3FE69
3FE62
3FE60
3FE62
3FE6A
3FE75
3FE85
3FE99
3FEB0
3FECA
3FEE7
3FF05
3FF24
3FF44
3FF63
3FF81
3FF9E
3FFB8
3FFD0
3FFE4
3FFF4
00000
00008
0000B
00009
00003
3FFF8
3FFE9
3FFD7
3FFC0
3FFA7
3FF8B
3FF6D
3FF4E
3FF2F
3FF10
3FEF1
3FED5
3FEBA
3FEA2
3FE8D
3FE7C
3FE6F
3FE66
3FE62
3FE63
3FE68
3FE72
3FE80
3FE92
3FEA7
3FEC0
3FEDB
3FEF8
3FF17
3FF36
3FF55
3FF74
3FF91
3FFAC
3FFC4
3FFDA
3FFEB
3FFF9
00003
00008
00008
00004
3FFFB
3FFEE
3FFDD
3FFC8
3FFB1
3FF96
3FF79
3FF5B
3FF3C
3FF1D
3FEFF
3FEE1
3FEC6
3FEAD
3FE97
3FE84
3FE76
3FE6C
3FE66
3FE64
3FE67
3FE6F
3FE7B
3FE8B
3FE9F
3FEB6
3FED0
3FEEC
3FF0A
3FF29
3FF48
3FF66
3FF84
3FF9F
3FFB9
3FFCF
3FFE3
3FFF2
3FFFD
00004
00006
00004
3FFFD
3FFF2
3FFE3
3FFD0
3FFBA
3FFA0
3FF85
3FF68
3FF49
3FF2A
3FF0C
3FEEE
3FED2
3FEB8
3FEA1
3FE8D
3FE7D
3FE71
3FE69
3FE66
3FE67
3FE6D
3FE77
3FE85
3FE98
3FEAD
3FEC6
3FEE1
3FEFE
3FF1C
3FF3A
3FF59
3FF77
3FF93
3FFAD
3FFC5
3FFD9
3FFEA
3FFF7
00000
00004
00004
3FFFF
3FFF6
3FFE9
3FFD7
3FFC2
3FFAB
3FF90
3FF74
3FF56
3FF37
3FF19
3FEFB
3FEDE
3FEC4
3FEAC
3FE96
3FE85
3FE77
3FE6D
3FE68
3FE68
3FE6B
3FE74
3FE80
3FE91
3FEA5
3FEBC
3FED6
3FEF2
3FF0F
3FF2D
3FF4C
3FF6A
3FF87
3FFA2
3FFBA
3FFD0
3FFE2
3FFF1
3FFFB
00002
00003
00000
3FFF9
3FFEE
3FFDE
3FFCB
3FFB4
3FF9B
3FF7F
3FF62
3FF44
3FF26
3FF08
3FEEB
3FECF
3FEB6
3FEA0
3FE8D
3FE7D
3FE72
3FE6B
3FE68
3FE6A
3FE71
3FE7B
3FE8A
3FE9C
3FEB2
3FECB
3FEE6
3FF03
3FF21
3FF3F
3FF5D
3FF7A
3FF96
3FFAF
3FFC6
3FFDA
3FFEA
3FFF6
3FFFE
00002
00001
3FFFC
3FFF2
3FFE4
3FFD2
3FFBD
3FFA5
3FF8B
3FF6E
3FF51
3FF33
3FF15
3FEF7
3FEDB
3FEC1
3FEAA
3FE95
3FE84
3FE77
3FE6E
3FE6A
3FE6A
3FE6E
3FE77
3FE84
3FE95
3FEA9
3FEC1
3FEDB
3FEF7
3FF14
3FF32
3FF50
3FF6E
3FF8A
3FFA4
3FFBC
3FFD1
3FFE3
3FFF1
3FFFB
00000
00001
3FFFE
3FFF6
3FFEA
3FFDA
3FFC6
3FFAF
3FF96
3FF7A
3FF5D
3FF3F
3FF21
3FF04
3FEE7
3FECC
3FEB4
3FE9E
3FE8C
3FE7D
3FE72
3FE6C
3FE6A
3FE6D
3FE74
3FE7F
3FE8E
3FEA1
3FEB7
3FED0
3FEEB
3FF07
3FF25
3FF43
3FF61
3FF7E
3FF99
3FFB2
3FFC8
3FFDB
3FFEB
3FFF6
3FFFE
00000
3FFFF
3FFF9
3FFEF
3FFE0
3FFCE
3FFB9
3FFA1
3FF86
3FF6A
3FF4C
3FF2E
3FF10
3FEF3
3FED8
3FEBE
3FEA7
3FE93
3FE83
3FE77
3FE6F
3FE6B
3FE6C
3FE71
3FE7A
3FE87
3FE99
3FEAD
3FEC5
3FEDF
3FEFB
3FF18
3FF36
3FF54
3FF72
3FF8D
3FFA7
3FFBF
3FFD3
3FFE4
3FFF2
3FFFB
3FFFF
00000
3FFFC
3FFF3
3FFE7
3FFD6
3FFC2
3FFAB
3FF91
3FF76
3FF59
3FF3B
3FF1D
3FF00
3FEE3
3FEC9
3FEB1
3FE9C
3FE8A
3FE7C
3FE72
3FE6C
3FE6B
3FE6E
3FE76
3FE81
3FE91
3FEA4
3FEBB
3FED4
3FEEF
3FF0C
3FF2A
3FF48
3FF65
3FF82
3FF9D
3FFB5
3FFCB
3FFDD
3FFEC
3FFF7
3FFFE
00000
3FFFE
3FFF7
3FFEC
3FFDD
3FFCB
3FFB5
3FF9D
3FF82
3FF65
3FF48
3FF2A
3FF0C
3FEEF
3FED4
3FEBB
3FEA4
3FE91
3FE81
3FE76
3FE6E
3FE6B
3FE6C
3FE72
3FE7C
3FE8A
3FE9C
3FEB1
3FEC9
3FEE3
3FF00
3FF1D
3FF3B
3FF59
3FF76
3FF91
3FFAB
3FFC2
3FFD6
3FFE7
3FFF3
3FFFC
00000
3FFFF
3FFFB
3FFF2
3FFE4
3FFD3
3FFBF
3FFA7
3FF8D
3FF72
3FF54
3FF36
3FF18
3FEFB
3FEDF
3FEC5
3FEAD
3FE99
3FE87
3FE7A
3FE71
3FE6C
3FE6B
3FE6F
3FE77
3FE83
3FE93
3FEA7
3FEBE
3FED8
3FEF3
3FF10
3FF2E
3FF4C
3FF6A
3FF86
3FFA1
3FFB9
3FFCE
3FFE0
3FFEF
3FFF9
3FFFF
00000
3FFFE
3FFF6
3FFEB
3FFDB
3FFC8
3FFB2
3FF99
3FF7E
3FF61
3FF43
3FF25
3FF07
3FEEB
3FED0
3FEB7
3FEA1
3FE8E
3FE7F
3FE74
3FE6D
3FE6A
3FE6C
3FE72
3FE7D
3FE8C
3FE9E
3FEB4
3FECC
3FEE7
3FF04
3FF21
3FF3F
3FF5D
3FF7A
3FF96
3FFAF
3FFC6
3FFDA
3FFEA
3FFF6
3FFFE
00001
00000
3FFFB
3FFF1
3FFE3
3FFD1
3FFBC
3FFA4
3FF8A
3FF6E
3FF50
3FF32
3FF14
3FEF7
3FEDB
3FEC1
3FEA9
3FE95
3FE84
3FE77
3FE6E
3FE6A
3FE6A
3FE6E
3FE77
3FE84
3FE95
3FEAA
3FEC1
3FEDB
3FEF7
3FF15
3FF33
3FF51
3FF6E
3FF8B
3FFA5
3FFBD
3FFD2
3FFE4
3FFF2
3FFFC
00001
00002
3FFFE
3FFF6
3FFEA
3FFDA
3FFC6
3FFAF
3FF96
3FF7A
3FF5D
3FF3F
3FF21
3FF03
3FEE6
3FECB
3FEB2
3FE9C
3FE8A
3FE7B
3FE71
3FE6A
3FE68
3FE6B
3FE72
3FE7D
3FE8D
3FEA0
3FEB6
3FECF
3FEEB
3FF08
3FF26
3FF44
3FF62
3FF7F
3FF9B
3FFB4
3FFCB
3FFDE
3FFEE
3FFF9
00000
00003
00002
3FFFB
3FFF1
3FFE2
3FFD0
3FFBA
3FFA2
3FF87
3FF6A
3FF4C
3FF2D
3FF0F
3FEF2
3FED6
3FEBC
3FEA5
3FE91
3FE80
3FE74
3FE6B
3FE68
3FE68
3FE6D
3FE77
3FE85
3FE96
3FEAC
3FEC4
3FEDE
3FEFB
3FF19
3FF37
3FF56
3FF74
3FF90
3FFAB
3FFC2
3FFD7
3FFE9
3FFF6
3FFFF
00004
00004
00000
3FFF7
3FFEA
3FFD9
3FFC5
3FFAD
3FF93
3FF77
3FF59
3FF3A
3FF1C
3FEFE
3FEE1
3FEC6
3FEAD
3FE98
3FE85
3FE77
3FE6D
3FE67
3FE66
3FE69
3FE71
3FE7D
3FE8D
3FEA1
3FEB8
3FED2
3FEEE
3FF0C
3FF2A
3FF49
3FF68
3FF85
3FFA0
3FFBA
3FFD0
3FFE3
3FFF2
3FFFD
00004
00006
00004
3FFFD
3FFF2
3FFE3
3FFCF
3FFB9
3FF9F
3FF84
3FF66
3FF48
3FF29
3FF0A
3FEEC
3FED0
3FEB6
3FE9F
3FE8B
3FE7B
3FE6F
3FE67
3FE64
3FE66
3FE6C
3FE76
3FE84
3FE97
3FEAD
3FEC6
3FEE1
3FEFF
3FF1D
3FF3C
3FF5B
3FF79
3FF96
3FFB1
3FFC8
3FFDD
3FFEE
3FFFB
00004
00008
00008
00003
3FFF9
3FFEB
3FFDA
3FFC4
3FFAC
3FF91
3FF74
3FF55
3FF36
3FF17
3FEF8
3FEDB
3FEC0
3FEA7
3FE92
3FE80
3FE72
3FE68
3FE63
3FE62
3FE66
3FE6F
3FE7C
3FE8D
3FEA2
3FEBA
3FED5
3FEF1
3FF10
3FF2F
3FF4E
3FF6D
3FF8B
3FFA7
3FFC0
3FFD7
3FFE9
3FFF8
00003
00009
0000B
00008
00000
3FFF4
3FFE4
3FFD0
3FFB8
3FF9E
3FF81
3FF63
3FF44
3FF24
3FF05
3FEE7
3FECA
3FEB0
3FE99
3FE85
3FE75
3FE6A
3FE62
3FE60
3FE62
3FE69
3FE74
3FE83
3FE97
3FEAE
3FEC8
3FEE4
3FF02
3FF22
3FF41
3FF61
3FF80
3FF9D
3FFB7
3FFCF
3FFE4
3FFF5
00002
0000A
0000D
0000C
00006
3FFFC
3FFED
3FFDB
3FFC4
3FFAB
3FF8F
3FF71
3FF51
3FF31
3FF12
3FEF2
3FED5
3FEB9
3FEA1
3FE8B
3FE79
3FE6C
3FE62
3FE5E
3FE5E
3FE63
3FE6C
3FE7A
3FE8C
3FEA2
3FEBB
3FED7
3FEF5
3FF14
3FF34
3FF54
3FF74
3FF92
3FFAE
3FFC8
3FFDE
3FFF1
3FFFF
0000A
0000F
00010
0000C
00004
3FFF7
3FFE5
3FFD0
3FFB8
3FF9C
3FF7F
3FF5F
3FF3F
3FF1F
3FEFF
3FEE0
3FEC3
3FEA9
3FE92
3FE7E
3FE6E
3FE63
3FE5C
3FE5A
3FE5D
3FE65
3FE71
3FE82
3FE96
3FEAE
3FEC9
3FEE7
3FF06
3FF26
3FF47
3FF67
3FF86
3FFA4
3FFBF
3FFD7
3FFEC
3FFFD
00009
00011
00014
00012
0000B
00000
3FFF0
3FFDC
3FFC5
3FFAA
3FF8D
3FF6E
3FF4D
3FF2D
3FF0C
3FEEC
3FECE
3FEB2
3FE99
3FE83
3FE71
3FE64
3FE5B
3FE57
3FE58
3FE5E
3FE68
3FE77
3FE8A
3FEA1
3FEBC
3FED9
3FEF8
3FF18
3FF39
3FF5A
3FF7B
3FF99
3FFB6
3FFD0
3FFE7
3FFF9
00008
00012
00017
00017
00012
00009
3FFFB
3FFE8
3FFD2
3FFB8
3FF9B
3FF7D
3FF5C
3FF3B
3FF19
3FEF8
3FED9
3FEBB
3FEA1
3FE89
3FE75
3FE66
3FE5B
3FE55
3FE53
3FE57
3FE60
3FE6D
3FE7F
3FE94
3FEAE
3FECA
3FEE9
3FF09
3FF2B
3FF4D
3FF6E
3FF8E
3FFAC
3FFC8
3FFE1
3FFF6
00006
00012
0001A
0001C
00019
00012
00005
3FFF4
3FFDF
3FFC6
3FFAA
3FF8C
3FF6B
3FF49
3FF27
3FF05
3FEE5
3FEC6
3FEA9
3FE90
3FE7A
3FE68
3FE5B
3FE52
3FE4F
3FE51
3FE57
3FE63
3FE73
3FE88
3FEA0
3FEBC
3FEDA
3FEFA
3FF1C
3FF3F
3FF61
3FF82
3FFA2
3FFC0
3FFDA
3FFF1
00004
00012
0001C
00020
00020
0001A
0000F
00000
3FFEC
3FFD4
3FFB9
3FF9B
3FF7B
3FF59
3FF36
3FF13
3FEF1
3FED1
3FEB2
3FE97
3FE7F
3FE6B
3FE5C
3FE51
3FE4B
3FE4B
3FE4F
3FE59
3FE68
3FE7B
3FE92
3FEAD
3FECB
3FEEB
3FF0D
3FF30
3FF53
3FF76
3FF97
3FFB6
3FFD3
3FFEC
00001
00011
0001D
00024
00026
00022
00019
0000C
3FFF9
3FFE3
3FFC8
3FFAB
3FF8A
3FF68
3FF45
3FF22
3FEFE
3FEDC
3FEBC
3FE9F
3FE85
3FE6F
3FE5D
3FE50
3FE48
3FE45
3FE48
3FE4F
3FE5C
3FE6E
3FE84
3FE9E
3FEBB
3FEDB
3FEFD
3FF21
3FF45
3FF68
3FF8B
3FFAC
3FFCA
3FFE5
3FFFD
00010
0001E
00027
0002B
0002A
00023
00017
00007
3FFF1
3FFD8
3FFBB
3FF9B
3FF79
3FF55
3FF31
3FF0C
3FEE9
3FEC7
3FEA8
3FE8C
3FE73
3FE5F
3FE50
3FE45
3FE40
3FE40
3FE46
3FE51
3FE61
3FE75
3FE8E
3FEAB
3FECB
3FEED
3FF11
3FF35
3FF5A
3FF7E
3FFA1
3FFC1
3FFDF
3FFF8
0000E
0001E
0002A
00031
00032
0002D
00023
00014
00000
3FFE8
3FFCB
3FFAC
3FF8A
3FF66
3FF40
3FF1B
3FEF6
3FED3
3FEB2
3FE93
3FE78
3FE62
3FE50
3FE43
3FE3B
3FE39
3FE3C
3FE45
3FE53
3FE67
3FE7E
3FE9A
3FEBA
3FEDC
3FF00
3FF25
3FF4B
3FF71
3FF95
3FFB7
3FFD7
3FFF3
0000B
0001E
0002C
00035
00039
00036
0002F
00021
0000F
3FFF8
3FFDC
3FFBD
3FF9B
3FF77
3FF51
3FF2B
3FF05
3FEDF
3FEBC
3FE9C
3FE7E
3FE65
3FE50
3FE41
3FE37
3FE32
3FE33
3FE3A
3FE46
3FE58
3FE6E
3FE89
3FEA8
3FECA
3FEEE
3FF14
3FF3B
3FF62
3FF88
3FFAC
3FFCE
3FFED
00007
0001D
0002E
0003A
00040
00040
0003A
0002F
0001E
00008
3FFEE
3FFCF
3FFAE
3FF89
3FF63
3FF3B
3FF14
3FEED
3FEC8
3FEA5
3FE85
3FE69
3FE52
3FE40
3FE32
3FE2B
3FE2A
3FE2E
3FE38
3FE48
3FE5D
3FE77
3FE95
3FEB7
3FEDC
3FF02
3FF2A
3FF52
3FF7A
3FFA0
3FFC4
3FFE5
00002
0001B
0002F
0003D
00046
00049
00046
0003D
0002E
00019
00000
3FFE2
3FFC1
3FF9C
3FF75
3FF4D
3FF24
3FEFB
3FED4
3FEAF
3FE8D
3FE6E
3FE54
3FE3F
3FE2F
3FE25
3FE21
3FE22
3FE2A
3FE38
3FE4C
3FE65
3FE82
3FEA3
3FEC8
3FEEF
3FF18
3FF41
3FF6B
3FF93
3FFB9
3FFDD
3FFFD
00019
0002F
00041
0004C
00052
00051
0004A
0003D
0002B
00013
3FFF6
3FFD5
3FFB0
3FF89
3FF60
3FF35
3FF0B
3FEE2
3FEBA
3FE95
3FE74
3FE57
3FE3E
3FE2B
3FE1E
3FE17
3FE17
3FE1C
3FE28
3FE3A
3FE51
3FE6D
3FE8E
3FEB3
3FEDA
3FF04
3FF2F
3FF5A
3FF84
3FFAD
3FFD3
3FFF6
00015
0002F
00043
00052
0005B
0005D
00058
0004E
0003D
00026
0000A
3FFEA
3FFC5
3FF9D
3FF73
3FF48
3FF1C
3FEF1
3FEC7
3FE9F
3FE7A
3FE5A
3FE3F
3FE28
3FE18
3FE0E
3FE0A
3FE0D
3FE17
3FE27
3FE3C
3FE58
3FE78
3FE9C
3FEC4
3FEEF
3FF1B
3FF47
3FF74
3FF9F
3FFC8
3FFEE
00010
0002D
00045
00057
00063
00068
00066
0005E
0004F
0003B
00020
00000
3FFDC
3FFB4
3FF89
3FF5C
3FF2E
3FF01
3FED4
3FEAA
3FE82
3FE5E
3FE3F
3FE26
3FE12
3FE04
3FDFE
3FDFE
3FE05
3FE12
3FE26
3FE40
3FE5F
3FE84
3FEAC
3FED7
3FF04
3FF33
3FF62
3FF8F
3FFBB
3FFE4
0000A
0002B
00046
0005C
0006B
00073
00075
0006F
00063
00050
00036
00017
3FFF3
3FFCB
3FFA0
3FF72
3FF42
3FF12
3FEE3
3FEB5
3FE8B
3FE63
3FE41
3FE23
3FE0C
3FDFB
3FDF0
3FDED
3FDF1
3FDFC
3FE0E
3FE27
3FE45
3FE69
3FE91
3FEBD
3FEEB
3FF1C
3FF4D
3FF7D
3FFAC
3FFD9
00002
00026
00046
0005F
00072
0007E
00083
00081
00077
00066
0004E
00030
0000D
3FFE5
3FFB8
3FF89
3FF58
3FF26
3FEF4
3FEC3
3FE94
3FE69
3FE43
3FE21
3FE05
3FDF0
3FDE2
3FDDC
3FDDC
3FDE4
3FDF4
3FE0B
3FE28
3FE4B
3FE73
3FEA0
3FECF
3FF01
3FF35
3FF68
3FF9A
3FFCB
3FFF8
00020
00044
00062
00079
00089
00091
00092
0008C
0007D
00067
0004B
00028
00000
3FFD3
3FFA3
3FF6F
3FF3B
3FF06
3FED2
3FE9F
3FE70
3FE45
3FE1F
3FDFF
3FDE5
3FDD3
3FDC8
3FDC5
3FDCA
3FDD7
3FDEB
3FE07
3FE29
3FE51
3FE7E
3FEAF
3FEE3
3FF19
3FF4F
3FF85
3FFB9
3FFEA
00017
00040
00062
0007E
00093
0009F
000A4
000A1
00096
00082
00067
00046
0001E
3FFF0
3FFBF
3FF8A
3FF52
3FF1A
3FEE2
3FEAC
3FE78
3FE48
3FE1D
3FDF8
3FDD9
3FDC2
3FDB3
3FDAB
3FDAD
3FDB6
3FDC8
3FDE1
3FE02
3FE2A
3FE57
3FE89
3FEBF
3FEF7
3FF30
3FF6A
3FFA2
3FFD8
0000B
00038
00060
00081
0009B
000AD
000B6
000B7
000AF
0009E
00086
00065
0003E
00010
3FFDE
3FFA7
3FF6D
3FF31
3FEF5
3FEBA
3FE82
3FE4C
3FE1C
3FDF0
3FDCC
3FDAF
3FD9A
3FD8E
3FD8A
3FD90
3FD9E
3FDB5
3FDD5
3FDFB
3FE28
3FE5B
3FE93
3FECD
3FF0A
3FF48
3FF85
3FFC0
3FFF8
0002C
0005A
00081
000A1
000B8
000C7
000CC
000C9
000BC
000A6
00088
00061
00034
00000
3FFC7
3FF8B
3FF4C
3FF0B
3FECB
3FE8D
3FE51
3FE1A
3FDE8
3FDBD
3FD99
3FD7E
3FD6B
3FD62
3FD63
3FD6D
3FD80
3FD9D
3FDC2
3FDEF
3FE22
3FE5B
3FE98
3FED9
3FF1B
3FF5D
3FF9E
3FFDC
00016
0004B
0007A
000A1
000BF
000D5
000E0
000E2
000DA
000C8
000AC
00087
0005B
00026
3FFEC
3FFAD
3FF6A
3FF24
3FEDF
3FE99
3FE57
3FE18
3FDDE
3FDAA
3FD7E
3FD5B
3FD41
3FD30
3FD2A
3FD2F
3FD3D
3FD56
3FD78
3FDA4
3FDD7
3FE11
3FE50
3FE94
3FEDB
3FF23
3FF6A
3FFB0
3FFF2
00030
00067
00097
000BE
000DB
000EF
000F8
000F6
000E9
000D2
000B0
00085
00051
00015
3FFD3
3FF8C
3FF42
3FEF6
3FEA9
3FE5E
3FE15
3FDD2
3FD94
3FD5D
3FD2F
3FD0B
3FCF0
3FCE1
3FCDD
3FCE5
3FCF7
3FD15
3FD3D
3FD6E
3FDA8
3FDE9
3FE30
3FE7B
3FEC9
3FF17
3FF65
3FFB1
3FFF9
0003B
00076
000A8
000D1
000EF
00102
0010A
00105
000F5
000D8
000B1
0007F
00044
00000
3FFB6
3FF66
3FF12
3FEBD
3FE67
3FE13
3FDC3
3FD77
3FD32
3FCF5
3FCC2
3FC99
3FC7C
3FC6A
3FC66
3FC6D
3FC82
3FCA2
3FCCD
3FD04
3FD43
3FD8B
3FDD9
3FE2C
3FE82
3FED9
3FF30
3FF84
3FFD4
0001E
00060
00098
000C7
000EA
00100
00109
00105
000F4
000D6
000AA
00073
00031
3FFE6
3FF92
3FF38
3FED8
3FE76
3FE13
3FDB1
3FD52
3FCF7
3FCA4
3FC58
3FC16
3FBE0
3FBB6
3FB98
3FB89
3FB87
3FB94
3FBAE
3FBD6
3FC0A
3FC49
3FC93
3FCE5
3FD3E
3FD9C
3FDFD
3FE5F
3FEC0
3FF1F
3FF78
3FFCA
00014
00053
00087
000AD
000C5
000CF
000C9
000B4
0008F
0005B
00019
3FFC9
3FF6D
3FF06
3FE96
3FE1D
3FD9F
3FD1D
3FC99
3FC15
3FB93
3FB16
3FA9F
3FA31
3F9CE
3F976
3F92D
3F8F4
3F8CC
3F8B8
3F8B9
3F8D1
3F902
3F951
3F9C0
3FA58
3FB23
3FC33
3FDA8
3FFC4
00316
00899
03C65
34F3C
3A1F7
06CF4
00C51
39402
000EB
36CE0
02556
0A27A
018C1
38255
0421A
39EA0
13D2B
3EB34
07124
36D47
38F62
02147
056A7
0FC40
350A2
34D38
07FEF
07681
0621F
0041A
34E86
0E89F
3F8B9
3B4B0
02006
2FFF8
0025E
3FF00
364C8
0042C
3A16A
091EA
17ADC
3CB32
17247
00FDB
38009
34F96
003BD
35532
3AF77
09FFA
037B0
37B14
36E2F
0354E
397EC
355CC
05DB8
3B65E
076A8
3C4DE
03DFE
362B1
3D3A2
0D9C9
0CC19
3E975
3EAC8
34629
0314F
39EEF
09303
0A373
3E405
38099
06A55
3F845
36752
08F57
02340
2FE79
085CD
04A69
37A91
0681E
3D9AD
3E4B2
2DCB9
0DF68
0C446
011ED
0CB93
045D6
3E037
3C316
013ED
08F1F
3530F
0B920
3C8EC
3ACEE
357A0
396AF
072A2
375DB
343A9
37A19
3D118
022D9
08A9B
37797
3C36E
3B959
3BA4F
11D42
3A5D5
099D9
3D4BE
07403
15328
04BFB
3EE19
0953E
043F8
2EB7D
2F42F
0E570
3ED0C
32A4F
38EC4
306D0
0B8FB
008AF
0564C
03A0C
079AD
0756B
31B43
3606E
3FF91
12BCB
01F41
38809
0E1AA
3CE9C
02C90
32D0B
3DB09
337E6
04E31
2F7CD
3FCBB
0CEAD
137EA
3A0E5
3B5E2
3D305
05468
012D7
131EE
36237
351AC
07A7C
3EF21
0CB33
3A5E9
3CD89
07CF3
3B824
3B97B
37407
3DD56
007A2
3F046
30EB1
37946
0BA2F
014F2
077CC
351E3
08374
0E67B
3397E
028E9
0E958
3EA5C
1166C
364DB
2EDF1
346CB
3EC67
2A3BA
3D279
3686A
0B57F
07012
3E97A
02B6E
12EFD
0FA9E
0ECCA
05C4E
3AFFB
39D0A
3FBFA
084E9
0B929
37F3A
2106A
02A64
3AB10
03937
30F70
06A02
0D214
04A4E
3F634
0249C
3A6F8
3C001
0CB8E
2F714
3D4AB
040D1
3528D
02886
0279D
02CF4
3D5BA
03F55
3D536
3CFB5
057D5
0BD21
294CB
0AB6A
3170A
08573
05C8F
3334F
38EA1
01D43
07FD8
351B0
0AF6D
3F7E1
3133D
02161
02B01
00FA1
0901C
066BD
0AF0E
06451
06636
3AD66
0836E
383BC
0B8C7
021C4
05209
3D1B6
38125
07282
01893
01E33
016DF
33F52
2C5A3
37A43
310F6
00D12
32989
3A2F0
0EF12
36468
15328
3FF06
04CE5
3FA65
36AE7
038B9
0B08A
03558
3CADB
06943
3ED3A
2CADE
12B90
01EDE
377EE
3716F
3EB31
11CC7
30E89
0E7B7
0116C
3E862
31989
3811D
13B41
32012
0083F
02C4E
08EC9
04598
3DCAC
3AF5E
0514E
0550C
03AAB
08D44
009E4
37171
3B056
08B26
004D4
0261D
340F2
35CB3
08E2E
0711C
38E4A
01F23
00451
00CD5
29C19
3CE52
35C5C
06B6C
035B3
0CB8F
06E2E
3EBF2
3A096
2CFEF
02DA6
026B7
0727B
04ED3
3E2CF
0CC0F
2FAB6
3D90B
09C4D
12CAD
39256
386FD
04556
3A0BA
3CBDF
05634
0026E
0099E
3EF07
03261
2F2B2
10955
036F2
06CA9
35641
37A8A
3D3B0
3B5A5
3C6FB
0ABF8
123CB
38B6F
30560
002DF
016E2
029F5
00A46
3A418
35B17
076D5
3F053
0DE27
3F7BF
3C3BC
05ABB
11D93
3F09D
3D241
0C40D
39F02
39119
3F16D
399DE
3E3CD
3E620
01756
3071B
3C8B5
375B9
35B89
0D3E2
336AA
0A072
3FCF7
09564
36615
0247C
39002
087D4
0D28E
046F8
39DFC
0D131
36732
35C51
12151
3D330
016DA
3F2CE
381DB
01347
085E2
3D60A
04D3C
05ECC
339C8
33B2E
11FB8
30AB3
0313A
00E7C
00BF0
06A5D
004A4
090F1
09E42
30DE9
3FD82
3AD2D
3D232
3C653
3F0C5
07244
358AE
3E915
045BB
312C1
38C8D
358C4
07DBF
08571
0A5DF
08F2B
02F1A
347A8
35F6B
0BDB3
04C1E
0991A
007A9
0A856
08D80
3D9BC
356A9
361D7
0081D
340F8
03CF2
3C634
059DF
3281C
38B50
09F54
35AAC
3E6D5
03FA6
0820C
0408B
08AA9
03266
3CF02
3F84F
2C697
04699
3BF7C
3E6FA
0496A
3A900
0753C
00E56
385D8
13A70
0676D
0FD1C
12085
3C6D6
37952
3ABAC
36012
074AA
3C15F
3776E
04706
01656
3A3EA
3F0E3
349D0
00B21
3E5A5
0D0F8
37E38
2F06E
0422D
3A69F
375F7
1013F
343A4
3C682
3767D
3B7A0
02E38
2E153
2A751
3C40A
36E36
3C251
35B7C
35FC1
24F31
07D92
2A7BD
3D7AA
03B05
30EFE
049EB
1ADBF
314BC
3E3D2
3C1DA
3E638
3B30B
045C1
321E4
3DB1C
3AA51
3B0F8
000CA
3D6A4
36883
07D8A
3DAA1
32119
3AE87
3CBC3
352F5
02A27
01B3C
0383E
39C84
39EB8
3CE65
3F367
3C169
399A1
01D0C
061BB
00422
3377A
3A5A4
3A01D
0304E
0180A
05E2A
01EEB
0BB64
06851
38E38
3D859
33EFB
08B09
31A4E
3BBE5
098FE
00026
3D4CC
3F990
09F08
36BE0
3D24C
3CC11
3BCBC
3BC82
0B238
07DB2
3AC62
36F0F
098CD
3EA96
031EB
3A3ED
05B4D
08A3E
0938C
0C4A2
3A613
01BE6
075EB
07D06
3FB03
38C6F
005CF
05FDF
3758D
00C31
3E976
3D5C7
3038D
3A3C0
36AD0
3FA2D
3C19C
0D368
3DEE2
0849C
02E45
3C83A
3DC21
010C8
02C02
0D067
03638
3C578
0C838
0532F
3D2D6
3FACE
3897C
34A89
00B00
371E0
3AE34
125B8
27B31
3C006
3E06E
0EC96
09069
3C0DF
388FC
06CB9
08D10
02087
0307F
3A8C3
00FD5
0A25E
35AAB
097E6
0FAF6
0592B
3B945
30265
39E45
2C6F8
09843
07077
2E12F
3BEEB
09ED5
3A3A0
3D359
01F84
390D5
3BCEF
30E4C
3DB53
3C927
33CD0
0EEF7
064AD
08B74
05657
38F45
05EE2
3EE3D
3E6B0
02684
0D3CD
39687
3A7DB
07014
3E897
3B760
049C3
05BD4
3AE46
3560E
38B4A
043D8
3E4C0
03ED0
344A8
00816
083DE
0B945
053CB
342D6
04E65
083E8
05AC0
3A574
2E4EC
3453E
3A640
07499
1179D
136D8
32AE4
34D34
05E22
04D81
3FCB7
0A055
092ED
3CEC2
01F50
3988E
3ECA5
071FF
075A8
3BCC5
31CA3
0B814
3C2E0
02786
07DDA
0B1CA
2F900
3EB0C
0EFC4
2FF6E
3EE63
3BB65
31F67
047D2
056F9
02CFD
3D1E4
0794B
3ADE9
39AB4
3D11D
12972
01AE5
00EB6
34178
0ED4F
01E6F
39C91
29B85
31D9A
37199
3F701
3EB04
003D2
04233
3A8FC
3E6B9
19083
055D5
3E56A
3CB95
04B5B
3A6C8
30DB6
0A66C
002CE
3A5D2
02B6E
3A484
318BD
3D9FF
07DE2
383DA
2DB92
0752D
3C5EE
05575
07DEC
35C98
3FD95
3ECB3
0112A
0CA70
38F9B
0BAE7
0535D
0470E
03760
3C270
0C13F
01386
116AD
022B8
00227
376B3
3706F
0C57C
08F4B
07766
045EE
0288E
016DA
3C499
3A1D8
3135D
03F2B
373C1
3AC01
38EA0
3EB31
08984
323C7
3B098
3EB19
1692E
048E7
02E5C
3DDDD
3FAF5
00768
04429
39C7B
06718
39A45
0847C
3CFE1
00F01
012F7
2C79A
3CFE5
09E6A
0780B
3EB88
3FA58
2EE69
3B69A
02525
08C45
3EB14
30A43
34A72
04A66
3D873
391FA
375FC
3895C
04D45
36ED4
3BB5C
0ADBB
0FBAF
2A2D4
0B9F2
3D594
38A5E
0365A
0E195
01C81
3B820
3EDCF
02FA3
01A6A
0CE53
04D4B
1256D
08630
3CB84
0122F
069BC
35DC3
0F62E
32D71
00040
3992F
05A49
02646
37734
05D97
3E4C1
35696
33B71
09F2D
040C2
3BD4C
3972A
38899
0138E
05B61
047E2
3C491
3A486
02A32
3BF8E
3A6F4
0AB6D
31FCF
1528B
35076
0B6EC
37615
3A2B0
312D1
033F6
08BC5
3AEFF
3991B
0281A
0ED2B
3ED9A
02134
3A525
3D6AC
0A18D
31D1E
3C469
0846E
081A8
3AA93
13DC2
0EBDC
08787
3AB70
3C45E
009F4
2C52B
08620
0136A
02B71
3D354
32582
3FFB6
34309
040DE
3A972
366C7
06665
356C2
0C9C0
0B1CF
3EA1C
2FA7F
06807
38FCB
3BC48
3D422
0BD68
08AF0
07CCB
2D97C
06B74
08B21
0CDF1
332CF
34807
312D0
05A8F
30EEE
37A4C
08E6F
0BA47
0588F
39E47
018FC
040A6
3FD75
3DCD6
0619D
382DD
063C2
3D28D
07239
38F9F
0226D
030DA
3AD86
3D1B7
386CC
0F034
13981
38526
0B0B3
3EF7D
04E2D
021E2
386A5
0336D
3B585
36DF1
06834
3A62E
38CA3
3553E
3C116
07611
2C4DF
02CD7
2D9BD
023F4
3D8B6
3CEEA
0C77A
12002
0D1FC
062C2
02C10
06E6A
07802
32E0D
083B9
304F0
3D200
3CC4E
05145
36A25
38AAF
3FA52
119E8
3F71D
01590
02018
3D25C
3D92F
3DB4D
3D957
05625
369C9
397B8
3F6F7
3DBEE
0C26C
32741
3FB84
021BB
39987
04AC0
39F0B
004AA
05D48
08D38
3853B
028F5
00A0A
00A97
00A2E
00999
008E6
0081B
0073D
00651
0055C
00463
0036A
00275
00189
000A9
3FFD9
3FF1C
3FE74
3FDE5
3FD70
3FD16
3FCD8
3FCB6
3FCAF
3FCC3
3FCF1
3FD37
3FD91
3FDFF
3FE7C
3FF06
3FF9A
00034
000D0
0016B
00202
00291
00316
0038E
003F6
0044D
00491
004C1
004DC
004E2
004D3
004B0
0047A
00432
003DA
00375
00304
0028A
0020A
00187
00103
00081
00005
3FF8F
3FF24
3FEC4
3FE72
3FE30
3FDFD
3FDDC
3FDCC
3FDCE
3FDE1
3FE04
3FE36
3FE76
3FEC3
3FF1A
3FF79
3FFDD
00046
000B0
00118
0017D
001DC
00233
00281
002C3
002F9
00320
0033A
00344
0033F
0032B
00309
002DA
0029E
00258
00208
001B1
00154
000F4
00093
00032
3FFD4
3FF7C
3FF29
3FEE0
3FEA0
3FE6B
3FE43
3FE28
3FE19
3FE19
3FE25
3FE3F
3FE65
3FE95
3FED0
3FF14
3FF5E
3FFAD
00000
00054
000A8
000F9
00147
0018E
001CE
00206
00233
00256
0026D
00277
00276
00269
00250
0022B
001FD
001C5
00186
00140
000F5
000A7
00057
00008
3FFBA
3FF70
3FF2C
3FEEE
3FEB8
3FE8B
3FE68
3FE4F
3FE42
3FE40
3FE49
3FE5C
3FE7B
3FEA2
3FED3
3FF0A
3FF48
3FF8B
3FFD1
00018
0005F
000A5
000E7
00125
0015D
0018E
001B6
001D6
001EB
001F7
001F8
001EE
001DB
001BE
00198
0016A
00134
000F9
000BA
00077
00033
3FFEF
3FFAB
3FF6B
3FF2F
3FEF9
3FEC9
3FEA0
3FE80
3FE6A
3FE5C
3FE59
3FE5F
3FE6E
3FE87
3FEA8
3FED1
3FF01
3FF36
3FF70
3FFAD
3FFEB
0002A
00067
000A3
000DA
0010C
00139
0015E
0017B
00190
0019C
0019F
00199
00189
00171
00151
0012A
000FC
000C9
00092
00058
0001B
3FFDF
3FFA3
3FF6A
3FF33
3FF02
3FED6
3FEB1
3FE93
3FE7D
3FE70
3FE6B
3FE6F
3FE7B
3FE8F
3FEAC
3FECF
3FEF8
3FF27
3FF5A
3FF90
3FFC8
00000
00038
0006D
000A0
000CE
000F7
0011A
00136
0014B
00157
0015C
00158
0014C
00138
0011D
000FB
000D3
000A6
00075
00041
0000B
3FFD5
3FF9E
3FF6A
3FF38
3FF0B
3FEE2
3FEBF
3FEA3
3FE8D
3FE7F
3FE79
3FE7B
3FE84
3FE95
3FEAD
3FECC
3FEF1
3FF1A
3FF48
3FF78
3FFAB
3FFDE
00011
00042
00071
0009C
000C3
000E4
00100
00114
00121
00127
00126
0011D
0010C
000F5
000D7
000B4
0008C
00060
00031
00000
3FFCE
3FF9C
3FF6C
3FF3E
3FF13
3FEED
3FECB
3FEB0
3FE9B
3FE8C
3FE85
3FE85
3FE8C
3FE9A
3FEAE
3FEC9
3FEEA
3FF0F
3FF38
3FF64
3FF92
3FFC1
3FFF0
0001E
0004A
00073
00098
000B8
000D3
000E7
000F5
000FC
000FD
000F6
000E9
000D5
000BB
0009C
00078
00050
00025
3FFF8
3FFCA
3FF9C
3FF6F
3FF44
3FF1B
3FEF7
3FED6
3FEBC
3FEA6
3FE97
3FE8F
3FE8D
3FE92
3FE9D
3FEAF
3FEC7
3FEE3
3FF05
3FF2A
3FF53
3FF7D
3FFA9
3FFD5
00000
00029
00050
00074
00093
000AD
000C1
000D0
000D9
000DB
000D6
000CB
000BB
000A4
00088
00068
00044
0001C
3FFF3
3FFC8
3FF9D
3FF73
3FF4A
3FF23
3FF00
3FEE1
3FEC6
3FEB1
3FEA1
3FE98
3FE95
3FE98
3FEA1
3FEB0
3FEC4
3FEDE
3FEFC
3FF1E
3FF43
3FF6B
3FF94
3FFBD
3FFE6
0000D
00032
00054
00072
0008C
000A1
000B1
000BA
000BE
000BB
000B3
000A5
00091
00078
0005B
0003A
00016
3FFEF
3FFC7
3FF9F
3FF77
3FF50
3FF2B
3FF09
3FEEB
3FED0
3FEBB
3FEAB
3FEA0
3FE9B
3FE9D
3FEA4
3FEB0
3FEC2
3FED9
3FEF4
3FF14
3FF36
3FF5B
3FF81
3FFA8
3FFCE
3FFF4
00018
00039
00056
00070
00085
00095
000A0
000A5
000A4
0009E
00092
00081
0006B
00050
00032
00011
3FFED
3FFC7
3FFA1
3FF7B
3FF56
3FF33
3FF12
3FEF4
3FEDA
3FEC4
3FEB3
3FEA8
3FEA2
3FEA1
3FEA6
3FEB1
3FEC0
3FED5
3FEEE
3FF0A
3FF2A
3FF4C
3FF70
3FF95
3FFB9
3FFDE
00000
00020
0003D
00057
0006C
0007D
00089
0008F
00090
0008B
00082
00073
0005F
00047
0002C
0000D
3FFEB
3FFC8
3FFA4
3FF80
3FF5C
3FF3A
3FF1A
3FEFD
3FEE3
3FECD
3FEBC
3FEAF
3FEA8
3FEA6
3FEA9
3FEB2
3FEBF
3FED1
3FEE8
3FF02
3FF1F
3FF3F
3FF61
3FF84
3FFA7
3FFC9
3FFEB
0000A
00027
00040
00056
00067
00074
0007C
0007E
0007B
00074
00067
00056
00040
00027
0000A
3FFEB
3FFCA
3FFA8
3FF85
3FF63
3FF42
3FF22
3FF05
3FEEC
3FED6
3FEC4
3FEB6
3FEAE
3FEAA
3FEAC
3FEB3
3FEBE
3FECE
3FEE2
3FEFA
3FF15
3FF33
3FF53
3FF74
3FF96
3FFB7
3FFD8
3FFF6
00013
0002C
00042
00054
00061
0006A
0006E
0006D
00067
0005C
0004D
0003A
00022
00008
3FFEB
3FFCC
3FFAB
3FF8A
3FF69
3FF49
3FF2A
3FF0E
3FEF4
3FEDE
3FECC
3FEBD
3FEB4
3FEAF
3FEAF
3FEB4
3FEBD
3FECB
3FEDD
3FEF3
3FF0D
3FF29
3FF47
3FF66
3FF86
3FFA6
3FFC6
3FFE4
00000
00019
00030
00042
00050
0005A
0005F
00060
0005C
00053
00046
00034
0001F
00006
3FFEB
3FFCE
3FFAF
3FF8F
3FF6F
3FF50
3FF32
3FF16
3FEFD
3FEE6
3FED3
3FEC4
3FEBA
3FEB3
3FEB2
3FEB5
3FEBD
3FEC9
3FED9
3FEED
3FF05
3FF1F
3FF3B
3FF59
3FF78
3FF97
3FFB6
3FFD3
3FFEF
00008
0001F
00031
00041
0004C
00052
00054
00052
0004A
0003F
0002F
0001C
00005
3FFEC
3FFD0
3FFB3
3FF94
3FF76
3FF57
3FF3A
3FF1E
3FF05
3FEEE
3FEDB
3FECB
3FEBF
3FEB8
3FEB5
3FEB7
3FEBD
3FEC7
3FED6
3FEE8
3FEFD
3FF16
3FF31
3FF4D
3FF6B
3FF89
3FFA7
3FFC3
3FFDF
3FFF8
0000F
00022
00032
0003E
00046
00049
00048
00043
00039
0002B
0001A
00005
3FFED
3FFD3
3FFB7
3FF9A
3FF7C
3FF5E
3FF42
3FF26
3FF0D
3FEF6
3FEE2
3FED2
3FEC5
3FEBD
3FEB8
3FEB8
3FEBD
3FEC6
3FED2
3FEE3
3FEF7
3FF0E
3FF27
3FF42
3FF5E
3FF7B
3FF98
3FFB5
3FFD0
3FFE9
00000
00014
00025
00031
0003A
0003F
0003F
0003C
00033
00027
00018
00004
3FFEE
3FFD6
3FFBB
3FF9F
3FF82
3FF66
3FF49
3FF2E
3FF15
3FEFE
3FEE9
3FED8
3FECB
3FEC1
3FEBC
3FEBB
3FEBD
3FEC5
3FED0
3FEDF
3FEF1
3FF06
3FF1E
3FF38
3FF53
3FF6F
3FF8B
3FFA7
3FFC2
3FFDB
3FFF2
00006
00018
00025
0002F
00035
00037
00035
0002E
00024
00016
00004
3FFEF
3FFD8
3FFBF
3FFA4
3FF89
3FF6D
3FF51
3FF36
3FF1D
3FF05
3FEF1
3FEDF
3FED1
3FEC6
3FEBF
3FEBD
3FEBE
3FEC4
3FECD
3FEDB
3FEEB
3FEFF
3FF16
3FF2E
3FF48
3FF63
3FF7F
3FF9A
3FFB5
3FFCE
3FFE5
3FFFA
0000C
0001A
00025
0002C
0002F
0002F
0002A
00021
00014
00004
3FFF1
3FFDB
3FFC3
3FFA9
3FF8F
3FF73
3FF58
3FF3E
3FF25
3FF0D
3FEF8
3FEE6
3FED7
3FECB
3FEC3
3FEBF
3FEBF
3FEC4
3FECC
3FED7
3FEE6
3FEF9
3FF0E
3FF25
3FF3E
3FF58
3FF73
3FF8E
3FFA8
3FFC1
3FFD8
3FFEE
00000
0000F
0001B
00024
00028
00029
00025
0001E
00013
00004
3FFF2
3FFDE
3FFC7
3FFAF
3FF95
3FF7A
3FF60
3FF45
3FF2C
3FF15
3FEFF
3FEED
3FEDD
3FED0
3FEC7
3FEC2
3FEC1
3FEC4
3FECA
3FED4
3FEE2
3FEF3
3FF07
3FF1D
3FF35
3FF4E
3FF68
3FF82
3FF9C
3FFB5
3FFCC
3FFE2
3FFF5
00005
00012
0001B
00021
00023
00021
0001B
00011
00004
3FFF4
3FFE1
3FFCB
3FFB4
3FF9B
3FF81
3FF67
3FF4D
3FF34
3FF1D
3FF07
3FEF3
3FEE3
3FED5
3FECB
3FEC5
3FEC3
3FEC4
3FEC9
3FED2
3FEDE
3FEEE
3FF00
3FF15
3FF2C
3FF44
3FF5D
3FF77
3FF91
3FFA9
3FFC1
3FFD7
3FFEA
3FFFB
00009
00013
0001A
0001D
0001C
00018
00010
00004
3FFF5
3FFE3
3FFCF
3FFB9
3FFA1
3FF88
3FF6E
3FF55
3FF3C
3FF24
3FF0E
3FEFA
3FEE9
3FEDB
3FED0
3FEC8
3FEC5
3FEC5
3FEC8
3FED0
3FEDB
3FEE9
3FEFA
3FF0D
3FF23
3FF3B
3FF53
3FF6C
3FF86
3FF9E
3FFB6
3FFCC
3FFE0
3FFF1
00000
0000B
00013
00018
00018
00015
0000E
00004
3FFF7
3FFE6
3FFD3
3FFBE
3FFA7
3FF8E
3FF75
3FF5C
3FF44
3FF2C
3FF16
3FF01
3FEF0
3FEE0
3FED4
3FECC
3FEC7
3FEC6
3FEC8
3FECE
3FED7
3FEE4
3FEF4
3FF06
3FF1B
3FF32
3FF4A
3FF62
3FF7B
3FF93
3FFAB
3FFC1
3FFD6
3FFE8
3FFF7
00004
0000D
00012
00014
00013
0000D
00004
3FFF8
3FFE9
3FFD7
3FFC3
3FFAC
3FF95
3FF7D
3FF64
3FF4B
3FF34
3FF1D
3FF09
3FEF6
3FEE6
3FED9
3FED0
3FEC9
3FEC7
3FEC8
3FECD
3FED5
3FEE0
3FEEF
3FF00
3FF14
3FF29
3FF40
3FF58
3FF71
3FF89
3FFA1
3FFB7
3FFCC
3FFDF
3FFEF
3FFFC
00006
0000D
00010
00010
0000C
00004
3FFF9
3FFEB
3FFDB
3FFC7
3FFB2
3FF9B
3FF84
3FF6B
3FF53
3FF3B
3FF25
3FF10
3FEFD
3FEEC
3FEDE
3FED4
3FECC
3FEC8
3FEC8
3FECC
3FED2
3FEDD
3FEEA
3FEFA
3FF0D
3FF21
3FF38
3FF4F
3FF67
3FF7F
3FF97
3FFAD
3FFC3
3FFD6
3FFE7
3FFF5
00000
00008
0000C
0000D
0000A
00004
3FFFB
3FFEE
3FFDE
3FFCC
3FFB8
3FFA2
3FF8B
3FF73
3FF5B
3FF43
3FF2C
3FF17
3FF03
3FEF2
3FEE4
3FED8
3FECF
3FECA
3FEC9
3FECB
3FED0
3FED9
3FEE5
3FEF4
3FF06
3FF1A
3FF2F
3FF46
3FF5E
3FF75
3FF8D
3FFA4
3FFB9
3FFCD
3FFDF
3FFEE
3FFFA
00003
00008
0000A
00009
00004
3FFFC
3FFF0
3FFE2
3FFD1
3FFBD
3FFA8
3FF92
3FF7A
3FF62
3FF4B
3FF34
3FF1E
3FF0A
3FEF8
3FEE9
3FEDC
3FED3
3FECD
3FECA
3FECB
3FECF
3FED6
3FEE1
3FEEF
3FF00
3FF12
3FF27
3FF3D
3FF54
3FF6C
3FF83
3FF9A
3FFB0
3FFC4
3FFD7
3FFE6
3FFF3
3FFFD
00004
00007
00007
00004
3FFFD
3FFF2
3FFE5
3FFD5
3FFC3
3FFAE
3FF98
3FF82
3FF6A
3FF53
3FF3C
3FF26
3FF11
3FEFF
3FEEF
3FEE1
3FED6
3FECF
3FECB
3FECB
3FECE
3FED4
3FEDE
3FEEA
3FEFA
3FF0C
3FF1F
3FF35
3FF4C
3FF63
3FF7A
3FF91
3FFA7
3FFBC
3FFCF
3FFDF
3FFED
3FFF8
00000
00005
00006
00003
3FFFD
3FFF4
3FFE8
3FFD9
3FFC8
3FFB5
3FF9F
3FF89
3FF72
3FF5B
3FF44
3FF2D
3FF19
3FF05
3FEF4
3FEE6
3FEDA
3FED2
3FECD
3FECB
3FECD
3FED2
3FEDA
3FEE6
3FEF4
3FF05
3FF18
3FF2D
3FF43
3FF5A
3FF71
3FF88
3FF9E
3FFB3
3FFC7
3FFD8
3FFE7
3FFF3
3FFFC
00002
00004
00003
3FFFE
3FFF6
3FFEB
3FFDE
3FFCD
3FFBB
3FFA6
3FF90
3FF7A
3FF62
3FF4B
3FF35
3FF20
3FF0C
3FEFA
3FEEB
3FEDF
3FED5
3FECF
3FECC
3FECC
3FED0
3FED7
3FEE2
3FEEF
3FEFF
3FF11
3FF25
3FF3B
3FF51
3FF68
3FF7F
3FF96
3FFAB
3FFBF
3FFD1
3FFE1
3FFEE
3FFF8
3FFFE
00002
00002
3FFFF
3FFF8
3FFEF
3FFE2
3FFD2
3FFC1
3FFAD
3FF98
3FF81
3FF6A
3FF53
3FF3D
3FF27
3FF13
3FF01
3FEF1
3FEE3
3FED9
3FED1
3FECD
3FECC
3FECF
3FED5
3FEDE
3FEEA
3FEF9
3FF0A
3FF1E
3FF33
3FF49
3FF5F
3FF76
3FF8D
3FFA3
3FFB7
3FFCA
3FFDA
3FFE8
3FFF3
3FFFB
00000
00001
3FFFF
3FFFA
3FFF1
3FFE6
3FFD7
3FFC6
3FFB3
3FF9F
3FF89
3FF72
3FF5B
3FF45
3FF2F
3FF1A
3FF07
3FEF6
3FEE8
3FEDC
3FED4
3FECE
3FECC
3FECE
3FED2
3FEDA
3FEE6
3FEF3
3FF04
3FF16
3FF2B
3FF40
3FF57
3FF6E
3FF84
3FF9A
3FFAF
3FFC3
3FFD4
3FFE3
3FFEF
3FFF8
3FFFE
00000
00000
3FFFC
3FFF4
3FFEA
3FFDC
3FFCC
3FFBA
3FFA6
3FF91
3FF7A
3FF63
3FF4D
3FF37
3FF21
3FF0E
3FEFC
3FEED
3FEE0
3FED7
3FED0
3FECD
3FECD
3FED1
3FED7
3FEE1
3FEEE
3FEFE
3FF10
3FF23
3FF38
3FF4F
3FF65
3FF7C
3FF92
3FFA8
3FFBC
3FFCD
3FFDD
3FFEA
3FFF5
3FFFC
3FFFF
00000
3FFFD
3FFF7
3FFED
3FFE1
3FFD2
3FFC1
3FFAD
3FF98
3FF82
3FF6C
3FF55
3FF3E
3FF29
3FF15
3FF02
3FEF2
3FEE5
3FEDA
3FED2
3FECE
3FECD
3FECF
3FED5
3FEDD
3FEE9
3FEF8
3FF09
3FF1C
3FF31
3FF46
3FF5D
3FF74
3FF8A
3FFA0
3FFB4
3FFC7
3FFD8
3FFE6
3FFF1
3FFF9
3FFFE
00000
3FFFE
3FFF9
3FFF1
3FFE6
3FFD8
3FFC7
3FFB4
3FFA0
3FF8A
3FF74
3FF5D
3FF46
3FF31
3FF1C
3FF09
3FEF8
3FEE9
3FEDD
3FED5
3FECF
3FECD
3FECE
3FED2
3FEDA
3FEE5
3FEF2
3FF02
3FF15
3FF29
3FF3E
3FF55
3FF6C
3FF82
3FF98
3FFAD
3FFC1
3FFD2
3FFE1
3FFED
3FFF7
3FFFD
00000
3FFFF
3FFFC
3FFF5
3FFEA
3FFDD
3FFCD
3FFBC
3FFA8
3FF92
3FF7C
3FF65
3FF4F
3FF38
3FF23
3FF10
3FEFE
3FEEE
3FEE1
3FED7
3FED1
3FECD
3FECD
3FED0
3FED7
3FEE0
3FEED
3FEFC
3FF0E
3FF21
3FF37
3FF4D
3FF63
3FF7A
3FF91
3FFA6
3FFBA
3FFCC
3FFDC
3FFEA
3FFF4
3FFFC
00000
00000
3FFFE
3FFF8
3FFEF
3FFE3
3FFD4
3FFC3
3FFAF
3FF9A
3FF84
3FF6E
3FF57
3FF40
3FF2B
3FF16
3FF04
3FEF3
3FEE6
3FEDA
3FED2
3FECE
3FECC
3FECE
3FED4
3FEDC
3FEE8
3FEF6
3FF07
3FF1A
3FF2F
3FF45
3FF5B
3FF72
3FF89
3FF9F
3FFB3
3FFC6
3FFD7
3FFE6
3FFF1
3FFFA
3FFFF
00001
00000
3FFFB
3FFF3
3FFE8
3FFDA
3FFCA
3FFB7
3FFA3
3FF8D
3FF76
3FF5F
3FF49
3FF33
3FF1E
3FF0A
3FEF9
3FEEA
3FEDE
3FED5
3FECF
3FECC
3FECD
3FED1
3FED9
3FEE3
3FEF1
3FF01
3FF13
3FF27
3FF3D
3FF53
3FF6A
3FF81
3FF98
3FFAD
3FFC1
3FFD2
3FFE2
3FFEF
3FFF8
3FFFF
00002
00002
3FFFE
3FFF8
3FFEE
3FFE1
3FFD1
3FFBF
3FFAB
3FF96
3FF7F
3FF68
3FF51
3FF3B
3FF25
3FF11
3FEFF
3FEEF
3FEE2
3FED7
3FED0
3FECC
3FECC
3FECF
3FED5
3FEDF
3FEEB
3FEFA
3FF0C
3FF20
3FF35
3FF4B
3FF62
3FF7A
3FF90
3FFA6
3FFBB
3FFCD
3FFDE
3FFEB
3FFF6
3FFFE
00003
00004
00002
3FFFC
3FFF3
3FFE7
3FFD8
3FFC7
3FFB3
3FF9E
3FF88
3FF71
3FF5A
3FF43
3FF2D
3FF18
3FF05
3FEF4
3FEE6
3FEDA
3FED2
3FECD
3FECB
3FECD
3FED2
3FEDA
3FEE6
3FEF4
3FF05
3FF19
3FF2D
3FF44
3FF5B
3FF72
3FF89
3FF9F
3FFB5
3FFC8
3FFD9
3FFE8
3FFF4
3FFFD
00003
00006
00005
00000
3FFF8
3FFED
3FFDF
3FFCF
3FFBC
3FFA7
3FF91
3FF7A
3FF63
3FF4C
3FF35
3FF1F
3FF0C
3FEFA
3FEEA
3FEDE
3FED4
3FECE
3FECB
3FECB
3FECF
3FED6
3FEE1
3FEEF
3FEFF
3FF11
3FF26
3FF3C
3FF53
3FF6A
3FF82
3FF98
3FFAE
3FFC3
3FFD5
3FFE5
3FFF2
3FFFD
00004
00007
00007
00004
3FFFD
3FFF3
3FFE6
3FFD7
3FFC4
3FFB0
3FF9A
3FF83
3FF6C
3FF54
3FF3D
3FF27
3FF12
3FF00
3FEEF
3FEE1
3FED6
3FECF
3FECB
3FECA
3FECD
3FED3
3FEDC
3FEE9
3FEF8
3FF0A
3FF1E
3FF34
3FF4B
3FF62
3FF7A
3FF92
3FFA8
3FFBD
3FFD1
3FFE2
3FFF0
3FFFC
00004
00009
0000A
00008
00003
3FFFA
3FFEE
3FFDF
3FFCD
3FFB9
3FFA4
3FF8D
3FF75
3FF5E
3FF46
3FF2F
3FF1A
3FF06
3FEF4
3FEE5
3FED9
3FED0
3FECB
3FEC9
3FECA
3FECF
3FED8
3FEE4
3FEF2
3FF03
3FF17
3FF2C
3FF43
3FF5B
3FF73
3FF8B
3FFA2
3FFB8
3FFCC
3FFDE
3FFEE
3FFFB
00004
0000A
0000D
0000C
00008
00000
3FFF5
3FFE7
3FFD6
3FFC3
3FFAD
3FF97
3FF7F
3FF67
3FF4F
3FF38
3FF21
3FF0D
3FEFA
3FEEA
3FEDD
3FED2
3FECC
3FEC8
3FEC8
3FECC
3FED4
3FEDE
3FEEC
3FEFD
3FF10
3FF25
3FF3B
3FF53
3FF6B
3FF84
3FF9B
3FFB2
3FFC7
3FFDB
3FFEB
3FFF9
00004
0000C
00010
00010
0000D
00006
3FFFC
3FFEF
3FFDF
3FFCC
3FFB7
3FFA1
3FF89
3FF71
3FF58
3FF40
3FF29
3FF14
3FF00
3FEEF
3FEE0
3FED5
3FECD
3FEC8
3FEC7
3FEC9
3FED0
3FED9
3FEE6
3FEF6
3FF09
3FF1D
3FF34
3FF4B
3FF64
3FF7D
3FF95
3FFAC
3FFC3
3FFD7
3FFE9
3FFF8
00004
0000D
00013
00014
00012
0000D
00004
3FFF7
3FFE8
3FFD6
3FFC1
3FFAB
3FF93
3FF7B
3FF62
3FF4A
3FF32
3FF1B
3FF06
3FEF4
3FEE4
3FED7
3FECE
3FEC8
3FEC6
3FEC7
3FECC
3FED4
3FEE0
3FEF0
3FF01
3FF16
3FF2C
3FF44
3FF5C
3FF75
3FF8E
3FFA7
3FFBE
3FFD3
3FFE6
3FFF7
00004
0000E
00015
00018
00018
00013
0000B
00000
3FFF1
3FFE0
3FFCC
3FFB6
3FF9E
3FF86
3FF6C
3FF53
3FF3B
3FF23
3FF0D
3FEFA
3FEE9
3FEDB
3FED0
3FEC8
3FEC5
3FEC5
3FEC8
3FED0
3FEDB
3FEE9
3FEFA
3FF0E
3FF24
3FF3C
3FF55
3FF6E
3FF88
3FFA1
3FFB9
3FFCF
3FFE3
3FFF5
00004
00010
00018
0001C
0001D
0001A
00013
00009
3FFFB
3FFEA
3FFD7
3FFC1
3FFA9
3FF91
3FF77
3FF5D
3FF44
3FF2C
3FF15
3FF00
3FEEE
3FEDE
3FED2
3FEC9
3FEC4
3FEC3
3FEC5
3FECB
3FED5
3FEE3
3FEF3
3FF07
3FF1D
3FF34
3FF4D
3FF67
3FF81
3FF9B
3FFB4
3FFCB
3FFE1
3FFF4
00004
00011
0001B
00021
00023
00021
0001B
00012
00005
3FFF5
3FFE2
3FFCC
3FFB5
3FF9C
3FF82
3FF68
3FF4E
3FF35
3FF1D
3FF07
3FEF3
3FEE2
3FED4
3FECA
3FEC4
3FEC1
3FEC2
3FEC7
3FED0
3FEDD
3FEED
3FEFF
3FF15
3FF2C
3FF45
3FF60
3FF7A
3FF95
3FFAF
3FFC7
3FFDE
3FFF2
00004
00013
0001E
00025
00029
00028
00024
0001B
0000F
00000
3FFEE
3FFD8
3FFC1
3FFA8
3FF8E
3FF73
3FF58
3FF3E
3FF25
3FF0E
3FEF9
3FEE6
3FED7
3FECC
3FEC4
3FEBF
3FEBF
3FEC3
3FECB
3FED7
3FEE6
3FEF8
3FF0D
3FF25
3FF3E
3FF58
3FF73
3FF8F
3FFA9
3FFC3
3FFDB
3FFF1
00004
00014
00021
0002A
0002F
0002F
0002C
00025
0001A
0000C
3FFFA
3FFE5
3FFCE
3FFB5
3FF9A
3FF7F
3FF63
3FF48
3FF2E
3FF16
3FEFF
3FEEB
3FEDB
3FECD
3FEC4
3FEBE
3FEBD
3FEBF
3FEC6
3FED1
3FEDF
3FEF1
3FF05
3FF1D
3FF36
3FF51
3FF6D
3FF89
3FFA4
3FFBF
3FFD8
3FFEF
00004
00016
00024
0002E
00035
00037
00035
0002F
00025
00018
00006
3FFF2
3FFDB
3FFC2
3FFA7
3FF8B
3FF6F
3FF53
3FF38
3FF1E
3FF06
3FEF1
3FEDF
3FED0
3FEC5
3FEBD
3FEBB
3FEBC
3FEC1
3FECB
3FED8
3FEE9
3FEFE
3FF15
3FF2E
3FF49
3FF66
3FF82
3FF9F
3FFBB
3FFD6
3FFEE
00004
00018
00027
00033
0003C
0003F
0003F
0003A
00031
00025
00014
00000
3FFE9
3FFD0
3FFB5
3FF98
3FF7B
3FF5E
3FF42
3FF27
3FF0E
3FEF7
3FEE3
3FED2
3FEC6
3FEBD
3FEB8
3FEB8
3FEBD
3FEC5
3FED2
3FEE2
3FEF6
3FF0D
3FF26
3FF42
3FF5E
3FF7C
3FF9A
3FFB7
3FFD3
3FFED
00005
0001A
0002B
00039
00043
00048
00049
00046
0003E
00032
00022
0000F
3FFF8
3FFDF
3FFC3
3FFA7
3FF89
3FF6B
3FF4D
3FF31
3FF16
3FEFD
3FEE8
3FED6
3FEC7
3FEBD
3FEB7
3FEB5
3FEB8
3FEBF
3FECB
3FEDB
3FEEE
3FF05
3FF1E
3FF3A
3FF57
3FF76
3FF94
3FFB3
3FFD0
3FFEC
00005
0001C
0002F
0003F
0004A
00052
00054
00052
0004C
00041
00031
0001F
00008
3FFEF
3FFD3
3FFB6
3FF97
3FF78
3FF59
3FF3B
3FF1F
3FF05
3FEED
3FED9
3FEC9
3FEBD
3FEB5
3FEB2
3FEB3
3FEBA
3FEC4
3FED3
3FEE6
3FEFD
3FF16
3FF32
3FF50
3FF6F
3FF8F
3FFAF
3FFCE
3FFEB
00006
0001F
00034
00046
00053
0005C
00060
0005F
0005A
00050
00042
00030
00019
00000
3FFE4
3FFC6
3FFA6
3FF86
3FF66
3FF47
3FF29
3FF0D
3FEF3
3FEDD
3FECB
3FEBD
3FEB4
3FEAF
3FEAF
3FEB4
3FEBD
3FECC
3FEDE
3FEF4
3FF0E
3FF2A
3FF49
3FF69
3FF8A
3FFAB
3FFCC
3FFEB
00008
00022
0003A
0004D
0005C
00067
0006D
0006E
0006A
00061
00054
00042
0002C
00013
3FFF6
3FFD8
3FFB7
3FF96
3FF74
3FF53
3FF33
3FF15
3FEFA
3FEE2
3FECE
3FEBE
3FEB3
3FEAC
3FEAA
3FEAE
3FEB6
3FEC4
3FED6
3FEEC
3FF05
3FF22
3FF42
3FF63
3FF85
3FFA8
3FFCA
3FFEB
0000A
00027
00040
00056
00067
00074
0007B
0007E
0007C
00074
00067
00056
00040
00027
0000A
3FFEB
3FFC9
3FFA7
3FF84
3FF61
3FF3F
3FF1F
3FF02
3FEE8
3FED1
3FEBF
3FEB2
3FEA9
3FEA6
3FEA8
3FEAF
3FEBC
3FECD
3FEE3
3FEFD
3FF1A
3FF3A
3FF5C
3FF80
3FFA4
3FFC8
3FFEB
0000D
0002C
00047
0005F
00073
00082
0008B
00090
0008F
00089
0007D
0006C
00057
0003D
00020
00000
3FFDE
3FFB9
3FF95
3FF70
3FF4C
3FF2A
3FF0A
3FEEE
3FED5
3FEC0
3FEB1
3FEA6
3FEA1
3FEA2
3FEA8
3FEB3
3FEC4
3FEDA
3FEF4
3FF12
3FF33
3FF56
3FF7B
3FFA1
3FFC7
3FFED
00011
00032
00050
0006B
00081
00092
0009E
000A4
000A5
000A0
00095
00085
00070
00056
00039
00018
3FFF4
3FFCE
3FFA8
3FF81
3FF5B
3FF36
3FF14
3FEF4
3FED9
3FEC2
3FEB0
3FEA4
3FE9D
3FE9B
3FEA0
3FEAB
3FEBB
3FED0
3FEEB
3FF09
3FF2B
3FF50
3FF77
3FF9F
3FFC7
3FFEF
00016
0003A
0005B
00078
00091
000A5
000B3
000BB
000BE
000BA
000B1
000A1
0008C
00072
00054
00032
0000D
3FFE6
3FFBD
3FF94
3FF6B
3FF43
3FF1E
3FEFC
3FEDE
3FEC4
3FEB0
3FEA1
3FE98
3FE95
3FE98
3FEA1
3FEB1
3FEC6
3FEE1
3FF00
3FF23
3FF4A
3FF73
3FF9D
3FFC8
3FFF3
0001C
00044
00068
00088
000A4
000BB
000CB
000D6
000DB
000D9
000D0
000C1
000AD
00093
00074
00050
00029
00000
3FFD5
3FFA9
3FF7D
3FF53
3FF2A
3FF05
3FEE3
3FEC7
3FEAF
3FE9D
3FE92
3FE8D
3FE8F
3FE97
3FEA6
3FEBC
3FED6
3FEF7
3FF1B
3FF44
3FF6F
3FF9C
3FFCA
3FFF8
00025
00050
00078
0009C
000BB
000D5
000E9
000F6
000FD
000FC
000F5
000E7
000D3
000B8
00098
00073
0004A
0001E
3FFF0
3FFC1
3FF92
3FF64
3FF38
3FF0F
3FEEA
3FEC9
3FEAE
3FE9A
3FE8C
3FE85
3FE85
3FE8C
3FE9B
3FEB0
3FECB
3FEED
3FF13
3FF3E
3FF6C
3FF9C
3FFCE
00000
00031
00060
0008C
000B4
000D7
000F5
0010C
0011D
00126
00127
00121
00114
00100
000E4
000C3
0009C
00071
00042
00011
3FFDE
3FFAB
3FF78
3FF48
3FF1A
3FEF1
3FECC
3FEAD
3FE95
3FE84
3FE7B
3FE79
3FE7F
3FE8D
3FEA3
3FEBF
3FEE2
3FF0B
3FF38
3FF6A
3FF9E
3FFD5
0000B
00041
00075
000A6
000D3
000FB
0011D
00138
0014C
00158
0015C
00157
0014B
00136
0011A
000F7
000CE
000A0
0006D
00038
00000
3FFC8
3FF90
3FF5A
3FF27
3FEF8
3FECF
3FEAC
3FE8F
3FE7B
3FE6F
3FE6B
3FE70
3FE7D
3FE93
3FEB1
3FED6
3FF02
3FF33
3FF6A
3FFA3
3FFDF
0001B
00058
00092
000C9
000FC
0012A
00151
00171
00189
00199
0019F
0019C
00190
0017B
0015E
00139
0010C
000DA
000A3
00067
0002A
3FFEB
3FFAD
3FF70
3FF36
3FF01
3FED1
3FEA8
3FE87
3FE6E
3FE5F
3FE59
3FE5C
3FE6A
3FE80
3FEA0
3FEC9
3FEF9
3FF2F
3FF6B
3FFAB
3FFEF
00033
00077
000BA
000F9
00134
0016A
00198
001BE
001DB
001EE
001F8
001F7
001EB
001D6
001B6
0018E
0015D
00125
000E7
000A5
0005F
00018
3FFD1
3FF8B
3FF48
3FF0A
3FED3
3FEA2
3FE7B
3FE5C
3FE49
3FE40
3FE42
3FE4F
3FE68
3FE8B
3FEB8
3FEEE
3FF2C
3FF70
3FFBA
00008
00057
000A7
000F5
00140
00186
001C5
001FD
0022B
00250
00269
00276
00277
0026D
00256
00233
00206
001CE
0018E
00147
000F9
000A8
00054
00000
3FFAD
3FF5E
3FF14
3FED0
3FE95
3FE65
3FE3F
3FE25
3FE19
3FE19
3FE28
3FE43
3FE6B
3FEA0
3FEE0
3FF29
3FF7C
3FFD4
00032
00093
000F4
00154
001B1
00208
00258
0029E
002DA
00309
0032B
0033F
00344
0033A
00320
002F9
002C3
00281
00233
001DC
0017D
00118
000B0
00046
3FFDD
3FF79
3FF1A
3FEC3
3FE76
3FE36
3FE04
3FDE1
3FDCE
3FDCC
3FDDC
3FDFD
3FE30
3FE72
3FEC4
3FF24
3FF8F
00005
00081
00103
00187
0020A
0028A
00304
00375
003DA
00432
0047A
004B0
004D3
004E2
004DC
004C1
00491
0044D
003F6
0038E
00316
00291
00202
0016B
000D0
00034
3FF9A
3FF06
3FE7C
3FDFF
3FD91
3FD37
3FCF1
3FCC3
3FCAF
3FCB6
3FCD8
3FD16
3FD70
3FDE5
3FE74
3FF1C
3FFD9
000A9
00189
00275
0036A
00463
0055C
00651
0073D
0081B
008E6
00999
00A2E
00A97
00A0A
028F5
3853B
08D38
05D48
004AA
39F0B
04AC0
39987
021BB
3FB84
32741
0C26C
3DBEE
3F6F7
397B8
369C9
05625
3D957
3DB4D
3D92F
3D25C
02018
01590
3F71D
119E8
3FA52
38AAF
36A25
05145
3CC4E
3D200
304F0
083B9
32E0D
07802
06E6A
02C10
062C2
0D1FC
12002
0C77A
3CEEA
3D8B6
023F4
2D9BD
02CD7
2C4DF
07611
3C116
3553E
38CA3
3A62E
06834
36DF1
3B585
0336D
386A5
021E2
04E2D
3EF7D
0B0B3
38526
13981
0F034
386CC
3D1B7
3AD86
030DA
0226D
38F9F
07239
3D28D
063C2
382DD
0619D
3DCD6
3FD75
040A6
018FC
39E47
0588F
0BA47
08E6F
37A4C
30EEE
05A8F
312D0
34807
332CF
0CDF1
08B21
06B74
2D97C
07CCB
08AF0
0BD68
3D422
3BC48
38FCB
06807
2FA7F
3EA1C
0B1CF
0C9C0
356C2
06665
366C7
3A972
040DE
34309
3FFB6
32582
3D354
02B71
0136A
08620
2C52B
009F4
3C45E
3AB70
08787
0EBDC
13DC2
3AA93
081A8
0846E
3C469
31D1E
0A18D
3D6AC
3A525
02134
3ED9A
0ED2B
0281A
3991B
3AEFF
08BC5
033F6
312D1
3A2B0
37615
0B6EC
35076
1528B
31FCF
0AB6D
3A6F4
3BF8E
02A32
3A486
3C491
047E2
05B61
0138E
38899
3972A
3BD4C
040C2
09F2D
33B71
35696
3E4C1
05D97
37734
02646
05A49
3992F
00040
32D71
0F62E
35DC3
069BC
0122F
3CB84
08630
1256D
04D4B
0CE53
01A6A
02FA3
3EDCF
3B820
01C81
0E195
0365A
38A5E
3D594
0B9F2
2A2D4
0FBAF
0ADBB
3BB5C
36ED4
04D45
3895C
375FC
391FA
3D873
04A66
34A72
30A43
3EB14
08C45
02525
3B69A
2EE69
3FA58
3EB88
0780B
09E6A
3CFE5
2C79A
012F7
00F01
3CFE1
0847C
39A45
06718
39C7B
04429
00768
3FAF5
3DDDD
02E5C
048E7
1692E
3EB19
3B098
323C7
08984
3EB31
38EA0
3AC01
373C1
03F2B
3135D
3A1D8
3C499
016DA
0288E
045EE
07766
08F4B
0C57C
3706F
376B3
00227
022B8
116AD
01386
0C13F
3C270
03760
0470E
0535D
0BAE7
38F9B
0CA70
0112A
3ECB3
3FD95
35C98
07DEC
05575
3C5EE
0752D
2DB92
383DA
07DE2
3D9FF
318BD
3A484
02B6E
3A5D2
002CE
0A66C
30DB6
3A6C8
04B5B
3CB95
3E56A
055D5
19083
3E6B9
3A8FC
04233
003D2
3EB04
3F701
37199
31D9A
29B85
39C91
01E6F
0ED4F
34178
00EB6
01AE5
12972
3D11D
39AB4
3ADE9
0794B
3D1E4
02CFD
056F9
047D2
31F67
3BB65
3EE63
2FF6E
0EFC4
3EB0C
2F900
0B1CA
07DDA
02786
3C2E0
0B814
31CA3
3BCC5
075A8
071FF
3ECA5
3988E
01F50
3CEC2
092ED
0A055
3FCB7
04D81
05E22
34D34
32AE4
136D8
1179D
07499
3A640
3453E
2E4EC
3A574
05AC0
083E8
04E65
342D6
053CB
0B945
083DE
00816
344A8
03ED0
3E4C0
043D8
38B4A
3560E
3AE46
05BD4
049C3
3B760
3E897
07014
3A7DB
39687
0D3CD
02684
3E6B0
3EE3D
05EE2
38F45
05657
08B74
064AD
0EEF7
33CD0
3C927
3DB53
30E4C
3BCEF
390D5
01F84
3D359
3A3A0
09ED5
3BEEB
2E12F
07077
09843
2C6F8
39E45
30265
3B945
0592B
0FAF6
097E6
35AAB
0A25E
00FD5
3A8C3
0307F
02087
08D10
06CB9
388FC
3C0DF
09069
0EC96
3E06E
3C006
27B31
125B8
3AE34
371E0
00B00
34A89
3897C
3FACE
3D2D6
0532F
0C838
3C578
03638
0D067
02C02
010C8
3DC21
3C83A
02E45
0849C
3DEE2
0D368
3C19C
3FA2D
36AD0
3A3C0
3038D
3D5C7
3E976
00C31
3758D
05FDF
005CF
38C6F
3FB03
07D06
075EB
01BE6
3A613
0C4A2
0938C
08A3E
05B4D
3A3ED
031EB
3EA96
098CD
36F0F
3AC62
07DB2
0B238
3BC82
3BCBC
3CC11
3D24C
36BE0
09F08
3F990
3D4CC
00026
098FE
3BBE5
31A4E
08B09
33EFB
3D859
38E38
06851
0BB64
01EEB
05E2A
0180A
0304E
3A01D
3A5A4
3377A
00422
061BB
01D0C
399A1
3C169
3F367
3CE65
39EB8
39C84
0383E
01B3C
02A27
352F5
3CBC3
3AE87
32119
3DAA1
07D8A
36883
3D6A4
000CA
3B0F8
3AA51
3DB1C
321E4
045C1
3B30B
3E638
3C1DA
3E3D2
314BC
1ADBF
049EB
30EFE
03B05
3D7AA
2A7BD
07D92
20001
00C3E
00C1C
00BE3
00B94
00B31
00ABA
00A31
00999
008F2
0083F
00782
006BE
005F5
00529
0045E
00394
002CF
00211
0015B
000B0
00011
3FF80
3FEFE
3FE8C
3FE2A
3FDDA
3FD9A
3FD6C
3FD4F
3FD42
3FD44
3FD54
3FD72
3FD9B
3FDCF
3FE0B
3FE4F
3FE98
3FEE4
3FF32
3FF81
3FFCE
00018
0005E
0009F
000D9
0010B
00136
00157
00170
0017F
00185
00183
00177
00164
0014A
00128
00102
000D6
000A8
00076
00044
00011
3FFDF
3FFAF
3FF82
3FF59
3FF34
3FF14
3FEFA
3FEE5
3FED8
3FED0
3FECF
3FED4
3FEDF
3FEF0
3FF06
3FF20
3FF3F
3FF60
3FF83
3FFA8
3FFCE
3FFF4
00018
0003B
0005C
00079
00093
000A8
000B9
000C6
000CD
000D0
000CE
000C7
000BB
000AB
00098
00081
00068
0004C
0002F
00011
3FFF3
3FFD5
3FFB9
3FF9E
3FF86
3FF70
3FF5D
3FF4E
3FF43
3FF3C
3FF38
3FF39
3FF3E
3FF46
3FF52
3FF61
3FF73
3FF87
3FF9E
3FFB6
3FFCE
3FFE7
00000
00018
0002F
00044
00057
00067
00075
0007F
00086
0008A
0008B
00088
00081
00078
0006C
0005D
0004C
0003A
00026
00011
3FFFC
3FFE6
3FFD1
3FFBE
3FFAB
3FF9A
3FF8B
3FF7F
3FF75
3FF6E
3FF6A
3FF69
3FF6B
3FF6F
3FF77
3FF81
3FF8D
3FF9B
3FFAB
3FFBC
3FFCE
3FFE1
3FFF4
00006
00018
00028
00038
00045
00051
0005A
00061
00065
00066
00066
00062
0005C
00054
0004A
0003D
00030
00021
00011
00000
3FFF0
3FFDF
3FFCF
3FFC0
3FFB2
3FFA6
3FF9B
3FF92
3FF8C
3FF87
3FF85
3FF86
3FF88
3FF8D
3FF94
3FF9D
3FFA7
3FFB3
3FFC0
3FFCF
3FFDD
3FFEC
3FFFB
0000A
00017
00024
00030
0003A
00042
00049
0004D
00050
00050
0004E
0004A
00044
0003D
00034
00029
0001D
00011
00003
3FFF6
3FFE8
3FFDB
3FFCE
3FFC2
3FFB7
3FFAE
3FFA6
3FF9F
3FF9B
3FF98
3FF98
3FF99
3FF9C
3FFA1
3FFA7
3FFAF
3FFB9
3FFC3
3FFCF
3FFDB
3FFE7
3FFF4
00000
0000C
00017
00021
0002A
00032
00038
0003D
00040
00041
00040
0003E
00039
00034
0002D
00024
0001B
00010
00005
3FFFA
3FFEE
3FFE3
3FFD8
3FFCD
3FFC4
3FFBB
3FFB4
3FFAE
3FFA9
3FFA6
3FFA5
3FFA5
3FFA7
3FFAA
3FFAF
3FFB5
3FFBD
3FFC6
3FFCF
3FFD9
3FFE4
3FFEE
3FFF9
00003
0000D
00017
0001F
00026
0002C
00031
00034
00035
00036
00034
00031
0002D
00027
00021
00019
00010
00007
3FFFD
3FFF3
3FFE9
3FFDF
3FFD6
3FFCD
3FFC5
3FFBE
3FFB8
3FFB4
3FFB0
3FFAE
3FFAE
3FFAF
3FFB1
3FFB5
3FFBA
3FFC0
3FFC7
3FFCF
3FFD8
3FFE1
3FFEA
3FFF4
3FFFD
00006
0000E
00016
0001D
00023
00027
0002B
0002D
0002D
0002D
0002B
00028
00023
0001E
00017
00010
00008
3FFFF
3FFF7
3FFEE
3FFE5
3FFDC
3FFD4
3FFCD
3FFC6
3FFC1
3FFBC
3FFB9
3FFB6
3FFB5
3FFB6
3FFB7
3FFBA
3FFBE
3FFC3
3FFC9
3FFD0
3FFD7
3FFDF
3FFE7
3FFF0
3FFF8
00000
00008
0000F
00015
0001B
00020
00023
00025
00027
00027
00026
00023
00020
0001B
00016
00010
00009
00001
3FFF9
3FFF1
3FFEA
3FFE2
3FFDA
3FFD3
3FFCD
3FFC8
3FFC3
3FFBF
3FFBD
3FFBB
3FFBB
3FFBC
3FFBE
3FFC1
3FFC5
3FFCA
3FFD0
3FFD6
3FFDD
3FFE5
3FFEC
3FFF4
3FFFB
00002
00009
0000F
00015
00019
0001D
00020
00021
00022
00021
0001F
0001D
00019
00014
0000F
00009
00003
3FFFC
3FFF5
3FFED
3FFE6
3FFDF
3FFD9
3FFD3
3FFCD
3FFC9
3FFC5
3FFC2
3FFC1
3FFC0
3FFC0
3FFC2
3FFC4
3FFC7
3FFCB
3FFD0
3FFD6
3FFDC
3FFE3
3FFE9
3FFF0
3FFF7
3FFFE
00004
0000A
0000F
00014
00018
0001A
0001C
0001D
0001D
0001C
0001A
00017
00013
0000F
0000A
00004
3FFFE
3FFF7
3FFF0
3FFEA
3FFE3
3FFDD
3FFD7
3FFD2
3FFCE
3FFCA
3FFC7
3FFC5
3FFC4
3FFC4
3FFC5
3FFC6
3FFC9
3FFCC
3FFD1
3FFD6
3FFDB
3FFE1
3FFE7
3FFED
3FFF4
3FFFA
00000
00006
0000B
0000F
00013
00016
00018
00019
0001A
00019
00018
00015
00012
0000E
0000A
00005
3FFFF
3FFF9
3FFF3
3FFED
3FFE7
3FFE1
3FFDC
3FFD7
3FFD2
3FFCE
3FFCB
3FFC9
3FFC8
3FFC7
3FFC7
3FFC9
3FFCB
3FFCE
3FFD1
3FFD5
3FFDA
3FFE0
3FFE5
3FFEB
3FFF1
3FFF7
3FFFC
00002
00007
0000B
0000F
00012
00014
00016
00017
00017
00016
00014
00011
0000E
0000A
00005
00000
3FFFB
3FFF5
3FFF0
3FFEA
3FFE5
3FFDF
3FFDA
3FFD6
3FFD2
3FFCF
3FFCC
3FFCB
3FFCA
3FFCA
3FFCB
3FFCC
3FFCF
3FFD2
3FFD5
3FFDA
3FFDE
3FFE3
3FFE9
3FFEE
3FFF4
3FFF9
3FFFE
00003
00008
0000B
0000F
00011
00013
00014
00014
00014
00012
00010
0000D
0000A
00006
00001
3FFFD
3FFF7
3FFF2
3FFED
3FFE7
3FFE2
3FFDE
3FFD9
3FFD5
3FFD2
3FFD0
3FFCE
3FFCD
3FFCC
3FFCD
3FFCE
3FFD0
3FFD2
3FFD5
3FFD9
3FFDD
3FFE2
3FFE7
3FFEC
3FFF1
3FFF6
3FFFB
00000
00004
00008
0000B
0000E
00010
00011
00012
00012
00011
0000F
0000D
0000A
00006
00002
3FFFE
3FFF9
3FFF4
3FFEF
3FFEA
3FFE5
3FFE1
3FFDC
3FFD9
3FFD5
3FFD3
3FFD0
3FFCF
3FFCE
3FFCE
3FFCF
3FFD1
3FFD3
3FFD5
3FFD9
3FFDD
3FFE1
3FFE5
3FFEA
3FFEF
3FFF4
3FFF9
3FFFD
00001
00005
00009
0000B
0000E
0000F
00010
00010
0000F
0000E
0000C
0000A
00007
00003
3FFFF
3FFFB
3FFF6
3FFF1
3FFED
3FFE8
3FFE3
3FFDF
3FFDB
3FFD8
3FFD5
3FFD3
3FFD1
3FFD0
3FFD0
3FFD0
3FFD2
3FFD3
3FFD6
3FFD9
3FFDC
3FFE0
3FFE4
3FFE8
3FFED
3FFF2
3FFF6
3FFFB
3FFFF
00003
00006
00009
0000B
0000D
0000E
0000E
0000E
0000D
0000C
00009
00007
00004
00000
3FFFC
3FFF8
3FFF3
3FFEF
3FFEA
3FFE6
3FFE2
3FFDE
3FFDB
3FFD8
3FFD5
3FFD3
3FFD2
3FFD2
3FFD2
3FFD3
3FFD4
3FFD6
3FFD8
3FFDB
3FFDF
3FFE3
3FFE7
3FFEB
3FFF0
3FFF4
3FFF8
3FFFC
00000
00003
00006
00009
0000B
0000C
0000D
0000D
0000C
0000B
00009
00007
00004
00001
3FFFD
3FFF9
3FFF5
3FFF1
3FFEC
3FFE8
3FFE4
3FFE0
3FFDD
3FFDA
3FFD7
3FFD5
3FFD4
3FFD3
3FFD3
3FFD3
3FFD5
3FFD6
3FFD8
3FFDB
3FFDE
3FFE2
3FFE6
3FFEA
3FFEE
3FFF2
3FFF6
3FFFA
3FFFE
00001
00004
00007
00009
0000A
0000B
0000C
0000B
0000A
00009
00007
00004
00001
3FFFE
3FFFA
3FFF6
3FFF2
3FFEE
3FFEA
3FFE6
3FFE3
3FFDF
3FFDC
3FFDA
3FFD7
3FFD6
3FFD5
3FFD4
3FFD4
3FFD5
3FFD7
3FFD8
3FFDB
3FFDE
3FFE1
3FFE4
3FFE8
3FFEC
3FFF0
3FFF4
3FFF8
3FFFC
3FFFF
00002
00005
00007
00009
0000A
0000A
0000A
0000A
00009
00007
00005
00002
3FFFF
3FFFB
3FFF8
3FFF4
3FFF0
3FFEC
3FFE8
3FFE5
3FFE1
3FFDE
3FFDC
3FFD9
3FFD7
3FFD6
3FFD6
3FFD5
3FFD6
3FFD7
3FFD8
3FFDB
3FFDD
3FFE0
3FFE3
3FFE7
3FFEA
3FFEE
3FFF2
3FFF6
3FFF9
3FFFD
00000
00003
00005
00007
00008
00009
00009
00009
00008
00007
00005
00002
00000
3FFFD
3FFF9
3FFF6
3FFF2
3FFEE
3FFEA
3FFE7
3FFE3
3FFE0
3FFDD
3FFDB
3FFD9
3FFD8
3FFD7
3FFD6
3FFD7
3FFD7
3FFD9
3FFDA
3FFDD
3FFDF
3FFE2
3FFE6
3FFE9
3FFED
3FFF0
3FFF4
3FFF8
3FFFB
3FFFE
00001
00003
00005
00007
00008
00008
00008
00008
00007
00005
00003
00000
3FFFD
3FFFA
3FFF7
3FFF3
3FFF0
3FFEC
3FFE9
3FFE5
3FFE2
3FFDF
3FFDD
3FFDB
3FFD9
3FFD8
3FFD7
3FFD7
3FFD8
3FFD9
3FFDA
3FFDC
3FFDF
3FFE1
3FFE4
3FFE8
3FFEB
3FFEF
3FFF2
3FFF6
3FFF9
3FFFC
3FFFF
00002
00004
00005
00007
00007
00007
00007
00006
00005
00003
00001
3FFFE
3FFFB
3FFF8
3FFF5
3FFF1
3FFEE
3FFEA
3FFE7
3FFE4
3FFE1
3FFDE
3FFDC
3FFDB
3FFD9
3FFD8
3FFD8
3FFD8
3FFD9
3FFDA
3FFDC
3FFDE
3FFE1
3FFE3
3FFE7
3FFEA
3FFED
3FFF1
3FFF4
3FFF7
3FFFB
3FFFD
00000
00002
00004
00005
00006
00007
00007
00006
00005
00003
00001
3FFFF
3FFFC
3FFF9
3FFF6
3FFF3
3FFEF
3FFEC
3FFE9
3FFE6
3FFE3
3FFE0
3FFDE
3FFDC
3FFDA
3FFD9
3FFD9
3FFD9
3FFD9
3FFDA
3FFDC
3FFDE
3FFE0
3FFE3
3FFE5
3FFE9
3FFEC
3FFEF
3FFF2
3FFF6
3FFF9
3FFFC
3FFFE
00001
00003
00004
00005
00006
00006
00006
00005
00003
00002
00000
3FFFD
3FFFA
3FFF7
3FFF4
3FFF1
3FFEE
3FFEA
3FFE7
3FFE4
3FFE2
3FFDF
3FFDD
3FFDC
3FFDA
3FFDA
3FFDA
3FFDA
3FFDB
3FFDC
3FFDD
3FFDF
3FFE2
3FFE5
3FFE7
3FFEB
3FFEE
3FFF1
3FFF4
3FFF7
3FFFA
3FFFD
3FFFF
00001
00003
00004
00005
00005
00005
00005
00003
00002
00000
3FFFE
3FFFB
3FFF8
3FFF5
3FFF2
3FFEF
3FFEC
3FFE9
3FFE6
3FFE3
3FFE1
3FFDF
3FFDD
3FFDC
3FFDB
3FFDA
3FFDA
3FFDB
3FFDC
3FFDD
3FFDF
3FFE1
3FFE4
3FFE6
3FFE9
3FFEC
3FFF0
3FFF3
3FFF6
3FFF9
3FFFB
3FFFE
00000
00002
00003
00004
00005
00005
00004
00003
00002
00000
3FFFE
3FFFC
3FFF9
3FFF7
3FFF3
3FFF0
3FFED
3FFEA
3FFE7
3FFE5
3FFE2
3FFE0
3FFDE
3FFDD
3FFDC
3FFDB
3FFDB
3FFDB
3FFDC
3FFDD
3FFDF
3FFE1
3FFE3
3FFE5
3FFE8
3FFEB
3FFEE
3FFF1
3FFF4
3FFF7
3FFFA
3FFFC
3FFFF
00001
00002
00003
00004
00004
00004
00003
00002
00001
3FFFF
3FFFD
3FFFA
3FFF8
3FFF5
3FFF2
3FFEF
3FFEC
3FFE9
3FFE6
3FFE3
3FFE1
3FFDF
3FFDE
3FFDC
3FFDC
3FFDB
3FFDB
3FFDC
3FFDD
3FFDE
3FFE0
3FFE2
3FFE4
3FFE7
3FFEA
3FFED
3FFF0
3FFF3
3FFF6
3FFF9
3FFFB
3FFFD
3FFFF
00001
00002
00003
00004
00004
00003
00002
00001
3FFFF
3FFFD
3FFFB
3FFF9
3FFF6
3FFF3
3FFF0
3FFED
3FFEA
3FFE7
3FFE5
3FFE2
3FFE0
3FFDF
3FFDD
3FFDC
3FFDC
3FFDC
3FFDC
3FFDD
3FFDE
3FFE0
3FFE1
3FFE4
3FFE6
3FFE9
3FFEC
3FFEF
3FFF1
3FFF4
3FFF7
3FFFA
3FFFC
3FFFE
00000
00001
00002
00003
00003
00003
00002
00001
00000
3FFFE
3FFFC
3FFFA
3FFF7
3FFF4
3FFF1
3FFEE
3FFEC
3FFE9
3FFE6
3FFE4
3FFE2
3FFE0
3FFDE
3FFDD
3FFDC
3FFDC
3FFDC
3FFDD
3FFDE
3FFDF
3FFE1
3FFE3
3FFE5
3FFE8
3FFEA
3FFED
3FFF0
3FFF3
3FFF6
3FFF8
3FFFB
3FFFD
3FFFF
00000
00002
00002
00003
00003
00002
00001
00000
3FFFF
3FFFD
3FFFA
3FFF8
3FFF5
3FFF3
3FFF0
3FFED
3FFEA
3FFE7
3FFE5
3FFE3
3FFE1
3FFDF
3FFDE
3FFDD
3FFDD
3FFDD
3FFDD
3FFDE
3FFDF
3FFE0
3FFE2
3FFE4
3FFE7
3FFE9
3FFEC
3FFEF
3FFF2
3FFF4
3FFF7
3FFFA
3FFFC
3FFFE
00000
00001
00002
00002
00003
00002
00002
00000
3FFFF
3FFFD
3FFFB
3FFF9
3FFF6
3FFF4
3FFF1
3FFEE
3FFEB
3FFE9
3FFE6
3FFE4
3FFE2
3FFE0
3FFDF
3FFDE
3FFDD
3FFDD
3FFDD
3FFDE
3FFDF
3FFE0
3FFE2
3FFE4
3FFE6
3FFE8
3FFEB
3FFEE
3FFF0
3FFF3
3FFF6
3FFF8
3FFFB
3FFFD
3FFFF
00000
00001
00002
00002
00002
00002
00001
3FFFF
3FFFE
3FFFC
3FFFA
3FFF7
3FFF5
3FFF2
3FFEF
3FFED
3FFEA
3FFE8
3FFE5
3FFE3
3FFE1
3FFE0
3FFDE
3FFDE
3FFDD
3FFDD
3FFDE
3FFDE
3FFE0
3FFE1
3FFE3
3FFE5
3FFE7
3FFEA
3FFED
3FFEF
3FFF2
3FFF5
3FFF7
3FFF9
3FFFC
3FFFE
3FFFF
00000
00001
00002
00002
00002
00001
00000
3FFFE
3FFFD
3FFFB
3FFF8
3FFF6
3FFF3
3FFF1
3FFEE
3FFEB
3FFE9
3FFE6
3FFE4
3FFE2
3FFE1
3FFDF
3FFDE
3FFDE
3FFDE
3FFDE
3FFDE
3FFDF
3FFE1
3FFE2
3FFE4
3FFE6
3FFE9
3FFEB
3FFEE
3FFF1
3FFF3
3FFF6
3FFF8
3FFFB
3FFFD
3FFFE
00000
00001
00001
00002
00001
00001
00000
3FFFF
3FFFD
3FFFB
3FFF9
3FFF7
3FFF4
3FFF2
3FFEF
3FFED
3FFEA
3FFE8
3FFE5
3FFE3
3FFE1
3FFE0
3FFDF
3FFDE
3FFDE
3FFDE
3FFDE
3FFDF
3FFE0
3FFE2
3FFE4
3FFE6
3FFE8
3FFEA
3FFED
3FFF0
3FFF2
3FFF5
3FFF7
3FFF9
3FFFC
3FFFD
3FFFF
00000
00001
00001
00001
00001
00000
3FFFF
3FFFE
3FFFC
3FFFA
3FFF8
3FFF5
3FFF3
3FFF0
3FFEE
3FFEB
3FFE9
3FFE6
3FFE4
3FFE2
3FFE1
3FFE0
3FFDF
3FFDE
3FFDE
3FFDE
3FFDF
3FFE0
3FFE1
3FFE3
3FFE5
3FFE7
3FFE9
3FFEC
3FFEE
3FFF1
3FFF4
3FFF6
3FFF8
3FFFA
3FFFC
3FFFE
3FFFF
00000
00001
00001
00001
00000
00000
3FFFE
3FFFD
3FFFB
3FFF9
3FFF6
3FFF4
3FFF1
3FFEF
3FFEC
3FFEA
3FFE7
3FFE5
3FFE3
3FFE2
3FFE0
3FFDF
3FFDF
3FFDE
3FFDE
3FFDF
3FFE0
3FFE1
3FFE2
3FFE4
3FFE6
3FFE8
3FFEB
3FFED
3FFF0
3FFF2
3FFF5
3FFF7
3FFF9
3FFFB
3FFFD
3FFFF
00000
00000
00001
00001
00001
00000
3FFFF
3FFFD
3FFFC
3FFFA
3FFF7
3FFF5
3FFF3
3FFF0
3FFED
3FFEB
3FFE9
3FFE6
3FFE4
3FFE3
3FFE1
3FFE0
3FFDF
3FFDF
3FFDE
3FFDF
3FFDF
3FFE0
3FFE2
3FFE3
3FFE5
3FFE7
3FFEA
3FFEC
3FFEF
3FFF1
3FFF4
3FFF6
3FFF8
3FFFA
3FFFC
3FFFE
3FFFF
00000
00001
00001
00001
00000
3FFFF
3FFFE
3FFFC
3FFFA
3FFF8
3FFF6
3FFF4
3FFF1
3FFEF
3FFEC
3FFEA
3FFE7
3FFE5
3FFE3
3FFE2
3FFE0
3FFDF
3FFDF
3FFDF
3FFDF
3FFDF
3FFE0
3FFE1
3FFE3
3FFE4
3FFE6
3FFE9
3FFEB
3FFEE
3FFF0
3FFF3
3FFF5
3FFF7
3FFF9
3FFFB
3FFFD
3FFFE
3FFFF
00000
00001
00001
00000
3FFFF
3FFFE
3FFFD
3FFFB
3FFF9
3FFF7
3FFF5
3FFF2
3FFF0
3FFED
3FFEB
3FFE8
3FFE6
3FFE4
3FFE3
3FFE1
3FFE0
3FFDF
3FFDF
3FFDF
3FFDF
3FFE0
3FFE1
3FFE2
3FFE4
3FFE6
3FFE8
3FFEA
3FFEC
3FFEF
3FFF1
3FFF4
3FFF6
3FFF8
3FFFA
3FFFC
3FFFE
3FFFF
00000
00000
00000
00000
00000
3FFFF
3FFFD
3FFFC
3FFFA
3FFF8
3FFF6
3FFF3
3FFF1
3FFEE
3FFEC
3FFEA
3FFE7
3FFE5
3FFE3
3FFE2
3FFE1
3FFE0
3FFDF
3FFDF
3FFDF
3FFE0
3FFE0
3FFE2
3FFE3
3FFE5
3FFE7
3FFE9
3FFEB
3FFEE
3FFF0
3FFF3
3FFF5
3FFF7
3FFFA
3FFFB
3FFFD
3FFFE
3FFFF
00000
00000
00000
00000
3FFFF
3FFFE
3FFFC
3FFFB
3FFF9
3FFF7
3FFF4
3FFF2
3FFEF
3FFED
3FFEB
3FFE8
3FFE6
3FFE4
3FFE3
3FFE1
3FFE0
3FFDF
3FFDF
3FFDF
3FFDF
3FFE0
3FFE1
3FFE2
3FFE4
3FFE6
3FFE8
3FFEA
3FFED
3FFEF
3FFF2
3FFF4
3FFF6
3FFF9
3FFFB
3FFFC
3FFFE
3FFFF
00000
00000
00000
00000
3FFFF
3FFFE
3FFFD
3FFFB
3FFFA
3FFF8
3FFF5
3FFF3
3FFF1
3FFEE
3FFEC
3FFE9
3FFE7
3FFE5
3FFE3
3FFE2
3FFE1
3FFE0
3FFDF
3FFDF
3FFDF
3FFE0
3FFE1
3FFE2
3FFE3
3FFE5
3FFE7
3FFE9
3FFEC
3FFEE
3FFF1
3FFF3
3FFF5
3FFF8
3FFFA
3FFFB
3FFFD
3FFFE
3FFFF
00000
00000
00000
00000
3FFFF
3FFFE
3FFFC
3FFFA
3FFF8
3FFF6
3FFF4
3FFF2
3FFEF
3FFED
3FFEA
3FFE8
3FFE6
3FFE4
3FFE3
3FFE1
3FFE0
3FFDF
3FFDF
3FFDF
3FFE0
3FFE0
3FFE1
3FFE3
3FFE4
3FFE6
3FFE8
3FFEB
3FFED
3FFEF
3FFF2
3FFF4
3FFF7
3FFF9
3FFFB
3FFFC
3FFFE
3FFFF
00000
00000
00000
00000
3FFFF
3FFFE
3FFFD
3FFFB
3FFF9
3FFF7
3FFF5
3FFF3
3FFF0
3FFEE
3FFEB
3FFE9
3FFE7
3FFE5
3FFE3
3FFE2
3FFE1
3FFE0
3FFDF
3FFDF
3FFDF
3FFE0
3FFE1
3FFE2
3FFE4
3FFE5
3FFE7
3FFEA
3FFEC
3FFEE
3FFF1
3FFF3
3FFF6
3FFF8
3FFFA
3FFFC
3FFFD
3FFFE
3FFFF
00000
00000
00000
3FFFF
3FFFF
3FFFD
3FFFC
3FFFA
3FFF8
3FFF6
3FFF4
3FFF1
3FFEF
3FFED
3FFEA
3FFE8
3FFE6
3FFE4
3FFE2
3FFE1
3FFE0
3FFE0
3FFDF
3FFDF
3FFE0
3FFE0
3FFE2
3FFE3
3FFE5
3FFE7
3FFE9
3FFEB
3FFED
3FFF0
3FFF2
3FFF5
3FFF7
3FFF9
3FFFB
3FFFC
3FFFE
3FFFF
00000
00000
00000
00000
3FFFF
3FFFE
3FFFD
3FFFB
3FFF9
3FFF7
3FFF5
3FFF2
3FFF0
3FFEE
3FFEB
3FFE9
3FFE7
3FFE5
3FFE3
3FFE2
3FFE1
3FFE0
3FFDF
3FFDF
3FFDF
3FFE0
3FFE1
3FFE2
3FFE4
3FFE6
3FFE8
3FFEA
3FFEC
3FFEF
3FFF1
3FFF3
3FFF6
3FFF8
3FFFA
3FFFC
3FFFD
3FFFE
3FFFF
00000
00000
00000
3FFFF
3FFFE
3FFFD
3FFFC
3FFFA
3FFF8
3FFF6
3FFF3
3FFF1
3FFEF
3FFEC
3FFEA
3FFE8
3FFE6
3FFE4
3FFE2
3FFE1
3FFE0
3FFDF
3FFDF
3FFDF
3FFE0
3FFE1
3FFE2
3FFE3
3FFE5
3FFE7
3FFE9
3FFEB
3FFEE
3FFF0
3FFF2
3FFF5
3FFF7
3FFF9
3FFFB
3FFFD
3FFFE
3FFFF
00000
00000
00000
00000
3FFFF
3FFFE
3FFFC
3FFFB
3FFF9
3FFF7
3FFF5
3FFF2
3FFF0
3FFED
3FFEB
3FFE9
3FFE7
3FFE5
3FFE3
3FFE2
3FFE0
3FFE0
3FFDF
3FFDF
3FFE0
3FFE0
3FFE1
3FFE2
3FFE4
3FFE6
3FFE8
3FFEA
3FFED
3FFEF
3FFF1
3FFF4
3FFF6
3FFF8
3FFFA
3FFFC
3FFFD
3FFFF
3FFFF
00000
00000
00000
3FFFF
3FFFE
3FFFD
3FFFC
3FFFA
3FFF8
3FFF6
3FFF3
3FFF1
3FFEE
3FFEC
3FFEA
3FFE7
3FFE5
3FFE4
3FFE2
3FFE1
3FFE0
3FFDF
3FFDF
3FFDF
3FFE0
3FFE1
3FFE2
3FFE3
3FFE5
3FFE7
3FFE9
3FFEB
3FFEE
3FFF0
3FFF3
3FFF5
3FFF7
3FFF9
3FFFB
3FFFD
3FFFE
3FFFF
00000
00000
00000
00000
3FFFF
3FFFE
3FFFC
3FFFB
3FFF9
3FFF7
3FFF4
3FFF2
3FFEF
3FFED
3FFEB
3FFE8
3FFE6
3FFE4
3FFE3
3FFE1
3FFE0
3FFE0
3FFDF
3FFDF
3FFDF
3FFE0
3FFE1
3FFE3
3FFE4
3FFE6
3FFE8
3FFEA
3FFED
3FFEF
3FFF2
3FFF4
3FFF6
3FFF8
3FFFA
3FFFC
3FFFE
3FFFF
00000
00000
00000
00000
3FFFF
3FFFE
3FFFD
3FFFB
3FFFA
3FFF8
3FFF5
3FFF3
3FFF1
3FFEE
3FFEC
3FFE9
3FFE7
3FFE5
3FFE3
3FFE2
3FFE1
3FFE0
3FFDF
3FFDF
3FFDF
3FFE0
3FFE1
3FFE2
3FFE3
3FFE5
3FFE7
3FFE9
3FFEC
3FFEE
3FFF1
3FFF3
3FFF5
3FFF8
3FFFA
3FFFB
3FFFD
3FFFE
3FFFF
00000
00000
00000
00000
3FFFF
3FFFE
3FFFC
3FFFB
3FFF9
3FFF6
3FFF4
3FFF2
3FFEF
3FFED
3FFEA
3FFE8
3FFE6
3FFE4
3FFE2
3FFE1
3FFE0
3FFDF
3FFDF
3FFDF
3FFDF
3FFE0
3FFE1
3FFE3
3FFE4
3FFE6
3FFE8
3FFEB
3FFED
3FFEF
3FFF2
3FFF4
3FFF7
3FFF9
3FFFB
3FFFC
3FFFE
3FFFF
00000
00000
00000
00000
3FFFF
3FFFE
3FFFD
3FFFB
3FFFA
3FFF7
3FFF5
3FFF3
3FFF0
3FFEE
3FFEB
3FFE9
3FFE7
3FFE5
3FFE3
3FFE2
3FFE0
3FFE0
3FFDF
3FFDF
3FFDF
3FFE0
3FFE1
3FFE2
3FFE3
3FFE5
3FFE7
3FFEA
3FFEC
3FFEE
3FFF1
3FFF3
3FFF6
3FFF8
3FFFA
3FFFC
3FFFD
3FFFF
00000
00000
00000
00000
00000
3FFFF
3FFFE
3FFFC
3FFFA
3FFF8
3FFF6
3FFF4
3FFF1
3FFEF
3FFEC
3FFEA
3FFE8
3FFE6
3FFE4
3FFE2
3FFE1
3FFE0
3FFDF
3FFDF
3FFDF
3FFDF
3FFE0
3FFE1
3FFE3
3FFE4
3FFE6
3FFE8
3FFEB
3FFED
3FFF0
3FFF2
3FFF5
3FFF7
3FFF9
3FFFB
3FFFD
3FFFE
3FFFF
00000
00001
00001
00000
3FFFF
3FFFE
3FFFD
3FFFB
3FFF9
3FFF7
3FFF5
3FFF3
3FFF0
3FFEE
3FFEB
3FFE9
3FFE6
3FFE4
3FFE3
3FFE1
3FFE0
3FFDF
3FFDF
3FFDF
3FFDF
3FFDF
3FFE0
3FFE2
3FFE3
3FFE5
3FFE7
3FFEA
3FFEC
3FFEF
3FFF1
3FFF4
3FFF6
3FFF8
3FFFA
3FFFC
3FFFE
3FFFF
00000
00001
00001
00001
00000
3FFFF
3FFFE
3FFFC
3FFFA
3FFF8
3FFF6
3FFF4
3FFF1
3FFEF
3FFEC
3FFEA
3FFE7
3FFE5
3FFE3
3FFE2
3FFE0
3FFDF
3FFDF
3FFDE
3FFDF
3FFDF
3FFE0
3FFE1
3FFE3
3FFE4
3FFE6
3FFE9
3FFEB
3FFED
3FFF0
3FFF3
3FFF5
3FFF7
3FFFA
3FFFC
3FFFD
3FFFF
00000
00001
00001
00001
00000
00000
3FFFF
3FFFD
3FFFB
3FFF9
3FFF7
3FFF5
3FFF2
3FFF0
3FFED
3FFEB
3FFE8
3FFE6
3FFE4
3FFE2
3FFE1
3FFE0
3FFDF
3FFDE
3FFDE
3FFDF
3FFDF
3FFE0
3FFE2
3FFE3
3FFE5
3FFE7
3FFEA
3FFEC
3FFEF
3FFF1
3FFF4
3FFF6
3FFF9
3FFFB
3FFFD
3FFFE
00000
00000
00001
00001
00001
00000
3FFFF
3FFFE
3FFFC
3FFFA
3FFF8
3FFF6
3FFF4
3FFF1
3FFEE
3FFEC
3FFE9
3FFE7
3FFE5
3FFE3
3FFE1
3FFE0
3FFDF
3FFDE
3FFDE
3FFDE
3FFDF
3FFE0
3FFE1
3FFE2
3FFE4
3FFE6
3FFE9
3FFEB
3FFEE
3FFF0
3FFF3
3FFF5
3FFF8
3FFFA
3FFFC
3FFFE
3FFFF
00000
00001
00001
00001
00001
00000
3FFFF
3FFFD
3FFFC
3FFF9
3FFF7
3FFF5
3FFF2
3FFF0
3FFED
3FFEA
3FFE8
3FFE6
3FFE4
3FFE2
3FFE0
3FFDF
3FFDE
3FFDE
3FFDE
3FFDE
3FFDF
3FFE0
3FFE1
3FFE3
3FFE5
3FFE8
3FFEA
3FFED
3FFEF
3FFF2
3FFF4
3FFF7
3FFF9
3FFFB
3FFFD
3FFFF
00000
00001
00001
00002
00001
00001
00000
3FFFE
3FFFD
3FFFB
3FFF8
3FFF6
3FFF3
3FFF1
3FFEE
3FFEB
3FFE9
3FFE6
3FFE4
3FFE2
3FFE1
3FFDF
3FFDE
3FFDE
3FFDE
3FFDE
3FFDE
3FFDF
3FFE1
3FFE2
3FFE4
3FFE6
3FFE9
3FFEB
3FFEE
3FFF1
3FFF3
3FFF6
3FFF8
3FFFB
3FFFD
3FFFE
00000
00001
00002
00002
00002
00001
00000
3FFFF
3FFFE
3FFFC
3FFF9
3FFF7
3FFF5
3FFF2
3FFEF
3FFED
3FFEA
3FFE7
3FFE5
3FFE3
3FFE1
3FFE0
3FFDE
3FFDE
3FFDD
3FFDD
3FFDE
3FFDE
3FFE0
3FFE1
3FFE3
3FFE5
3FFE8
3FFEA
3FFED
3FFEF
3FFF2
3FFF5
3FFF7
3FFFA
3FFFC
3FFFE
3FFFF
00001
00002
00002
00002
00002
00001
00000
3FFFF
3FFFD
3FFFB
3FFF8
3FFF6
3FFF3
3FFF0
3FFEE
3FFEB
3FFE8
3FFE6
3FFE4
3FFE2
3FFE0
3FFDF
3FFDE
3FFDD
3FFDD
3FFDD
3FFDE
3FFDF
3FFE0
3FFE2
3FFE4
3FFE6
3FFE9
3FFEB
3FFEE
3FFF1
3FFF4
3FFF6
3FFF9
3FFFB
3FFFD
3FFFF
00000
00002
00002
00003
00002
00002
00001
00000
3FFFE
3FFFC
3FFFA
3FFF7
3FFF4
3FFF2
3FFEF
3FFEC
3FFE9
3FFE7
3FFE4
3FFE2
3FFE0
3FFDF
3FFDE
3FFDD
3FFDD
3FFDD
3FFDD
3FFDE
3FFDF
3FFE1
3FFE3
3FFE5
3FFE7
3FFEA
3FFED
3FFF0
3FFF3
3FFF5
3FFF8
3FFFA
3FFFD
3FFFF
00000
00001
00002
00003
00003
00002
00002
00000
3FFFF
3FFFD
3FFFB
3FFF8
3FFF6
3FFF3
3FFF0
3FFED
3FFEA
3FFE8
3FFE5
3FFE3
3FFE1
3FFDF
3FFDE
3FFDD
3FFDC
3FFDC
3FFDC
3FFDD
3FFDE
3FFE0
3FFE2
3FFE4
3FFE6
3FFE9
3FFEC
3FFEE
3FFF1
3FFF4
3FFF7
3FFFA
3FFFC
3FFFE
00000
00001
00002
00003
00003
00003
00002
00001
00000
3FFFE
3FFFC
3FFFA
3FFF7
3FFF4
3FFF1
3FFEF
3FFEC
3FFE9
3FFE6
3FFE4
3FFE1
3FFE0
3FFDE
3FFDD
3FFDC
3FFDC
3FFDC
3FFDC
3FFDD
3FFDF
3FFE0
3FFE2
3FFE5
3FFE7
3FFEA
3FFED
3FFF0
3FFF3
3FFF6
3FFF9
3FFFB
3FFFD
3FFFF
00001
00002
00003
00004
00004
00003
00002
00001
3FFFF
3FFFD
3FFFB
3FFF9
3FFF6
3FFF3
3FFF0
3FFED
3FFEA
3FFE7
3FFE4
3FFE2
3FFE0
3FFDE
3FFDD
3FFDC
3FFDB
3FFDB
3FFDC
3FFDC
3FFDE
3FFDF
3FFE1
3FFE3
3FFE6
3FFE9
3FFEC
3FFEF
3FFF2
3FFF5
3FFF8
3FFFA
3FFFD
3FFFF
00001
00002
00003
00004
00004
00004
00003
00002
00001
3FFFF
3FFFC
3FFFA
3FFF7
3FFF4
3FFF1
3FFEE
3FFEB
3FFE8
3FFE5
3FFE3
3FFE1
3FFDF
3FFDD
3FFDC
3FFDB
3FFDB
3FFDB
3FFDC
3FFDD
3FFDE
3FFE0
3FFE2
3FFE5
3FFE7
3FFEA
3FFED
3FFF0
3FFF3
3FFF7
3FFF9
3FFFC
3FFFE
00000
00002
00003
00004
00005
00005
00004
00003
00002
00000
3FFFE
3FFFB
3FFF9
3FFF6
3FFF3
3FFF0
3FFEC
3FFE9
3FFE6
3FFE4
3FFE1
3FFDF
3FFDD
3FFDC
3FFDB
3FFDA
3FFDA
3FFDB
3FFDC
3FFDD
3FFDF
3FFE1
3FFE3
3FFE6
3FFE9
3FFEC
3FFEF
3FFF2
3FFF5
3FFF8
3FFFB
3FFFE
00000
00002
00003
00005
00005
00005
00005
00004
00003
00001
3FFFF
3FFFD
3FFFA
3FFF7
3FFF4
3FFF1
3FFEE
3FFEB
3FFE7
3FFE5
3FFE2
3FFDF
3FFDD
3FFDC
3FFDB
3FFDA
3FFDA
3FFDA
3FFDA
3FFDC
3FFDD
3FFDF
3FFE2
3FFE4
3FFE7
3FFEA
3FFEE
3FFF1
3FFF4
3FFF7
3FFFA
3FFFD
00000
00002
00003
00005
00006
00006
00006
00005
00004
00003
00001
3FFFE
3FFFC
3FFF9
3FFF6
3FFF2
3FFEF
3FFEC
3FFE9
3FFE5
3FFE3
3FFE0
3FFDE
3FFDC
3FFDA
3FFD9
3FFD9
3FFD9
3FFD9
3FFDA
3FFDC
3FFDE
3FFE0
3FFE3
3FFE6
3FFE9
3FFEC
3FFEF
3FFF3
3FFF6
3FFF9
3FFFC
3FFFF
00001
00003
00005
00006
00007
00007
00006
00005
00004
00002
00000
3FFFD
3FFFB
3FFF7
3FFF4
3FFF1
3FFED
3FFEA
3FFE7
3FFE3
3FFE1
3FFDE
3FFDC
3FFDA
3FFD9
3FFD8
3FFD8
3FFD8
3FFD9
3FFDB
3FFDC
3FFDE
3FFE1
3FFE4
3FFE7
3FFEA
3FFEE
3FFF1
3FFF5
3FFF8
3FFFB
3FFFE
00001
00003
00005
00006
00007
00007
00007
00007
00005
00004
00002
3FFFF
3FFFC
3FFF9
3FFF6
3FFF2
3FFEF
3FFEB
3FFE8
3FFE4
3FFE1
3FFDF
3FFDC
3FFDA
3FFD9
3FFD8
3FFD7
3FFD7
3FFD8
3FFD9
3FFDB
3FFDD
3FFDF
3FFE2
3FFE5
3FFE9
3FFEC
3FFF0
3FFF3
3FFF7
3FFFA
3FFFD
00000
00003
00005
00007
00008
00008
00008
00008
00007
00005
00003
00001
3FFFE
3FFFB
3FFF8
3FFF4
3FFF0
3FFED
3FFE9
3FFE6
3FFE2
3FFDF
3FFDD
3FFDA
3FFD9
3FFD7
3FFD7
3FFD6
3FFD7
3FFD8
3FFD9
3FFDB
3FFDD
3FFE0
3FFE3
3FFE7
3FFEA
3FFEE
3FFF2
3FFF6
3FFF9
3FFFD
00000
00002
00005
00007
00008
00009
00009
00009
00008
00007
00005
00003
00000
3FFFD
3FFF9
3FFF6
3FFF2
3FFEE
3FFEA
3FFE7
3FFE3
3FFE0
3FFDD
3FFDB
3FFD8
3FFD7
3FFD6
3FFD5
3FFD6
3FFD6
3FFD7
3FFD9
3FFDC
3FFDE
3FFE1
3FFE5
3FFE8
3FFEC
3FFF0
3FFF4
3FFF8
3FFFB
3FFFF
00002
00005
00007
00009
0000A
0000A
0000A
0000A
00009
00007
00005
00002
3FFFF
3FFFC
3FFF8
3FFF4
3FFF0
3FFEC
3FFE8
3FFE4
3FFE1
3FFDE
3FFDB
3FFD8
3FFD7
3FFD5
3FFD4
3FFD4
3FFD5
3FFD6
3FFD7
3FFDA
3FFDC
3FFDF
3FFE3
3FFE6
3FFEA
3FFEE
3FFF2
3FFF6
3FFFA
3FFFE
00001
00004
00007
00009
0000A
0000B
0000C
0000B
0000A
00009
00007
00004
00001
3FFFE
3FFFA
3FFF6
3FFF2
3FFEE
3FFEA
3FFE6
3FFE2
3FFDE
3FFDB
3FFD8
3FFD6
3FFD5
3FFD3
3FFD3
3FFD3
3FFD4
3FFD5
3FFD7
3FFDA
3FFDD
3FFE0
3FFE4
3FFE8
3FFEC
3FFF1
3FFF5
3FFF9
3FFFD
00001
00004
00007
00009
0000B
0000C
0000D
0000D
0000C
0000B
00009
00006
00003
00000
3FFFC
3FFF8
3FFF4
3FFF0
3FFEB
3FFE7
3FFE3
3FFDF
3FFDB
3FFD8
3FFD6
3FFD4
3FFD3
3FFD2
3FFD2
3FFD2
3FFD3
3FFD5
3FFD8
3FFDB
3FFDE
3FFE2
3FFE6
3FFEA
3FFEF
3FFF3
3FFF8
3FFFC
00000
00004
00007
00009
0000C
0000D
0000E
0000E
0000E
0000D
0000B
00009
00006
00003
3FFFF
3FFFB
3FFF6
3FFF2
3FFED
3FFE8
3FFE4
3FFE0
3FFDC
3FFD9
3FFD6
3FFD3
3FFD2
3FFD0
3FFD0
3FFD0
3FFD1
3FFD3
3FFD5
3FFD8
3FFDB
3FFDF
3FFE3
3FFE8
3FFED
3FFF1
3FFF6
3FFFB
3FFFF
00003
00007
0000A
0000C
0000E
0000F
00010
00010
0000F
0000E
0000B
00009
00005
00001
3FFFD
3FFF9
3FFF4
3FFEF
3FFEA
3FFE5
3FFE1
3FFDD
3FFD9
3FFD5
3FFD3
3FFD1
3FFCF
3FFCE
3FFCE
3FFCF
3FFD0
3FFD3
3FFD5
3FFD9
3FFDC
3FFE1
3FFE5
3FFEA
3FFEF
3FFF4
3FFF9
3FFFE
00002
00006
0000A
0000D
0000F
00011
00012
00012
00011
00010
0000E
0000B
00008
00004
00000
3FFFB
3FFF6
3FFF1
3FFEC
3FFE7
3FFE2
3FFDD
3FFD9
3FFD5
3FFD2
3FFD0
3FFCE
3FFCD
3FFCC
3FFCD
3FFCE
3FFD0
3FFD2
3FFD5
3FFD9
3FFDE
3FFE2
3FFE7
3FFED
3FFF2
3FFF7
3FFFD
00001
00006
0000A
0000D
00010
00012
00014
00014
00014
00013
00011
0000F
0000B
00008
00003
3FFFE
3FFF9
3FFF4
3FFEE
3FFE9
3FFE3
3FFDE
3FFDA
3FFD5
3FFD2
3FFCF
3FFCC
3FFCB
3FFCA
3FFCA
3FFCB
3FFCC
3FFCF
3FFD2
3FFD6
3FFDA
3FFDF
3FFE5
3FFEA
3FFF0
3FFF5
3FFFB
00000
00005
0000A
0000E
00011
00014
00016
00017
00017
00016
00014
00012
0000F
0000B
00007
00002
3FFFC
3FFF7
3FFF1
3FFEB
3FFE5
3FFE0
3FFDA
3FFD5
3FFD1
3FFCE
3FFCB
3FFC9
3FFC7
3FFC7
3FFC8
3FFC9
3FFCB
3FFCE
3FFD2
3FFD7
3FFDC
3FFE1
3FFE7
3FFED
3FFF3
3FFF9
3FFFF
00005
0000A
0000E
00012
00015
00018
00019
0001A
00019
00018
00016
00013
0000F
0000B
00006
00000
3FFFA
3FFF4
3FFED
3FFE7
3FFE1
3FFDB
3FFD6
3FFD1
3FFCC
3FFC9
3FFC6
3FFC5
3FFC4
3FFC4
3FFC5
3FFC7
3FFCA
3FFCE
3FFD2
3FFD7
3FFDD
3FFE3
3FFEA
3FFF0
3FFF7
3FFFE
00004
0000A
0000F
00013
00017
0001A
0001C
0001D
0001D
0001C
0001A
00018
00014
0000F
0000A
00004
3FFFE
3FFF7
3FFF0
3FFE9
3FFE3
3FFDC
3FFD6
3FFD0
3FFCB
3FFC7
3FFC4
3FFC2
3FFC0
3FFC0
3FFC1
3FFC2
3FFC5
3FFC9
3FFCD
3FFD3
3FFD9
3FFDF
3FFE6
3FFED
3FFF5
3FFFC
00003
00009
0000F
00014
00019
0001D
0001F
00021
00022
00021
00020
0001D
00019
00015
0000F
00009
00002
3FFFB
3FFF4
3FFEC
3FFE5
3FFDD
3FFD6
3FFD0
3FFCA
3FFC5
3FFC1
3FFBE
3FFBC
3FFBB
3FFBB
3FFBD
3FFBF
3FFC3
3FFC8
3FFCD
3FFD3
3FFDA
3FFE2
3FFEA
3FFF1
3FFF9
00001
00009
00010
00016
0001B
00020
00023
00026
00027
00027
00025
00023
00020
0001B
00015
0000F
00008
00000
3FFF8
3FFF0
3FFE7
3FFDF
3FFD7
3FFD0
3FFC9
3FFC3
3FFBE
3FFBA
3FFB7
3FFB6
3FFB5
3FFB6
3FFB9
3FFBC
3FFC1
3FFC6
3FFCD
3FFD4
3FFDC
3FFE5
3FFEE
3FFF7
3FFFF
00008
00010
00017
0001E
00023
00028
0002B
0002D
0002D
0002D
0002B
00027
00023
0001D
00016
0000E
00006
3FFFD
3FFF4
3FFEA
3FFE1
3FFD8
3FFCF
3FFC7
3FFC0
3FFBA
3FFB5
3FFB1
3FFAF
3FFAE
3FFAE
3FFB0
3FFB4
3FFB8
3FFBE
3FFC5
3FFCD
3FFD6
3FFDF
3FFE9
3FFF3
3FFFD
00007
00010
00019
00021
00027
0002D
00031
00034
00036
00035
00034
00031
0002C
00026
0001F
00017
0000D
00003
3FFF9
3FFEE
3FFE4
3FFD9
3FFCF
3FFC6
3FFBD
3FFB5
3FFAF
3FFAA
3FFA7
3FFA5
3FFA5
3FFA6
3FFA9
3FFAE
3FFB4
3FFBB
3FFC4
3FFCD
3FFD8
3FFE3
3FFEE
3FFFA
00005
00010
0001B
00024
0002D
00034
00039
0003E
00040
00041
00040
0003D
00038
00032
0002A
00021
00017
0000C
00000
3FFF4
3FFE7
3FFDB
3FFCF
3FFC3
3FFB9
3FFAF
3FFA7
3FFA1
3FF9C
3FF99
3FF98
3FF98
3FF9B
3FF9F
3FFA6
3FFAE
3FFB7
3FFC2
3FFCE
3FFDB
3FFE8
3FFF6
00003
00011
0001D
00029
00034
0003D
00044
0004A
0004E
00050
00050
0004D
00049
00042
0003A
00030
00024
00017
0000A
3FFFB
3FFEC
3FFDD
3FFCF
3FFC0
3FFB3
3FFA7
3FF9D
3FF94
3FF8D
3FF88
3FF86
3FF85
3FF87
3FF8C
3FF92
3FF9B
3FFA6
3FFB2
3FFC0
3FFCF
3FFDF
3FFF0
00000
00011
00021
00030
0003D
0004A
00054
0005C
00062
00066
00066
00065
00061
0005A
00051
00045
00038
00028
00018
00006
3FFF4
3FFE1
3FFCE
3FFBC
3FFAB
3FF9B
3FF8D
3FF81
3FF77
3FF6F
3FF6B
3FF69
3FF6A
3FF6E
3FF75
3FF7F
3FF8B
3FF9A
3FFAB
3FFBE
3FFD1
3FFE6
3FFFC
00011
00026
0003A
0004C
0005D
0006C
00078
00081
00088
0008B
0008A
00086
0007F
00075
00067
00057
00044
0002F
00018
00000
3FFE7
3FFCE
3FFB6
3FF9E
3FF87
3FF73
3FF61
3FF52
3FF46
3FF3E
3FF39
3FF38
3FF3C
3FF43
3FF4E
3FF5D
3FF70
3FF86
3FF9E
3FFB9
3FFD5
3FFF3
00011
0002F
0004C
00068
00081
00098
000AB
000BB
000C7
000CE
000D0
000CD
000C6
000B9
000A8
00093
00079
0005C
0003B
00018
3FFF4
3FFCE
3FFA8
3FF83
3FF60
3FF3F
3FF20
3FF06
3FEF0
3FEDF
3FED4
3FECF
3FED0
3FED8
3FEE5
3FEFA
3FF14
3FF34
3FF59
3FF82
3FFAF
3FFDF
00011
00044
00076
000A8
000D6
00102
00128
0014A
00164
00177
00183
00185
0017F
00170
00157
00136
0010B
000D9
0009F
0005E
00018
3FFCE
3FF81
3FF32
3FEE4
3FE98
3FE4F
3FE0B
3FDCF
3FD9B
3FD72
3FD54
3FD44
3FD42
3FD4F
3FD6C
3FD9A
3FDDA
3FE2A
3FE8C
3FEFE
3FF80
00011
000B0
0015B
00211
002CF
00394
0045E
00529
005F5
006BE
00782
0083F
008F2
00999
00A31
00ABA
00B31
00B94
00BE3
00C1C
00C3E
2F5E2
04208
3E446
38C4C
3D91F
05150
02802
2EE92
30E27
0326E
3CB90
02C13
31CED
3E4A6
36E20
3D0CE
3C04E
06F3C
36411
3CF50
04512
01EB5
36E2E
09452
0317F
3DA45
3AA61
339FF
3B6EE
3A5CD
3DE30
3CD2E
0BF10
315ED
031C0
0B42C
34E29
36F96
08382
0521C
36C9F
3B48D
25304
0501B
02EC6
0EE24
0CF05
2B26F
015D1
0EAE3
07437
39B85
2A3F9
37C6C
0C896
3D795
3E398
3BE2B
00C08
073E6
0DDE9
33AC7
0230C
0187F
37C63
0EA56
36F86
01971
00CFA
3977B
3D56E
0FB47
04238
063E3
3F7AB
03DD1
3D5B7
3FC55
38DB7
08D6D
04ACC
03BE0
01276
04A61
07F30
04B72
3D08E
3FE7D
0C44D
01FCD
39DBA
073D8
3DD77
04DB4
00FD1
03CEC
3651E
2E858
03C1F
251A3
0815C
3DF84
00672
03674
2C162
3CDF5
00546
35149
029CF
0357F
342A4
01ECE
03269
0A307
3A28C
3E724
3AD4A
37DA5
0F353
3C2EB
0835F
0D676
3E41D
3A180
33EA0
3F2DC
3C2D2
08232
13303
021D6
3EB3A
012A4
39612
024B3
026CE
01EA4
3660D
06259
3BF1A
3942E
04AF8
3C7B1
3D6B7
362A6
3A8C1
01480
0B79D
3CEA0
1024B
035A8
3FD69
39071
3C5E6
03963
07189
02671
3ED75
0975F
0139D
32589
10A25
036FA
0977E
343A4
3F1AC
31DC9
3E1CD
234DF
3F792
3C85A
32231
019A5
0F3BD
04B61
011A9
3D1CB
00AED
3C35B
00149
0CD4F
3CF87
0028D
3D6F0
064A9
084C3
078C4
39210
04608
3B4BE
09F8C
349A5
06EF6
3797E
00A74
062D4
08DD6
39521
000EF
3BC03
3CD66
04B72
09641
3517B
3F091
36124
06A8B
30A36
0AF24
0237C
3B9EF
0508D
3B492
34925
02ABA
0ACB3
3D1A4
3E138
00248
02E04
01148
385AF
1130E
3D4B3
05F23
3E8BF
39DFF
004A9
3D2D9
3F01C
0AB21
0B854
34C01
3B272
3C766
3FAFD
38690
3D965
39DDB
325A6
3BE79
3CBDB
0149E
047BD
050F9
31A74
075D3
3BAC9
05F0A
004AF
044DE
0FCE8
3C0C7
0E4B3
38C82
033D7
3CF9C
3049C
05FE7
069F3
01E74
080F4
07B52
014F1
38713
3E157
006A6
3F7C5
3BE8F
058FF
084DE
3C7B9
2ACBF
363DE
3E503
096FA
08C03
3AAA6
3BE68
3BE10
05C25
36E01
0568E
008F0
36807
008D7
1F4A1
07B54
03A75
031B4
04A3E
3861C
36CF9
38A70
0487B
3881A
3371B
0D785
3C9C3
37D20
375E0
053A9
3DEEC
06780
07CEA
3DF40
3BB62
03164
0073A
3869D
3E5DA
0E8E9
3B9BD
3D7CF
39CA9
3CC2A
0A6F0
32BE6
3E5C1
01E76
3E1BF
36EF8
090C3
3BFCF
3AF46
3958A
3EB63
0693E
09835
09B91
33FEB
35FDC
04572
11AD9
3BA6B
3DEA0
3EB92
0F817
3CF0A
01F9F
3CD1E
00097
03DB2
3FF04
32CF1
06991
08F2B
2F8FE
0205A
3AFD9
08C81
3F978
355B3
3CA0D
372B0
3B31F
3EE09
3E70B
35D68
3CEC5
0B456
0B093
0A863
02567
06029
39078
3A76E
3CA24
3BC29
0D01B
12027
00202
0A045
0299F
02C49
3C6E9
0B26D
3DD20
32440
05D75
01464
3454A
3D690
002B3
04D0D
3E8C5
0C628
3470E
3F24C
38D4B
3C524
01513
3511B
35E45
3A266
02CC6
038F2
01703
39EC0
0CE85
3565D
38F38
021D3
36B36
3ED63
36C13
14A0C
3B885
382DD
37F48
0BE01
36C6B
0E444
0ACC4
02911
08C03
3DA4D
3A383
04F91
03D2D
38BA7
3F258
055DB
3AF45
3F361
2FF40
3D3B5
001A9
0DF4D
0097F
395B1
3C88B
3E81B
3CB32
3CC5D
3CD76
37051
0C01C
030AB
3A8BC
39BB3
0C2C9
078CA
00DDC
387C0
018DA
12DE9
0D494
0DDE7
35E01
3D23E
04CF1
3E1EB
39250
018D3
3F6E2
3981A
3BCB3
08CC0
359BC
027DC
020B2
3DAEA
30CC9
04DD7
3ECA7
0BB3D
0027E
0AFB6
05D26
35039
0A396
30C7C
3C616
3AA06
3FE3B
3B11F
04A2B
02AFF
3E079
33037
37CFC
39863
0791C
3C791
02F99
3A044
3CD45
32DF9
09353
39F58
028CD
0D0A4
3F90C
3F5E1
3ED11
09885
0162D
3941A
02978
003B7
3C571
3F2CE
0C3C9
3CCFA
3B01A
07D15
02985
34BE5
39645
01B15
382D6
3DB0B
0DF83
0303A
00FF3
3D51F
03EBB
3817D
02D9A
3BB0A
31894
13C99
04A65
3A40F
0115D
00A61
00967
008EB
0086D
007D8
0072C
0066C
0059B
004BF
003DC
002F8
00216
0013A
0006A
3FFA9
3FEFA
3FE60
3FDDE
3FD76
3FD28
3FCF7
3FCE1
3FCE8
3FD09
3FD44
3FD96
3FDFE
3FE78
3FF02
3FF97
00036
000D9
0017E
00220
002BD
00351
003D9
00452
004BA
0050F
00550
0057B
0058F
0058D
00576
00549
00508
004B5
00451
003E0
00363
002DE
00253
001C5
00138
000AE
0002A
3FFAF
3FF40
3FEDD
3FE8A
3FE48
3FE17
3FDF9
3FDED
3FDF5
3FE0E
3FE39
3FE74
3FEBD
3FF13
3FF73
3FFDC
0004A
000BB
0012E
0019E
00209
0026E
002CA
0031B
00360
00397
003BE
003D6
003DE
003D5
003BD
00396
00360
0031E
002D0
00279
0021A
001B6
0014E
000E5
0007E
0001A
3FFBC
3FF65
3FF17
3FED4
3FE9D
3FE74
3FE58
3FE4A
3FE4B
3FE5A
3FE76
3FE9F
3FED4
3FF14
3FF5C
3FFAB
00000
00058
000B1
0010A
00160
001B1
001FD
00240
0027A
002A9
002CC
002E4
002EE
002EC
002DD
002C2
0029B
00269
0022E
001EB
001A1
00152
000FF
000AC
00058
00007
3FFB9
3FF71
3FF30
3FEF8
3FEC8
3FEA4
3FE8A
3FE7C
3FE79
3FE82
3FE97
3FEB6
3FEDF
3FF11
3FF4B
3FF8B
3FFD0
00018
00062
000AC
000F4
00139
00179
001B3
001E5
0020F
00230
00246
00252
00253
0024A
00236
00218
001F1
001C1
0018B
0014E
0010D
000C8
00082
0003B
3FFF6
3FFB4
3FF76
3FF3E
3FF0C
3FEE3
3FEC1
3FEA9
3FE9B
3FE97
3FE9C
3FEAB
3FEC4
3FEE5
3FF0E
3FF3E
3FF74
3FFAE
3FFEB
0002A
0006A
000A8
000E4
0011C
0014F
0017C
001A2
001C0
001D6
001E2
001E6
001E0
001D1
001B9
0019A
00172
00145
00111
000DA
0009F
00063
00026
3FFEA
3FFB0
3FF79
3FF47
3FF1A
3FEF4
3FED6
3FEBF
3FEB1
3FEAB
3FEAE
3FEB9
3FECD
3FEE8
3FF0B
3FF33
3FF61
3FF94
3FFC9
00000
00038
0006F
000A4
000D7
00105
0012E
00151
0016D
00182
0018F
00194
00191
00185
00172
00158
00137
00110
000E4
000B3
00080
0004B
00015
3FFE0
3FFAC
3FF7B
3FF4D
3FF25
3FF02
3FEE5
3FECF
3FEC1
3FEBA
3FEBB
3FEC3
3FED3
3FEEA
3FF08
3FF2B
3FF53
3FF7F
3FFAE
3FFDF
00011
00042
00072
000A0
000CA
000F0
00111
0012C
00140
0014D
00154
00152
0014A
0013B
00125
00108
000E7
000C0
00095
00068
00039
00008
3FFD8
3FFA9
3FF7C
3FF53
3FF2D
3FF0C
3FEF1
3FEDC
3FECE
3FEC6
3FEC5
3FECB
3FED8
3FEEB
3FF05
3FF23
3FF47
3FF6E
3FF98
3FFC4
3FFF1
0001E
0004A
00074
0009B
000BF
000DE
000F7
0010B
00119
00120
00121
0011B
0010E
000FC
000E3
000C6
000A4
0007E
00055
0002A
3FFFE
3FFD2
3FFA7
3FF7E
3FF57
3FF34
3FF15
3FEFB
3FEE7
3FED8
3FECF
3FECD
3FED1
3FEDC
3FEEC
3FF02
3FF1D
3FF3C
3FF5F
3FF85
3FFAD
3FFD7
00000
00029
00050
00074
00096
000B3
000CC
000E0
000EE
000F6
000F8
000F4
000EA
000DA
000C5
000AB
0008C
0006A
00046
0001F
3FFF7
3FFCE
3FFA6
3FF80
3FF5B
3FF3A
3FF1D
3FF04
3FEF0
3FEE1
3FED8
3FED4
3FED7
3FEDF
3FEED
3FF00
3FF18
3FF34
3FF53
3FF76
3FF9A
3FFC0
3FFE7
0000D
00031
00054
00073
00090
000A8
000BB
000C9
000D2
000D6
000D3
000CB
000BE
000AC
00095
00079
0005B
00039
00016
3FFF0
3FFCB
3FFA6
3FF82
3FF5F
3FF40
3FF24
3FF0B
3FEF7
3FEE8
3FEDF
3FEDA
3FEDB
3FEE2
3FEED
3FEFE
3FF13
3FF2C
3FF49
3FF68
3FF8A
3FFAD
3FFD1
3FFF4
00017
00038
00056
00071
00089
0009C
000AA
000B4
000B8
000B8
000B2
000A6
00097
00082
0006A
0004E
0002F
0000E
3FFEC
3FFC9
3FFA6
3FF84
3FF63
3FF45
3FF2A
3FF12
3FEFF
3FEEF
3FEE5
3FEE0
3FEDF
3FEE4
3FEEE
3FEFC
3FF0F
3FF25
3FF40
3FF5D
3FF7C
3FF9C
3FFBE
3FFDF
00000
0001F
0003C
00057
0006E
00081
00090
0009A
0009F
000A0
0009C
00092
00085
00072
0005C
00043
00027
00008
3FFE8
3FFC8
3FFA7
3FF86
3FF67
3FF4A
3FF30
3FF19
3FF05
3FEF6
3FEEB
3FEE4
3FEE3
3FEE6
3FEEE
3FEFB
3FF0B
3FF20
3FF38
3FF52
3FF6F
3FF8E
3FFAD
3FFCD
3FFEC
0000A
00026
00040
00056
00069
00078
00083
0008A
0008B
00088
00081
00075
00065
00051
0003A
00020
00004
3FFE6
3FFC7
3FFA8
3FF89
3FF6B
3FF4F
3FF36
3FF1F
3FF0B
3FEFC
3FEF0
3FEE9
3FEE6
3FEE8
3FEEF
3FEF9
3FF08
3FF1B
3FF30
3FF49
3FF64
3FF81
3FF9E
3FFBC
3FFDA
3FFF7
00012
0002B
00041
00054
00064
0006F
00076
00079
00078
00072
00068
00059
00047
00032
0001A
00000
3FFE4
3FFC7
3FFA9
3FF8C
3FF6F
3FF54
3FF3B
3FF25
3FF11
3FF01
3FEF5
3FEED
3FEEA
3FEEA
3FEEF
3FEF8
3FF05
3FF16
3FF2A
3FF41
3FF5A
3FF75
3FF91
3FFAD
3FFCA
3FFE6
00000
00018
0002E
00042
00051
0005D
00065
00069
00069
00064
0005C
0004F
0003F
0002C
00016
3FFFD
3FFE3
3FFC7
3FFAB
3FF8F
3FF73
3FF59
3FF40
3FF2A
3FF17
3FF07
3FEFA
3FEF2
3FEED
3FEEC
3FEF0
3FEF8
3FF03
3FF12
3FF24
3FF39
3FF51
3FF6A
3FF85
3FFA0
3FFBB
3FFD6
3FFF0
00008
0001E
00031
00041
0004D
00056
0005B
0005C
00058
00051
00046
00038
00026
00012
3FFFB
3FFE2
3FFC8
3FFAD
3FF92
3FF77
3FF5E
3FF46
3FF30
3FF1C
3FF0C
3FEFF
3FEF6
3FEF0
3FEEE
3FEF1
3FEF7
3FF01
3FF0E
3FF1F
3FF33
3FF49
3FF60
3FF7A
3FF94
3FFAE
3FFC8
3FFE1
3FFF9
0000E
00021
00032
0003F
00048
0004E
00050
0004E
00048
0003F
00032
00021
0000E
3FFF9
3FFE2
3FFC9
3FFAF
3FF95
3FF7B
3FF62
3FF4B
3FF35
3FF22
3FF11
3FF04
3FEFA
3FEF3
3FEF1
3FEF2
3FEF7
3FEFF
3FF0B
3FF1B
3FF2D
3FF41
3FF58
3FF70
3FF89
3FFA2
3FFBB
3FFD3
3FFEB
00000
00013
00024
00031
0003B
00042
00045
00044
00040
00038
0002C
0001D
0000C
3FFF8
3FFE2
3FFCA
3FFB1
3FF98
3FF7F
3FF67
3FF50
3FF3A
3FF27
3FF16
3FF08
3FEFE
3FEF6
3FEF3
3FEF3
3FEF7
3FEFE
3FF09
3FF16
3FF27
3FF3A
3FF4F
3FF66
3FF7E
3FF97
3FFAF
3FFC7
3FFDE
3FFF3
00006
00017
00025
00030
00037
0003B
0003B
00038
00031
00027
0001A
00009
3FFF7
3FFE2
3FFCC
3FFB4
3FF9C
3FF84
3FF6C
3FF55
3FF40
3FF2C
3FF1B
3FF0D
3FF02
3FEFA
3FEF5
3FEF4
3FEF7
3FEFD
3FF06
3FF13
3FF22
3FF34
3FF48
3FF5E
3FF75
3FF8C
3FFA4
3FFBB
3FFD2
3FFE7
3FFFA
0000B
00019
00025
0002D
00032
00033
00031
0002C
00023
00017
00008
3FFF6
3FFE3
3FFCD
3FFB7
3FF9F
3FF88
3FF71
3FF5A
3FF45
3FF32
3FF20
3FF12
3FF06
3FEFD
3FEF8
3FEF6
3FEF7
3FEFC
3FF04
3FF0F
3FF1D
3FF2E
3FF41
3FF56
3FF6C
3FF82
3FF99
3FFB0
3FFC6
3FFDB
3FFEF
00000
0000F
0001B
00024
00029
0002C
0002B
00026
0001F
00014
00006
3FFF6
3FFE3
3FFCF
3FFB9
3FFA3
3FF8C
3FF75
3FF5F
3FF4A
3FF37
3FF25
3FF16
3FF0A
3FF00
3FEFA
3FEF7
3FEF7
3FEFB
3FF02
3FF0C
3FF19
3FF29
3FF3B
3FF4E
3FF63
3FF79
3FF90
3FFA6
3FFBC
3FFD1
3FFE4
3FFF6
00005
00011
0001B
00022
00025
00025
00022
0001B
00011
00005
3FFF6
3FFE4
3FFD1
3FFBC
3FFA7
3FF90
3FF7A
3FF64
3FF4F
3FF3C
3FF2A
3FF1B
3FF0E
3FF04
3FEFD
3FEF9
3FEF8
3FEFB
3FF01
3FF0A
3FF16
3FF24
3FF35
3FF47
3FF5C
3FF71
3FF87
3FF9D
3FFB2
3FFC7
3FFDA
3FFEC
3FFFB
00008
00013
0001A
0001E
0001F
0001D
00018
0000F
00004
3FFF6
3FFE5
3FFD3
3FFBF
3FFAA
3FF95
3FF7F
3FF69
3FF55
3FF41
3FF2F
3FF20
3FF12
3FF07
3FEFF
3FEFB
3FEF9
3FEFB
3FF00
3FF07
3FF12
3FF1F
3FF2F
3FF41
3FF54
3FF69
3FF7E
3FF93
3FFA9
3FFBD
3FFD1
3FFE3
3FFF2
00000
0000B
00013
00018
0001A
00019
00015
0000D
00003
3FFF6
3FFE7
3FFD5
3FFC2
3FFAE
3FF99
3FF84
3FF6F
3FF5A
3FF46
3FF34
3FF24
3FF16
3FF0B
3FF02
3FEFD
3FEFA
3FEFB
3FEFF
3FF05
3FF0F
3FF1B
3FF2A
3FF3B
3FF4D
3FF61
3FF76
3FF8B
3FFA0
3FFB4
3FFC8
3FFDA
3FFEA
3FFF8
00004
0000C
00012
00015
00015
00012
0000B
00002
3FFF6
3FFE8
3FFD8
3FFC5
3FFB2
3FF9E
3FF89
3FF74
3FF5F
3FF4C
3FF3A
3FF29
3FF1B
3FF0F
3FF05
3FEFF
3FEFB
3FEFB
3FEFE
3FF04
3FF0C
3FF18
3FF25
3FF35
3FF47
3FF5A
3FF6E
3FF83
3FF97
3FFAC
3FFBF
3FFD1
3FFE2
3FFF0
3FFFD
00006
0000D
00011
00011
0000F
0000A
00002
3FFF7
3FFE9
3FFDA
3FFC9
3FFB6
3FFA2
3FF8E
3FF79
3FF65
3FF51
3FF3F
3FF2E
3FF1F
3FF13
3FF09
3FF01
3FEFD
3FEFC
3FEFD
3FF02
3FF0A
3FF14
3FF21
3FF30
3FF41
3FF53
3FF67
3FF7B
3FF8F
3FFA3
3FFB7
3FFC9
3FFDA
3FFE9
3FFF6
00000
00008
0000C
0000E
0000D
00008
00001
3FFF7
3FFEB
3FFDC
3FFCC
3FFBA
3FFA6
3FF92
3FF7E
3FF6A
3FF57
3FF44
3FF33
3FF24
3FF17
3FF0C
3FF04
3FEFF
3FEFC
3FEFD
3FF01
3FF07
3FF11
3FF1D
3FF2B
3FF3B
3FF4D
3FF60
3FF73
3FF87
3FF9B
3FFAF
3FFC1
3FFD2
3FFE2
3FFEF
3FFFA
00002
00008
0000B
0000A
00007
00001
3FFF8
3FFED
3FFDF
3FFCF
3FFBE
3FFAB
3FF97
3FF83
3FF6F
3FF5C
3FF49
3FF38
3FF28
3FF1B
3FF0F
3FF07
3FF01
3FEFD
3FEFD
3FF00
3FF06
3FF0E
3FF19
3FF26
3FF35
3FF46
3FF59
3FF6C
3FF80
3FF94
3FFA7
3FFBA
3FFCB
3FFDB
3FFE9
3FFF4
3FFFE
00004
00008
00008
00006
00001
3FFF9
3FFEE
3FFE1
3FFD2
3FFC2
3FFAF
3FF9C
3FF89
3FF75
3FF61
3FF4F
3FF3D
3FF2D
3FF1F
3FF13
3FF09
3FF03
3FEFF
3FEFD
3FEFF
3FF04
3FF0B
3FF15
3FF22
3FF30
3FF41
3FF52
3FF65
3FF79
3FF8C
3FFA0
3FFB2
3FFC4
3FFD4
3FFE3
3FFEF
3FFF9
00000
00004
00006
00005
00000
3FFF9
3FFF0
3FFE4
3FFD6
3FFC6
3FFB4
3FFA1
3FF8E
3FF7B
3FF67
3FF54
3FF42
3FF32
3FF23
3FF17
3FF0D
3FF05
3FF00
3FEFE
3FEFF
3FF02
3FF09
3FF12
3FF1E
3FF2B
3FF3B
3FF4C
3FF5F
3FF72
3FF85
3FF99
3FFAB
3FFBD
3FFCE
3FFDD
3FFEA
3FFF4
3FFFC
00001
00004
00004
00000
3FFFA
3FFF2
3FFE6
3FFD9
3FFCA
3FFB9
3FFA6
3FF93
3FF80
3FF6D
3FF5A
3FF48
3FF37
3FF28
3FF1B
3FF10
3FF07
3FF02
3FEFF
3FEFE
3FF01
3FF07
3FF0F
3FF1A
3FF27
3FF36
3FF46
3FF58
3FF6B
3FF7E
3FF92
3FFA4
3FFB7
3FFC8
3FFD7
3FFE4
3FFF0
3FFF8
3FFFF
00002
00002
00000
3FFFB
3FFF3
3FFE9
3FFDC
3FFCE
3FFBD
3FFAC
3FF99
3FF86
3FF73
3FF60
3FF4D
3FF3C
3FF2D
3FF1F
3FF13
3FF0A
3FF03
3FEFF
3FEFE
3FF00
3FF05
3FF0C
3FF16
3FF22
3FF31
3FF41
3FF52
3FF65
3FF78
3FF8B
3FF9E
3FFB0
3FFC1
3FFD1
3FFDF
3FFEB
3FFF5
3FFFC
00000
00001
00000
3FFFC
3FFF5
3FFEC
3FFE0
3FFD2
3FFC2
3FFB1
3FF9E
3FF8C
3FF78
3FF65
3FF53
3FF41
3FF31
3FF23
3FF17
3FF0D
3FF05
3FF01
3FEFF
3FF00
3FF03
3FF0A
3FF13
3FF1E
3FF2C
3FF3B
3FF4C
3FF5E
3FF71
3FF84
3FF97
3FFAA
3FFBB
3FFCC
3FFDA
3FFE7
3FFF1
3FFF9
3FFFE
00000
00000
3FFFD
3FFF7
3FFEE
3FFE3
3FFD6
3FFC7
3FFB6
3FFA4
3FF91
3FF7E
3FF6B
3FF59
3FF47
3FF36
3FF28
3FF1B
3FF10
3FF08
3FF02
3FEFF
3FEFF
3FF02
3FF07
3FF10
3FF1A
3FF27
3FF36
3FF46
3FF58
3FF6B
3FF7E
3FF91
3FFA3
3FFB5
3FFC6
3FFD5
3FFE2
3FFEE
3FFF6
3FFFC
00000
00000
3FFFE
3FFF9
3FFF1
3FFE7
3FFDA
3FFCB
3FFBB
3FFAA
3FF97
3FF84
3FF71
3FF5F
3FF4C
3FF3C
3FF2C
3FF1F
3FF13
3FF0A
3FF04
3FF00
3FEFF
3FF01
3FF05
3FF0D
3FF17
3FF23
3FF31
3FF41
3FF52
3FF65
3FF77
3FF8A
3FF9D
3FFAF
3FFC1
3FFD0
3FFDE
3FFEA
3FFF3
3FFFA
3FFFF
00000
3FFFF
3FFFA
3FFF3
3FFEA
3FFDE
3FFD0
3FFC1
3FFAF
3FF9D
3FF8A
3FF77
3FF65
3FF52
3FF41
3FF31
3FF23
3FF17
3FF0D
3FF05
3FF01
3FEFF
3FF00
3FF04
3FF0A
3FF13
3FF1F
3FF2C
3FF3C
3FF4C
3FF5F
3FF71
3FF84
3FF97
3FFAA
3FFBB
3FFCB
3FFDA
3FFE7
3FFF1
3FFF9
3FFFE
00000
00000
3FFFC
3FFF6
3FFEE
3FFE2
3FFD5
3FFC6
3FFB5
3FFA3
3FF91
3FF7E
3FF6B
3FF58
3FF46
3FF36
3FF27
3FF1A
3FF10
3FF07
3FF02
3FEFF
3FEFF
3FF02
3FF08
3FF10
3FF1B
3FF28
3FF36
3FF47
3FF59
3FF6B
3FF7E
3FF91
3FFA4
3FFB6
3FFC7
3FFD6
3FFE3
3FFEE
3FFF7
3FFFD
00000
00000
3FFFE
3FFF9
3FFF1
3FFE7
3FFDA
3FFCC
3FFBB
3FFAA
3FF97
3FF84
3FF71
3FF5E
3FF4C
3FF3B
3FF2C
3FF1E
3FF13
3FF0A
3FF03
3FF00
3FEFF
3FF01
3FF05
3FF0D
3FF17
3FF23
3FF31
3FF41
3FF53
3FF65
3FF78
3FF8C
3FF9E
3FFB1
3FFC2
3FFD2
3FFE0
3FFEC
3FFF5
3FFFC
00000
00001
00000
3FFFC
3FFF5
3FFEB
3FFDF
3FFD1
3FFC1
3FFB0
3FF9E
3FF8B
3FF78
3FF65
3FF52
3FF41
3FF31
3FF22
3FF16
3FF0C
3FF05
3FF00
3FEFE
3FEFF
3FF03
3FF0A
3FF13
3FF1F
3FF2D
3FF3C
3FF4D
3FF60
3FF73
3FF86
3FF99
3FFAC
3FFBD
3FFCE
3FFDC
3FFE9
3FFF3
3FFFB
00000
00002
00002
3FFFF
3FFF8
3FFF0
3FFE4
3FFD7
3FFC8
3FFB7
3FFA4
3FF92
3FF7E
3FF6B
3FF58
3FF46
3FF36
3FF27
3FF1A
3FF0F
3FF07
3FF01
3FEFE
3FEFF
3FF02
3FF07
3FF10
3FF1B
3FF28
3FF37
3FF48
3FF5A
3FF6D
3FF80
3FF93
3FFA6
3FFB9
3FFCA
3FFD9
3FFE6
3FFF2
3FFFA
00000
00004
00004
00001
3FFFC
3FFF4
3FFEA
3FFDD
3FFCE
3FFBD
3FFAB
3FF99
3FF85
3FF72
3FF5F
3FF4C
3FF3B
3FF2B
3FF1E
3FF12
3FF09
3FF02
3FEFF
3FEFE
3FF00
3FF05
3FF0D
3FF17
3FF23
3FF32
3FF42
3FF54
3FF67
3FF7B
3FF8E
3FFA1
3FFB4
3FFC6
3FFD6
3FFE4
3FFF0
3FFF9
00000
00005
00006
00004
00000
3FFF9
3FFEF
3FFE3
3FFD4
3FFC4
3FFB2
3FFA0
3FF8C
3FF79
3FF65
3FF52
3FF41
3FF30
3FF22
3FF15
3FF0B
3FF04
3FEFF
3FEFD
3FEFF
3FF03
3FF09
3FF13
3FF1F
3FF2D
3FF3D
3FF4F
3FF61
3FF75
3FF89
3FF9C
3FFAF
3FFC2
3FFD2
3FFE1
3FFEE
3FFF9
00001
00006
00008
00008
00004
3FFFE
3FFF4
3FFE9
3FFDB
3FFCB
3FFBA
3FFA7
3FF94
3FF80
3FF6C
3FF59
3FF46
3FF35
3FF26
3FF19
3FF0E
3FF06
3FF00
3FEFD
3FEFD
3FF01
3FF07
3FF0F
3FF1B
3FF28
3FF38
3FF49
3FF5C
3FF6F
3FF83
3FF97
3FFAB
3FFBE
3FFCF
3FFDF
3FFED
3FFF8
00001
00007
0000A
0000B
00008
00002
3FFFA
3FFEF
3FFE2
3FFD2
3FFC1
3FFAF
3FF9B
3FF87
3FF73
3FF60
3FF4D
3FF3B
3FF2B
3FF1D
3FF11
3FF07
3FF01
3FEFD
3FEFC
3FEFF
3FF04
3FF0C
3FF17
3FF24
3FF33
3FF44
3FF57
3FF6A
3FF7E
3FF92
3FFA6
3FFBA
3FFCC
3FFDC
3FFEB
3FFF7
00001
00008
0000D
0000E
0000C
00008
00000
3FFF6
3FFE9
3FFDA
3FFC9
3FFB7
3FFA3
3FF8F
3FF7B
3FF67
3FF53
3FF41
3FF30
3FF21
3FF14
3FF0A
3FF02
3FEFD
3FEFC
3FEFD
3FF01
3FF09
3FF13
3FF1F
3FF2E
3FF3F
3FF51
3FF65
3FF79
3FF8E
3FFA2
3FFB6
3FFC9
3FFDA
3FFE9
3FFF7
00002
0000A
0000F
00011
00011
0000D
00006
3FFFD
3FFF0
3FFE2
3FFD1
3FFBF
3FFAC
3FF97
3FF83
3FF6E
3FF5A
3FF47
3FF35
3FF25
3FF18
3FF0C
3FF04
3FEFE
3FEFB
3FEFB
3FEFF
3FF05
3FF0F
3FF1B
3FF29
3FF3A
3FF4C
3FF5F
3FF74
3FF89
3FF9E
3FFB2
3FFC5
3FFD8
3FFE8
3FFF6
00002
0000B
00012
00015
00015
00012
0000C
00004
3FFF8
3FFEA
3FFDA
3FFC8
3FFB4
3FFA0
3FF8B
3FF76
3FF61
3FF4D
3FF3B
3FF2A
3FF1B
3FF0F
3FF05
3FEFF
3FEFB
3FEFA
3FEFD
3FF02
3FF0B
3FF16
3FF24
3FF34
3FF46
3FF5A
3FF6F
3FF84
3FF99
3FFAE
3FFC2
3FFD5
3FFE7
3FFF6
00003
0000D
00015
00019
0001A
00018
00013
0000B
00000
3FFF2
3FFE3
3FFD1
3FFBD
3FFA9
3FF93
3FF7E
3FF69
3FF54
3FF41
3FF2F
3FF1F
3FF12
3FF07
3FF00
3FEFB
3FEF9
3FEFB
3FEFF
3FF07
3FF12
3FF20
3FF2F
3FF41
3FF55
3FF69
3FF7F
3FF95
3FFAA
3FFBF
3FFD3
3FFE5
3FFF6
00004
0000F
00018
0001D
0001F
0001E
0001A
00013
00008
3FFFB
3FFEC
3FFDA
3FFC7
3FFB2
3FF9D
3FF87
3FF71
3FF5C
3FF47
3FF35
3FF24
3FF16
3FF0A
3FF01
3FEFB
3FEF8
3FEF9
3FEFD
3FF04
3FF0E
3FF1B
3FF2A
3FF3C
3FF4F
3FF64
3FF7A
3FF90
3FFA7
3FFBC
3FFD1
3FFE4
3FFF6
00005
00011
0001B
00022
00025
00025
00022
0001B
00011
00005
3FFF6
3FFE4
3FFD1
3FFBC
3FFA6
3FF90
3FF79
3FF63
3FF4E
3FF3B
3FF29
3FF19
3FF0C
3FF02
3FEFB
3FEF7
3FEF7
3FEFA
3FF00
3FF0A
3FF16
3FF25
3FF37
3FF4A
3FF5F
3FF75
3FF8C
3FFA3
3FFB9
3FFCF
3FFE3
3FFF6
00006
00014
0001F
00026
0002B
0002C
00029
00024
0001B
0000F
00000
3FFEF
3FFDB
3FFC6
3FFB0
3FF99
3FF82
3FF6C
3FF56
3FF41
3FF2E
3FF1D
3FF0F
3FF04
3FEFC
3FEF7
3FEF6
3FEF8
3FEFD
3FF06
3FF12
3FF20
3FF32
3FF45
3FF5A
3FF71
3FF88
3FF9F
3FFB7
3FFCD
3FFE3
3FFF6
00008
00017
00023
0002C
00031
00033
00032
0002D
00025
00019
0000B
3FFFA
3FFE7
3FFD2
3FFBB
3FFA4
3FF8C
3FF75
3FF5E
3FF48
3FF34
3FF22
3FF13
3FF06
3FEFD
3FEF7
3FEF4
3FEF5
3FEFA
3FF02
3FF0D
3FF1B
3FF2C
3FF40
3FF55
3FF6C
3FF84
3FF9C
3FFB4
3FFCC
3FFE2
3FFF7
00009
0001A
00027
00031
00038
0003B
0003B
00037
00030
00025
00017
00006
3FFF3
3FFDE
3FFC7
3FFAF
3FF97
3FF7E
3FF66
3FF4F
3FF3A
3FF27
3FF16
3FF09
3FEFE
3FEF7
3FEF3
3FEF3
3FEF6
3FEFE
3FF08
3FF16
3FF27
3FF3A
3FF50
3FF67
3FF7F
3FF98
3FFB1
3FFCA
3FFE2
3FFF8
0000C
0001D
0002C
00038
00040
00044
00045
00042
0003B
00031
00024
00013
00000
3FFEB
3FFD3
3FFBB
3FFA2
3FF89
3FF70
3FF58
3FF41
3FF2D
3FF1B
3FF0B
3FEFF
3FEF7
3FEF2
3FEF1
3FEF3
3FEFA
3FF04
3FF11
3FF22
3FF35
3FF4B
3FF62
3FF7B
3FF95
3FFAF
3FFC9
3FFE2
3FFF9
0000E
00021
00032
0003F
00048
0004E
00050
0004E
00048
0003F
00032
00021
0000E
3FFF9
3FFE1
3FFC8
3FFAE
3FF94
3FF7A
3FF60
3FF49
3FF33
3FF1F
3FF0E
3FF01
3FEF7
3FEF1
3FEEE
3FEF0
3FEF6
3FEFF
3FF0C
3FF1C
3FF30
3FF46
3FF5E
3FF77
3FF92
3FFAD
3FFC8
3FFE2
3FFFB
00012
00026
00038
00046
00051
00058
0005C
0005B
00056
0004D
00041
00031
0001E
00008
3FFF0
3FFD6
3FFBB
3FFA0
3FF85
3FF6A
3FF51
3FF39
3FF24
3FF12
3FF03
3FEF8
3FEF0
3FEEC
3FEED
3FEF2
3FEFA
3FF07
3FF17
3FF2A
3FF40
3FF59
3FF73
3FF8F
3FFAB
3FFC7
3FFE3
3FFFD
00016
0002C
0003F
0004F
0005C
00064
00069
00069
00065
0005D
00051
00042
0002E
00018
00000
3FFE6
3FFCA
3FFAD
3FF91
3FF75
3FF5A
3FF41
3FF2A
3FF16
3FF05
3FEF8
3FEEF
3FEEA
3FEEA
3FEED
3FEF5
3FF01
3FF11
3FF25
3FF3B
3FF54
3FF6F
3FF8C
3FFA9
3FFC7
3FFE4
00000
0001A
00032
00047
00059
00068
00072
00078
00079
00076
0006F
00064
00054
00041
0002B
00012
3FFF7
3FFDA
3FFBC
3FF9E
3FF81
3FF64
3FF49
3FF30
3FF1B
3FF08
3FEF9
3FEEF
3FEE8
3FEE6
3FEE9
3FEF0
3FEFC
3FF0B
3FF1F
3FF36
3FF4F
3FF6B
3FF89
3FFA8
3FFC7
3FFE6
00004
00020
0003A
00051
00065
00075
00081
00088
0008B
0008A
00083
00078
00069
00056
00040
00026
0000A
3FFEC
3FFCD
3FFAD
3FF8E
3FF6F
3FF52
3FF38
3FF20
3FF0B
3FEFB
3FEEE
3FEE6
3FEE3
3FEE4
3FEEB
3FEF6
3FF05
3FF19
3FF30
3FF4A
3FF67
3FF86
3FFA7
3FFC8
3FFE8
00008
00027
00043
0005C
00072
00085
00092
0009C
000A0
0009F
0009A
00090
00081
0006E
00057
0003C
0001F
00000
3FFDF
3FFBE
3FF9C
3FF7C
3FF5D
3FF40
3FF25
3FF0F
3FEFC
3FEEE
3FEE4
3FEDF
3FEE0
3FEE5
3FEEF
3FEFF
3FF12
3FF2A
3FF45
3FF63
3FF84
3FFA6
3FFC9
3FFEC
0000E
0002F
0004E
0006A
00082
00097
000A6
000B2
000B8
000B8
000B4
000AA
0009C
00089
00071
00056
00038
00017
3FFF4
3FFD1
3FFAD
3FF8A
3FF68
3FF49
3FF2C
3FF13
3FEFE
3FEED
3FEE2
3FEDB
3FEDA
3FEDF
3FEE8
3FEF7
3FF0B
3FF24
3FF40
3FF5F
3FF82
3FFA6
3FFCB
3FFF0
00016
00039
0005B
00079
00095
000AC
000BE
000CB
000D3
000D6
000D2
000C9
000BB
000A8
00090
00073
00054
00031
0000D
3FFE7
3FFC0
3FF9A
3FF76
3FF53
3FF34
3FF18
3FF00
3FEED
3FEDF
3FED7
3FED4
3FED8
3FEE1
3FEF0
3FF04
3FF1D
3FF3A
3FF5B
3FF80
3FFA6
3FFCE
3FFF7
0001F
00046
0006A
0008C
000AB
000C5
000DA
000EA
000F4
000F8
000F6
000EE
000E0
000CC
000B3
00096
00074
00050
00029
00000
3FFD7
3FFAD
3FF85
3FF5F
3FF3C
3FF1D
3FF02
3FEEC
3FEDC
3FED1
3FECD
3FECF
3FED8
3FEE7
3FEFB
3FF15
3FF34
3FF57
3FF7E
3FFA7
3FFD2
3FFFE
0002A
00055
0007E
000A4
000C6
000E3
000FC
0010E
0011B
00121
00120
00119
0010B
000F7
000DE
000BF
0009B
00074
0004A
0001E
3FFF1
3FFC4
3FF98
3FF6E
3FF47
3FF23
3FF05
3FEEB
3FED8
3FECB
3FEC5
3FEC6
3FECE
3FEDC
3FEF1
3FF0C
3FF2D
3FF53
3FF7C
3FFA9
3FFD8
00008
00039
00068
00095
000C0
000E7
00108
00125
0013B
0014A
00152
00154
0014D
00140
0012C
00111
000F0
000CA
000A0
00072
00042
00011
3FFDF
3FFAE
3FF7F
3FF53
3FF2B
3FF08
3FEEA
3FED3
3FEC3
3FEBB
3FEBA
3FEC1
3FECF
3FEE5
3FF02
3FF25
3FF4D
3FF7B
3FFAC
3FFE0
00015
0004B
00080
000B3
000E4
00110
00137
00158
00172
00185
00191
00194
0018F
00182
0016D
00151
0012E
00105
000D7
000A4
0006F
00038
00000
3FFC9
3FF94
3FF61
3FF33
3FF0B
3FEE8
3FECD
3FEB9
3FEAE
3FEAB
3FEB1
3FEBF
3FED6
3FEF4
3FF1A
3FF47
3FF79
3FFB0
3FFEA
00026
00063
0009F
000DA
00111
00145
00172
0019A
001B9
001D1
001E0
001E6
001E2
001D6
001C0
001A2
0017C
0014F
0011C
000E4
000A8
0006A
0002A
3FFEB
3FFAE
3FF74
3FF3E
3FF0E
3FEE5
3FEC4
3FEAB
3FE9C
3FE97
3FE9B
3FEA9
3FEC1
3FEE3
3FF0C
3FF3E
3FF76
3FFB4
3FFF6
0003B
00082
000C8
0010D
0014E
0018B
001C1
001F1
00218
00236
0024A
00253
00252
00246
00230
0020F
001E5
001B3
00179
00139
000F4
000AC
00062
00018
3FFD0
3FF8B
3FF4B
3FF11
3FEDF
3FEB6
3FE97
3FE82
3FE79
3FE7C
3FE8A
3FEA4
3FEC8
3FEF8
3FF30
3FF71
3FFB9
00007
00058
000AC
000FF
00152
001A1
001EB
0022E
00269
0029B
002C2
002DD
002EC
002EE
002E4
002CC
002A9
0027A
00240
001FD
001B1
00160
0010A
000B1
00058
00000
3FFAB
3FF5C
3FF14
3FED4
3FE9F
3FE76
3FE5A
3FE4B
3FE4A
3FE58
3FE74
3FE9D
3FED4
3FF17
3FF65
3FFBC
0001A
0007E
000E5
0014E
001B6
0021A
00279
002D0
0031E
00360
00396
003BD
003D5
003DE
003D6
003BE
00397
00360
0031B
002CA
0026E
00209
0019E
0012E
000BB
0004A
3FFDC
3FF73
3FF13
3FEBD
3FE74
3FE39
3FE0E
3FDF5
3FDED
3FDF9
3FE17
3FE48
3FE8A
3FEDD
3FF40
3FFAF
0002A
000AE
00138
001C5
00253
002DE
00363
003E0
00451
004B5
00508
00549
00576
0058D
0058F
0057B
00550
0050F
004BA
00452
003D9
00351
002BD
00220
0017E
000D9
00036
3FF97
3FF02
3FE78
3FDFE
3FD96
3FD44
3FD09
3FCE8
3FCE1
3FCF7
3FD28
3FD76
3FDDE
3FE60
3FEFA
3FFA9
0006A
0013A
00216
002F8
003DC
004BF
0059B
0066C
0072C
007D8
0086D
008EB
00967
00A61
0115D
3A40F
04A65
13C99
31894
3BB0A
02D9A
3817D
03EBB
3D51F
00FF3
0303A
0DF83
3DB0B
382D6
01B15
39645
34BE5
02985
07D15
3B01A
3CCFA
0C3C9
3F2CE
3C571
003B7
02978
3941A
0162D
09885
3ED11
3F5E1
3F90C
0D0A4
028CD
39F58
09353
32DF9
3CD45
3A044
02F99
3C791
0791C
39863
37CFC
33037
3E079
02AFF
04A2B
3B11F
3FE3B
3AA06
3C616
30C7C
0A396
35039
05D26
0AFB6
0027E
0BB3D
3ECA7
04DD7
30CC9
3DAEA
020B2
027DC
359BC
08CC0
3BCB3
3981A
3F6E2
018D3
39250
3E1EB
04CF1
3D23E
35E01
0DDE7
0D494
12DE9
018DA
387C0
00DDC
078CA
0C2C9
39BB3
3A8BC
030AB
0C01C
37051
3CD76
3CC5D
3CB32
3E81B
3C88B
395B1
0097F
0DF4D
001A9
3D3B5
2FF40
3F361
3AF45
055DB
3F258
38BA7
03D2D
04F91
3A383
3DA4D
08C03
02911
0ACC4
0E444
36C6B
0BE01
37F48
382DD
3B885
14A0C
36C13
3ED63
36B36
021D3
38F38
3565D
0CE85
39EC0
01703
038F2
02CC6
3A266
35E45
3511B
01513
3C524
38D4B
3F24C
3470E
0C628
3E8C5
04D0D
002B3
3D690
3454A
01464
05D75
32440
3DD20
0B26D
3C6E9
02C49
0299F
0A045
00202
12027
0D01B
3BC29
3CA24
3A76E
39078
06029
02567
0A863
0B093
0B456
3CEC5
35D68
3E70B
3EE09
3B31F
372B0
3CA0D
355B3
3F978
08C81
3AFD9
0205A
2F8FE
08F2B
06991
32CF1
3FF04
03DB2
00097
3CD1E
01F9F
3CF0A
0F817
3EB92
3DEA0
3BA6B
11AD9
04572
35FDC
33FEB
09B91
09835
0693E
3EB63
3958A
3AF46
3BFCF
090C3
36EF8
3E1BF
01E76
3E5C1
32BE6
0A6F0
3CC2A
39CA9
3D7CF
3B9BD
0E8E9
3E5DA
3869D
0073A
03164
3BB62
3DF40
07CEA
06780
3DEEC
053A9
375E0
37D20
3C9C3
0D785
3371B
3881A
0487B
38A70
36CF9
3861C
04A3E
031B4
03A75
07B54
1F4A1
008D7
36807
008F0
0568E
36E01
05C25
3BE10
3BE68
3AAA6
08C03
096FA
3E503
363DE
2ACBF
3C7B9
084DE
058FF
3BE8F
3F7C5
006A6
3E157
38713
014F1
07B52
080F4
01E74
069F3
05FE7
3049C
3CF9C
033D7
38C82
0E4B3
3C0C7
0FCE8
044DE
004AF
05F0A
3BAC9
075D3
31A74
050F9
047BD
0149E
3CBDB
3BE79
325A6
39DDB
3D965
38690
3FAFD
3C766
3B272
34C01
0B854
0AB21
3F01C
3D2D9
004A9
39DFF
3E8BF
05F23
3D4B3
1130E
385AF
01148
02E04
00248
3E138
3D1A4
0ACB3
02ABA
34925
3B492
0508D
3B9EF
0237C
0AF24
30A36
06A8B
36124
3F091
3517B
09641
04B72
3CD66
3BC03
000EF
39521
08DD6
062D4
00A74
3797E
06EF6
349A5
09F8C
3B4BE
04608
39210
078C4
084C3
064A9
3D6F0
0028D
3CF87
0CD4F
00149
3C35B
00AED
3D1CB
011A9
04B61
0F3BD
019A5
32231
3C85A
3F792
234DF
3E1CD
31DC9
3F1AC
343A4
0977E
036FA
10A25
32589
0139D
0975F
3ED75
02671
07189
03963
3C5E6
39071
3FD69
035A8
1024B
3CEA0
0B79D
01480
3A8C1
362A6
3D6B7
3C7B1
04AF8
3942E
3BF1A
06259
3660D
01EA4
026CE
024B3
39612
012A4
3EB3A
021D6
13303
08232
3C2D2
3F2DC
33EA0
3A180
3E41D
0D676
0835F
3C2EB
0F353
37DA5
3AD4A
3E724
3A28C
0A307
03269
01ECE
342A4
0357F
029CF
35149
00546
3CDF5
2C162
03674
00672
3DF84
0815C
251A3
03C1F
2E858
3651E
03CEC
00FD1
04DB4
3DD77
073D8
39DBA
01FCD
0C44D
3FE7D
3D08E
04B72
07F30
04A61
01276
03BE0
04ACC
08D6D
38DB7
3FC55
3D5B7
03DD1
3F7AB
063E3
04238
0FB47
3D56E
3977B
00CFA
01971
36F86
0EA56
37C63
0187F
0230C
33AC7
0DDE9
073E6
00C08
3BE2B
3E398
3D795
0C896
37C6C
2A3F9
39B85
07437
0EAE3
015D1
2B26F
0CF05
0EE24
02EC6
0501B
25304
3B48D
36C9F
0521C
08382
36F96
34E29
0B42C
031C0
315ED
0BF10
3CD2E
3DE30
3A5CD
3B6EE
339FF
3AA61
3DA45
0317F
09452
36E2E
01EB5
04512
3CF50
36411
06F3C
3C04E
3D0CE
36E20
3E4A6
31CED
02C13
3CB90
0326E
30E27
2EE92
02802
05150
3D91F
38C4C
3E446
04208
392E0
02A55
39AD8
2D6B6
3C168
317E3
0CCC1
3A2FA
3965D
2D63E
04CA7
2DF15
01AB0
01DFE
3FF81
3A440
3B6D6
0AA7F
013A8
31ECF
3A8F8
2F872
078DB
3F0F2
348FE
09E4F
0F9F8
3946E
3C83D
35417
082C6
30241
01F18
32EF2
36317
2151F
3E00C
0E50A
09D37
09FB4
01D03
39353
3A667
38AC6
07E15
0A7AD
361FF
3C32D
04A9F
01ED4
38D40
3D553
12F6D
31A52
069CD
124AA
3C8E9
30DB4
0AA1C
0936D
3C214
31583
0370A
37646
0451C
12ADE
3B8FC
024AD
279C2
0F3D8
3A565
0A37B
3FA71
05D92
33F87
05E00
34ABA
11F49
165A5
32346
3D2CB
0FF46
38F40
0D2ED
3BE2E
3C1C0
053CB
04F38
0A19D
2522D
3D303
0DC1A
0243A
115B5
03168
0DFB9
2C3A9
392B1
00BB7
02A18
0AD6B
01E8F
31D35
06BFA
3BAFB
31675
36D47
2B94B
04C8D
36F9A
36B64
0761D
04878
07BC2
38451
016CD
05350
2B63E
2CECB
09778
08D94
0F900
03119
3F0C8
3D831
28E1C
01B14
3F5F4
0954D
3E0BB
3872C
07645
33508
06436
02C18
3D1C0
15587
2F4A7
0216E
16C7C
03DA9
3AFF3
09777
08AC5
026C8
05883
32EDF
38CAF
10846
08FF4
06FC3
3165B
35515
00643
0AAF1
3DA0A
26D57
33912
02025
10AF2
3BDFD
3D98D
0C2F7
0627D
0A4EF
32E5A
37536
06F14
3BDB9
0E4BE
0B73C
366DF
0A988
0FB9C
3364E
2FA58
0A11A
04B3E
34DC3
02E1E
338D6
396C3
05995
06F26
2E573
3AB23
0CC21
396D4
3A934
3B575
2CA9C
3FC50
3F831
138CF
077FB
0A940
0114B
0D777
35C48
1469D
2E768
354D5
3C500
3A203
3B12C
35219
07A64
3AFAB
02C91
3EE66
00B69
0190C
0A0AE
18729
3C06B
31278
31D48
03F84
026C9
05668
010C7
360A6
08E76
077FF
08F8C
379CF
3B450
2ECCF
07256
3E417
37109
37BAC
339D0
0F6F3
06AA4
0E548
0B173
0ED2D
3F7FB
3F5C5
19AAE
3C8B6
30D91
025C8
06236
2FD88
07A25
3F656
3D489
3F382
3DAC7
2FF08
3413E
08295
011C5
09E79
37157
00D8F
37D82
054A0
07B1B
3BDDD
3CB09
30CA5
07305
0DA74
0E3BE
0DDE4
3E09E
388B3
065BB
115F9
2B2E1
3AAD3
3067F
075D2
0C39C
31F3A
27012
3DB2D
0697E
2E158
03D56
3EB3B
3B523
032F2
004AC
3A1C2
0EFBF
00DAB
03CB2
356FB
073C9
036CF
394A6
092A9
3196F
05032
024B1
00CC4
0BAB8
04AD8
06743
07299
3FCBE
08EED
027E9
293D8
107EE
3B043
05AE4
3A9E6
38383
3D206
07199
012E7
12F8D
00D21
3E9FD
3A753
3767B
0B0F5
2E86D
3A263
0697A
3BC5C
0D987
089FE
3F4D3
04CDA
3B28A
314CC
3F8A9
02FF6
3281A
03D30
2E315
31454
09D2A
0E678
0825F
06DAD
02E40
0CEA8
2A741
34E61
06123
36D7C
3F138
3B573
038A7
3D306
10A6D
39DC2
3CEF3
055C5
3BFDA
04855
377A9
3F697
0CFB5
0CA4A
378FB
3FE07
2F058
12C17
3472D
0C4A0
0A7B3
04E8B
37BCA
04E56
08DB6
0DF88
3C349
3E353
3597B
36D5A
3F095
31198
3B07F
0B2DC
00E39
33990
027AD
374EB
3D71A
038C4
3A489
0E6AD
3CFFB
04CB9
3CB0A
33BA9
39488
3E68D
02332
06DA0
1F3ED
05C3B
34691
0B9F4
02DD8
2F641
0066B
05063
2F254
0CFDA
3E954
16311
3E90A
04676
37C10
2ECDC
0391B
05ABA
03C33
3D953
3639D
3AB99
36B66
3EDD0
36CC7
0BD0E
34CAF
3C331
1447B
0CF3A
09A6A
08ECF
065E1
3146D
06056
2BB58
06370
04590
2B4CA
045AE
079B0
059DA
048FE
07190
28474
0C621
10C61
2F806
04606
3D0A6
33B70
109ED
3A257
0B9D9
32AB5
3ECD2
041C5
079C2
35C66
06CD4
05DC4
347AC
3B5DA
0A80F
39B8A
0B488
3C71B
3ABBC
3298A
085C4
3E792
0B286
31734
35DF9
01235
08A4B
3B673
31297
0E4E1
3F4B4
3A66B
3DA2A
3A1D7
19F54
2C2A8
3945E
02DB5
0720D
07D7B
38C26
14C5A
05F4B
10E57
01A4E
3D9FC
3D65F
01BA0
09654
3A3D1
05EB1
05DCC
01A6E
33E95
3B6FB
3F55F
3F841
0600C
0CFC8
06134
34906
0CCF2
36744
0C366
36158
3FD21
07481
37318
3EBF1
38FDB
0122B
0030D
0877A
01117
3DE70
117C3
07288
36DD5
3A7A5
3B98F
3C2BB
3C89A
3CCEF
3D07A
3D397
3D679
3D93B
3DBEC
3DE95
3E138
3E3D7
3E66E
3E8FB
3EB7A
3EDE7
3F03C
3F276
3F490
3F685
3F851
3F9F2
3FB63
3FCA4
3FDB3
3FE8E
3FF35
3FFAA
3FFEE
00001
3FFE8
3FFA5
3FF3C
3FEB1
3FE09
3FD49
3FC75
3FB93
3FAA9
3F9BB
3F8CF
3F7EA
3F710
3F647
3F591
3F4F2
3F46D
3F405
3F3BB
3F390
3F385
3F39A
3F3CE
3F41F
3F48C
3F513
3F5B1
3F662
3F723
3F7F0
3F8C5
3F99F
3FA79
3FB50
3FC1F
3FCE3
3FD98
3FE3C
3FECC
3FF45
3FFA6
3FFEE
0001B
0002F
00028
00008
3FFD0
3FF82
3FF20
3FEAC
3FE29
3FD9B
3FD04
3FC68
3FBCB
3FB2F
3FA99
3FA0A
3F987
3F912
3F8AD
3F85A
3F81C
3F7F2
3F7DF
3F7E1
3F7FA
3F828
3F86A
3F8BF
3F925
3F99B
3FA1C
3FAA8
3FB3B
3FBD1
3FC69
3FCFF
3FD90
3FE19
3FE98
3FF0A
3FF6D
3FFBF
00000
0002D
00047
0004D
0003F
0001E
3FFEA
3FFA6
3FF53
3FEF2
3FE86
3FE12
3FD98
3FD1A
3FC9C
3FC20
3FBA9
3FB3A
3FAD4
3FA7A
3FA2E
3F9F1
3F9C5
3F9AA
3F9A1
3F9AA
3F9C5
3F9F1
3FA2E
3FA79
3FAD2
3FB36
3FBA3
3FC17
3FC90
3FD0B
3FD86
3FDFE
3FE70
3FEDB
3FF3B
3FF90
3FFD8
00011
0003B
00054
0005C
00053
0003A
00011
3FFD9
3FF94
3FF44
3FEE9
3FE86
3FE1E
3FDB2
3FD45
3FCDA
3FC72
3FC10
3FBB6
3FB66
3FB21
3FAE9
3FAC0
3FAA5
3FA9A
3FA9F
3FAB3
3FAD7
3FB09
3FB48
3FB92
3FBE8
3FC45
3FCA9
3FD12
3FD7C
3FDE7
3FE4F
3FEB2
3FF10
3FF64
3FFAF
3FFEE
00020
00044
0005A
00061
00059
00042
0001E
3FFEC
3FFAF
3FF66
3FF15
3FEBD
3FE60
3FDFF
3FD9E
3FD3E
3FCE0
3FC89
3FC38
3FBF0
3FBB2
3FB81
3FB5B
3FB44
3FB3A
3FB3E
3FB51
3FB71
3FB9E
3FBD7
3FC1A
3FC67
3FCBB
3FD15
3FD73
3FDD2
3FE32
3FE8F
3FEE8
3FF3B
3FF87
3FFC9
00000
0002C
0004B
0005C
00061
00057
00041
0001E
3FFEF
3FFB5
3FF72
3FF27
3FED6
3FE80
3FE27
3FDCE
3FD76
3FD22
3FCD2
3FC89
3FC48
3FC11
3FBE5
3FBC5
3FBB1
3FBAA
3FBB0
3FBC3
3FBE2
3FC0D
3FC42
3FC82
3FCC9
3FD17
3FD6B
3FDC1
3FE19
3FE70
3FEC5
3FF15
3FF60
3FFA4
3FFDE
0000F
00035
0004E
0005C
0005D
00052
0003A
00017
3FFE9
3FFB1
3FF71
3FF2A
3FEDD
3FE8D
3FE3B
3FDE8
3FD97
3FD49
3FD00
3FCBE
3FC84
3FC53
3FC2D
3FC12
3FC02
3FBFE
3FC06
3FC1B
3FC3A
3FC65
3FC99
3FCD5
3FD19
3FD63
3FDB2
3FE02
3FE54
3FEA4
3FEF2
3FF3C
3FF80
3FFBD
3FFF1
0001B
0003B
00050
00059
00057
00048
0002F
0000B
3FFDD
3FFA7
3FF69
3FF24
3FEDB
3FE8F
3FE42
3FDF4
3FDA9
3FD62
3FD1F
3FCE3
3FCAF
3FC84
3FC63
3FC4C
3FC41
3FC41
3FC4C
3FC62
3FC83
3FCAD
3FCE1
3FD1C
3FD5D
3FDA4
3FDEE
3FE3B
3FE87
3FED2
3FF1A
3FF5E
3FF9C
3FFD2
00000
00025
0003F
0004F
00054
0004E
0003D
00022
3FFFD
3FFCE
3FF98
3FF5C
3FF19
3FED3
3FE8B
3FE41
3FDF9
3FDB3
3FD70
3FD33
3FCFD
3FCCF
3FCA9
3FC8D
3FC7B
3FC74
3FC77
3FC85
3FC9E
3FCC0
3FCEB
3FD1F
3FD59
3FD99
3FDDD
3FE24
3FE6C
3FEB4
3FEFA
3FF3D
3FF7B
3FFB3
3FFE4
0000C
0002C
00041
0004D
0004D
00044
00030
00012
3FFEC
3FFBD
3FF87
3FF4B
3FF0B
3FEC7
3FE82
3FE3C
3FDF8
3FDB7
3FD79
3FD41
3FD10
3FCE7
3FCC7
3FCB0
3FCA2
3FC9F
3FCA6
3FCB7
3FCD2
3FCF6
3FD22
3FD55
3FD8F
3FDCD
3FE0F
3FE54
3FE98
3FEDC
3FF1E
3FF5C
3FF95
3FFC8
3FFF3
00016
00031
00041
00048
00045
00038
00021
00002
3FFDA
3FFAA
3FF74
3FF39
3FEFA
3FEB9
3FE76
3FE34
3FDF4
3FDB7
3FD7E
3FD4B
3FD1F
3FCFB
3FCDF
3FCCD
3FCC4
3FCC5
3FCD0
3FCE4
3FD01
3FD26
3FD53
3FD87
3FDC0
3FDFD
3FE3D
3FE7F
3FEC0
3FF01
3FF3E
3FF78
3FFAC
3FFDA
00000
0001E
00034
00040
00042
0003B
0002B
00011
3FFF0
3FFC6
3FF96
3FF60
3FF26
3FEE8
3FEA9
3FE69
3FE2A
3FDEE
3FDB5
3FD80
3FD52
3FD2B
3FD0C
3FCF5
3FCE7
3FCE2
3FCE7
3FCF5
3FD0C
3FD2B
3FD52
3FD80
3FDB4
3FDEC
3FE29
3FE67
3FEA6
3FEE5
3FF21
3FF5B
3FF90
3FFC0
3FFE9
0000A
00024
00034
0003C
0003B
00030
0001C
00001
3FFDD
3FFB2
3FF81
3FF4B
3FF12
3FED6
3FE98
3FE5B
3FE1F
3FDE6
3FDB1
3FD81
3FD58
3FD35
3FD1A
3FD08
3FCFE
3FCFE
3FD06
3FD17
3FD31
3FD52
3FD7B
3FDAA
3FDDE
3FE16
3FE51
3FE8D
3FECA
3FF06
3FF3F
3FF75
3FFA6
3FFD1
3FFF5
00012
00027
00034
00037
00032
00024
0000D
3FFEF
3FFC9
3FF9D
3FF6C
3FF36
3FEFD
3FEC2
3FE87
3FE4C
3FE14
3FDDE
3FDAD
3FD81
3FD5C
3FD3E
3FD27
3FD19
3FD14
3FD17
3FD23
3FD37
3FD54
3FD77
3FDA1
3FDD1
3FE05
3FE3C
3FE76
3FEB1
3FEEB
3FF24
3FF5A
3FF8C
3FFB9
3FFE0
00000
00019
00029
00031
00030
00027
00016
3FFFD
3FFDC
3FFB5
3FF88
3FF56
3FF20
3FEE8
3FEAF
3FE76
3FE3D
3FE08
3FDD6
3FDA8
3FD81
3FD60
3FD46
3FD34
3FD2A
3FD28
3FD2F
3FD3F
3FD56
3FD74
3FD9A
3FDC5
3FDF5
3FE2A
3FE61
3FE99
3FED2
3FF0A
3FF40
3FF73
3FFA1
3FFCA
3FFED
00008
0001D
00029
0002D
00028
0001C
00007
3FFEB
3FFC9
3FFA0
3FF72
3FF40
3FF0A
3FED3
3FE9B
3FE64
3FE2F
3FDFC
3FDCD
3FDA4
3FD80
3FD63
3FD4E
3FD40
3FD3A
3FD3C
3FD47
3FD59
3FD73
3FD94
3FDBB
3FDE8
3FE18
3FE4C
3FE83
3FEBA
3FEF1
3FF26
3FF5A
3FF89
3FFB4
3FFD9
3FFF7
0000F
0001F
00027
00027
0001F
0000F
3FFF8
3FFD9
3FFB5
3FF8A
3FF5C
3FF29
3FEF5
3FEBE
3FE88
3FE53
3FE20
3FDF1
3FDC6
3FDA0
3FD80
3FD67
3FD55
3FD4C
3FD4A
3FD50
3FD5E
3FD73
3FD90
3FDB3
3FDDB
3FE08
3FE3A
3FE6D
3FEA3
3FED9
3FF0E
3FF41
3FF71
3FF9D
3FFC4
3FFE5
00000
00014
0001F
00024
00020
00014
00001
3FFE7
3FFC7
3FFA0
3FF75
3FF45
3FF13
3FEDF
3FEAA
3FE76
3FE43
3FE12
3FDE6
3FDBE
3FD9C
3FD80
3FD6B
3FD5E
3FD58
3FD5A
3FD63
3FD74
3FD8D
3FDAB
3FDD0
3FDFA
3FE28
3FE59
3FE8D
3FEC1
3FEF6
3FF29
3FF59
3FF86
3FFAF
3FFD3
3FFF0
00007
00016
0001E
0001F
00017
00009
3FFF3
3FFD6
3FFB3
3FF8B
3FF5F
3FF2F
3FEFD
3FECA
3FE96
3FE63
3FE33
3FE05
3FDDC
3FDB8
3FD99
3FD81
3FD70
3FD66
3FD64
3FD6A
3FD77
3FD8B
3FDA5
3FDC7
3FDED
3FE18
3FE47
3FE78
3FEAB
3FEDE
3FF11
3FF42
3FF70
3FF9A
3FFBF
3FFDF
3FFF9
0000C
00017
0001C
00018
0000E
3FFFC
3FFE3
3FFC4
3FF9F
3FF76
3FF49
3FF19
3FEE7
3FEB4
3FE82
3FE52
3FE23
3FDF9
3FDD3
3FDB2
3FD97
3FD83
3FD75
3FD6F
3FD71
3FD7A
3FD8A
3FDA1
3FDBE
3FDE1
3FE09
3FE35
3FE64
3FE95
3FEC8
3FEFA
3FF2A
3FF59
3FF84
3FFAC
3FFCE
3FFEA
00000
0000F
00017
00017
00011
00003
3FFEE
3FFD2
3FFB1
3FF8B
3FF61
3FF33
3FF03
3FED1
3FEA0
3FE6F
3FE41
3FE15
3FDED
3FDCA
3FDAD
3FD95
3FD85
3FD7B
3FD79
3FD7E
3FD8A
3FD9E
3FDB7
3FDD7
3FDFC
3FE25
3FE52
3FE81
3FEB2
3FEE3
3FF14
3FF43
3FF6F
3FF97
3FFBC
3FFDA
3FFF3
00005
00011
00015
00012
00008
3FFF6
3FFDF
3FFC1
3FF9E
3FF76
3FF4B
3FF1D
3FEED
3FEBC
3FE8C
3FE5D
3FE30
3FE07
3FDE2
3FDC2
3FDA9
3FD95
3FD88
3FD82
3FD84
3FD8C
3FD9B
3FDB1
3FDCE
3FDEF
3FE16
3FE40
3FE6D
3FE9D
3FECD
3FEFD
3FF2C
3FF59
3FF83
3FFA9
3FFCA
3FFE5
3FFFA
00009
00011
00011
0000B
3FFFD
3FFE9
3FFCF
3FFAF
3FF8A
3FF61
3FF35
3FF07
3FED7
3FEA7
3FE78
3FE4B
3FE21
3FDFA
3FDD8
3FDBC
3FDA5
3FD95
3FD8C
3FD8A
3FD8F
3FD9A
3FDAD
3FDC5
3FDE4
3FE07
3FE2F
3FE5A
3FE88
3FEB7
3FEE7
3FF16
3FF43
3FF6E
3FF96
3FFB9
3FFD6
3FFEE
00000
0000B
0000F
0000C
00002
3FFF2
3FFDB
3FFBE
3FF9C
3FF76
3FF4C
3FF1F
3FEF1
3FEC2
3FE93
3FE65
3FE3A
3FE12
3FDEE
3FDD0
3FDB6
3FDA3
3FD97
3FD91
3FD92
3FD9B
3FDA9
3FDBF
3FDDA
3FDFA
3FE20
3FE49
3FE75
3FEA2
3FED1
3FF00
3FF2E
3FF59
3FF82
3FFA7
3FFC7
3FFE1
3FFF6
00004
0000B
0000C
00006
3FFF9
3FFE5
3FFCC
3FFAD
3FF89
3FF61
3FF36
3FF09
3FEDB
3FEAC
3FE7F
3FE53
3FE2A
3FE04
3FDE4
3FDC8
3FDB2
3FDA2
3FD99
3FD97
3FD9C
3FDA7
3FDB9
3FDD1
3FDEF
3FE11
3FE38
3FE62
3FE8E
3FEBC
3FEEA
3FF18
3FF44
3FF6E
3FF94
3FFB6
3FFD3
3FFEA
3FFFC
00006
0000A
00008
3FFFE
3FFEE
3FFD7
3FFBC
3FF9A
3FF75
3FF4C
3FF21
3FEF3
3FEC5
3FE98
3FE6B
3FE41
3FE1B
3FDF8
3FDDA
3FDC1
3FDAF
3FDA2
3FD9D
3FD9E
3FDA6
3FDB5
3FDC9
3FDE4
3FE04
3FE28
3FE50
3FE7B
3FEA7
3FED5
3FF03
3FF2F
3FF5A
3FF81
3FFA5
3FFC4
3FFDE
3FFF2
00000
00007
00008
00002
3FFF5
3FFE2
3FFC9
3FFAA
3FF88
3FF61
3FF37
3FF0B
3FEDE
3FEB0
3FE84
3FE59
3FE31
3FE0C
3FDEC
3FDD1
3FDBC
3FDAC
3FDA4
3FDA1
3FDA6
3FDB1
3FDC3
3FDDA
3FDF7
3FE19
3FE3F
3FE68
3FE93
3FEC0
3FEED
3FF1A
3FF45
3FF6E
3FF93
3FFB5
3FFD1
3FFE8
3FFF8
00003
00007
00004
3FFFA
3FFEA
3FFD5
3FFB9
3FF99
3FF74
3FF4C
3FF21
3FEF5
3FEC8
3FE9B
3FE70
3FE47
3FE21
3FDFF
3FDE1
3FDC9
3FDB7
3FDAB
3FDA6
3FDA7
3FDAF
3FDBD
3FDD2
3FDEC
3FE0B
3FE2E
3FE56
3FE80
3FEAB
3FED8
3FF05
3FF31
3FF5A
3FF81
3FFA4
3FFC3
3FFDC
3FFEF
3FFFD
00004
00004
3FFFE
3FFF2
3FFDF
3FFC6
3FFA9
3FF86
3FF60
3FF37
3FF0C
3FEDF
3FEB3
3FE87
3FE5D
3FE35
3FE12
3FDF2
3FDD8
3FDC3
3FDB4
3FDAB
3FDA9
3FDAE
3FDB9
3FDCA
3FDE1
3FDFE
3FE1F
3FE44
3FE6D
3FE97
3FEC3
3FEF0
3FF1C
3FF46
3FF6E
3FF93
3FFB3
3FFCF
3FFE5
3FFF6
00000
00004
00001
3FFF7
3FFE8
3FFD2
3FFB7
3FF97
3FF73
3FF4B
3FF21
3FEF6
3FEC9
3FE9E
3FE73
3FE4A
3FE25
3FE04
3FDE7
3FDCF
3FDBD
3FDB2
3FDAC
3FDAE
3FDB6
3FDC4
3FDD8
3FDF2
3FE10
3FE33
3FE5A
3FE84
3FEAF
3FEDB
3FF07
3FF32
3FF5B
3FF81
3FFA3
3FFC1
3FFDA
3FFEE
3FFFB
00002
00002
3FFFC
3FFEF
3FFDD
3FFC4
3FFA7
3FF85
3FF5F
3FF36
3FF0C
3FEE0
3FEB4
3FE89
3FE5F
3FE39
3FE15
3FDF6
3FDDC
3FDC8
3FDB9
3FDB1
3FDAF
3FDB3
3FDBE
3FDD0
3FDE6
3FE03
3FE24
3FE48
3FE70
3FE9A
3FEC6
3FEF2
3FF1D
3FF47
3FF6F
3FF93
3FFB3
3FFCE
3FFE4
3FFF4
3FFFE
00002
3FFFF
3FFF5
3FFE6
3FFD0
3FFB5
3FF96
3FF72
3FF4B
3FF21
3FEF6
3FECA
3FE9F
3FE75
3FE4D
3FE28
3FE07
3FDEA
3FDD3
3FDC1
3FDB6
3FDB1
3FDB2
3FDBA
3FDC8
3FDDC
3FDF6
3FE14
3FE37
3FE5D
3FE86
3FEB1
3FEDD
3FF09
3FF33
3FF5C
3FF81
3FFA3
3FFC1
3FFD9
3FFEC
3FFF9
00000
00000
3FFFA
3FFED
3FFDB
3FFC3
3FFA5
3FF84
3FF5E
3FF36
3FF0C
3FEE0
3FEB4
3FE8A
3FE61
3FE3A
3FE17
3FDF9
3FDDF
3FDCB
3FDBC
3FDB4
3FDB2
3FDB7
3FDC2
3FDD3
3FDEA
3FE06
3FE27
3FE4B
3FE73
3FE9D
3FEC8
3FEF4
3FF1F
3FF48
3FF6F
3FF93
3FFB3
3FFCE
3FFE3
3FFF3
3FFFD
00000
3FFFD
3FFF4
3FFE4
3FFCF
3FFB4
3FF94
3FF71
3FF4A
3FF21
3FEF6
3FECA
3FE9F
3FE75
3FE4D
3FE29
3FE08
3FDEC
3FDD5
3FDC3
3FDB8
3FDB3
3FDB5
3FDBD
3FDCB
3FDDF
3FDF8
3FE17
3FE39
3FE60
3FE88
3FEB3
3FEDF
3FF0A
3FF34
3FF5C
3FF82
3FFA4
3FFC1
3FFD9
3FFEC
3FFF9
3FFFF
3FFFF
3FFF9
3FFEC
3FFDA
3FFC2
3FFA4
3FF83
3FF5D
3FF35
3FF0B
3FEE0
3FEB4
3FE8A
3FE61
3FE3B
3FE18
3FDF9
3FDE0
3FDCC
3FDBD
3FDB5
3FDB4
3FDB9
3FDC4
3FDD5
3FDEC
3FE08
3FE28
3FE4D
3FE74
3FE9E
3FEC9
3FEF5
3FF20
3FF49
3FF70
3FF94
3FFB3
3FFCE
3FFE4
3FFF3
3FFFD
00000
3FFFD
3FFF3
3FFE4
3FFCE
3FFB3
3FF94
3FF70
3FF49
3FF20
3FEF5
3FEC9
3FE9E
3FE74
3FE4D
3FE28
3FE08
3FDEC
3FDD5
3FDC4
3FDB9
3FDB4
3FDB5
3FDBD
3FDCC
3FDE0
3FDF9
3FE18
3FE3B
3FE61
3FE8A
3FEB4
3FEE0
3FF0B
3FF35
3FF5D
3FF83
3FFA4
3FFC2
3FFDA
3FFEC
3FFF9
3FFFF
3FFFF
3FFF9
3FFEC
3FFD9
3FFC1
3FFA4
3FF82
3FF5C
3FF34
3FF0A
3FEDF
3FEB3
3FE88
3FE60
3FE39
3FE17
3FDF8
3FDDF
3FDCB
3FDBD
3FDB5
3FDB3
3FDB8
3FDC3
3FDD5
3FDEC
3FE08
3FE29
3FE4D
3FE75
3FE9F
3FECA
3FEF6
3FF21
3FF4A
3FF71
3FF94
3FFB4
3FFCF
3FFE4
3FFF4
3FFFD
00000
3FFFD
3FFF3
3FFE3
3FFCE
3FFB3
3FF93
3FF6F
3FF48
3FF1F
3FEF4
3FEC8
3FE9D
3FE73
3FE4B
3FE27
3FE06
3FDEA
3FDD3
3FDC2
3FDB7
3FDB2
3FDB4
3FDBC
3FDCB
3FDDF
3FDF9
3FE17
3FE3A
3FE61
3FE8A
3FEB4
3FEE0
3FF0C
3FF36
3FF5E
3FF84
3FFA5
3FFC3
3FFDB
3FFED
3FFFA
00000
00000
3FFF9
3FFEC
3FFD9
3FFC1
3FFA3
3FF81
3FF5C
3FF33
3FF09
3FEDD
3FEB1
3FE86
3FE5D
3FE37
3FE14
3FDF6
3FDDC
3FDC8
3FDBA
3FDB2
3FDB1
3FDB6
3FDC1
3FDD3
3FDEA
3FE07
3FE28
3FE4D
3FE75
3FE9F
3FECA
3FEF6
3FF21
3FF4B
3FF72
3FF96
3FFB5
3FFD0
3FFE6
3FFF5
3FFFF
00002
3FFFE
3FFF4
3FFE4
3FFCE
3FFB3
3FF93
3FF6F
3FF47
3FF1D
3FEF2
3FEC6
3FE9A
3FE70
3FE48
3FE24
3FE03
3FDE6
3FDD0
3FDBE
3FDB3
3FDAF
3FDB1
3FDB9
3FDC8
3FDDC
3FDF6
3FE15
3FE39
3FE5F
3FE89
3FEB4
3FEE0
3FF0C
3FF36
3FF5F
3FF85
3FFA7
3FFC4
3FFDD
3FFEF
3FFFC
00002
00002
3FFFB
3FFEE
3FFDA
3FFC1
3FFA3
3FF81
3FF5B
3FF32
3FF07
3FEDB
3FEAF
3FE84
3FE5A
3FE33
3FE10
3FDF2
3FDD8
3FDC4
3FDB6
3FDAE
3FDAC
3FDB2
3FDBD
3FDCF
3FDE7
3FE04
3FE25
3FE4A
3FE73
3FE9E
3FEC9
3FEF6
3FF21
3FF4B
3FF73
3FF97
3FFB7
3FFD2
3FFE8
3FFF7
00001
00004
00000
3FFF6
3FFE5
3FFCF
3FFB3
3FF93
3FF6E
3FF46
3FF1C
3FEF0
3FEC3
3FE97
3FE6D
3FE44
3FE1F
3FDFE
3FDE1
3FDCA
3FDB9
3FDAE
3FDA9
3FDAB
3FDB4
3FDC3
3FDD8
3FDF2
3FE12
3FE35
3FE5D
3FE87
3FEB3
3FEDF
3FF0C
3FF37
3FF60
3FF86
3FFA9
3FFC6
3FFDF
3FFF2
3FFFE
00004
00004
3FFFD
3FFEF
3FFDC
3FFC3
3FFA4
3FF81
3FF5A
3FF31
3FF05
3FED8
3FEAB
3FE80
3FE56
3FE2E
3FE0B
3FDEC
3FDD2
3FDBD
3FDAF
3FDA7
3FDA6
3FDAB
3FDB7
3FDC9
3FDE1
3FDFF
3FE21
3FE47
3FE70
3FE9B
3FEC8
3FEF5
3FF21
3FF4C
3FF74
3FF99
3FFB9
3FFD5
3FFEA
3FFFA
00004
00007
00003
3FFF8
3FFE8
3FFD1
3FFB5
3FF93
3FF6E
3FF45
3FF1A
3FEED
3FEC0
3FE93
3FE68
3FE3F
3FE19
3FDF7
3FDDA
3FDC3
3FDB1
3FDA6
3FDA1
3FDA4
3FDAC
3FDBC
3FDD1
3FDEC
3FE0C
3FE31
3FE59
3FE84
3FEB0
3FEDE
3FF0B
3FF37
3FF61
3FF88
3FFAA
3FFC9
3FFE2
3FFF5
00002
00008
00007
00000
3FFF2
3FFDE
3FFC4
3FFA5
3FF81
3FF5A
3FF2F
3FF03
3FED5
3FEA7
3FE7B
3FE50
3FE28
3FE04
3FDE4
3FDC9
3FDB5
3FDA6
3FD9E
3FD9D
3FDA2
3FDAF
3FDC1
3FDDA
3FDF8
3FE1B
3FE41
3FE6B
3FE98
3FEC5
3FEF3
3FF21
3FF4C
3FF75
3FF9A
3FFBC
3FFD7
3FFEE
3FFFE
00008
0000A
00006
3FFFC
3FFEA
3FFD3
3FFB6
3FF94
3FF6E
3FF44
3FF18
3FEEA
3FEBC
3FE8E
3FE62
3FE38
3FE11
3FDEF
3FDD1
3FDB9
3FDA7
3FD9C
3FD97
3FD99
3FDA2
3FDB2
3FDC8
3FDE4
3FE04
3FE2A
3FE53
3FE7F
3FEAC
3FEDB
3FF09
3FF36
3FF61
3FF89
3FFAD
3FFCC
3FFE5
3FFF9
00006
0000C
0000B
00004
3FFF6
3FFE1
3FFC7
3FFA7
3FF82
3FF59
3FF2E
3FF00
3FED1
3FEA2
3FE75
3FE49
3FE20
3FDFA
3FDDA
3FDBF
3FDA9
3FD9B
3FD92
3FD91
3FD97
3FDA3
3FDB6
3FDD0
3FDEE
3FE12
3FE3A
3FE65
3FE93
3FEC2
3FEF1
3FF1F
3FF4C
3FF76
3FF9C
3FFBE
3FFDB
3FFF2
00002
0000C
0000F
0000B
00000
3FFEE
3FFD6
3FFB9
3FF96
3FF6E
3FF43
3FF16
3FEE7
3FEB7
3FE88
3FE5A
3FE2F
3FE07
3FDE4
3FDC5
3FDAD
3FD9A
3FD8F
3FD8A
3FD8C
3FD95
3FDA5
3FDBC
3FDD8
3FDFA
3FE21
3FE4B
3FE78
3FEA7
3FED7
3FF07
3FF35
3FF61
3FF8A
3FFAF
3FFCF
3FFE9
3FFFD
0000B
00011
00011
00009
3FFFA
3FFE5
3FFCA
3FFA9
3FF83
3FF59
3FF2C
3FEFD
3FECD
3FE9D
3FE6D
3FE40
3FE16
3FDEF
3FDCE
3FDB1
3FD9B
3FD8C
3FD84
3FD82
3FD88
3FD95
3FDA9
3FDC2
3FDE2
3FE07
3FE30
3FE5D
3FE8C
3FEBC
3FEED
3FF1D
3FF4B
3FF76
3FF9E
3FFC1
3FFDF
3FFF6
00008
00012
00015
00011
00005
3FFF3
3FFDA
3FFBC
3FF97
3FF6F
3FF43
3FF14
3FEE3
3FEB2
3FE81
3FE52
3FE25
3FDFC
3FDD7
3FDB7
3FD9E
3FD8A
3FD7E
3FD79
3FD7B
3FD85
3FD95
3FDAD
3FDCA
3FDED
3FE15
3FE41
3FE6F
3FEA0
3FED1
3FF03
3FF33
3FF61
3FF8B
3FFB1
3FFD2
3FFEE
00003
00011
00017
00017
0000F
00000
3FFEA
3FFCE
3FFAC
3FF84
3FF59
3FF2A
3FEFA
3FEC8
3FE95
3FE64
3FE35
3FE09
3FDE1
3FDBE
3FDA1
3FD8A
3FD7A
3FD71
3FD6F
3FD75
3FD83
3FD97
3FDB2
3FDD3
3FDF9
3FE23
3FE52
3FE82
3FEB4
3FEE7
3FF19
3FF49
3FF76
3FF9F
3FFC4
3FFE3
3FFFC
0000E
00018
0001C
00017
0000C
3FFF9
3FFDF
3FFBF
3FF9A
3FF70
3FF42
3FF11
3FEDE
3FEAB
3FE78
3FE47
3FE18
3FDED
3FDC7
3FDA5
3FD8B
3FD77
3FD6A
3FD64
3FD66
3FD70
3FD81
3FD99
3FDB8
3FDDC
3FE05
3FE33
3FE63
3FE96
3FECA
3FEFD
3FF2F
3FF5F
3FF8B
3FFB3
3FFD6
3FFF3
00009
00017
0001F
0001E
00016
00007
3FFF0
3FFD3
3FFAF
3FF86
3FF59
3FF29
3FEF6
3FEC1
3FE8D
3FE59
3FE28
3FDFA
3FDD0
3FDAB
3FD8D
3FD74
3FD63
3FD5A
3FD58
3FD5E
3FD6B
3FD80
3FD9C
3FDBE
3FDE6
3FE12
3FE43
3FE76
3FEAA
3FEDF
3FF13
3FF45
3FF75
3FFA0
3FFC7
3FFE7
00001
00014
00020
00024
0001F
00014
00000
3FFE5
3FFC4
3FF9D
3FF71
3FF41
3FF0E
3FED9
3FEA3
3FE6D
3FE3A
3FE08
3FDDB
3FDB3
3FD90
3FD73
3FD5E
3FD50
3FD4A
3FD4C
3FD55
3FD67
3FD80
3FDA0
3FDC6
3FDF1
3FE20
3FE53
3FE88
3FEBE
3FEF5
3FF29
3FF5C
3FF8A
3FFB5
3FFD9
3FFF8
0000F
0001F
00027
00027
0001F
0000F
3FFF7
3FFD9
3FFB4
3FF89
3FF5A
3FF26
3FEF1
3FEBA
3FE83
3FE4C
3FE18
3FDE8
3FDBB
3FD94
3FD73
3FD59
3FD47
3FD3C
3FD3A
3FD40
3FD4E
3FD63
3FD80
3FDA4
3FDCD
3FDFC
3FE2F
3FE64
3FE9B
3FED3
3FF0A
3FF40
3FF72
3FFA0
3FFC9
3FFEB
00007
0001C
00028
0002D
00029
0001D
00008
3FFED
3FFCA
3FFA1
3FF73
3FF40
3FF0A
3FED2
3FE99
3FE61
3FE2A
3FDF5
3FDC5
3FD9A
3FD74
3FD56
3FD3F
3FD2F
3FD28
3FD2A
3FD34
3FD46
3FD60
3FD81
3FDA8
3FDD6
3FE08
3FE3D
3FE76
3FEAF
3FEE8
3FF20
3FF56
3FF88
3FFB5
3FFDC
3FFFD
00016
00027
00030
00031
00029
00019
00000
3FFE0
3FFB9
3FF8C
3FF5A
3FF24
3FEEB
3FEB1
3FE76
3FE3C
3FE05
3FDD1
3FDA1
3FD77
3FD54
3FD37
3FD23
3FD17
3FD14
3FD19
3FD27
3FD3E
3FD5C
3FD81
3FDAD
3FDDE
3FE14
3FE4C
3FE87
3FEC2
3FEFD
3FF36
3FF6C
3FF9D
3FFC9
3FFEF
0000D
00024
00032
00037
00034
00027
00012
3FFF5
3FFD1
3FFA6
3FF75
3FF3F
3FF06
3FECA
3FE8D
3FE51
3FE16
3FDDE
3FDAA
3FD7B
3FD52
3FD31
3FD17
3FD06
3FCFE
3FCFE
3FD08
3FD1A
3FD35
3FD58
3FD81
3FDB1
3FDE6
3FE1F
3FE5B
3FE98
3FED6
3FF12
3FF4B
3FF81
3FFB2
3FFDD
00001
0001C
00030
0003B
0003C
00034
00024
0000A
3FFE9
3FFC0
3FF90
3FF5B
3FF21
3FEE5
3FEA6
3FE67
3FE29
3FDEC
3FDB4
3FD80
3FD52
3FD2B
3FD0C
3FCF5
3FCE7
3FCE2
3FCE7
3FCF5
3FD0C
3FD2B
3FD52
3FD80
3FDB5
3FDEE
3FE2A
3FE69
3FEA9
3FEE8
3FF26
3FF60
3FF96
3FFC6
3FFF0
00011
0002B
0003B
00042
00040
00034
0001E
00000
3FFDA
3FFAC
3FF78
3FF3E
3FF01
3FEC0
3FE7F
3FE3D
3FDFD
3FDC0
3FD87
3FD53
3FD26
3FD01
3FCE4
3FCD0
3FCC5
3FCC4
3FCCD
3FCDF
3FCFB
3FD1F
3FD4B
3FD7E
3FDB7
3FDF4
3FE34
3FE76
3FEB9
3FEFA
3FF39
3FF74
3FFAA
3FFDA
00002
00021
00038
00045
00048
00041
00031
00016
3FFF3
3FFC8
3FF95
3FF5C
3FF1E
3FEDC
3FE98
3FE54
3FE0F
3FDCD
3FD8F
3FD55
3FD22
3FCF6
3FCD2
3FCB7
3FCA6
3FC9F
3FCA2
3FCB0
3FCC7
3FCE7
3FD10
3FD41
3FD79
3FDB7
3FDF8
3FE3C
3FE82
3FEC7
3FF0B
3FF4B
3FF87
3FFBD
3FFEC
00012
00030
00044
0004D
0004D
00041
0002C
0000C
3FFE4
3FFB3
3FF7B
3FF3D
3FEFA
3FEB4
3FE6C
3FE24
3FDDD
3FD99
3FD59
3FD1F
3FCEB
3FCC0
3FC9E
3FC85
3FC77
3FC74
3FC7B
3FC8D
3FCA9
3FCCF
3FCFD
3FD33
3FD70
3FDB3
3FDF9
3FE41
3FE8B
3FED3
3FF19
3FF5C
3FF98
3FFCE
3FFFD
00022
0003D
0004E
00054
0004F
0003F
00025
00000
3FFD2
3FF9C
3FF5E
3FF1A
3FED2
3FE87
3FE3B
3FDEE
3FDA4
3FD5D
3FD1C
3FCE1
3FCAD
3FC83
3FC62
3FC4C
3FC41
3FC41
3FC4C
3FC63
3FC84
3FCAF
3FCE3
3FD1F
3FD62
3FDA9
3FDF4
3FE42
3FE8F
3FEDB
3FF24
3FF69
3FFA7
3FFDD
0000B
0002F
00048
00057
00059
00050
0003B
0001B
3FFF1
3FFBD
3FF80
3FF3C
3FEF2
3FEA4
3FE54
3FE02
3FDB2
3FD63
3FD19
3FCD5
3FC99
3FC65
3FC3A
3FC1B
3FC06
3FBFE
3FC02
3FC12
3FC2D
3FC53
3FC84
3FCBE
3FD00
3FD49
3FD97
3FDE8
3FE3B
3FE8D
3FEDD
3FF2A
3FF71
3FFB1
3FFE9
00017
0003A
00052
0005D
0005C
0004E
00035
0000F
3FFDE
3FFA4
3FF60
3FF15
3FEC5
3FE70
3FE19
3FDC1
3FD6B
3FD17
3FCC9
3FC82
3FC42
3FC0D
3FBE2
3FBC3
3FBB0
3FBAA
3FBB1
3FBC5
3FBE5
3FC11
3FC48
3FC89
3FCD2
3FD22
3FD76
3FDCE
3FE27
3FE80
3FED6
3FF27
3FF72
3FFB5
3FFEF
0001E
00041
00057
00061
0005C
0004B
0002C
00000
3FFC9
3FF87
3FF3B
3FEE8
3FE8F
3FE32
3FDD2
3FD73
3FD15
3FCBB
3FC67
3FC1A
3FBD7
3FB9E
3FB71
3FB51
3FB3E
3FB3A
3FB44
3FB5B
3FB81
3FBB2
3FBF0
3FC38
3FC89
3FCE0
3FD3E
3FD9E
3FDFF
3FE60
3FEBD
3FF15
3FF66
3FFAF
3FFEC
0001E
00042
00059
00061
0005A
00044
00020
3FFEE
3FFAF
3FF64
3FF10
3FEB2
3FE4F
3FDE7
3FD7C
3FD12
3FCA9
3FC45
3FBE8
3FB92
3FB48
3FB09
3FAD7
3FAB3
3FA9F
3FA9A
3FAA5
3FAC0
3FAE9
3FB21
3FB66
3FBB6
3FC10
3FC72
3FCDA
3FD45
3FDB2
3FE1E
3FE86
3FEE9
3FF44
3FF94
3FFD9
00011
0003A
00053
0005C
00054
0003B
00011
3FFD8
3FF90
3FF3B
3FEDB
3FE70
3FDFE
3FD86
3FD0B
3FC90
3FC17
3FBA3
3FB36
3FAD2
3FA79
3FA2E
3F9F1
3F9C5
3F9AA
3F9A1
3F9AA
3F9C5
3F9F1
3FA2E
3FA7A
3FAD4
3FB3A
3FBA9
3FC20
3FC9C
3FD1A
3FD98
3FE12
3FE86
3FEF2
3FF53
3FFA6
3FFEA
0001E
0003F
0004D
00047
0002D
00000
3FFBF
3FF6D
3FF0A
3FE98
3FE19
3FD90
3FCFF
3FC69
3FBD1
3FB3B
3FAA8
3FA1C
3F99B
3F925
3F8BF
3F86A
3F828
3F7FA
3F7E1
3F7DF
3F7F2
3F81C
3F85A
3F8AD
3F912
3F987
3FA0A
3FA99
3FB2F
3FBCB
3FC68
3FD04
3FD9B
3FE29
3FEAC
3FF20
3FF82
3FFD0
00008
00028
0002F
0001B
3FFEE
3FFA6
3FF45
3FECC
3FE3C
3FD98
3FCE3
3FC1F
3FB50
3FA79
3F99F
3F8C5
3F7F0
3F723
3F662
3F5B1
3F513
3F48C
3F41F
3F3CE
3F39A
3F385
3F390
3F3BB
3F405
3F46D
3F4F2
3F591
3F647
3F710
3F7EA
3F8CF
3F9BB
3FAA9
3FB93
3FC75
3FD49
3FE09
3FEB1
3FF3C
3FFA5
3FFE8
00001
3FFEE
3FFAA
3FF35
3FE8E
3FDB3
3FCA4
3FB63
3F9F2
3F851
3F685
3F490
3F276
3F03C
3EDE7
3EB7A
3E8FB
3E66E
3E3D7
3E138
3DE95
3DBEC
3D93B
3D679
3D397
3D07A
3CCEF
3C89A
3C2BB
3B98F
3A7A5
36DD5
07288
117C3
3DE70
01117
0877A
0030D
0122B
38FDB
3EBF1
37318
07481
3FD21
36158
0C366
36744
0CCF2
34906
06134
0CFC8
0600C
3F841
3F55F
3B6FB
33E95
01A6E
05DCC
05EB1
3A3D1
09654
01BA0
3D65F
3D9FC
01A4E
10E57
05F4B
14C5A
38C26
07D7B
0720D
02DB5
3945E
2C2A8
19F54
3A1D7
3DA2A
3A66B
3F4B4
0E4E1
31297
3B673
08A4B
01235
35DF9
31734
0B286
3E792
085C4
3298A
3ABBC
3C71B
0B488
39B8A
0A80F
3B5DA
347AC
05DC4
06CD4
35C66
079C2
041C5
3ECD2
32AB5
0B9D9
3A257
109ED
33B70
3D0A6
04606
2F806
10C61
0C621
28474
07190
048FE
059DA
079B0
045AE
2B4CA
04590
06370
2BB58
06056
3146D
065E1
08ECF
09A6A
0CF3A
1447B
3C331
34CAF
0BD0E
36CC7
3EDD0
36B66
3AB99
3639D
3D953
03C33
05ABA
0391B
2ECDC
37C10
04676
3E90A
16311
3E954
0CFDA
2F254
05063
0066B
2F641
02DD8
0B9F4
34691
05C3B
1F3ED
06DA0
02332
3E68D
39488
33BA9
3CB0A
04CB9
3CFFB
0E6AD
3A489
038C4
3D71A
374EB
027AD
33990
00E39
0B2DC
3B07F
31198
3F095
36D5A
3597B
3E353
3C349
0DF88
08DB6
04E56
37BCA
04E8B
0A7B3
0C4A0
3472D
12C17
2F058
3FE07
378FB
0CA4A
0CFB5
3F697
377A9
04855
3BFDA
055C5
3CEF3
39DC2
10A6D
3D306
038A7
3B573
3F138
36D7C
06123
34E61
2A741
0CEA8
02E40
06DAD
0825F
0E678
09D2A
31454
2E315
03D30
3281A
02FF6
3F8A9
314CC
3B28A
04CDA
3F4D3
089FE
0D987
3BC5C
0697A
3A263
2E86D
0B0F5
3767B
3A753
3E9FD
00D21
12F8D
012E7
07199
3D206
38383
3A9E6
05AE4
3B043
107EE
293D8
027E9
08EED
3FCBE
07299
06743
04AD8
0BAB8
00CC4
024B1
05032
3196F
092A9
394A6
036CF
073C9
356FB
03CB2
00DAB
0EFBF
3A1C2
004AC
032F2
3B523
3EB3B
03D56
2E158
0697E
3DB2D
27012
31F3A
0C39C
075D2
3067F
3AAD3
2B2E1
115F9
065BB
388B3
3E09E
0DDE4
0E3BE
0DA74
07305
30CA5
3CB09
3BDDD
07B1B
054A0
37D82
00D8F
37157
09E79
011C5
08295
3413E
2FF08
3DAC7
3F382
3D489
3F656
07A25
2FD88
06236
025C8
30D91
3C8B6
19AAE
3F5C5
3F7FB
0ED2D
0B173
0E548
06AA4
0F6F3
339D0
37BAC
37109
3E417
07256
2ECCF
3B450
379CF
08F8C
077FF
08E76
360A6
010C7
05668
026C9
03F84
31D48
31278
3C06B
18729
0A0AE
0190C
00B69
3EE66
02C91
3AFAB
07A64
35219
3B12C
3A203
3C500
354D5
2E768
1469D
35C48
0D777
0114B
0A940
077FB
138CF
3F831
3FC50
2CA9C
3B575
3A934
396D4
0CC21
3AB23
2E573
06F26
05995
396C3
338D6
02E1E
34DC3
04B3E
0A11A
2FA58
3364E
0FB9C
0A988
366DF
0B73C
0E4BE
3BDB9
06F14
37536
32E5A
0A4EF
0627D
0C2F7
3D98D
3BDFD
10AF2
02025
33912
26D57
3DA0A
0AAF1
00643
35515
3165B
06FC3
08FF4
10846
38CAF
32EDF
05883
026C8
08AC5
09777
3AFF3
03DA9
16C7C
0216E
2F4A7
15587
3D1C0
02C18
06436
33508
07645
3872C
3E0BB
0954D
3F5F4
01B14
28E1C
3D831
3F0C8
03119
0F900
08D94
09778
2CECB
2B63E
05350
016CD
38451
07BC2
04878
0761D
36B64
36F9A
04C8D
2B94B
36D47
31675
3BAFB
06BFA
31D35
01E8F
0AD6B
02A18
00BB7
392B1
2C3A9
0DFB9
03168
115B5
0243A
0DC1A
3D303
2522D
0A19D
04F38
053CB
3C1C0
3BE2E
0D2ED
38F40
0FF46
3D2CB
32346
165A5
11F49
34ABA
05E00
33F87
05D92
3FA71
0A37B
3A565
0F3D8
279C2
024AD
3B8FC
12ADE
0451C
37646
0370A
31583
3C214
0936D
0AA1C
30DB4
3C8E9
124AA
069CD
31A52
12F6D
3D553
38D40
01ED4
04A9F
3C32D
361FF
0A7AD
07E15
38AC6
3A667
39353
01D03
09FB4
09D37
0E50A
3E00C
2151F
36317
32EF2
01F18
30241
082C6
35417
3C83D
3946E
0F9F8
09E4F
348FE
3F0F2
078DB
2F872
3A8F8
31ECF
013A8
0AA7F
3B6D6
3A440
3FF81
01DFE
01AB0
2DF15
04CA7
2D63E
3965D
3A2FA
0CCC1
317E3
3C168
2D6B6
39AD8
02A55
3D8B4
3EBF9
3EE4E
009E3
06B92
34C54
3D303
2C35C
370A1
20161
36D57
27519
00D14
37773
0952B
050CC
2FED3
3B366
24CA0
3DD60
0427B
3516C
2E233
09E89
3D355
139B2
03A30
0112D
02B0C
0F00D
3476A
2FB33
0D921
02F35
05A48
028DC
01C69
04833
140BE
369BC
3A811
012FF
01E43
312A3
3D383
13787
3C069
388AD
04E77
0C407
2C42D
389AE
3B7A5
3CA30
135E3
3825F
2AAB2
0B391
0D75B
3223F
3E70F
2E40B
3CD99
15441
3BC60
3F7FB
3C8AE
3EFAE
3B6BB
3D6D8
02B98
01042
10B12
3FFB9
0813A
3AF35
3F0AA
3EA8C
020E1
2EC0B
3F7B2
1741A
3F095
0EF30
2EFB9
2EED3
0DDD6
01B47
0536B
3FE7E
2B322
04C9F
0354A
02731
000EF
0C547
09254
30B07
0396A
0928C
05851
0A6B6
04A03
0D6BD
31359
3FF9A
2E5EC
3DCD7
2F8FD
03998
3A419
10EFF
1319A
33906
037A5
2B91E
03060
1945C
3DAE1
3D2DF
07FF1
0C43F
308AF
3EF78
2917D
3D174
39194
02219
07540
3A58F
3FC7A
34199
3900E
10042
3D20A
3DC99
38575
2CA45
09010
0033D
03BCC
3FE5C
087FF
00FBE
10D3E
35776
2C872
06CEE
3A1F8
17DDC
07F3D
3421D
02742
3B047
094E4
12087
3A3B0
0595A
2E80A
3C86B
3C19A
00568
0B275
3A40A
34DA5
0A9A8
067DD
3CA8A
010FB
3CAFF
3FD1A
31FD3
092E1
0B999
3D633
025F2
39BF4
3E6D1
38226
3B9DD
2898F
0380D
3643B
0E5D9
02758
15D77
08F7B
036D1
081CE
194F8
3B2A9
3B4C5
08094
087DC
2E42C
3D07F
0654C
0058B
0B1A2
38509
373B7
03182
00A9B
38680
3C6EE
27374
3BED5
351E7
0083A
3F8AC
3AC2D
38928
10A85
02337
15E2E
00251
04D0C
3D1ED
022C9
3306D
34793
10994
3F840
15584
38DBB
2790C
056D1
3EAC7
01793
3D582
09AB0
00167
26DED
00105
3F877
3D335
3AD8A
3FBB9
39EF6
15910
0194E
2752C
3F027
2E225
0DD35
0EE64
34946
3B315
12D93
05A17
1A012
04C86
14633
3A6E8
0720D
2B1D5
342E4
11B06
3F165
30571
3DAE9
2E105
0DB55
0BBF9
3DAF9
05168
2963C
3D739
3CB68
3F870
3E4F0
3EBB5
37B3B
12EDF
08814
3F183
04D2F
1B015
3F6BC
002BD
3E698
379AB
14B7C
0A4AD
2BD2C
3E21C
28A12
01B81
32363
12155
110AE
37020
02234
2F6B9
3DE99
33349
01168
37AFE
0E2F6
11047
3100E
005A9
2C8CA
3F163
040DA
032CD
116C1
31B03
3562C
08986
00C7C
0DC3D
02465
30628
0AEC1
1622A
38AE4
00862
3F3A1
028B0
2BB11
3DA05
2F7C3
02880
36C42
11022
0DB49
3DABC
055F2
2AB31
00373
2F0D9
0AB2E
109B6
3DA3B
05B2B
33CC2
3D2FE
3B45C
3EB2F
0C2AD
34E7E
29732
076FF
39300
15427
0408D
192DE
0348C
3F8F7
04F0D
0F6B7
2FBE9
344AD
09879
3FEB8
01CE0
3FE38
0AC6E
37B96
2E525
103D1
0CE9C
2E1B5
3DF47
015AD
03B87
17B29
3D0FA
09202
3346A
39C27
03B46
01504
2AF64
0270D
100E4
3F7C0
0D4D6
2E41D
386A6
387F9
39ED7
3A801
37B25
2586F
3F46B
311B2
0CD40
3F9E1
15498
07006
1E1A4
07DBC
1A3CC
3E51F
0D2A4
2EF06
3CF0E
27DAD
36775
39BFF
38E81
3759B
3A11B
371CB
3DD62
38050
11DFE
02383
02388
01583
0B9D5
36B07
30355
0F0C8
053D3
044D9
036D1
0420D
021AA
36C32
0ED99
15314
37977
0544F
2BA9B
3D8EC
27D70
017A0
396FC
0B593
0F9FF
3B253
05D3B
2D1FA
3F64D
164B4
00514
3E0C5
07EDA
0F4EF
33929
3F73C
37293
3EED2
29DCE
065EC
13916
3D3AB
09B96
2DBD4
37E60
0DA39
02A97
14396
00A97
016DD
05F28
0E456
32128
00A3B
29430
3D521
0D4F5
00B91
0F118
35EF7
3CE19
37ABE
39522
0F019
01162
3E84F
03884
1227B
33533
37705
03419
0220E
2837D
3B508
3F429
3CE99
3C09E
01C75
069C5
30EED
3AF66
38031
3D286
10E2D
372CB
2DCA8
05C0E
3E237
0B000
05B28
3CD10
03418
0491C
054A9
0AFFE
00C33
0641A
3C551
028F3
3D4B2
04C6A
19EE0
01F1A
10BE0
313F8
320B8
132D4
06603
30AEE
3F3E7
3B715
3F7D8
3985B
04D7A
3F339
093D8
3B5ED
3D570
3DD8C
3E151
3E3A2
3E558
3E6C9
3E81B
3E961
3EAA4
3EBEA
3ED33
3EE81
3EFD3
3F126
3F279
3F3CA
3F515
3F659
3F792
3F8BF
3F9DB
3FAE5
3FBDC
3FCBC
3FD84
3FE33
3FEC7
3FF41
3FF9F
3FFE2
0000A
00018
0000D
3FFEA
3FFB1
3FF64
3FF06
3FE99
3FE1F
3FD9C
3FD12
3FC85
3FBF8
3FB6C
3FAE6
3FA68
3F9F4
3F98C
3F933
3F8EB
3F8B3
3F88F
3F87D
3F87F
3F894
3F8BC
3F8F6
3F941
3F99B
3FA02
3FA75
3FAF1
3FB74
3FBFC
3FC85
3FD0D
3FD92
3FE11
3FE89
3FEF6
3FF56
3FFA9
3FFED
00020
00043
00054
00053
00041
0001E
3FFEC
3FFAC
3FF5E
3FF05
3FEA4
3FE3B
3FDCE
3FD5F
3FCEF
3FC82
3FC1A
3FBB9
3FB61
3FB13
3FAD2
3FA9F
3FA7A
3FA66
3FA60
3FA6B
3FA86
3FAB0
3FAE8
3FB2D
3FB7E
3FBD9
3FC3C
3FCA5
3FD11
3FD80
3FDEE
3FE59
3FEBF
3FF1E
3FF75
3FFC0
00000
00032
00057
0006C
00073
0006A
00053
0002D
3FFFA
3FFBB
3FF71
3FF1F
3FEC5
3FE66
3FE04
3FDA1
3FD3F
3FCE0
3FC86
3FC34
3FBEB
3FBAC
3FB79
3FB53
3FB3A
3FB30
3FB34
3FB46
3FB66
3FB93
3FBCC
3FC11
3FC5F
3FCB4
3FD10
3FD6F
3FDD1
3FE33
3FE93
3FEEF
3FF45
3FF93
3FFD8
00012
00041
00063
00077
0007E
00077
00062
00041
00013
3FFDA
3FF97
3FF4C
3FEFA
3FEA3
3FE49
3FDEE
3FD94
3FD3D
3FCEA
3FC9E
3FC5A
3FC20
3FBF0
3FBCD
3FBB6
3FBAC
3FBAF
3FBBF
3FBDC
3FC05
3FC3A
3FC78
3FCC0
3FD0E
3FD62
3FDBA
3FE14
3FE6D
3FEC5
3FF19
3FF67
3FFAF
3FFED
00022
0004C
00069
0007B
0007F
00077
00062
00041
00015
3FFDF
3FFA0
3FF59
3FF0C
3FEBA
3FE66
3FE11
3FDBD
3FD6C
3FD20
3FCDA
3FC9C
3FC67
3FC3C
3FC1C
3FC09
3FC01
3FC06
3FC17
3FC34
3FC5C
3FC8E
3FCCA
3FD0E
3FD58
3FDA7
3FDF9
3FE4D
3FEA0
3FEF2
3FF3F
3FF87
3FFC8
00000
0002F
00053
0006C
0007A
0007B
00070
0005A
00039
0000D
3FFD7
3FF9A
3FF56
3FF0C
3FEBE
3FE6F
3FE1F
3FDD1
3FD85
3FD3F
3FCFF
3FCC6
3FC96
3FC71
3FC56
3FC46
3FC42
3FC49
3FC5C
3FC7A
3FCA2
3FCD4
3FD0F
3FD50
3FD97
3FDE3
3FE31
3FE80
3FECE
3FF19
3FF61
3FFA2
3FFDD
00010
00039
00058
0006C
00076
00073
00066
0004D
0002A
3FFFE
3FFC9
3FF8C
3FF4A
3FF03
3FEB8
3FE6D
3FE21
3FDD8
3FD92
3FD51
3FD16
3FCE3
3FCB9
3FC98
3FC82
3FC76
3FC76
3FC80
3FC96
3FCB5
3FCDF
3FD11
3FD4A
3FD8A
3FDCF
3FE18
3FE62
3FEAD
3FEF6
3FF3D
3FF7F
3FFBB
3FFF0
0001D
00041
0005B
0006A
0006F
00069
00058
0003D
00018
3FFEB
3FFB6
3FF7A
3FF39
3FEF4
3FEAC
3FE64
3FE1D
3FDD8
3FD97
3FD5B
3FD25
3FCF8
3FCD3
3FCB7
3FCA6
3FC9E
3FCA2
3FCB0
3FCC8
3FCEA
3FD14
3FD47
3FD80
3FDBF
3FE02
3FE48
3FE8F
3FED6
3FF1B
3FF5C
3FF99
3FFD0
00000
00028
00046
0005B
00065
00066
0005C
00048
0002A
00004
3FFD6
3FFA0
3FF65
3FF25
3FEE2
3FE9D
3FE58
3FE15
3FDD4
3FD97
3FD60
3FD30
3FD08
3FCE8
3FCD1
3FCC4
3FCC1
3FCC9
3FCDA
3FCF5
3FD19
3FD44
3FD78
3FDB1
3FDEF
3FE30
3FE74
3FEB8
3FEFB
3FF3C
3FF79
3FFB1
3FFE3
0000D
00030
00049
00059
0005F
0005B
0004E
00036
00016
3FFEE
3FFBF
3FF89
3FF4E
3FF0F
3FECE
3FE8C
3FE4A
3FE0A
3FDCE
3FD96
3FD63
3FD38
3FD15
3FCFA
3FCE8
3FCE0
3FCE1
3FCEC
3FD01
3FD1E
3FD44
3FD71
3FDA5
3FDDE
3FE1B
3FE5B
3FE9C
3FEDD
3FF1D
3FF5A
3FF92
3FFC6
3FFF3
00018
00035
0004A
00055
00057
0004F
0003E
00024
00001
3FFD7
3FFA7
3FF71
3FF36
3FEF8
3FEB9
3FE79
3FE3B
3FDFF
3FDC6
3FD92
3FD65
3FD3E
3FD20
3FD0A
3FCFD
3FCF9
3FCFE
3FD0D
3FD25
3FD45
3FD6C
3FD9B
3FDCF
3FE08
3FE44
3FE82
3FEC1
3FEFF
3FF3C
3FF75
3FFA9
3FFD8
00000
00021
00039
00049
0004F
0004D
00041
0002D
00010
3FFEB
3FFC0
3FF8E
3FF58
3FF1E
3FEE1
3FEA4
3FE67
3FE2B
3FDF3
3FDBE
3FD8F
3FD66
3FD44
3FD2A
3FD19
3FD10
3FD10
3FD1A
3FD2C
3FD47
3FD69
3FD92
3FDC2
3FDF6
3FE2F
3FE6A
3FEA7
3FEE3
3FF1F
3FF58
3FF8D
3FFBD
3FFE8
0000B
00027
0003B
00046
00048
00041
00032
0001A
3FFFB
3FFD4
3FFA7
3FF75
3FF3F
3FF06
3FECA
3FE8F
3FE54
3FE1C
3FDE7
3FDB6
3FD8B
3FD66
3FD49
3FD34
3FD27
3FD23
3FD27
3FD34
3FD4A
3FD67
3FD8C
3FDB7
3FDE7
3FE1C
3FE54
3FE8E
3FEC9
3FF03
3FF3C
3FF71
3FFA3
3FFCF
3FFF5
00014
0002B
0003A
00041
0003F
00035
00022
00007
3FFE5
3FFBD
3FF8F
3FF5C
3FF26
3FEED
3FEB4
3FE7A
3FE42
3FE0D
3FDDB
3FDAE
3FD88
3FD67
3FD4F
3FD3E
3FD35
3FD35
3FD3E
3FD4E
3FD67
3FD87
3FDAD
3FDD9
3FE0A
3FE3F
3FE77
3FEB0
3FEE9
3FF21
3FF56
3FF89
3FFB6
3FFDE
00000
0001B
0002D
00038
0003B
00035
00027
00011
3FFF3
3FFCF
3FFA5
3FF76
3FF43
3FF0D
3FED5
3FE9D
3FE66
3FE31
3FDFE
3FDD0
3FDA7
3FD85
3FD69
3FD55
3FD48
3FD44
3FD48
3FD54
3FD68
3FD83
3FDA5
3FDCD
3FDFB
3FE2D
3FE61
3FE98
3FED0
3FF07
3FF3C
3FF6F
3FF9E
3FFC8
3FFEC
00009
0001F
0002E
00034
00033
00029
00018
3FFFF
3FFDF
3FFB9
3FF8D
3FF5D
3FF2A
3FEF5
3FEBE
3FE88
3FE52
3FE20
3FDF1
3FDC6
3FDA1
3FD83
3FD6B
3FD5B
3FD53
3FD52
3FD5A
3FD6A
3FD81
3FD9F
3FDC3
3FDED
3FE1B
3FE4D
3FE82
3FEB8
3FEEE
3FF23
3FF56
3FF85
3FFB1
3FFD7
3FFF7
00010
00022
0002C
0002F
0002A
0001C
00008
3FFEC
3FFCA
3FFA2
3FF75
3FF45
3FF11
3FEDD
3FEA7
3FE73
3FE40
3FE10
3FDE4
3FDBD
3FD9C
3FD82
3FD6E
3FD62
3FD5E
3FD61
3FD6D
3FD80
3FD9A
3FDBA
3FDE0
3FE0B
3FE3B
3FE6D
3FEA1
3FED6
3FF0A
3FF3D
3FF6D
3FF9A
3FFC2
3FFE4
00000
00015
00023
00029
00028
0001F
0000E
3FFF6
3FFD8
3FFB4
3FF8A
3FF5D
3FF2C
3FEF9
3FEC5
3FE91
3FE5E
3FE2E
3FE01
3FDD9
3FDB5
3FD98
3FD82
3FD72
3FD6A
3FD6A
3FD71
3FD80
3FD96
3FDB2
3FDD5
3FDFD
3FE29
3FE59
3FE8B
3FEBE
3FEF2
3FF25
3FF55
3FF83
3FFAC
3FFD1
3FFEF
00007
00019
00022
00025
00020
00013
3FFFF
3FFE4
3FFC4
3FF9E
3FF73
3FF45
3FF14
3FEE1
3FEAE
3FE7C
3FE4B
3FE1D
3FDF3
3FDCE
3FDAF
3FD95
3FD83
3FD77
3FD73
3FD76
3FD81
3FD93
3FDAC
3FDCB
3FDF0
3FE19
3FE46
3FE76
3FEA8
3FEDB
3FF0D
3FF3E
3FF6C
3FF97
3FFBD
3FFDE
3FFF8
0000D
0001A
00020
0001F
00016
00006
3FFEF
3FFD2
3FFAF
3FF87
3FF5B
3FF2C
3FEFB
3FECA
3FE98
3FE67
3FE39
3FE0E
3FDE7
3FDC5
3FDA9
3FD93
3FD85
3FD7D
3FD7D
3FD84
3FD92
3FDA7
3FDC3
3FDE4
3FE0A
3FE35
3FE63
3FE93
3FEC4
3FEF6
3FF27
3FF55
3FF81
3FFA9
3FFCC
3FFE9
00000
00010
0001A
0001C
00017
0000B
3FFF7
3FFDE
3FFBE
3FF99
3FF70
3FF44
3FF14
3FEE4
3FEB3
3FE82
3FE54
3FE28
3FDFF
3FDDC
3FDBD
3FDA5
3FD93
3FD88
3FD84
3FD87
3FD92
3FDA4
3FDBC
3FDDA
3FDFD
3FE25
3FE50
3FE7F
3FEAF
3FEDF
3FF10
3FF3F
3FF6B
3FF94
3FFB9
3FFD9
3FFF2
00006
00012
00018
00016
0000E
3FFFE
3FFE8
3FFCC
3FFAA
3FF84
3FF59
3FF2C
3FEFD
3FECD
3FE9C
3FE6E
3FE41
3FE17
3FDF2
3FDD1
3FDB6
3FDA2
3FD93
3FD8C
3FD8C
3FD93
3FDA1
3FDB6
3FDD0
3FDF1
3FE16
3FE3F
3FE6B
3FE9A
3FECA
3FEF9
3FF28
3FF56
3FF80
3FFA6
3FFC8
3FFE4
3FFFA
0000A
00013
00015
0000F
00003
3FFF1
3FFD8
3FFB9
3FF95
3FF6D
3FF42
3FF14
3FEE5
3FEB6
3FE87
3FE5A
3FE2F
3FE08
3FDE6
3FDC8
3FDB1
3FDA0
3FD95
3FD92
3FD95
3FDA0
3FDB1
3FDC8
3FDE5
3FE08
3FE2F
3FE59
3FE86
3FEB4
3FEE4
3FF12
3FF40
3FF6B
3FF93
3FFB6
3FFD4
3FFED
00000
0000C
00011
00010
00007
3FFF8
3FFE2
3FFC6
3FFA6
3FF80
3FF57
3FF2B
3FEFD
3FECE
3FEA0
3FE72
3FE47
3FE1F
3FDFA
3FDDB
3FDC1
3FDAD
3FD9F
3FD99
3FD99
3FDA0
3FDAD
3FDC1
3FDDB
3FDFB
3FE1F
3FE47
3FE73
3FEA0
3FECE
3FEFD
3FF2A
3FF56
3FF7F
3FFA4
3FFC5
3FFE0
3FFF5
00004
0000D
0000E
00009
3FFFD
3FFEB
3FFD2
3FFB4
3FF91
3FF6B
3FF40
3FF14
3FEE6
3FEB8
3FE8A
3FE5E
3FE35
3FE0F
3FDEE
3FDD1
3FDBB
3FDAA
3FDA0
3FD9D
3FDA0
3FDAB
3FDBC
3FDD3
3FDEF
3FE11
3FE37
3FE60
3FE8C
3FEB9
3FEE7
3FF15
3FF41
3FF6B
3FF91
3FFB4
3FFD1
3FFE9
3FFFB
00007
0000C
0000A
00001
3FFF2
3FFDD
3FFC2
3FFA2
3FF7D
3FF55
3FF2A
3FEFD
3FECF
3FEA2
3FE75
3FE4B
3FE24
3FE01
3FDE2
3FDC9
3FDB6
3FDA9
3FDA2
3FDA2
3FDAA
3FDB7
3FDCB
3FDE5
3FE04
3FE27
3FE4E
3FE79
3FEA5
3FED2
3FF00
3FF2C
3FF57
3FF7F
3FFA3
3FFC2
3FFDD
3FFF1
00000
00008
00009
00004
3FFF8
3FFE6
3FFCE
3FFB0
3FF8E
3FF68
3FF3E
3FF13
3FEE6
3FEB9
3FE8C
3FE61
3FE39
3FE14
3FDF3
3FDD8
3FDC2
3FDB2
3FDA8
3FDA6
3FDA9
3FDB4
3FDC4
3FDDB
3FDF7
3FE18
3FE3E
3FE66
3FE91
3FEBE
3FEEB
3FF17
3FF43
3FF6B
3FF91
3FFB2
3FFCF
3FFE7
3FFF8
00003
00007
00005
3FFFD
3FFEE
3FFD8
3FFBE
3FF9E
3FF7A
3FF52
3FF28
3FEFC
3FECF
3FEA3
3FE77
3FE4E
3FE28
3FE05
3FDE7
3FDCF
3FDBC
3FDB0
3FDAA
3FDAA
3FDB1
3FDBF
3FDD3
3FDEC
3FE0B
3FE2E
3FE54
3FE7E
3FEA9
3FED6
3FF03
3FF2E
3FF58
3FF7F
3FFA2
3FFC1
3FFDB
3FFEF
3FFFD
00004
00005
00000
3FFF4
3FFE2
3FFCA
3FFAD
3FF8B
3FF65
3FF3C
3FF11
3FEE5
3FEB9
3FE8D
3FE63
3FE3B
3FE17
3FDF8
3FDDD
3FDC7
3FDB8
3FDAF
3FDAC
3FDB0
3FDBB
3FDCB
3FDE2
3FDFE
3FE1E
3FE43
3FE6B
3FE96
3FEC1
3FEEE
3FF1A
3FF44
3FF6C
3FF91
3FFB2
3FFCE
3FFE5
3FFF5
00000
00004
00002
3FFF9
3FFEA
3FFD5
3FFBA
3FF9B
3FF77
3FF50
3FF26
3FEFB
3FECF
3FEA3
3FE78
3FE4F
3FE2A
3FE08
3FDEB
3FDD3
3FDC1
3FDB5
3FDAF
3FDB0
3FDB7
3FDC5
3FDD9
3FDF2
3FE10
3FE33
3FE59
3FE82
3FEAD
3FED9
3FF05
3FF30
3FF59
3FF7F
3FFA2
3FFC0
3FFD9
3FFED
3FFFA
00002
00002
3FFFD
3FFF1
3FFDE
3FFC7
3FFAA
3FF88
3FF63
3FF3A
3FF10
3FEE4
3FEB8
3FE8D
3FE64
3FE3D
3FE19
3FDFA
3FDE0
3FDCB
3FDBC
3FDB3
3FDB1
3FDB5
3FDC0
3FDD0
3FDE7
3FE03
3FE23
3FE48
3FE6F
3FE99
3FEC5
3FEF1
3FF1C
3FF46
3FF6D
3FF91
3FFB2
3FFCD
3FFE3
3FFF4
3FFFE
00002
3FFFF
3FFF6
3FFE7
3FFD2
3FFB7
3FF98
3FF74
3FF4E
3FF24
3FEF9
3FECD
3FEA2
3FE78
3FE50
3FE2B
3FE0A
3FDED
3FDD6
3FDC4
3FDB8
3FDB3
3FDB4
3FDBB
3FDC9
3FDDD
3FDF6
3FE14
3FE37
3FE5D
3FE86
3FEB0
3FEDC
3FF08
3FF32
3FF5B
3FF80
3FFA2
3FFC0
3FFD9
3FFEC
3FFF9
00000
00000
3FFFA
3FFEE
3FFDC
3FFC4
3FFA7
3FF85
3FF60
3FF38
3FF0E
3FEE3
3FEB7
3FE8C
3FE63
3FE3D
3FE1A
3FDFB
3FDE1
3FDCD
3FDBE
3FDB6
3FDB4
3FDB8
3FDC3
3FDD4
3FDEB
3FE06
3FE27
3FE4B
3FE73
3FE9C
3FEC8
3FEF3
3FF1E
3FF47
3FF6F
3FF92
3FFB2
3FFCD
3FFE3
3FFF3
3FFFD
00000
3FFFE
3FFF4
3FFE5
3FFD0
3FFB5
3FF96
3FF72
3FF4B
3FF22
3FEF7
3FECC
3FEA1
3FE77
3FE4F
3FE2B
3FE0A
3FDEE
3FDD7
3FDC5
3FDBA
3FDB5
3FDB6
3FDBE
3FDCC
3FDE0
3FDF9
3FE17
3FE3A
3FE60
3FE89
3FEB3
3FEDF
3FF0A
3FF34
3FF5C
3FF82
3FFA3
3FFC1
3FFD9
3FFEC
3FFF9
3FFFF
3FFFF
3FFF9
3FFED
3FFDA
3FFC2
3FFA5
3FF83
3FF5E
3FF36
3FF0C
3FEE1
3FEB5
3FE8B
3FE62
3FE3C
3FE19
3FDFB
3FDE1
3FDCD
3FDBF
3FDB7
3FDB5
3FDBA
3FDC5
3FDD6
3FDED
3FE09
3FE29
3FE4E
3FE75
3FE9F
3FECA
3FEF5
3FF20
3FF49
3FF70
3FF94
3FFB3
3FFCE
3FFE4
3FFF3
3FFFD
00000
3FFFD
3FFF3
3FFE4
3FFCE
3FFB3
3FF94
3FF70
3FF49
3FF20
3FEF5
3FECA
3FE9F
3FE75
3FE4E
3FE29
3FE09
3FDED
3FDD6
3FDC5
3FDBA
3FDB5
3FDB7
3FDBF
3FDCD
3FDE1
3FDFB
3FE19
3FE3C
3FE62
3FE8B
3FEB5
3FEE1
3FF0C
3FF36
3FF5E
3FF83
3FFA5
3FFC2
3FFDA
3FFED
3FFF9
3FFFF
3FFFF
3FFF9
3FFEC
3FFD9
3FFC1
3FFA3
3FF82
3FF5C
3FF34
3FF0A
3FEDF
3FEB3
3FE89
3FE60
3FE3A
3FE17
3FDF9
3FDE0
3FDCC
3FDBE
3FDB6
3FDB5
3FDBA
3FDC5
3FDD7
3FDEE
3FE0A
3FE2B
3FE4F
3FE77
3FEA1
3FECC
3FEF7
3FF22
3FF4B
3FF72
3FF96
3FFB5
3FFD0
3FFE5
3FFF4
3FFFE
00000
3FFFD
3FFF3
3FFE3
3FFCD
3FFB2
3FF92
3FF6F
3FF47
3FF1E
3FEF3
3FEC8
3FE9C
3FE73
3FE4B
3FE27
3FE06
3FDEB
3FDD4
3FDC3
3FDB8
3FDB4
3FDB6
3FDBE
3FDCD
3FDE1
3FDFB
3FE1A
3FE3D
3FE63
3FE8C
3FEB7
3FEE3
3FF0E
3FF38
3FF60
3FF85
3FFA7
3FFC4
3FFDC
3FFEE
3FFFA
00000
00000
3FFF9
3FFEC
3FFD9
3FFC0
3FFA2
3FF80
3FF5B
3FF32
3FF08
3FEDC
3FEB0
3FE86
3FE5D
3FE37
3FE14
3FDF6
3FDDD
3FDC9
3FDBB
3FDB4
3FDB3
3FDB8
3FDC4
3FDD6
3FDED
3FE0A
3FE2B
3FE50
3FE78
3FEA2
3FECD
3FEF9
3FF24
3FF4E
3FF74
3FF98
3FFB7
3FFD2
3FFE7
3FFF6
3FFFF
00002
3FFFE
3FFF4
3FFE3
3FFCD
3FFB2
3FF91
3FF6D
3FF46
3FF1C
3FEF1
3FEC5
3FE99
3FE6F
3FE48
3FE23
3FE03
3FDE7
3FDD0
3FDC0
3FDB5
3FDB1
3FDB3
3FDBC
3FDCB
3FDE0
3FDFA
3FE19
3FE3D
3FE64
3FE8D
3FEB8
3FEE4
3FF10
3FF3A
3FF63
3FF88
3FFAA
3FFC7
3FFDE
3FFF1
3FFFD
00002
00002
3FFFA
3FFED
3FFD9
3FFC0
3FFA2
3FF7F
3FF59
3FF30
3FF05
3FED9
3FEAD
3FE82
3FE59
3FE33
3FE10
3FDF2
3FDD9
3FDC5
3FDB7
3FDB0
3FDAF
3FDB5
3FDC1
3FDD3
3FDEB
3FE08
3FE2A
3FE4F
3FE78
3FEA3
3FECF
3FEFB
3FF26
3FF50
3FF77
3FF9B
3FFBA
3FFD5
3FFEA
3FFF9
00002
00004
00000
3FFF5
3FFE5
3FFCE
3FFB2
3FF91
3FF6C
3FF44
3FF1A
3FEEE
3FEC1
3FE96
3FE6B
3FE43
3FE1E
3FDFE
3FDE2
3FDCB
3FDBB
3FDB0
3FDAC
3FDAF
3FDB8
3FDC7
3FDDD
3FDF8
3FE17
3FE3B
3FE63
3FE8D
3FEB9
3FEE5
3FF11
3FF3C
3FF65
3FF8B
3FFAD
3FFCA
3FFE2
3FFF4
00000
00005
00004
3FFFD
3FFEF
3FFDB
3FFC1
3FFA2
3FF7F
3FF58
3FF2E
3FF03
3FED6
3FEA9
3FE7E
3FE54
3FE2E
3FE0B
3FDEC
3FDD3
3FDBF
3FDB1
3FDAA
3FDAA
3FDB0
3FDBC
3FDCF
3FDE7
3FE05
3FE28
3FE4E
3FE77
3FEA3
3FECF
3FEFC
3FF28
3FF52
3FF7A
3FF9E
3FFBE
3FFD8
3FFEE
3FFFD
00005
00007
00003
3FFF8
3FFE7
3FFCF
3FFB2
3FF91
3FF6B
3FF43
3FF17
3FEEB
3FEBE
3FE91
3FE66
3FE3E
3FE18
3FDF7
3FDDB
3FDC4
3FDB4
3FDA9
3FDA6
3FDA8
3FDB2
3FDC2
3FDD8
3FDF3
3FE14
3FE39
3FE61
3FE8C
3FEB9
3FEE6
3FF13
3FF3E
3FF68
3FF8E
3FFB0
3FFCE
3FFE6
3FFF8
00004
00009
00008
00000
3FFF1
3FFDD
3FFC2
3FFA3
3FF7F
3FF57
3FF2C
3FF00
3FED2
3FEA5
3FE79
3FE4E
3FE27
3FE04
3FDE5
3FDCB
3FDB7
3FDAA
3FDA2
3FDA2
3FDA9
3FDB6
3FDC9
3FDE2
3FE01
3FE24
3FE4B
3FE75
3FEA2
3FECF
3FEFD
3FF2A
3FF55
3FF7D
3FFA2
3FFC2
3FFDD
3FFF2
00001
0000A
0000C
00007
3FFFB
3FFE9
3FFD1
3FFB4
3FF91
3FF6B
3FF41
3FF15
3FEE7
3FEB9
3FE8C
3FE60
3FE37
3FE11
3FDEF
3FDD3
3FDBC
3FDAB
3FDA0
3FD9D
3FDA0
3FDAA
3FDBB
3FDD1
3FDEE
3FE0F
3FE35
3FE5E
3FE8A
3FEB8
3FEE6
3FF14
3FF40
3FF6B
3FF91
3FFB4
3FFD2
3FFEB
3FFFD
00009
0000E
0000D
00004
3FFF5
3FFE0
3FFC5
3FFA4
3FF7F
3FF56
3FF2A
3FEFD
3FECE
3FEA0
3FE73
3FE47
3FE1F
3FDFB
3FDDB
3FDC1
3FDAD
3FDA0
3FD99
3FD99
3FD9F
3FDAD
3FDC1
3FDDB
3FDFA
3FE1F
3FE47
3FE72
3FEA0
3FECE
3FEFD
3FF2B
3FF57
3FF80
3FFA6
3FFC6
3FFE2
3FFF8
00007
00010
00011
0000C
00000
3FFED
3FFD4
3FFB6
3FF93
3FF6B
3FF40
3FF12
3FEE4
3FEB4
3FE86
3FE59
3FE2F
3FE08
3FDE5
3FDC8
3FDB1
3FDA0
3FD95
3FD92
3FD95
3FDA0
3FDB1
3FDC8
3FDE6
3FE08
3FE2F
3FE5A
3FE87
3FEB6
3FEE5
3FF14
3FF42
3FF6D
3FF95
3FFB9
3FFD8
3FFF1
00003
0000F
00015
00013
0000A
3FFFA
3FFE4
3FFC8
3FFA6
3FF80
3FF56
3FF28
3FEF9
3FECA
3FE9A
3FE6B
3FE3F
3FE16
3FDF1
3FDD0
3FDB6
3FDA1
3FD93
3FD8C
3FD8C
3FD93
3FDA2
3FDB6
3FDD1
3FDF2
3FE17
3FE41
3FE6E
3FE9C
3FECD
3FEFD
3FF2C
3FF59
3FF84
3FFAA
3FFCC
3FFE8
3FFFE
0000E
00016
00018
00012
00006
3FFF2
3FFD9
3FFB9
3FF94
3FF6B
3FF3F
3FF10
3FEDF
3FEAF
3FE7F
3FE50
3FE25
3FDFD
3FDDA
3FDBC
3FDA4
3FD92
3FD87
3FD84
3FD88
3FD93
3FDA5
3FDBD
3FDDC
3FDFF
3FE28
3FE54
3FE82
3FEB3
3FEE4
3FF14
3FF44
3FF70
3FF99
3FFBE
3FFDE
3FFF7
0000B
00017
0001C
0001A
00010
00000
3FFE9
3FFCC
3FFA9
3FF81
3FF55
3FF27
3FEF6
3FEC4
3FE93
3FE63
3FE35
3FE0A
3FDE4
3FDC3
3FDA7
3FD92
3FD84
3FD7D
3FD7D
3FD85
3FD93
3FDA9
3FDC5
3FDE7
3FE0E
3FE39
3FE67
3FE98
3FECA
3FEFB
3FF2C
3FF5B
3FF87
3FFAF
3FFD2
3FFEF
00006
00016
0001F
00020
0001A
0000D
3FFF8
3FFDE
3FFBD
3FF97
3FF6C
3FF3E
3FF0D
3FEDB
3FEA8
3FE76
3FE46
3FE19
3FDF0
3FDCB
3FDAC
3FD93
3FD81
3FD76
3FD73
3FD77
3FD83
3FD95
3FDAF
3FDCE
3FDF3
3FE1D
3FE4B
3FE7C
3FEAE
3FEE1
3FF14
3FF45
3FF73
3FF9E
3FFC4
3FFE4
3FFFF
00013
00020
00025
00022
00019
00007
3FFEF
3FFD1
3FFAC
3FF83
3FF55
3FF25
3FEF2
3FEBE
3FE8B
3FE59
3FE29
3FDFD
3FDD5
3FDB2
3FD96
3FD80
3FD71
3FD6A
3FD6A
3FD72
3FD82
3FD98
3FDB5
3FDD9
3FE01
3FE2E
3FE5E
3FE91
3FEC5
3FEF9
3FF2C
3FF5D
3FF8A
3FFB4
3FFD8
3FFF6
0000E
0001F
00028
00029
00023
00015
00000
3FFE4
3FFC2
3FF9A
3FF6D
3FF3D
3FF0A
3FED6
3FEA1
3FE6D
3FE3B
3FE0B
3FDE0
3FDBA
3FD9A
3FD80
3FD6D
3FD61
3FD5E
3FD62
3FD6E
3FD82
3FD9C
3FDBD
3FDE4
3FE10
3FE40
3FE73
3FEA7
3FEDD
3FF11
3FF45
3FF75
3FFA2
3FFCA
3FFEC
00008
0001C
0002A
0002F
0002C
00022
00010
3FFF7
3FFD7
3FFB1
3FF85
3FF56
3FF23
3FEEE
3FEB8
3FE82
3FE4D
3FE1B
3FDED
3FDC3
3FD9F
3FD81
3FD6A
3FD5A
3FD52
3FD53
3FD5B
3FD6B
3FD83
3FDA1
3FDC6
3FDF1
3FE20
3FE52
3FE88
3FEBE
3FEF5
3FF2A
3FF5D
3FF8D
3FFB9
3FFDF
3FFFF
00018
00029
00033
00034
0002E
0001F
00009
3FFEC
3FFC8
3FF9E
3FF6F
3FF3C
3FF07
3FED0
3FE98
3FE61
3FE2D
3FDFB
3FDCD
3FDA5
3FD83
3FD68
3FD54
3FD48
3FD44
3FD48
3FD55
3FD69
3FD85
3FDA7
3FDD0
3FDFE
3FE31
3FE66
3FE9D
3FED5
3FF0D
3FF43
3FF76
3FFA5
3FFCF
3FFF3
00011
00027
00035
0003B
00038
0002D
0001B
00000
3FFDE
3FFB6
3FF89
3FF56
3FF21
3FEE9
3FEB0
3FE77
3FE3F
3FE0A
3FDD9
3FDAD
3FD87
3FD67
3FD4E
3FD3E
3FD35
3FD35
3FD3E
3FD4F
3FD67
3FD88
3FDAE
3FDDB
3FE0D
3FE42
3FE7A
3FEB4
3FEED
3FF26
3FF5C
3FF8F
3FFBD
3FFE5
00007
00022
00035
0003F
00041
0003A
0002B
00014
3FFF5
3FFCF
3FFA3
3FF71
3FF3C
3FF03
3FEC9
3FE8E
3FE54
3FE1C
3FDE7
3FDB7
3FD8C
3FD67
3FD4A
3FD34
3FD27
3FD23
3FD27
3FD34
3FD49
3FD66
3FD8B
3FDB6
3FDE7
3FE1C
3FE54
3FE8F
3FECA
3FF06
3FF3F
3FF75
3FFA7
3FFD4
3FFFB
0001A
00032
00041
00048
00046
0003B
00027
0000B
3FFE8
3FFBD
3FF8D
3FF58
3FF1F
3FEE3
3FEA7
3FE6A
3FE2F
3FDF6
3FDC2
3FD92
3FD69
3FD47
3FD2C
3FD1A
3FD10
3FD10
3FD19
3FD2A
3FD44
3FD66
3FD8F
3FDBE
3FDF3
3FE2B
3FE67
3FEA4
3FEE1
3FF1E
3FF58
3FF8E
3FFC0
3FFEB
00010
0002D
00041
0004D
0004F
00049
00039
00021
00000
3FFD8
3FFA9
3FF75
3FF3C
3FEFF
3FEC1
3FE82
3FE44
3FE08
3FDCF
3FD9B
3FD6C
3FD45
3FD25
3FD0D
3FCFE
3FCF9
3FCFD
3FD0A
3FD20
3FD3E
3FD65
3FD92
3FDC6
3FDFF
3FE3B
3FE79
3FEB9
3FEF8
3FF36
3FF71
3FFA7
3FFD7
00001
00024
0003E
0004F
00057
00055
0004A
00035
00018
3FFF3
3FFC6
3FF92
3FF5A
3FF1D
3FEDD
3FE9C
3FE5B
3FE1B
3FDDE
3FDA5
3FD71
3FD44
3FD1E
3FD01
3FCEC
3FCE1
3FCE0
3FCE8
3FCFA
3FD15
3FD38
3FD63
3FD96
3FDCE
3FE0A
3FE4A
3FE8C
3FECE
3FF0F
3FF4E
3FF89
3FFBF
3FFEE
00016
00036
0004E
0005B
0005F
00059
00049
00030
0000D
3FFE3
3FFB1
3FF79
3FF3C
3FEFB
3FEB8
3FE74
3FE30
3FDEF
3FDB1
3FD78
3FD44
3FD19
3FCF5
3FCDA
3FCC9
3FCC1
3FCC4
3FCD1
3FCE8
3FD08
3FD30
3FD60
3FD97
3FDD4
3FE15
3FE58
3FE9D
3FEE2
3FF25
3FF65
3FFA0
3FFD6
00004
0002A
00048
0005C
00066
00065
0005B
00046
00028
00000
3FFD0
3FF99
3FF5C
3FF1B
3FED6
3FE8F
3FE48
3FE02
3FDBF
3FD80
3FD47
3FD14
3FCEA
3FCC8
3FCB0
3FCA2
3FC9E
3FCA6
3FCB7
3FCD3
3FCF8
3FD25
3FD5B
3FD97
3FDD8
3FE1D
3FE64
3FEAC
3FEF4
3FF39
3FF7A
3FFB6
3FFEB
00018
0003D
00058
00069
0006F
0006A
0005B
00041
0001D
3FFF0
3FFBB
3FF7F
3FF3D
3FEF6
3FEAD
3FE62
3FE18
3FDCF
3FD8A
3FD4A
3FD11
3FCDF
3FCB5
3FC96
3FC80
3FC76
3FC76
3FC82
3FC98
3FCB9
3FCE3
3FD16
3FD51
3FD92
3FDD8
3FE21
3FE6D
3FEB8
3FF03
3FF4A
3FF8C
3FFC9
3FFFE
0002A
0004D
00066
00073
00076
0006C
00058
00039
00010
3FFDD
3FFA2
3FF61
3FF19
3FECE
3FE80
3FE31
3FDE3
3FD97
3FD50
3FD0F
3FCD4
3FCA2
3FC7A
3FC5C
3FC49
3FC42
3FC46
3FC56
3FC71
3FC96
3FCC6
3FCFF
3FD3F
3FD85
3FDD1
3FE1F
3FE6F
3FEBE
3FF0C
3FF56
3FF9A
3FFD7
0000D
00039
0005A
00070
0007B
0007A
0006C
00053
0002F
00000
3FFC8
3FF87
3FF3F
3FEF2
3FEA0
3FE4D
3FDF9
3FDA7
3FD58
3FD0E
3FCCA
3FC8E
3FC5C
3FC34
3FC17
3FC06
3FC01
3FC09
3FC1C
3FC3C
3FC67
3FC9C
3FCDA
3FD20
3FD6C
3FDBD
3FE11
3FE66
3FEBA
3FF0C
3FF59
3FFA0
3FFDF
00015
00041
00062
00077
0007F
0007B
00069
0004C
00022
3FFED
3FFAF
3FF67
3FF19
3FEC5
3FE6D
3FE14
3FDBA
3FD62
3FD0E
3FCC0
3FC78
3FC3A
3FC05
3FBDC
3FBBF
3FBAF
3FBAC
3FBB6
3FBCD
3FBF0
3FC20
3FC5A
3FC9E
3FCEA
3FD3D
3FD94
3FDEE
3FE49
3FEA3
3FEFA
3FF4C
3FF97
3FFDA
00013
00041
00062
00077
0007E
00077
00063
00041
00012
3FFD8
3FF93
3FF45
3FEEF
3FE93
3FE33
3FDD1
3FD6F
3FD10
3FCB4
3FC5F
3FC11
3FBCC
3FB93
3FB66
3FB46
3FB34
3FB30
3FB3A
3FB53
3FB79
3FBAC
3FBEB
3FC34
3FC86
3FCE0
3FD3F
3FDA1
3FE04
3FE66
3FEC5
3FF1F
3FF71
3FFBB
3FFFA
0002D
00053
0006A
00073
0006C
00057
00032
00000
3FFC0
3FF75
3FF1E
3FEBF
3FE59
3FDEE
3FD80
3FD11
3FCA5
3FC3C
3FBD9
3FB7E
3FB2D
3FAE8
3FAB0
3FA86
3FA6B
3FA60
3FA66
3FA7A
3FA9F
3FAD2
3FB13
3FB61
3FBB9
3FC1A
3FC82
3FCEF
3FD5F
3FDCE
3FE3B
3FEA4
3FF05
3FF5E
3FFAC
3FFEC
0001E
00041
00053
00054
00043
00020
3FFED
3FFA9
3FF56
3FEF6
3FE89
3FE11
3FD92
3FD0D
3FC85
3FBFC
3FB74
3FAF1
3FA75
3FA02
3F99B
3F941
3F8F6
3F8BC
3F894
3F87F
3F87D
3F88F
3F8B3
3F8EB
3F933
3F98C
3F9F4
3FA68
3FAE6
3FB6C
3FBF8
3FC85
3FD12
3FD9C
3FE1F
3FE99
3FF06
3FF64
3FFB1
3FFEA
0000D
00018
0000A
3FFE2
3FF9F
3FF41
3FEC7
3FE33
3FD84
3FCBC
3FBDC
3FAE5
3F9DB
3F8BF
3F792
3F659
3F515
3F3CA
3F279
3F126
3EFD3
3EE81
3ED33
3EBEA
3EAA4
3E961
3E81B
3E6C9
3E558
3E3A2
3E151
3DD8C
3D570
3B5ED
093D8
3F339
04D7A
3985B
3F7D8
3B715
3F3E7
30AEE
06603
132D4
320B8
313F8
10BE0
01F1A
19EE0
04C6A
3D4B2
028F3
3C551
0641A
00C33
0AFFE
054A9
0491C
03418
3CD10
05B28
0B000
3E237
05C0E
2DCA8
372CB
10E2D
3D286
38031
3AF66
30EED
069C5
01C75
3C09E
3CE99
3F429
3B508
2837D
0220E
03419
37705
33533
1227B
03884
3E84F
01162
0F019
39522
37ABE
3CE19
35EF7
0F118
00B91
0D4F5
3D521
29430
00A3B
32128
0E456
05F28
016DD
00A97
14396
02A97
0DA39
37E60
2DBD4
09B96
3D3AB
13916
065EC
29DCE
3EED2
37293
3F73C
33929
0F4EF
07EDA
3E0C5
00514
164B4
3F64D
2D1FA
05D3B
3B253
0F9FF
0B593
396FC
017A0
27D70
3D8EC
2BA9B
0544F
37977
15314
0ED99
36C32
021AA
0420D
036D1
044D9
053D3
0F0C8
30355
36B07
0B9D5
01583
02388
02383
11DFE
38050
3DD62
371CB
3A11B
3759B
38E81
39BFF
36775
27DAD
3CF0E
2EF06
0D2A4
3E51F
1A3CC
07DBC
1E1A4
07006
15498
3F9E1
0CD40
311B2
3F46B
2586F
37B25
3A801
39ED7
387F9
386A6
2E41D
0D4D6
3F7C0
100E4
0270D
2AF64
01504
03B46
39C27
3346A
09202
3D0FA
17B29
03B87
015AD
3DF47
2E1B5
0CE9C
103D1
2E525
37B96
0AC6E
3FE38
01CE0
3FEB8
09879
344AD
2FBE9
0F6B7
04F0D
3F8F7
0348C
192DE
0408D
15427
39300
076FF
29732
34E7E
0C2AD
3EB2F
3B45C
3D2FE
33CC2
05B2B
3DA3B
109B6
0AB2E
2F0D9
00373
2AB31
055F2
3DABC
0DB49
11022
36C42
02880
2F7C3
3DA05
2BB11
028B0
3F3A1
00862
38AE4
1622A
0AEC1
30628
02465
0DC3D
00C7C
08986
3562C
31B03
116C1
032CD
040DA
3F163
2C8CA
005A9
3100E
11047
0E2F6
37AFE
01168
33349
3DE99
2F6B9
02234
37020
110AE
12155
32363
01B81
28A12
3E21C
2BD2C
0A4AD
14B7C
379AB
3E698
002BD
3F6BC
1B015
04D2F
3F183
08814
12EDF
37B3B
3EBB5
3E4F0
3F870
3CB68
3D739
2963C
05168
3DAF9
0BBF9
0DB55
2E105
3DAE9
30571
3F165
11B06
342E4
2B1D5
0720D
3A6E8
14633
04C86
1A012
05A17
12D93
3B315
34946
0EE64
0DD35
2E225
3F027
2752C
0194E
15910
39EF6
3FBB9
3AD8A
3D335
3F877
00105
26DED
00167
09AB0
3D582
01793
3EAC7
056D1
2790C
38DBB
15584
3F840
10994
34793
3306D
022C9
3D1ED
04D0C
00251
15E2E
02337
10A85
38928
3AC2D
3F8AC
0083A
351E7
3BED5
27374
3C6EE
38680
00A9B
03182
373B7
38509
0B1A2
0058B
0654C
3D07F
2E42C
087DC
08094
3B4C5
3B2A9
194F8
081CE
036D1
08F7B
15D77
02758
0E5D9
3643B
0380D
2898F
3B9DD
38226
3E6D1
39BF4
025F2
3D633
0B999
092E1
31FD3
3FD1A
3CAFF
010FB
3CA8A
067DD
0A9A8
34DA5
3A40A
0B275
00568
3C19A
3C86B
2E80A
0595A
3A3B0
12087
094E4
3B047
02742
3421D
07F3D
17DDC
3A1F8
06CEE
2C872
35776
10D3E
00FBE
087FF
3FE5C
03BCC
0033D
09010
2CA45
38575
3DC99
3D20A
10042
3900E
34199
3FC7A
3A58F
07540
02219
39194
3D174
2917D
3EF78
308AF
0C43F
07FF1
3D2DF
3DAE1
1945C
03060
2B91E
037A5
33906
1319A
10EFF
3A419
03998
2F8FD
3DCD7
2E5EC
3FF9A
31359
0D6BD
04A03
0A6B6
05851
0928C
0396A
30B07
09254
0C547
000EF
02731
0354A
04C9F
2B322
3FE7E
0536B
01B47
0DDD6
2EED3
2EFB9
0EF30
3F095
1741A
3F7B2
2EC0B
020E1
3EA8C
3F0AA
3AF35
0813A
3FFB9
10B12
01042
02B98
3D6D8
3B6BB
3EFAE
3C8AE
3F7FB
3BC60
15441
3CD99
2E40B
3E70F
3223F
0D75B
0B391
2AAB2
3825F
135E3
3CA30
3B7A5
389AE
2C42D
0C407
04E77
388AD
3C069
13787
3D383
312A3
01E43
012FF
3A811
369BC
140BE
04833
01C69
028DC
05A48
02F35
0D921
2FB33
3476A
0F00D
02B0C
0112D
03A30
139B2
3D355
09E89
2E233
3516C
0427B
3DD60
24CA0
3B366
2FED3
050CC
0952B
37773
00D14
27519
36D57
20161
370A1
2C35C
3D303
34C54
06B92
009E3
3EE4E
3EBF9
0397A
36A89
2C21D
038D3
03AF6
3BB2F
04A02
3FE83
00E0E
335B7
38697
303B2
164E6
0174A
00529
09160
34F44
3228B
3931F
35B64
3BDEF
021B0
043FC
37F74
3B4B7
3FEE5
354CE
39323
35464
2D523
0075E
38122
3D125
39C95
02009
04DA3
009FD
39F4E
0208E
3DF52
04BB2
39C14
323CC
06985
08908
0ED44
34771
08EC3
3D4CA
36009
04ADD
01790
3D496
2DBEF
088BD
03E86
3D7E6
04B3A
3F2D8
3D270
12D3C
3889C
3609C
08271
1661F
3F11C
02418
39626
0721D
0154A
39EB2
3E884
382D9
0AE02
00079
0B642
00572
0397A
08D50
3BA25
3F711
04F4C
00F82
34AF8
014AD
3DE62
38324
2FC00
0A6EE
3927C
02B27
39CBB
3FE1F
3BA4C
02A99
0A88D
013C6
055E0
0A7BA
303C9
0509E
100D1
33A2C
08FB7
020B8
020A5
3A29B
3BF79
3EE72
31824
05CA3
3BC2C
37696
09BF5
0D576
07C53
3B11B
2E48E
3D682
3CA12
03868
0B4DD
398FB
054B0
07A9B
30B1F
3CD72
029DE
2D983
31DA4
085BA
36926
0AED7
3DBE1
01AD5
399F5
3AF6D
3B1BD
045AF
08F53
08322
0324F
3E4F5
3D18F
006DC
0DA18
36858
3D81D
3EE6C
0156F
02535
13F61
02BDC
3D91E
2FE3C
0EE36
05A44
0250D
30894
06F61
01C9D
3F7A2
3741A
3CEDA
3B428
08BD9
37DE0
01CF4
38FCF
33B78
0437B
3EEBD
3C89C
3C15C
009BD
12E88
0BBEB
3FF79
3ED12
0CDE0
37954
039F2
098D9
3220F
3FB7E
3922B
04586
3804D
04379
3AFB9
0B0B1
338AE
018C6
03847
04DE7
028A3
36E94
3F284
062F6
006ED
0C16F
3A9EA
059A1
3391F
2D40A
3D87D
0DC62
05BE8
3D404
3FBF1
06A5F
09467
34017
09184
0396B
388A2
3EEAC
002C0
329EF
3DB5A
03D44
3A62D
36057
3F8C8
078B7
0FE63
37483
3BFAF
07549
30F57
39BC8
353D9
3F623
3DAC0
096EB
0B09C
02F32
38AF5
3EE4D
015FB
0A8FE
3FC6F
3CA75
31411
39017
3DCD6
38A54
0ADB5
030A9
09D16
3A572
32BA9
3B86B
3BA70
07858
0290B
3E662
0EB7A
0FAC6
063A1
3FE7B
06D09
3D469
3C83E
18A15
3FE2E
02285
3F6C1
0177A
01713
008A3
3BE1D
3EA6D
3FF3B
33B5A
1670E
36605
2E598
3F0D0
3FD93
32374
043D4
2D974
1EA08
39D51
08793
01CC9
38B1E
00DF4
2AEFC
3CE3A
3ECFE
318AC
10E46
027D7
35463
07EDA
0DB8B
2ACCF
0971D
026E2
32E2F
3E197
3AE80
3D1E1
0A626
06020
0CD9A
35CC2
0A2F7
3B279
3DEED
3DC26
3EEC1
05F11
2D2EB
04F85
3AE1D
0A6C3
3801D
3A902
0509A
39FE7
3D90E
3B50E
0168E
306AD
00A6E
072E1
3E5BB
007AB
0017B
0D38E
09016
02AFE
04E88
0648D
0D122
00CE4
0911D
047A3
3975D
38800
04121
36105
3EA1A
0A376
0C8FD
3B0B6
388B5
03FF7
005E4
0E7F3
2B307
37944
04A57
05B5A
3BCCF
30A1E
3F531
2FBF8
35075
3742F
038B2
06959
03CF5
0DD3C
3D609
3DFBE
0199D
0B2E2
3FBD2
03345
0FC91
38D95
337D3
32632
179EE
3B9F0
09BE7
38C7B
3F2A1
094CD
05A1D
31F27
34D78
3BDFF
04C74
38AEB
3C907
3E1BF
3D42D
01E1B
2EE66
354A1
07032
02F22
08E9E
05A18
3EA23
04AC2
0006C
3C7A8
3B606
09277
3ACC3
0498E
3E3D1
04ED8
0B892
3DE68
09592
3AE37
05D51
37763
02AAF
3F768
04C7F
0128E
34C70
3882E
359B1
0008D
3534D
03695
2497E
102A9
097A4
3E2BE
35861
16FE0
00278
0D498
3FD7C
0C6CF
3C283
004D8
0260B
0BE6A
352AB
3D29D
063CA
3E800
084D4
3CE90
3E755
0018A
3933D
36F3A
06F89
0A337
3D857
3C31F
2D9B3
0809E
0A1D1
087C2
3FADE
3E0F4
3580A
2729F
31A0D
0CE39
3B7FE
3F4A5
3AD5E
04C13
34460
07DA4
04A62
30A78
0D1BD
019A3
3C18F
04131
37E70
078D2
3D4A9
09EEA
375FF
03746
360F8
04937
09ADD
0CD21
3C0BE
06643
3A91B
0A034
3CB85
37561
061CE
341D8
3C7D9
0194E
029C0
0566D
3F88F
0CD56
065DE
0199A
0B2E9
3479C
38ACB
030DB
08AFB
3C3CA
383CD
3FE34
2BEFA
35DA1
03B39
0224D
09CEE
04196
326CC
36A1A
385DC
3FCC2
15CB8
05CB1
01ABC
0A9C8
3F91B
3CF29
3E504
3ECFE
3F128
3F3A0
3F52D
3F62D
3F6D2
3F73C
3F780
3F7AA
3F7C5
3F7DA
3F7EE
3F806
3F826
3F851
3F888
3F8CD
3F922
3F985
3F9F6
3FA76
3FB03
3FB9A
3FC3B
3FCE2
3FD8E
3FE3C
3FEE9
3FF92
00036
000D0
0015F
001E0
00252
002B3
00300
0033A
0035F
0036F
0036B
00352
00326
002E7
00298
0023A
001D0
0015B
000DF
0005E
3FFDB
3FF59
3FED9
3FE60
3FDF0
3FD8A
3FD31
3FCE6
3FCAC
3FC82
3FC6A
3FC65
3FC71
3FC8F
3FCBF
3FCFD
3FD4B
3FDA5
3FE09
3FE76
3FEE9
3FF60
3FFD8
0004F
000C2
0012F
00193
001EE
0023C
0027C
002AE
002D0
002E2
002E3
002D5
002B6
00288
0024D
00205
001B3
00157
000F5
0008E
00025
3FFBB
3FF54
3FEF1
3FE95
3FE40
3FDF6
3FDB8
3FD86
3FD62
3FD4C
3FD45
3FD4D
3FD64
3FD88
3FDB9
3FDF6
3FE3E
3FE8E
3FEE5
3FF41
3FFA0
00000
0005F
000BA
00111
00160
001A7
001E4
00215
0023B
00253
0025D
0025A
0024A
0022D
00203
001CF
00190
00149
000FA
000A7
00050
3FFF8
3FFA0
3FF4A
3FEF9
3FEAE
3FE6A
3FE2F
3FDFE
3FDD8
3FDBE
3FDB0
3FDAF
3FDBA
3FDD2
3FDF5
3FE22
3FE59
3FE98
3FEDF
3FF2A
3FF79
3FFCA
0001B
0006A
000B6
000FD
0013D
00175
001A4
001C9
001E3
001F2
001F5
001ED
001D9
001BB
00192
00160
00126
000E5
0009F
00056
0000A
3FFBE
3FF73
3FF2A
3FEE7
3FEA9
3FE72
3FE43
3FE1E
3FE02
3FDF2
3FDEB
3FDF0
3FE00
3FE1A
3FE3D
3FE69
3FE9D
3FED8
3FF18
3FF5C
3FFA2
3FFE9
0002E
00072
000B2
000ED
00121
0014E
00172
0018D
0019E
001A5
001A1
00194
0017D
0015C
00134
00103
000CC
00090
00050
0000E
3FFCB
3FF88
3FF47
3FF09
3FED0
3FE9D
3FE71
3FE4C
3FE30
3FE1E
3FE15
3FE15
3FE20
3FE33
3FE4F
3FE74
3FEA0
3FED2
3FF09
3FF44
3FF82
3FFC1
00000
0003D
00078
000AE
000DF
00109
0012C
00148
0015A
00164
00164
0015B
0014A
0012F
0010D
000E4
000B5
00081
00048
0000D
3FFD1
3FF95
3FF59
3FF21
3FEEC
3FEBC
3FE91
3FE6E
3FE52
3FE3F
3FE33
3FE31
3FE37
3FE46
3FE5D
3FE7B
3FEA1
3FECC
3FEFD
3FF31
3FF68
3FFA1
3FFDA
00013
00048
0007B
000A9
000D2
000F4
0010F
00123
0012E
00131
0012C
0011F
0010A
000ED
000CA
000A1
00072
00040
0000B
3FFD4
3FF9D
3FF67
3FF32
3FF00
3FED3
3FEAB
3FE88
3FE6C
3FE58
3FE4B
3FE46
3FE49
3FE54
3FE67
3FE81
3FEA1
3FEC7
3FEF2
3FF21
3FF53
3FF87
3FFBB
3FFEF
00021
00051
0007D
000A4
000C5
000E0
000F5
00102
00107
00105
000FB
000EA
000D2
000B3
0008F
00066
00039
00009
3FFD6
3FFA4
3FF71
3FF40
3FF11
3FEE6
3FEBF
3FE9E
3FE82
3FE6D
3FE5F
3FE58
3FE58
3FE60
3FE6F
3FE85
3FEA1
3FEC2
3FEE9
3FF13
3FF40
3FF70
3FFA0
3FFD1
00000
0002D
00057
0007C
0009D
000B8
000CD
000DC
000E3
000E3
000DC
000CF
000BA
000A0
00080
0005B
00032
00006
3FFD8
3FFA9
3FF7A
3FF4C
3FF1F
3FEF6
3FED0
3FEB0
3FE94
3FE7E
3FE6F
3FE66
3FE65
3FE6A
3FE76
3FE88
3FEA0
3FEBE
3FEE0
3FF07
3FF31
3FF5C
3FF89
3FFB7
3FFE3
0000E
00036
0005B
0007B
00096
000AB
000BB
000C4
000C6
000C2
000B7
000A6
0008F
00073
00052
0002C
00004
3FFDA
3FFAE
3FF81
3FF56
3FF2C
3FF04
3FEE0
3FEBF
3FEA4
3FE8E
3FE7D
3FE73
3FE70
3FE72
3FE7B
3FE8B
3FEA0
3FEBA
3FED9
3FEFC
3FF22
3FF4B
3FF75
3FFA0
3FFCA
3FFF3
00019
0003D
0005D
00078
0008E
0009E
000A9
000AD
000AB
000A3
00094
00080
00067
0004A
00028
00003
3FFDB
3FFB2
3FF88
3FF5F
3FF37
3FF10
3FEED
3FECD
3FEB2
3FE9B
3FE8A
3FE7F
3FE79
3FE7A
3FE81
3FE8D
3FE9F
3FEB7
3FED3
3FEF3
3FF16
3FF3C
3FF63
3FF8B
3FFB4
3FFDB
00000
00023
00042
0005D
00073
00085
00090
00096
00096
00090
00085
00074
0005D
00043
00024
00002
3FFDD
3FFB6
3FF8F
3FF68
3FF41
3FF1C
3FEF9
3FEDA
3FEBF
3FEA8
3FE96
3FE89
3FE82
3FE81
3FE86
3FE90
3FE9F
3FEB4
3FECD
3FEEA
3FF0B
3FF2E
3FF53
3FF79
3FF9F
3FFC5
3FFE9
0000B
0002A
00045
0005C
0006E
0007B
00082
00084
00080
00077
00068
00055
0003D
00020
00001
3FFDF
3FFBA
3FF95
3FF70
3FF4A
3FF27
3FF05
3FEE6
3FECB
3FEB3
3FEA1
3FE93
3FE8B
3FE88
3FE8A
3FE92
3FE9F
3FEB1
3FEC8
3FEE3
3FF01
3FF22
3FF45
3FF69
3FF8D
3FFB1
3FFD4
3FFF6
00014
0002F
00046
00059
00067
00070
00074
00072
0006B
0005E
0004D
00037
0001E
00001
3FFE1
3FFBE
3FF9B
3FF77
3FF53
3FF31
3FF10
3FEF1
3FED6
3FEBE
3FEAB
3FE9C
3FE92
3FE8E
3FE8F
3FE94
3FE9F
3FEAF
3FEC4
3FEDC
3FEF8
3FF16
3FF37
3FF5A
3FF7D
3FF9F
3FFC1
3FFE2
00000
0001B
00033
00046
00055
0005F
00064
00064
0005F
00055
00046
00033
0001B
00000
3FFE3
3FFC2
3FFA1
3FF7E
3FF5C
3FF3A
3FF1A
3FEFC
3FEE0
3FEC9
3FEB5
3FEA5
3FE9A
3FE94
3FE93
3FE97
3FEA0
3FEAE
3FEC0
3FED6
3FEF0
3FF0C
3FF2B
3FF4C
3FF6D
3FF8F
3FFB0
3FFD0
3FFEE
00009
00021
00035
00045
00050
00057
00058
00055
0004D
00040
0002F
00019
00000
3FFE5
3FFC6
3FFA6
3FF85
3FF64
3FF43
3FF24
3FF06
3FEEB
3FED2
3FEBE
3FEAD
3FEA1
3FE9A
3FE97
3FE99
3FEA1
3FEAC
3FEBC
3FED0
3FEE8
3FF03
3FF20
3FF3F
3FF5F
3FF80
3FFA0
3FFBF
3FFDC
3FFF8
00010
00024
00035
00042
0004A
0004D
0004B
00045
0003A
0002B
00018
00001
3FFE7
3FFCA
3FFAC
3FF8C
3FF6C
3FF4C
3FF2D
3FF10
3FEF5
3FEDC
3FEC7
3FEB6
3FEA8
3FEA0
3FE9C
3FE9C
3FEA1
3FEAB
3FEB9
3FECC
3FEE1
3FEFA
3FF16
3FF33
3FF52
3FF71
3FF91
3FFAF
3FFCC
3FFE8
00000
00015
00027
00034
0003E
00042
00042
0003E
00035
00027
00016
00001
3FFE9
3FFCE
3FFB1
3FF93
3FF74
3FF55
3FF36
3FF19
3FEFE
3FEE5
3FED0
3FEBE
3FEB0
3FEA6
3FEA0
3FE9F
3FEA3
3FEAB
3FEB7
3FEC7
3FEDB
3FEF2
3FF0C
3FF28
3FF46
3FF64
3FF83
3FFA1
3FFBD
3FFD8
3FFF1
00007
00019
00028
00032
00038
0003A
00037
00030
00024
00015
00001
3FFEB
3FFD2
3FFB6
3FF99
3FF7B
3FF5D
3FF3F
3FF23
3FF07
3FEEF
3FED9
3FEC6
3FEB7
3FEAB
3FEA5
3FEA2
3FEA4
3FEAA
3FEB5
3FEC3
3FED6
3FEEB
3FF04
3FF1E
3FF3A
3FF58
3FF75
3FF93
3FFAF
3FFCA
3FFE3
3FFF9
0000C
0001C
00027
0002F
00032
00031
0002B
00021
00013
00002
3FFED
3FFD5
3FFBB
3FFA0
3FF83
3FF65
3FF48
3FF2C
3FF11
3FEF8
3FEE1
3FECE
3FEBE
3FEB1
3FEA9
3FEA5
3FEA6
3FEAA
3FEB3
3FEC0
3FED1
3FEE5
3FEFB
3FF15
3FF30
3FF4C
3FF69
3FF86
3FFA2
3FFBD
3FFD6
3FFEC
00000
00010
0001D
00026
0002A
0002A
00026
0001E
00012
00002
3FFEF
3FFD9
3FFC0
3FFA6
3FF8A
3FF6D
3FF51
3FF35
3FF1A
3FF01
3FEEA
3FED6
3FEC5
3FEB7
3FEAE
3FEA9
3FEA8
3FEAB
3FEB2
3FEBD
3FECC
3FEDF
3FEF4
3FF0C
3FF26
3FF41
3FF5D
3FF79
3FF95
3FFB0
3FFC9
3FFE0
3FFF4
00005
00013
0001D
00023
00024
00022
0001B
00011
00003
3FFF1
3FFDC
3FFC5
3FFAC
3FF91
3FF75
3FF59
3FF3D
3FF23
3FF09
3FEF2
3FEDD
3FECC
3FEBD
3FEB3
3FEAC
3FEAA
3FEAB
3FEB1
3FEBB
3FEC8
3FED9
3FEED
3FF03
3FF1C
3FF36
3FF52
3FF6D
3FF89
3FFA3
3FFBD
3FFD4
3FFE9
3FFFB
00009
00014
0001C
0001F
0001E
00019
00010
00003
3FFF3
3FFE0
3FFCA
3FFB2
3FF98
3FF7D
3FF61
3FF46
3FF2B
3FF12
3FEFA
3FEE5
3FED3
3FEC4
3FEB8
3FEB0
3FEAC
3FEAC
3FEB1
3FEB9
3FEC5
3FED4
3FEE6
3FEFC
3FF13
3FF2C
3FF47
3FF62
3FF7D
3FF97
3FFB1
3FFC8
3FFDE
3FFF0
00000
0000C
00015
00019
0001A
00016
0000F
00003
3FFF5
3FFE3
3FFCE
3FFB7
3FF9E
3FF84
3FF69
3FF4F
3FF34
3FF1B
3FF03
3FEED
3FEDA
3FECA
3FEBD
3FEB4
3FEAF
3FEAE
3FEB0
3FEB7
3FEC1
3FECF
3FEE0
3FEF4
3FF0B
3FF23
3FF3D
3FF57
3FF72
3FF8C
3FFA5
3FFBD
3FFD3
3FFE6
3FFF7
00004
0000E
00013
00015
00013
0000D
00004
3FFF6
3FFE6
3FFD3
3FFBD
3FFA5
3FF8C
3FF71
3FF57
3FF3D
3FF23
3FF0B
3FEF5
3FEE1
3FED0
3FEC3
3FEB9
3FEB2
3FEAF
3FEB1
3FEB6
3FEBF
3FECB
3FEDB
3FEEE
3FF03
3FF1A
3FF33
3FF4D
3FF67
3FF81
3FF9A
3FFB2
3FFC9
3FFDD
3FFEE
3FFFC
00007
0000E
00011
00011
0000C
00004
3FFF8
3FFE9
3FFD7
3FFC2
3FFAB
3FF93
3FF79
3FF5F
3FF45
3FF2C
3FF14
3FEFD
3FEE9
3FED7
3FEC8
3FEBD
3FEB5
3FEB1
3FEB1
3FEB5
3FEBC
3FEC7
3FED6
3FEE7
3FEFB
3FF11
3FF29
3FF43
3FF5C
3FF76
3FF90
3FFA8
3FFBE
3FFD3
3FFE5
3FFF4
00000
00008
0000D
0000E
0000B
00004
3FFF9
3FFEC
3FFDB
3FFC7
3FFB2
3FF9A
3FF81
3FF68
3FF4E
3FF34
3FF1C
3FF05
3FEF0
3FEDE
3FECE
3FEC2
3FEB9
3FEB4
3FEB2
3FEB4
3FEBA
3FEC4
3FED1
3FEE1
3FEF4
3FF09
3FF20
3FF39
3FF52
3FF6C
3FF85
3FF9D
3FFB4
3FFCA
3FFDC
3FFEC
3FFF9
00003
00009
0000B
00009
00004
3FFFB
3FFEE
3FFDF
3FFCC
3FFB8
3FFA1
3FF89
3FF70
3FF56
3FF3D
3FF25
3FF0D
3FEF8
3FEE5
3FED4
3FEC7
3FEBD
3FEB6
3FEB3
3FEB4
3FEB9
3FEC1
3FECD
3FEDC
3FEED
3FF02
3FF18
3FF30
3FF48
3FF62
3FF7B
3FF93
3FFAB
3FFC0
3FFD4
3FFE5
3FFF3
3FFFD
00004
00008
00008
00004
3FFFC
3FFF1
3FFE3
3FFD1
3FFBE
3FFA8
3FF90
3FF78
3FF5F
3FF46
3FF2D
3FF16
3FF00
3FEEC
3FEDA
3FECC
3FEC1
3FEB9
3FEB5
3FEB4
3FEB8
3FEBF
3FEC9
3FED7
3FEE7
3FEFA
3FF10
3FF27
3FF3F
3FF58
3FF71
3FF89
3FFA1
3FFB7
3FFCB
3FFDD
3FFEC
3FFF8
00000
00005
00006
00003
3FFFD
3FFF3
3FFE6
3FFD6
3FFC4
3FFAF
3FF98
3FF80
3FF67
3FF4E
3FF36
3FF1E
3FF07
3FEF3
3FEE1
3FED1
3FEC5
3FEBC
3FEB7
3FEB5
3FEB7
3FEBC
3FEC5
3FED2
3FEE1
3FEF3
3FF08
3FF1E
3FF36
3FF4E
3FF67
3FF80
3FF98
3FFAE
3FFC3
3FFD5
3FFE5
3FFF2
3FFFC
00002
00004
00003
3FFFE
3FFF6
3FFEA
3FFDB
3FFC9
3FFB5
3FF9F
3FF88
3FF70
3FF57
3FF3E
3FF26
3FF0F
3FEFA
3FEE8
3FED7
3FECA
3FEC0
3FEB9
3FEB6
3FEB6
3FEBB
3FEC2
3FECD
3FEDC
3FEED
3FF00
3FF16
3FF2D
3FF45
3FF5E
3FF76
3FF8E
3FFA5
3FFBA
3FFCE
3FFDE
3FFEC
3FFF7
3FFFE
00002
00002
3FFFF
3FFF8
3FFED
3FFDF
3FFCF
3FFBC
3FFA7
3FF90
3FF78
3FF5F
3FF47
3FF2F
3FF18
3FF02
3FEEE
3FEDD
3FECF
3FEC3
3FEBB
3FEB7
3FEB6
3FEB9
3FEC0
3FEC9
3FED6
3FEE6
3FEF9
3FF0E
3FF24
3FF3C
3FF54
3FF6D
3FF85
3FF9C
3FFB2
3FFC6
3FFD8
3FFE7
3FFF2
3FFFB
00000
00001
3FFFF
3FFF9
3FFF0
3FFE4
3FFD4
3FFC2
3FFAE
3FF98
3FF80
3FF68
3FF4F
3FF37
3FF20
3FF0A
3FEF5
3FEE3
3FED4
3FEC7
3FEBE
3FEB9
3FEB7
3FEB8
3FEBD
3FEC6
3FED2
3FEE0
3FEF2
3FF06
3FF1C
3FF33
3FF4B
3FF64
3FF7C
3FF93
3FFAA
3FFBE
3FFD1
3FFE1
3FFEE
3FFF7
3FFFE
00001
00000
3FFFB
3FFF3
3FFE8
3FFDA
3FFC8
3FFB5
3FF9F
3FF89
3FF71
3FF58
3FF40
3FF28
3FF12
3FEFD
3FEEA
3FED9
3FECC
3FEC2
3FEBB
3FEB7
3FEB7
3FEBB
3FEC2
3FECD
3FEDB
3FEEB
3FEFF
3FF14
3FF2A
3FF42
3FF5A
3FF73
3FF8B
3FFA1
3FFB7
3FFCA
3FFDB
3FFE9
3FFF4
3FFFB
3FFFF
00000
3FFFD
3FFF6
3FFEC
3FFDF
3FFCF
3FFBC
3FFA7
3FF91
3FF79
3FF61
3FF49
3FF31
3FF1A
3FF04
3FEF0
3FEDF
3FED1
3FEC5
3FEBD
3FEB8
3FEB7
3FEB9
3FEBF
3FEC9
3FED6
3FEE5
3FEF7
3FF0C
3FF22
3FF39
3FF51
3FF6A
3FF82
3FF99
3FFAF
3FFC3
3FFD5
3FFE4
3FFF0
3FFF9
3FFFE
00000
3FFFE
3FFF9
3FFF0
3FFE4
3FFD5
3FFC3
3FFAF
3FF99
3FF82
3FF6A
3FF51
3FF39
3FF22
3FF0C
3FEF7
3FEE5
3FED6
3FEC9
3FEBF
3FEB9
3FEB7
3FEB8
3FEBD
3FEC5
3FED1
3FEDF
3FEF0
3FF04
3FF1A
3FF31
3FF49
3FF61
3FF79
3FF91
3FFA7
3FFBC
3FFCF
3FFDF
3FFEC
3FFF6
3FFFD
00000
3FFFF
3FFFB
3FFF4
3FFE9
3FFDB
3FFCA
3FFB7
3FFA1
3FF8B
3FF73
3FF5A
3FF42
3FF2A
3FF14
3FEFF
3FEEB
3FEDB
3FECD
3FEC2
3FEBB
3FEB7
3FEB7
3FEBB
3FEC2
3FECC
3FED9
3FEEA
3FEFD
3FF12
3FF28
3FF40
3FF58
3FF71
3FF89
3FF9F
3FFB5
3FFC8
3FFDA
3FFE8
3FFF3
3FFFB
00000
00001
3FFFE
3FFF7
3FFEE
3FFE1
3FFD1
3FFBE
3FFAA
3FF93
3FF7C
3FF64
3FF4B
3FF33
3FF1C
3FF06
3FEF2
3FEE0
3FED2
3FEC6
3FEBD
3FEB8
3FEB7
3FEB9
3FEBE
3FEC7
3FED4
3FEE3
3FEF5
3FF0A
3FF20
3FF37
3FF4F
3FF68
3FF80
3FF98
3FFAE
3FFC2
3FFD4
3FFE4
3FFF0
3FFF9
3FFFF
00001
00000
3FFFB
3FFF2
3FFE7
3FFD8
3FFC6
3FFB2
3FF9C
3FF85
3FF6D
3FF54
3FF3C
3FF24
3FF0E
3FEF9
3FEE6
3FED6
3FEC9
3FEC0
3FEB9
3FEB6
3FEB7
3FEBB
3FEC3
3FECF
3FEDD
3FEEE
3FF02
3FF18
3FF2F
3FF47
3FF5F
3FF78
3FF90
3FFA7
3FFBC
3FFCF
3FFDF
3FFED
3FFF8
3FFFF
00002
00002
3FFFE
3FFF7
3FFEC
3FFDE
3FFCE
3FFBA
3FFA5
3FF8E
3FF76
3FF5E
3FF45
3FF2D
3FF16
3FF00
3FEED
3FEDC
3FECD
3FEC2
3FEBB
3FEB6
3FEB6
3FEB9
3FEC0
3FECA
3FED7
3FEE8
3FEFA
3FF0F
3FF26
3FF3E
3FF57
3FF70
3FF88
3FF9F
3FFB5
3FFC9
3FFDB
3FFEA
3FFF6
3FFFE
00003
00004
00002
3FFFC
3FFF2
3FFE5
3FFD5
3FFC3
3FFAE
3FF98
3FF80
3FF67
3FF4E
3FF36
3FF1E
3FF08
3FEF3
3FEE1
3FED2
3FEC5
3FEBC
3FEB7
3FEB5
3FEB7
3FEBC
3FEC5
3FED1
3FEE1
3FEF3
3FF07
3FF1E
3FF36
3FF4E
3FF67
3FF80
3FF98
3FFAF
3FFC4
3FFD6
3FFE6
3FFF3
3FFFD
00003
00006
00005
00000
3FFF8
3FFEC
3FFDD
3FFCB
3FFB7
3FFA1
3FF89
3FF71
3FF58
3FF3F
3FF27
3FF10
3FEFA
3FEE7
3FED7
3FEC9
3FEBF
3FEB8
3FEB4
3FEB5
3FEB9
3FEC1
3FECC
3FEDA
3FEEC
3FF00
3FF16
3FF2D
3FF46
3FF5F
3FF78
3FF90
3FFA8
3FFBE
3FFD1
3FFE3
3FFF1
3FFFC
00004
00008
00008
00004
3FFFD
3FFF3
3FFE5
3FFD4
3FFC0
3FFAB
3FF93
3FF7B
3FF62
3FF48
3FF30
3FF18
3FF02
3FEED
3FEDC
3FECD
3FEC1
3FEB9
3FEB4
3FEB3
3FEB6
3FEBD
3FEC7
3FED4
3FEE5
3FEF8
3FF0D
3FF25
3FF3D
3FF56
3FF70
3FF89
3FFA1
3FFB8
3FFCC
3FFDF
3FFEE
3FFFB
00004
00009
0000B
00009
00003
3FFF9
3FFEC
3FFDC
3FFCA
3FFB4
3FF9D
3FF85
3FF6C
3FF52
3FF39
3FF20
3FF09
3FEF4
3FEE1
3FED1
3FEC4
3FEBA
3FEB4
3FEB2
3FEB4
3FEB9
3FEC2
3FECE
3FEDE
3FEF0
3FF05
3FF1C
3FF34
3FF4E
3FF68
3FF81
3FF9A
3FFB2
3FFC7
3FFDB
3FFEC
3FFF9
00004
0000B
0000E
0000D
00008
00000
3FFF4
3FFE5
3FFD3
3FFBE
3FFA8
3FF90
3FF76
3FF5C
3FF43
3FF29
3FF11
3FEFB
3FEE7
3FED6
3FEC7
3FEBC
3FEB5
3FEB1
3FEB1
3FEB5
3FEBD
3FEC8
3FED7
3FEE9
3FEFD
3FF14
3FF2C
3FF45
3FF5F
3FF79
3FF93
3FFAB
3FFC2
3FFD7
3FFE9
3FFF8
00004
0000C
00011
00011
0000E
00007
3FFFC
3FFEE
3FFDD
3FFC9
3FFB2
3FF9A
3FF81
3FF67
3FF4D
3FF33
3FF1A
3FF03
3FEEE
3FEDB
3FECB
3FEBF
3FEB6
3FEB1
3FEAF
3FEB2
3FEB9
3FEC3
3FED0
3FEE1
3FEF5
3FF0B
3FF23
3FF3D
3FF57
3FF71
3FF8C
3FFA5
3FFBD
3FFD3
3FFE6
3FFF6
00004
0000D
00013
00015
00013
0000E
00004
3FFF7
3FFE6
3FFD3
3FFBD
3FFA5
3FF8C
3FF72
3FF57
3FF3D
3FF23
3FF0B
3FEF4
3FEE0
3FECF
3FEC1
3FEB7
3FEB0
3FEAE
3FEAF
3FEB4
3FEBD
3FECA
3FEDA
3FEED
3FF03
3FF1B
3FF34
3FF4F
3FF69
3FF84
3FF9E
3FFB7
3FFCE
3FFE3
3FFF5
00003
0000F
00016
0001A
00019
00015
0000C
00000
3FFF0
3FFDE
3FFC8
3FFB1
3FF97
3FF7D
3FF62
3FF47
3FF2C
3FF13
3FEFC
3FEE6
3FED4
3FEC5
3FEB9
3FEB1
3FEAC
3FEAC
3FEB0
3FEB8
3FEC4
3FED3
3FEE5
3FEFA
3FF12
3FF2B
3FF46
3FF61
3FF7D
3FF98
3FFB2
3FFCA
3FFE0
3FFF3
00003
00010
00019
0001E
0001F
0001C
00014
00009
3FFFB
3FFE9
3FFD4
3FFBD
3FFA3
3FF89
3FF6D
3FF52
3FF36
3FF1C
3FF03
3FEED
3FED9
3FEC8
3FEBB
3FEB1
3FEAB
3FEAA
3FEAC
3FEB3
3FEBD
3FECC
3FEDD
3FEF2
3FF09
3FF23
3FF3D
3FF59
3FF75
3FF91
3FFAC
3FFC5
3FFDC
3FFF1
00003
00011
0001B
00022
00024
00023
0001D
00013
00005
3FFF4
3FFE0
3FFC9
3FFB0
3FF95
3FF79
3FF5D
3FF41
3FF26
3FF0C
3FEF4
3FEDF
3FECC
3FEBD
3FEB2
3FEAB
3FEA8
3FEA9
3FEAE
3FEB7
3FEC5
3FED6
3FEEA
3FF01
3FF1A
3FF35
3FF51
3FF6D
3FF8A
3FFA6
3FFC0
3FFD9
3FFEF
00002
00012
0001E
00026
0002A
0002A
00026
0001D
00010
00000
3FFEC
3FFD6
3FFBD
3FFA2
3FF86
3FF69
3FF4C
3FF30
3FF15
3FEFB
3FEE5
3FED1
3FEC0
3FEB3
3FEAA
3FEA6
3FEA5
3FEA9
3FEB1
3FEBE
3FECE
3FEE1
3FEF8
3FF11
3FF2C
3FF48
3FF65
3FF83
3FFA0
3FFBB
3FFD5
3FFED
00002
00013
00021
0002B
00031
00032
0002F
00027
0001C
0000C
3FFF9
3FFE3
3FFCA
3FFAF
3FF93
3FF75
3FF58
3FF3A
3FF1E
3FF04
3FEEB
3FED6
3FEC3
3FEB5
3FEAA
3FEA4
3FEA2
3FEA5
3FEAB
3FEB7
3FEC6
3FED9
3FEEF
3FF07
3FF23
3FF3F
3FF5D
3FF7B
3FF99
3FFB6
3FFD2
3FFEB
00001
00015
00024
00030
00037
0003A
00038
00032
00028
00019
00007
3FFF1
3FFD8
3FFBD
3FFA1
3FF83
3FF64
3FF46
3FF28
3FF0C
3FEF2
3FEDB
3FEC7
3FEB7
3FEAB
3FEA3
3FE9F
3FEA0
3FEA6
3FEB0
3FEBE
3FED0
3FEE5
3FEFE
3FF19
3FF36
3FF55
3FF74
3FF93
3FFB1
3FFCE
3FFE9
00001
00016
00027
00035
0003E
00042
00042
0003E
00034
00027
00015
00000
3FFE8
3FFCC
3FFAF
3FF91
3FF71
3FF52
3FF33
3FF16
3FEFA
3FEE1
3FECC
3FEB9
3FEAB
3FEA1
3FE9C
3FE9C
3FEA0
3FEA8
3FEB6
3FEC7
3FEDC
3FEF5
3FF10
3FF2D
3FF4C
3FF6C
3FF8C
3FFAC
3FFCA
3FFE7
00001
00018
0002B
0003A
00045
0004B
0004D
0004A
00042
00035
00024
00010
3FFF8
3FFDC
3FFBF
3FFA0
3FF80
3FF5F
3FF3F
3FF20
3FF03
3FEE8
3FED0
3FEBC
3FEAC
3FEA1
3FE99
3FE97
3FE9A
3FEA1
3FEAD
3FEBE
3FED2
3FEEB
3FF06
3FF24
3FF43
3FF64
3FF85
3FFA6
3FFC6
3FFE5
00000
00019
0002F
00040
0004D
00055
00058
00057
00050
00045
00035
00021
00009
3FFEE
3FFD0
3FFB0
3FF8F
3FF6D
3FF4C
3FF2B
3FF0C
3FEF0
3FED6
3FEC0
3FEAE
3FEA0
3FE97
3FE93
3FE94
3FE9A
3FEA5
3FEB5
3FEC9
3FEE0
3FEFC
3FF1A
3FF3A
3FF5C
3FF7E
3FFA1
3FFC2
3FFE3
00000
0001B
00033
00046
00055
0005F
00064
00064
0005F
00055
00046
00033
0001B
00000
3FFE2
3FFC1
3FF9F
3FF7D
3FF5A
3FF37
3FF16
3FEF8
3FEDC
3FEC4
3FEAF
3FE9F
3FE94
3FE8F
3FE8E
3FE92
3FE9C
3FEAB
3FEBE
3FED6
3FEF1
3FF10
3FF31
3FF53
3FF77
3FF9B
3FFBE
3FFE1
00001
0001E
00037
0004D
0005E
0006B
00072
00074
00070
00067
00059
00046
0002F
00014
3FFF6
3FFD4
3FFB1
3FF8D
3FF69
3FF45
3FF22
3FF01
3FEE3
3FEC8
3FEB1
3FE9F
3FE92
3FE8A
3FE88
3FE8B
3FE93
3FEA1
3FEB3
3FECB
3FEE6
3FF05
3FF27
3FF4A
3FF70
3FF95
3FFBA
3FFDF
00001
00020
0003D
00055
00068
00077
00080
00084
00082
0007B
0006E
0005C
00045
0002A
0000B
3FFE9
3FFC5
3FF9F
3FF79
3FF53
3FF2E
3FF0B
3FEEA
3FECD
3FEB4
3FE9F
3FE90
3FE86
3FE81
3FE82
3FE89
3FE96
3FEA8
3FEBF
3FEDA
3FEF9
3FF1C
3FF41
3FF68
3FF8F
3FFB6
3FFDD
00002
00024
00043
0005D
00074
00085
00090
00096
00096
00090
00085
00073
0005D
00042
00023
00000
3FFDB
3FFB4
3FF8B
3FF63
3FF3C
3FF16
3FEF3
3FED3
3FEB7
3FE9F
3FE8D
3FE81
3FE7A
3FE79
3FE7F
3FE8A
3FE9B
3FEB2
3FECD
3FEED
3FF10
3FF37
3FF5F
3FF88
3FFB2
3FFDB
00003
00028
0004A
00067
00080
00094
000A3
000AB
000AD
000A9
0009E
0008E
00078
0005D
0003D
00019
3FFF3
3FFCA
3FFA0
3FF75
3FF4B
3FF22
3FEFC
3FED9
3FEBA
3FEA0
3FE8B
3FE7B
3FE72
3FE70
3FE73
3FE7D
3FE8E
3FEA4
3FEBF
3FEE0
3FF04
3FF2C
3FF56
3FF81
3FFAE
3FFDA
00004
0002C
00052
00073
0008F
000A6
000B7
000C2
000C6
000C4
000BB
000AB
00096
0007B
0005B
00036
0000E
3FFE3
3FFB7
3FF89
3FF5C
3FF31
3FF07
3FEE0
3FEBE
3FEA0
3FE88
3FE76
3FE6A
3FE65
3FE66
3FE6F
3FE7E
3FE94
3FEB0
3FED0
3FEF6
3FF1F
3FF4C
3FF7A
3FFA9
3FFD8
00006
00032
0005B
00080
000A0
000BA
000CF
000DC
000E3
000E3
000DC
000CD
000B8
0009D
0007C
00057
0002D
00000
3FFD1
3FFA0
3FF70
3FF40
3FF13
3FEE9
3FEC2
3FEA1
3FE85
3FE6F
3FE60
3FE58
3FE58
3FE5F
3FE6D
3FE82
3FE9E
3FEBF
3FEE6
3FF11
3FF40
3FF71
3FFA4
3FFD6
00009
00039
00066
0008F
000B3
000D2
000EA
000FB
00105
00107
00102
000F5
000E0
000C5
000A4
0007D
00051
00021
3FFEF
3FFBB
3FF87
3FF53
3FF21
3FEF2
3FEC7
3FEA1
3FE81
3FE67
3FE54
3FE49
3FE46
3FE4B
3FE58
3FE6C
3FE88
3FEAB
3FED3
3FF00
3FF32
3FF67
3FF9D
3FFD4
0000B
00040
00072
000A1
000CA
000ED
0010A
0011F
0012C
00131
0012E
00123
0010F
000F4
000D2
000A9
0007B
00048
00013
3FFDA
3FFA1
3FF68
3FF31
3FEFD
3FECC
3FEA1
3FE7B
3FE5D
3FE46
3FE37
3FE31
3FE33
3FE3F
3FE52
3FE6E
3FE91
3FEBC
3FEEC
3FF21
3FF59
3FF95
3FFD1
0000D
00048
00081
000B5
000E4
0010D
0012F
0014A
0015B
00164
00164
0015A
00148
0012C
00109
000DF
000AE
00078
0003D
00000
3FFC1
3FF82
3FF44
3FF09
3FED2
3FEA0
3FE74
3FE4F
3FE33
3FE20
3FE15
3FE15
3FE1E
3FE30
3FE4C
3FE71
3FE9D
3FED0
3FF09
3FF47
3FF88
3FFCB
0000E
00050
00090
000CC
00103
00134
0015C
0017D
00194
001A1
001A5
0019E
0018D
00172
0014E
00121
000ED
000B2
00072
0002E
3FFE9
3FFA2
3FF5C
3FF18
3FED8
3FE9D
3FE69
3FE3D
3FE1A
3FE00
3FDF0
3FDEB
3FDF2
3FE02
3FE1E
3FE43
3FE72
3FEA9
3FEE7
3FF2A
3FF73
3FFBE
0000A
00056
0009F
000E5
00126
00160
00192
001BB
001D9
001ED
001F5
001F2
001E3
001C9
001A4
00175
0013D
000FD
000B6
0006A
0001B
3FFCA
3FF79
3FF2A
3FEDF
3FE98
3FE59
3FE22
3FDF5
3FDD2
3FDBA
3FDAF
3FDB0
3FDBE
3FDD8
3FDFE
3FE2F
3FE6A
3FEAE
3FEF9
3FF4A
3FFA0
3FFF8
00050
000A7
000FA
00149
00190
001CF
00203
0022D
0024A
0025A
0025D
00253
0023B
00215
001E4
001A7
00160
00111
000BA
0005F
00000
3FFA0
3FF41
3FEE5
3FE8E
3FE3E
3FDF6
3FDB9
3FD88
3FD64
3FD4D
3FD45
3FD4C
3FD62
3FD86
3FDB8
3FDF6
3FE40
3FE95
3FEF1
3FF54
3FFBB
00025
0008E
000F5
00157
001B3
00205
0024D
00288
002B6
002D5
002E3
002E2
002D0
002AE
0027C
0023C
001EE
00193
0012F
000C2
0004F
3FFD8
3FF60
3FEE9
3FE76
3FE09
3FDA5
3FD4B
3FCFD
3FCBF
3FC8F
3FC71
3FC65
3FC6A
3FC82
3FCAC
3FCE6
3FD31
3FD8A
3FDF0
3FE60
3FED9
3FF59
3FFDB
0005E
000DF
0015B
001D0
0023A
00298
002E7
00326
00352
0036B
0036F
0035F
0033A
00300
002B3
00252
001E0
0015F
000D0
00036
3FF92
3FEE9
3FE3C
3FD8E
3FCE2
3FC3B
3FB9A
3FB03
3FA76
3F9F6
3F985
3F922
3F8CD
3F888
3F851
3F826
3F806
3F7EE
3F7DA
3F7C5
3F7AA
3F780
3F73C
3F6D2
3F62D
3F52D
3F3A0
3F128
3ECFE
3E504
3CF29
3F91B
0A9C8
01ABC
05CB1
15CB8
3FCC2
385DC
36A1A
326CC
04196
09CEE
0224D
03B39
35DA1
2BEFA
3FE34
383CD
3C3CA
08AFB
030DB
38ACB
3479C
0B2E9
0199A
065DE
0CD56
3F88F
0566D
029C0
0194E
3C7D9
341D8
061CE
37561
3CB85
0A034
3A91B
06643
3C0BE
0CD21
09ADD
04937
360F8
03746
375FF
09EEA
3D4A9
078D2
37E70
04131
3C18F
019A3
0D1BD
30A78
04A62
07DA4
34460
04C13
3AD5E
3F4A5
3B7FE
0CE39
31A0D
2729F
3580A
3E0F4
3FADE
087C2
0A1D1
0809E
2D9B3
3C31F
3D857
0A337
06F89
36F3A
3933D
0018A
3E755
3CE90
084D4
3E800
063CA
3D29D
352AB
0BE6A
0260B
004D8
3C283
0C6CF
3FD7C
0D498
00278
16FE0
35861
3E2BE
097A4
102A9
2497E
03695
3534D
0008D
359B1
3882E
34C70
0128E
04C7F
3F768
02AAF
37763
05D51
3AE37
09592
3DE68
0B892
04ED8
3E3D1
0498E
3ACC3
09277
3B606
3C7A8
0006C
04AC2
3EA23
05A18
08E9E
02F22
07032
354A1
2EE66
01E1B
3D42D
3E1BF
3C907
38AEB
04C74
3BDFF
34D78
31F27
05A1D
094CD
3F2A1
38C7B
09BE7
3B9F0
179EE
32632
337D3
38D95
0FC91
03345
3FBD2
0B2E2
0199D
3DFBE
3D609
0DD3C
03CF5
06959
038B2
3742F
35075
2FBF8
3F531
30A1E
3BCCF
05B5A
04A57
37944
2B307
0E7F3
005E4
03FF7
388B5
3B0B6
0C8FD
0A376
3EA1A
36105
04121
38800
3975D
047A3
0911D
00CE4
0D122
0648D
04E88
02AFE
09016
0D38E
0017B
007AB
3E5BB
072E1
00A6E
306AD
0168E
3B50E
3D90E
39FE7
0509A
3A902
3801D
0A6C3
3AE1D
04F85
2D2EB
05F11
3EEC1
3DC26
3DEED
3B279
0A2F7
35CC2
0CD9A
06020
0A626
3D1E1
3AE80
3E197
32E2F
026E2
0971D
2ACCF
0DB8B
07EDA
35463
027D7
10E46
318AC
3ECFE
3CE3A
2AEFC
00DF4
38B1E
01CC9
08793
39D51
1EA08
2D974
043D4
32374
3FD93
3F0D0
2E598
36605
1670E
33B5A
3FF3B
3EA6D
3BE1D
008A3
01713
0177A
3F6C1
02285
3FE2E
18A15
3C83E
3D469
06D09
3FE7B
063A1
0FAC6
0EB7A
3E662
0290B
07858
3BA70
3B86B
32BA9
3A572
09D16
030A9
0ADB5
38A54
3DCD6
39017
31411
3CA75
3FC6F
0A8FE
015FB
3EE4D
38AF5
02F32
0B09C
096EB
3DAC0
3F623
353D9
39BC8
30F57
07549
3BFAF
37483
0FE63
078B7
3F8C8
36057
3A62D
03D44
3DB5A
329EF
002C0
3EEAC
388A2
0396B
09184
34017
09467
06A5F
3FBF1
3D404
05BE8
0DC62
3D87D
2D40A
3391F
059A1
3A9EA
0C16F
006ED
062F6
3F284
36E94
028A3
04DE7
03847
018C6
338AE
0B0B1
3AFB9
04379
3804D
04586
3922B
3FB7E
3220F
098D9
039F2
37954
0CDE0
3ED12
3FF79
0BBEB
12E88
009BD
3C15C
3C89C
3EEBD
0437B
33B78
38FCF
01CF4
37DE0
08BD9
3B428
3CEDA
3741A
3F7A2
01C9D
06F61
30894
0250D
05A44
0EE36
2FE3C
3D91E
02BDC
13F61
02535
0156F
3EE6C
3D81D
36858
0DA18
006DC
3D18F
3E4F5
0324F
08322
08F53
045AF
3B1BD
3AF6D
399F5
01AD5
3DBE1
0AED7
36926
085BA
31DA4
2D983
029DE
3CD72
30B1F
07A9B
054B0
398FB
0B4DD
03868
3CA12
3D682
2E48E
3B11B
07C53
0D576
09BF5
37696
3BC2C
05CA3
31824
3EE72
3BF79
3A29B
020A5
020B8
08FB7
33A2C
100D1
0509E
303C9
0A7BA
055E0
013C6
0A88D
02A99
3BA4C
3FE1F
39CBB
02B27
3927C
0A6EE
2FC00
38324
3DE62
014AD
34AF8
00F82
04F4C
3F711
3BA25
08D50
0397A
00572
0B642
00079
0AE02
382D9
3E884
39EB2
0154A
0721D
39626
02418
3F11C
1661F
08271
3609C
3889C
12D3C
3D270
3F2D8
04B3A
3D7E6
03E86
088BD
2DBEF
3D496
01790
04ADD
36009
3D4CA
08EC3
34771
0ED44
08908
06985
323CC
39C14
04BB2
3DF52
0208E
39F4E
009FD
04DA3
02009
39C95
3D125
38122
0075E
2D523
35464
39323
354CE
3FEE5
3B4B7
37F74
043FC
021B0
3BDEF
35B64
3931F
3228B
34F44
09160
00529
0174A
164E6
303B2
38697
335B7
00E0E
3FE83
04A02
3BB2F
03AF6
038D3
2C21D
36A89
37AC8
3FF43
3CDEC
36970
33496
35ABE
3F492
3B8CB
34825
00E14
00094
029F8
3AB45
376FD
3BB05
033F9
3C7CA
3B8A2
39F92
3820F
0534A
33ADE
3E618
0B2D2
3C9A4
0B23D
3C667
34A1F
35268
3F8F3
3DBFB
095A6
3D390
02276
3A6FF
012FB
37536
08178
3F445
02A74
369C9
3D1FB
07492
367CA
32E8D
04653
0365C
38D46
038BF
3C32A
0EC0B
35ECE
04568
0300A
0608C
3BD69
0554E
08FF5
39D71
31A05
070CB
3C5A1
3EFE2
06C52
0525B
3C398
05FD0
34CD4
036F9
06D14
0A339
01416
35EF9
3969C
00FE0
2CC81
3D84B
3E718
0A5D2
0D211
37D4D
3DBBB
0222B
3E282
0EF91
049F0
0E6A9
34A9A
08FF7
3A03F
3DDD5
16827
38F36
012CF
0ECBA
3D56F
3DBD0
2B3E8
0523D
0800F
34A76
3E8D8
36A43
0665F
3D919
05F0F
38BB6
0BB03
36AC7
3EF31
06223
37BCE
344F0
3EE78
0C41D
00F9E
0EDBF
3FD0E
2E0AE
02850
3F9D4
0486E
3ABF4
0658A
3FCC4
39E0C
3F0C0
30984
3FFE7
0AE46
3D57C
03FDD
3F88B
37BAB
0DBDD
0D4A4
350D0
150E2
34993
310BF
08EF9
281C4
07ED2
3DA1D
39FF7
08125
01779
358ED
3CE90
3D318
04E24
2C237
03B3D
38DA8
0AF29
3B306
3D383
08357
044D6
04F5F
043F6
3FD96
01592
3D60C
01D7F
09DAB
3DBA1
0461B
01C39
04858
38B02
05A46
3B439
01A43
0192D
3D31A
0C2A7
3CDDD
3CDFE
03914
04879
01A8F
3B920
11C05
03961
037FF
0A7DB
030EC
042DC
390D6
360C1
3E421
337B0
30F7D
091B6
0F0A5
3B762
12CFD
2F60D
3FD01
349F3
37B33
3B09D
094D0
27F26
08CC4
341B0
07932
089EB
032CC
30522
38FA4
10D58
3EF13
3E3D1
34A8F
04CDD
3EE41
3C632
3556D
068BF
3E66D
0469E
04D63
363CE
03C49
0B63F
03891
0B74B
3D51D
2C072
2EDCB
1699E
0A221
2B0BD
3903F
00A9F
3BDEC
0815E
164D9
04E9E
3E774
05464
36B25
04138
0F849
3D789
3ABB2
37356
050F7
3D3B0
3D888
00186
34D46
32DF4
0AC7A
0C325
3EC25
3E89B
073FD
3ACCE
00B36
3CC1A
3F6C8
05FD6
06CEB
0A4AC
3BB4B
09E03
05AF6
3E32B
3A605
03265
0A900
3924F
39010
34623
06991
04452
2F378
02BF8
0AD23
3B20D
07556
05496
05871
3C3F1
32799
368FE
0FD35
30562
3C947
3088C
09001
0C6E6
2BF15
3DC91
08C8B
07289
32F7A
3460E
03B29
0A055
342E5
0139B
3CA3C
3F137
133EB
3C289
39FD6
05EF9
2F87A
387EF
065DF
315ED
1438F
0FB19
0D64E
0425E
03F55
3F2E3
2C0C9
3670E
091E3
1F9B2
05B55
3C422
2E1E8
06B76
39FB2
3CFB5
004CA
007B5
3EC8D
3A78F
3D78C
3C961
021C5
086C2
3BA68
32554
0759E
3E3C7
0032B
0D6F1
3A807
3EBFB
023BF
3D833
0639D
01A1E
3935F
1356B
3FBEB
02808
04455
02F8E
0044A
38660
0327E
393D7
34698
358EF
36808
00D73
03C14
3E410
38779
0ABDD
09D69
0103A
0A5FE
0CD1A
39487
02365
06547
32DAF
3C6B3
3AF28
0495C
395EB
2EDDA
0B62E
36B55
372BE
02912
0D1D9
02D55
39453
0F000
3D8EC
0F0B3
3EFAF
30D4A
3D325
031C4
3B2F9
3820B
0288C
052E8
05AAB
118E9
0292B
2FB86
03222
01F5F
3EF20
3AE34
1806D
36577
3BF91
3E397
2CFD9
3CFD2
06528
2C8EF
369E0
0319B
3DD8D
00CBD
35BAD
04AE9
00FFD
0C502
3EBEB
00EF7
1AB98
09D4E
3FB87
3C51D
04558
3C0AE
16F5B
3A5C5
0285B
2D3C5
3C8FE
07279
0042C
04844
04B6D
0086B
016CA
02371
075FC
2754C
374CC
05639
39D12
05A00
0105D
02A94
102D3
3EBD2
0243A
3BA03
37C98
3C325
09586
38152
3B99D
11BE0
3EB83
370E0
3CF02
3B3A2
3284B
03A66
05740
043EB
31906
38965
3FDBC
00458
172AB
35BC6
05458
33C0F
09250
021C8
062BD
0451A
03C78
2F5CC
05483
38E69
0072D
3A1F5
3FD98
397FD
0DE86
088F8
39C18
3CD41
35D03
0A3F5
0EB37
3D5C2
06172
3E72B
3AC6B
01C9E
026D4
072B5
37433
00821
0590D
08755
0497E
3ACB9
13FC4
37720
06B03
04EA6
3FC30
38B6F
01C0B
3E2C7
3BDCE
351A1
0C8AC
3C198
018AC
2C1F0
03B18
009E5
3FDB2
3F860
3F58A
3F3EB
3F302
3F292
3F27A
3F2A4
3F302
3F38A
3F432
3F4F4
3F5CA
3F6AE
3F79A
3F88A
3F979
3FA63
3FB45
3FC1A
3FCE1
3FD95
3FE35
3FEC0
3FF32
3FF8C
3FFCD
3FFF5
00004
3FFFA
3FFDA
3FFA3
3FF59
3FEFD
3FE92
3FE1A
3FD98
3FD0F
3FC81
3FBF3
3FB66
3FADD
3FA5C
3F9E5
3F97A
3F91C
3F8CF
3F892
3F868
3F851
3F84D
3F85D
3F87F
3F8B3
3F8F8
3F94D
3F9AF
3FA1E
3FA96
3FB15
3FB9A
3FC21
3FCA8
3FD2D
3FDAC
3FE25
3FE94
3FEF7
3FF4E
3FF96
3FFCE
3FFF6
0000E
00014
00009
3FFEE
3FFC3
3FF8A
3FF44
3FEF2
3FE97
3FE35
3FDCD
3FD62
3FCF6
3FC8C
3FC25
3FBC4
3FB6B
3FB1C
3FAD8
3FAA1
3FA77
3FA5C
3FA50
3FA53
3FA66
3FA87
3FAB7
3FAF3
3FB3B
3FB8E
3FBE9
3FC4B
3FCB2
3FD1B
3FD85
3FDED
3FE52
3FEB2
3FF09
3FF58
3FF9C
3FFD5
00000
0001E
0002D
0002F
00022
00007
3FFE0
3FFAC
3FF6E
3FF26
3FED6
3FE80
3FE26
3FDCA
3FD6D
3FD13
3FCBC
3FC6A
3FC20
3FBDE
3FBA7
3FB7A
3FB5B
3FB48
3FB42
3FB49
3FB5E
3FB80
3FBAD
3FBE6
3FC28
3FC72
3FCC4
3FD1B
3FD75
3FDD0
3FE2B
3FE84
3FED9
3FF28
3FF70
3FFAE
3FFE3
0000D
0002A
0003C
00040
00038
00024
00004
3FFD8
3FFA3
3FF64
3FF1E
3FED3
3FE83
3FE30
3FDDD
3FD8A
3FD3B
3FCF0
3FCAB
3FC6E
3FC3A
3FC0F
3FBF0
3FBDC
3FBD4
3FBD8
3FBE8
3FC04
3FC2B
3FC5C
3FC96
3FCD8
3FD20
3FD6D
3FDBE
3FE10
3FE63
3FEB3
3FF00
3FF47
3FF89
3FFC2
3FFF2
00018
00034
00044
00048
00041
0002F
00011
3FFEA
3FFB9
3FF80
3FF40
3FEFA
3FEB0
3FE64
3FE18
3FDCC
3FD83
3FD3E
3FCFE
3FCC6
3FC96
3FC6F
3FC52
3FC3F
3FC38
3FC3C
3FC4B
3FC64
3FC88
3FCB5
3FCEB
3FD27
3FD6A
3FDB2
3FDFC
3FE48
3FE93
3FEDD
3FF23
3FF65
3FFA0
3FFD4
00000
00022
0003A
00048
0004B
00043
00030
00014
3FFEE
3FFBF
3FF89
3FF4D
3FF0B
3FEC6
3FE7F
3FE38
3FDF1
3FDAD
3FD6E
3FD33
3FD00
3FCD4
3FCB0
3FC97
3FC87
3FC81
3FC86
3FC96
3FCAF
3FCD2
3FCFD
3FD30
3FD6A
3FDA9
3FDEC
3FE31
3FE78
3FEBE
3FF03
3FF44
3FF80
3FFB6
3FFE5
0000C
0002A
0003F
00049
00049
00040
0002C
00010
3FFEA
3FFBD
3FF88
3FF4E
3FF10
3FECE
3FE8B
3FE48
3FE06
3FDC7
3FD8C
3FD56
3FD27
3FD00
3FCE1
3FCCA
3FCBE
3FCBB
3FCC2
3FCD2
3FCEC
3FD0F
3FD3A
3FD6B
3FDA3
3FDDF
3FE1F
3FE61
3FEA3
3FEE5
3FF25
3FF61
3FF98
3FFC9
3FFF4
00016
00030
00041
00048
00045
0003A
00025
00007
3FFE1
3FFB4
3FF81
3FF49
3FF0D
3FECE
3FE8F
3FE4F
3FE11
3FDD6
3FDA0
3FD6F
3FD44
3FD21
3FD06
3FCF3
3FCEA
3FCEA
3FCF3
3FD05
3FD20
3FD44
3FD6E
3FD9F
3FDD5
3FE0F
3FE4C
3FE8B
3FECA
3FF08
3FF43
3FF7B
3FFAD
3FFDA
00000
0001E
00034
00041
00045
0003F
00031
0001A
3FFFB
3FFD5
3FFA8
3FF76
3FF3F
3FF05
3FEC9
3FE8C
3FE50
3FE16
3FDDF
3FDAD
3FD80
3FD59
3FD3A
3FD23
3FD14
3FD0F
3FD12
3FD1D
3FD32
3FD4E
3FD72
3FD9D
3FDCD
3FE02
3FE3A
3FE75
3FEB1
3FEED
3FF27
3FF5F
3FF92
3FFC1
3FFE9
0000A
00024
00036
0003F
00040
00037
00027
0000E
3FFEE
3FFC7
3FF9A
3FF68
3FF32
3FEFA
3FEC0
3FE86
3FE4D
3FE17
3FDE4
3FDB5
3FD8C
3FD6A
3FD4F
3FD3C
3FD31
3FD2E
3FD34
3FD43
3FD59
3FD77
3FD9C
3FDC7
3FDF7
3FE2B
3FE62
3FE9B
3FED4
3FF0D
3FF44
3FF78
3FFA7
3FFD1
3FFF5
00013
00028
00036
0003C
00039
0002E
0001B
00000
3FFDF
3FFB7
3FF8A
3FF59
3FF24
3FEED
3FEB5
3FE7E
3FE48
3FE15
3FDE5
3FDBB
3FD96
3FD78
3FD61
3FD51
3FD4A
3FD4B
3FD54
3FD65
3FD7D
3FD9C
3FDC2
3FDED
3FE1D
3FE51
3FE86
3FEBD
3FEF4
3FF2A
3FF5E
3FF8E
3FFBA
3FFE0
00000
00019
0002B
00035
00037
00031
00023
0000E
3FFF1
3FFCF
3FFA6
3FF79
3FF48
3FF14
3FEDF
3FEA9
3FE74
3FE41
3FE11
3FDE6
3FDBF
3FD9E
3FD83
3FD70
3FD65
3FD61
3FD65
3FD71
3FD84
3FD9E
3FDBF
3FDE6
3FE11
3FE41
3FE74
3FEA8
3FEDD
3FF12
3FF45
3FF75
3FFA2
3FFCA
3FFEC
00009
0001E
0002C
00032
00031
00028
00017
00000
3FFE2
3FFBE
3FF94
3FF67
3FF36
3FF04
3FED0
3FE9C
3FE6A
3FE3A
3FE0D
3FDE5
3FDC1
3FDA4
3FD8E
3FD7E
3FD76
3FD76
3FD7D
3FD8B
3FDA1
3FDBD
3FDE0
3FE07
3FE33
3FE62
3FE94
3FEC7
3FEFB
3FF2D
3FF5D
3FF8B
3FFB4
3FFD8
3FFF7
00010
00021
0002B
0002E
0002A
0001E
0000B
3FFF1
3FFD1
3FFAC
3FF82
3FF55
3FF24
3FEF3
3FEC1
3FE8F
3FE5F
3FE32
3FE08
3FDE3
3FDC4
3FDAA
3FD97
3FD8B
3FD87
3FD8A
3FD94
3FDA5
3FDBD
3FDDB
3FDFF
3FE27
3FE53
3FE82
3FEB3
3FEE5
3FF16
3FF46
3FF74
3FF9E
3FFC4
3FFE5
00000
00015
00023
00029
00029
00021
00012
3FFFD
3FFE1
3FFC0
3FF9A
3FF6F
3FF42
3FF12
3FEE2
3FEB1
3FE82
3FE54
3FE2A
3FE03
3FDE2
3FDC6
3FDB0
3FDA1
3FD98
3FD97
3FD9D
3FDAA
3FDBE
3FDD8
3FDF7
3FE1C
3FE45
3FE71
3FEA0
3FED0
3FF00
3FF30
3FF5D
3FF88
3FFAF
3FFD2
3FFF0
00007
00018
00023
00026
00022
00017
00006
3FFEE
3FFD1
3FFAE
3FF87
3FF5C
3FF2F
3FF00
3FED1
3FEA2
3FE74
3FE49
3FE22
3FDFF
3FDE0
3FDC8
3FDB5
3FDAA
3FDA5
3FDA7
3FDB0
3FDBF
3FDD5
3FDF1
3FE13
3FE38
3FE62
3FE8E
3FEBC
3FEEB
3FF1A
3FF47
3FF73
3FF9B
3FFBF
3FFDF
3FFF9
0000D
0001A
00021
00021
0001A
0000D
3FFF9
3FFDF
3FFC0
3FF9C
3FF74
3FF49
3FF1C
3FEEE
3FEC0
3FE93
3FE68
3FE3F
3FE1A
3FDFA
3FDDF
3FDCA
3FDBB
3FDB3
3FDB1
3FDB6
3FDC2
3FDD5
3FDED
3FE0A
3FE2D
3FE54
3FE7D
3FEA9
3FED7
3FF05
3FF32
3FF5D
3FF86
3FFAC
3FFCD
3FFE9
00000
00011
0001B
0001E
0001B
00011
00001
3FFEB
3FFCF
3FFAE
3FF89
3FF61
3FF36
3FF09
3FEDC
3FEB0
3FE84
3FE5B
3FE35
3FE14
3FDF6
3FDDF
3FDCD
3FDC1
3FDBC
3FDBE
3FDC6
3FDD5
3FDE9
3FE04
3FE23
3FE47
3FE6E
3FE98
3FEC4
3FEF0
3FF1D
3FF48
3FF72
3FF98
3FFBB
3FFD9
3FFF2
00006
00013
0001A
0001A
00014
00007
3FFF4
3FFDC
3FFBE
3FF9C
3FF76
3FF4E
3FF23
3FEF7
3FECB
3FEA0
3FE76
3FE50
3FE2C
3FE0D
3FDF3
3FDDF
3FDD0
3FDC8
3FDC6
3FDCB
3FDD6
3FDE7
3FDFE
3FE1A
3FE3B
3FE60
3FE88
3FEB2
3FEDD
3FF09
3FF34
3FF5E
3FF85
3FFA9
3FFC9
3FFE4
3FFFA
0000A
00014
00018
00015
0000C
3FFFC
3FFE7
3FFCD
3FFAD
3FF8A
3FF64
3FF3B
3FF10
3FEE5
3FEBA
3FE90
3FE69
3FE44
3FE24
3FE08
3FDF1
3FDE0
3FDD4
3FDCF
3FDD1
3FDD8
3FDE6
3FDFA
3FE13
3FE30
3FE53
3FE78
3FEA0
3FECA
3FEF5
3FF20
3FF4A
3FF71
3FF97
3FFB8
3FFD5
3FFED
00000
0000D
00014
00014
0000E
00002
3FFF0
3FFD9
3FFBD
3FF9C
3FF78
3FF51
3FF27
3FEFD
3FED3
3FEA9
3FE81
3FE5C
3FE3A
3FE1C
3FE03
3FDEF
3FDE1
3FDD9
3FDD7
3FDDB
3FDE6
3FDF6
3FE0C
3FE27
3FE47
3FE6A
3FE90
3FEB8
3FEE2
3FF0C
3FF36
3FF5E
3FF84
3FFA7
3FFC6
3FFE0
3FFF5
00005
0000E
00012
0000F
00006
3FFF8
3FFE4
3FFCA
3FFAC
3FF8A
3FF65
3FF3D
3FF14
3FEEB
3FEC1
3FE99
3FE73
3FE50
3FE31
3FE15
3FDFF
3FDEE
3FDE3
3FDDE
3FDDF
3FDE7
3FDF4
3FE07
3FE1F
3FE3C
3FE5C
3FE81
3FEA7
3FED0
3FEF9
3FF23
3FF4B
3FF71
3FF95
3FFB5
3FFD2
3FFE9
3FFFB
00008
0000E
0000F
00009
3FFFE
3FFEC
3FFD6
3FFBB
3FF9B
3FF78
3FF52
3FF2A
3FF02
3FED9
3FEB0
3FE8A
3FE66
3FE45
3FE28
3FE0F
3FDFC
3FDEE
3FDE6
3FDE5
3FDE9
3FDF3
3FE02
3FE18
3FE32
3FE50
3FE72
3FE97
3FEBE
3FEE7
3FF0F
3FF38
3FF5F
3FF83
3FFA5
3FFC3
3FFDC
3FFF1
00000
00009
0000D
0000A
00002
3FFF4
3FFE0
3FFC8
3FFAB
3FF8A
3FF66
3FF3F
3FF18
3FEEF
3FEC7
3FEA0
3FE7B
3FE59
3FE3A
3FE20
3FE0A
3FDFA
3FDEF
3FDEA
3FDEB
3FDF2
3FDFF
3FE11
3FE29
3FE45
3FE65
3FE88
3FEAD
3FED5
3FEFD
3FF25
3FF4C
3FF71
3FF94
3FFB3
3FFCF
3FFE6
3FFF7
00003
0000A
0000A
00005
3FFFA
3FFE9
3FFD3
3FFB9
3FF9A
3FF78
3FF53
3FF2C
3FF05
3FEDD
3FEB6
3FE90
3FE6D
3FE4D
3FE31
3FE19
3FE06
3FDF9
3FDF1
3FDEF
3FDF3
3FDFD
3FE0C
3FE21
3FE3A
3FE58
3FE79
3FE9D
3FEC3
3FEEA
3FF12
3FF39
3FF5F
3FF83
3FFA4
3FFC1
3FFDA
3FFEE
3FFFC
00005
00009
00006
3FFFE
3FFF0
3FFDD
3FFC5
3FFA9
3FF89
3FF66
3FF40
3FF1A
3FEF2
3FECB
3FEA5
3FE81
3FE60
3FE42
3FE28
3FE13
3FE03
3FDF9
3FDF4
3FDF5
3FDFC
3FE08
3FE1A
3FE31
3FE4C
3FE6B
3FE8D
3FEB2
3FED9
3FF00
3FF27
3FF4D
3FF71
3FF93
3FFB2
3FFCD
3FFE3
3FFF4
00000
00006
00007
00001
3FFF6
3FFE6
3FFD1
3FFB7
3FF99
3FF77
3FF53
3FF2E
3FF07
3FEE0
3FEBA
3FE95
3FE73
3FE53
3FE38
3FE20
3FE0E
3FE01
3FDFA
3FDF8
3FDFC
3FE05
3FE14
3FE28
3FE41
3FE5E
3FE7F
3FEA2
3FEC7
3FEEE
3FF14
3FF3B
3FF60
3FF83
3FFA3
3FFBF
3FFD8
3FFEB
3FFF9
00002
00006
00003
3FFFB
3FFED
3FFDB
3FFC3
3FFA7
3FF88
3FF65
3FF41
3FF1B
3FEF4
3FECE
3FEA9
3FE85
3FE65
3FE47
3FE2E
3FE1A
3FE0A
3FE00
3FDFB
3FDFC
3FE03
3FE0F
3FE21
3FE37
3FE52
3FE70
3FE92
3FEB6
3FEDC
3FF02
3FF29
3FF4E
3FF72
3FF93
3FFB1
3FFCB
3FFE1
3FFF2
3FFFD
00003
00004
3FFFE
3FFF4
3FFE4
3FFCE
3FFB5
3FF97
3FF77
3FF53
3FF2E
3FF08
3FEE2
3FEBC
3FE98
3FE76
3FE58
3FE3D
3FE26
3FE14
3FE07
3FE00
3FDFE
3FE02
3FE0B
3FE1A
3FE2E
3FE47
3FE63
3FE83
3FEA6
3FECA
3FEF0
3FF16
3FF3C
3FF61
3FF83
3FFA2
3FFBE
3FFD6
3FFE9
3FFF7
00000
00003
00001
3FFF9
3FFEB
3FFD9
3FFC1
3FFA6
3FF87
3FF65
3FF41
3FF1B
3FEF5
3FED0
3FEAB
3FE88
3FE68
3FE4B
3FE33
3FE1E
3FE0F
3FE05
3FE01
3FE02
3FE09
3FE15
3FE26
3FE3C
3FE56
3FE75
3FE96
3FEB9
3FEDE
3FF04
3FF2A
3FF4F
3FF72
3FF93
3FFB1
3FFCA
3FFE0
3FFF0
3FFFB
00001
00002
3FFFC
3FFF2
3FFE2
3FFCD
3FFB3
3FF96
3FF76
3FF53
3FF2E
3FF09
3FEE3
3FEBE
3FE9A
3FE79
3FE5B
3FE40
3FE2A
3FE18
3FE0B
3FE04
3FE03
3FE07
3FE10
3FE1F
3FE32
3FE4B
3FE67
3FE86
3FEA9
3FECD
3FEF2
3FF18
3FF3D
3FF61
3FF83
3FFA2
3FFBE
3FFD5
3FFE8
3FFF6
3FFFE
00001
3FFFF
3FFF7
3FFE9
3FFD7
3FFC0
3FFA5
3FF86
3FF64
3FF41
3FF1C
3FEF6
3FED1
3FEAC
3FE8A
3FE6A
3FE4E
3FE35
3FE21
3FE12
3FE09
3FE04
3FE06
3FE0C
3FE18
3FE2A
3FE40
3FE5A
3FE78
3FE99
3FEBC
3FEE1
3FF06
3FF2B
3FF50
3FF73
3FF93
3FFB0
3FFCA
3FFDF
3FFEF
3FFFA
00000
00000
3FFFB
3FFF0
3FFE0
3FFCB
3FFB2
3FF95
3FF75
3FF52
3FF2E
3FF09
3FEE3
3FEBE
3FE9B
3FE7A
3FE5C
3FE42
3FE2C
3FE1A
3FE0E
3FE07
3FE05
3FE09
3FE13
3FE22
3FE35
3FE4D
3FE69
3FE89
3FEAB
3FECF
3FEF4
3FF19
3FF3E
3FF62
3FF84
3FFA2
3FFBE
3FFD5
3FFE7
3FFF5
3FFFD
00000
3FFFE
3FFF6
3FFE8
3FFD6
3FFBF
3FFA4
3FF85
3FF64
3FF40
3FF1B
3FEF6
3FED1
3FEAD
3FE8B
3FE6B
3FE4F
3FE37
3FE23
3FE14
3FE0A
3FE06
3FE08
3FE0E
3FE1B
3FE2C
3FE42
3FE5C
3FE7A
3FE9A
3FEBD
3FEE2
3FF07
3FF2D
3FF51
3FF73
3FF94
3FFB1
3FFCA
3FFDF
3FFEF
3FFFA
3FFFF
3FFFF
3FFFA
3FFEF
3FFDF
3FFCA
3FFB1
3FF94
3FF74
3FF52
3FF2D
3FF08
3FEE3
3FEBE
3FE9B
3FE7A
3FE5D
3FE42
3FE2C
3FE1B
3FE0F
3FE08
3FE07
3FE0B
3FE14
3FE23
3FE37
3FE4F
3FE6B
3FE8A
3FEAC
3FED0
3FEF5
3FF1A
3FF3F
3FF63
3FF84
3FFA3
3FFBE
3FFD5
3FFE8
3FFF5
3FFFD
00000
3FFFD
3FFF5
3FFE8
3FFD5
3FFBE
3FFA3
3FF84
3FF63
3FF3F
3FF1A
3FEF5
3FED0
3FEAC
3FE8A
3FE6B
3FE4F
3FE37
3FE23
3FE14
3FE0B
3FE07
3FE08
3FE0F
3FE1B
3FE2C
3FE42
3FE5D
3FE7A
3FE9B
3FEBE
3FEE3
3FF08
3FF2D
3FF52
3FF74
3FF94
3FFB1
3FFCA
3FFDF
3FFEF
3FFFA
3FFFF
3FFFF
3FFFA
3FFEF
3FFDF
3FFCA
3FFB1
3FF94
3FF73
3FF51
3FF2D
3FF07
3FEE2
3FEBD
3FE9A
3FE7A
3FE5C
3FE42
3FE2C
3FE1B
3FE0E
3FE08
3FE06
3FE0A
3FE14
3FE23
3FE37
3FE4F
3FE6B
3FE8B
3FEAD
3FED1
3FEF6
3FF1B
3FF40
3FF64
3FF85
3FFA4
3FFBF
3FFD6
3FFE8
3FFF6
3FFFE
00000
3FFFD
3FFF5
3FFE7
3FFD5
3FFBE
3FFA2
3FF84
3FF62
3FF3E
3FF19
3FEF4
3FECF
3FEAB
3FE89
3FE69
3FE4D
3FE35
3FE22
3FE13
3FE09
3FE05
3FE07
3FE0E
3FE1A
3FE2C
3FE42
3FE5C
3FE7A
3FE9B
3FEBE
3FEE3
3FF09
3FF2E
3FF52
3FF75
3FF95
3FFB2
3FFCB
3FFE0
3FFF0
3FFFB
00000
00000
3FFFA
3FFEF
3FFDF
3FFCA
3FFB0
3FF93
3FF73
3FF50
3FF2B
3FF06
3FEE1
3FEBC
3FE99
3FE78
3FE5A
3FE40
3FE2A
3FE18
3FE0C
3FE06
3FE04
3FE09
3FE12
3FE21
3FE35
3FE4E
3FE6A
3FE8A
3FEAC
3FED1
3FEF6
3FF1C
3FF41
3FF64
3FF86
3FFA5
3FFC0
3FFD7
3FFE9
3FFF7
3FFFF
00001
3FFFE
3FFF6
3FFE8
3FFD5
3FFBE
3FFA2
3FF83
3FF61
3FF3D
3FF18
3FEF2
3FECD
3FEA9
3FE86
3FE67
3FE4B
3FE32
3FE1F
3FE10
3FE07
3FE03
3FE04
3FE0B
3FE18
3FE2A
3FE40
3FE5B
3FE79
3FE9A
3FEBE
3FEE3
3FF09
3FF2E
3FF53
3FF76
3FF96
3FFB3
3FFCD
3FFE2
3FFF2
3FFFC
00002
00001
3FFFB
3FFF0
3FFE0
3FFCA
3FFB1
3FF93
3FF72
3FF4F
3FF2A
3FF04
3FEDE
3FEB9
3FE96
3FE75
3FE56
3FE3C
3FE26
3FE15
3FE09
3FE02
3FE01
3FE05
3FE0F
3FE1E
3FE33
3FE4B
3FE68
3FE88
3FEAB
3FED0
3FEF5
3FF1B
3FF41
3FF65
3FF87
3FFA6
3FFC1
3FFD9
3FFEB
3FFF9
00001
00003
00000
3FFF7
3FFE9
3FFD6
3FFBE
3FFA2
3FF83
3FF61
3FF3C
3FF16
3FEF0
3FECA
3FEA6
3FE83
3FE63
3FE47
3FE2E
3FE1A
3FE0B
3FE02
3FDFE
3FE00
3FE07
3FE14
3FE26
3FE3D
3FE58
3FE76
3FE98
3FEBC
3FEE2
3FF08
3FF2E
3FF53
3FF77
3FF97
3FFB5
3FFCE
3FFE4
3FFF4
3FFFE
00004
00003
3FFFD
3FFF2
3FFE1
3FFCB
3FFB1
3FF93
3FF72
3FF4E
3FF29
3FF02
3FEDC
3FEB6
3FE92
3FE70
3FE52
3FE37
3FE21
3FE0F
3FE03
3FDFC
3FDFB
3FE00
3FE0A
3FE1A
3FE2E
3FE47
3FE65
3FE85
3FEA9
3FECE
3FEF4
3FF1B
3FF41
3FF65
3FF88
3FFA7
3FFC3
3FFDB
3FFED
3FFFB
00003
00006
00002
3FFF9
3FFEB
3FFD8
3FFBF
3FFA3
3FF83
3FF60
3FF3B
3FF14
3FEEE
3FEC7
3FEA2
3FE7F
3FE5E
3FE41
3FE28
3FE14
3FE05
3FDFC
3FDF8
3FDFA
3FE01
3FE0E
3FE20
3FE38
3FE53
3FE73
3FE95
3FEBA
3FEE0
3FF07
3FF2E
3FF53
3FF77
3FF99
3FFB7
3FFD1
3FFE6
3FFF6
00001
00007
00006
00000
3FFF4
3FFE3
3FFCD
3FFB2
3FF93
3FF71
3FF4D
3FF27
3FF00
3FED9
3FEB2
3FE8D
3FE6B
3FE4C
3FE31
3FE1A
3FE08
3FDFC
3FDF5
3FDF4
3FDF9
3FE03
3FE13
3FE28
3FE42
3FE60
3FE81
3FEA5
3FECB
3FEF2
3FF1A
3FF40
3FF66
3FF89
3FFA9
3FFC5
3FFDD
3FFF0
3FFFE
00006
00009
00005
3FFFC
3FFEE
3FFDA
3FFC1
3FFA4
3FF83
3FF5F
3FF39
3FF12
3FEEA
3FEC3
3FE9D
3FE79
3FE58
3FE3A
3FE21
3FE0C
3FDFD
3FDF3
3FDEF
3FDF1
3FDF9
3FE06
3FE19
3FE31
3FE4D
3FE6D
3FE90
3FEB6
3FEDD
3FF05
3FF2C
3FF53
3FF78
3FF9A
3FFB9
3FFD3
3FFE9
3FFFA
00005
0000A
0000A
00003
3FFF7
3FFE6
3FFCF
3FFB3
3FF94
3FF71
3FF4C
3FF25
3FEFD
3FED5
3FEAD
3FE88
3FE65
3FE45
3FE29
3FE11
3FDFF
3FDF2
3FDEB
3FDEA
3FDEF
3FDFA
3FE0A
3FE20
3FE3A
3FE59
3FE7B
3FEA0
3FEC7
3FEEF
3FF18
3FF3F
3FF66
3FF8A
3FFAB
3FFC8
3FFE0
3FFF4
00002
0000A
0000D
00009
00000
3FFF1
3FFDC
3FFC3
3FFA5
3FF83
3FF5F
3FF38
3FF0F
3FEE7
3FEBE
3FE97
3FE72
3FE50
3FE32
3FE18
3FE02
3FDF3
3FDE9
3FDE5
3FDE6
3FDEE
3FDFC
3FE0F
3FE28
3FE45
3FE66
3FE8A
3FEB0
3FED9
3FF02
3FF2A
3FF52
3FF78
3FF9B
3FFBB
3FFD6
3FFEC
3FFFE
00009
0000F
0000E
00008
3FFFB
3FFE9
3FFD2
3FFB5
3FF95
3FF71
3FF4B
3FF23
3FEF9
3FED0
3FEA7
3FE81
3FE5C
3FE3C
3FE1F
3FE07
3FDF4
3FDE7
3FDDF
3FDDE
3FDE3
3FDEE
3FDFF
3FE15
3FE31
3FE50
3FE73
3FE99
3FEC1
3FEEB
3FF14
3FF3D
3FF65
3FF8A
3FFAC
3FFCA
3FFE4
3FFF8
00006
0000F
00012
0000E
00005
3FFF5
3FFE0
3FFC6
3FFA7
3FF84
3FF5E
3FF36
3FF0C
3FEE2
3FEB8
3FE90
3FE6A
3FE47
3FE27
3FE0C
3FDF6
3FDE6
3FDDB
3FDD7
3FDD9
3FDE1
3FDEF
3FE03
3FE1C
3FE3A
3FE5C
3FE81
3FEA9
3FED3
3FEFD
3FF27
3FF51
3FF78
3FF9C
3FFBD
3FFD9
3FFF0
00002
0000E
00014
00014
0000D
00000
3FFED
3FFD5
3FFB8
3FF97
3FF71
3FF4A
3FF20
3FEF5
3FECA
3FEA0
3FE78
3FE53
3FE30
3FE13
3FDFA
3FDE6
3FDD8
3FDD1
3FDCF
3FDD4
3FDE0
3FDF1
3FE08
3FE24
3FE44
3FE69
3FE90
3FEBA
3FEE5
3FF10
3FF3B
3FF64
3FF8A
3FFAD
3FFCD
3FFE7
3FFFC
0000C
00015
00018
00014
0000A
3FFFA
3FFE4
3FFC9
3FFA9
3FF85
3FF5E
3FF34
3FF09
3FEDD
3FEB2
3FE88
3FE60
3FE3B
3FE1A
3FDFE
3FDE7
3FDD6
3FDCB
3FDC6
3FDC8
3FDD0
3FDDF
3FDF3
3FE0D
3FE2C
3FE50
3FE76
3FEA0
3FECB
3FEF7
3FF23
3FF4E
3FF76
3FF9C
3FFBE
3FFDC
3FFF4
00007
00014
0001A
0001A
00013
00006
3FFF2
3FFD9
3FFBB
3FF98
3FF72
3FF48
3FF1D
3FEF0
3FEC4
3FE98
3FE6E
3FE47
3FE23
3FE04
3FDE9
3FDD5
3FDC6
3FDBE
3FDBC
3FDC1
3FDCD
3FDDF
3FDF6
3FE14
3FE35
3FE5B
3FE84
3FEB0
3FEDC
3FF09
3FF36
3FF61
3FF89
3FFAE
3FFCF
3FFEB
00001
00011
0001B
0001E
0001B
00011
00000
3FFE9
3FFCD
3FFAC
3FF86
3FF5D
3FF32
3FF05
3FED7
3FEA9
3FE7D
3FE54
3FE2D
3FE0A
3FDED
3FDD5
3FDC2
3FDB6
3FDB1
3FDB3
3FDBB
3FDCA
3FDDF
3FDFA
3FE1A
3FE3F
3FE68
3FE93
3FEC0
3FEEE
3FF1C
3FF49
3FF74
3FF9C
3FFC0
3FFDF
3FFF9
0000D
0001A
00021
00021
0001A
0000D
3FFF9
3FFDF
3FFBF
3FF9B
3FF73
3FF47
3FF1A
3FEEB
3FEBC
3FE8E
3FE62
3FE38
3FE13
3FDF1
3FDD5
3FDBF
3FDB0
3FDA7
3FDA5
3FDAA
3FDB5
3FDC8
3FDE0
3FDFF
3FE22
3FE49
3FE74
3FEA2
3FED1
3FF00
3FF2F
3FF5C
3FF87
3FFAE
3FFD1
3FFEE
00006
00017
00022
00026
00023
00018
00007
3FFF0
3FFD2
3FFAF
3FF88
3FF5D
3FF30
3FF00
3FED0
3FEA0
3FE71
3FE45
3FE1C
3FDF7
3FDD8
3FDBE
3FDAA
3FD9D
3FD97
3FD98
3FDA1
3FDB0
3FDC6
3FDE2
3FE03
3FE2A
3FE54
3FE82
3FEB1
3FEE2
3FF12
3FF42
3FF6F
3FF9A
3FFC0
3FFE1
3FFFD
00012
00021
00029
00029
00023
00015
00000
3FFE5
3FFC4
3FF9E
3FF74
3FF46
3FF16
3FEE5
3FEB3
3FE82
3FE53
3FE27
3FDFF
3FDDB
3FDBD
3FDA5
3FD94
3FD8A
3FD87
3FD8B
3FD97
3FDAA
3FDC4
3FDE3
3FE08
3FE32
3FE5F
3FE8F
3FEC1
3FEF3
3FF24
3FF55
3FF82
3FFAC
3FFD1
3FFF1
0000B
0001E
0002A
0002E
0002B
00021
00010
3FFF7
3FFD8
3FFB4
3FF8B
3FF5D
3FF2D
3FEFB
3FEC7
3FE94
3FE62
3FE33
3FE07
3FDE0
3FDBD
3FDA1
3FD8B
3FD7D
3FD76
3FD76
3FD7E
3FD8E
3FDA4
3FDC1
3FDE5
3FE0D
3FE3A
3FE6A
3FE9C
3FED0
3FF04
3FF36
3FF67
3FF94
3FFBE
3FFE2
00000
00017
00028
00031
00032
0002C
0001E
00009
3FFEC
3FFCA
3FFA2
3FF75
3FF45
3FF12
3FEDD
3FEA8
3FE74
3FE41
3FE11
3FDE6
3FDBF
3FD9E
3FD84
3FD71
3FD65
3FD61
3FD65
3FD70
3FD83
3FD9E
3FDBF
3FDE6
3FE11
3FE41
3FE74
3FEA9
3FEDF
3FF14
3FF48
3FF79
3FFA6
3FFCF
3FFF1
0000E
00023
00031
00037
00035
0002B
00019
00000
3FFE0
3FFBA
3FF8E
3FF5E
3FF2A
3FEF4
3FEBD
3FE86
3FE51
3FE1D
3FDED
3FDC2
3FD9C
3FD7D
3FD65
3FD54
3FD4B
3FD4A
3FD51
3FD61
3FD78
3FD96
3FDBB
3FDE5
3FE15
3FE48
3FE7E
3FEB5
3FEED
3FF24
3FF59
3FF8A
3FFB7
3FFDF
00000
0001B
0002E
00039
0003C
00036
00028
00013
3FFF5
3FFD1
3FFA7
3FF78
3FF44
3FF0D
3FED4
3FE9B
3FE62
3FE2B
3FDF7
3FDC7
3FD9C
3FD77
3FD59
3FD43
3FD34
3FD2E
3FD31
3FD3C
3FD4F
3FD6A
3FD8C
3FDB5
3FDE4
3FE17
3FE4D
3FE86
3FEC0
3FEFA
3FF32
3FF68
3FF9A
3FFC7
3FFEE
0000E
00027
00037
00040
0003F
00036
00024
0000A
3FFE9
3FFC1
3FF92
3FF5F
3FF27
3FEED
3FEB1
3FE75
3FE3A
3FE02
3FDCD
3FD9D
3FD72
3FD4E
3FD32
3FD1D
3FD12
3FD0F
3FD14
3FD23
3FD3A
3FD59
3FD80
3FDAD
3FDDF
3FE16
3FE50
3FE8C
3FEC9
3FF05
3FF3F
3FF76
3FFA8
3FFD5
3FFFB
0001A
00031
0003F
00045
00041
00034
0001E
00000
3FFDA
3FFAD
3FF7B
3FF43
3FF08
3FECA
3FE8B
3FE4C
3FE0F
3FDD5
3FD9F
3FD6E
3FD44
3FD20
3FD05
3FCF3
3FCEA
3FCEA
3FCF3
3FD06
3FD21
3FD44
3FD6F
3FDA0
3FDD6
3FE11
3FE4F
3FE8F
3FECE
3FF0D
3FF49
3FF81
3FFB4
3FFE1
00007
00025
0003A
00045
00048
00041
00030
00016
3FFF4
3FFC9
3FF98
3FF61
3FF25
3FEE5
3FEA3
3FE61
3FE1F
3FDDF
3FDA3
3FD6B
3FD3A
3FD0F
3FCEC
3FCD2
3FCC2
3FCBB
3FCBE
3FCCA
3FCE1
3FD00
3FD27
3FD56
3FD8C
3FDC7
3FE06
3FE48
3FE8B
3FECE
3FF10
3FF4E
3FF88
3FFBD
3FFEA
00010
0002C
00040
00049
00049
0003F
0002A
0000C
3FFE5
3FFB6
3FF80
3FF44
3FF03
3FEBE
3FE78
3FE31
3FDEC
3FDA9
3FD6A
3FD30
3FCFD
3FCD2
3FCAF
3FC96
3FC86
3FC81
3FC87
3FC97
3FCB0
3FCD4
3FD00
3FD33
3FD6E
3FDAD
3FDF1
3FE38
3FE7F
3FEC6
3FF0B
3FF4D
3FF89
3FFBF
3FFEE
00014
00030
00043
0004B
00048
0003A
00022
00000
3FFD4
3FFA0
3FF65
3FF23
3FEDD
3FE93
3FE48
3FDFC
3FDB2
3FD6A
3FD27
3FCEB
3FCB5
3FC88
3FC64
3FC4B
3FC3C
3FC38
3FC3F
3FC52
3FC6F
3FC96
3FCC6
3FCFE
3FD3E
3FD83
3FDCC
3FE18
3FE64
3FEB0
3FEFA
3FF40
3FF80
3FFB9
3FFEA
00011
0002F
00041
00048
00044
00034
00018
3FFF2
3FFC2
3FF89
3FF47
3FF00
3FEB3
3FE63
3FE10
3FDBE
3FD6D
3FD20
3FCD8
3FC96
3FC5C
3FC2B
3FC04
3FBE8
3FBD8
3FBD4
3FBDC
3FBF0
3FC0F
3FC3A
3FC6E
3FCAB
3FCF0
3FD3B
3FD8A
3FDDD
3FE30
3FE83
3FED3
3FF1E
3FF64
3FFA3
3FFD8
00004
00024
00038
00040
0003C
0002A
0000D
3FFE3
3FFAE
3FF70
3FF28
3FED9
3FE84
3FE2B
3FDD0
3FD75
3FD1B
3FCC4
3FC72
3FC28
3FBE6
3FBAD
3FB80
3FB5E
3FB49
3FB42
3FB48
3FB5B
3FB7A
3FBA7
3FBDE
3FC20
3FC6A
3FCBC
3FD13
3FD6D
3FDCA
3FE26
3FE80
3FED6
3FF26
3FF6E
3FFAC
3FFE0
00007
00022
0002F
0002D
0001E
00000
3FFD5
3FF9C
3FF58
3FF09
3FEB2
3FE52
3FDED
3FD85
3FD1B
3FCB2
3FC4B
3FBE9
3FB8E
3FB3B
3FAF3
3FAB7
3FA87
3FA66
3FA53
3FA50
3FA5C
3FA77
3FAA1
3FAD8
3FB1C
3FB6B
3FBC4
3FC25
3FC8C
3FCF6
3FD62
3FDCD
3FE35
3FE97
3FEF2
3FF44
3FF8A
3FFC3
3FFEE
00009
00014
0000E
3FFF6
3FFCE
3FF96
3FF4E
3FEF7
3FE94
3FE25
3FDAC
3FD2D
3FCA8
3FC21
3FB9A
3FB15
3FA96
3FA1E
3F9AF
3F94D
3F8F8
3F8B3
3F87F
3F85D
3F84D
3F851
3F868
3F892
3F8CF
3F91C
3F97A
3F9E5
3FA5C
3FADD
3FB66
3FBF3
3FC81
3FD0F
3FD98
3FE1A
3FE92
3FEFD
3FF59
3FFA3
3FFDA
3FFFA
00004
3FFF5
3FFCD
3FF8C
3FF32
3FEC0
3FE35
3FD95
3FCE1
3FC1A
3FB45
3FA63
3F979
3F88A
3F79A
3F6AE
3F5CA
3F4F4
3F432
3F38A
3F302
3F2A4
3F27A
3F292
3F302
3F3EB
3F58A
3F860
3FDB2
009E5
03B18
2C1F0
018AC
3C198
0C8AC
351A1
3BDCE
3E2C7
01C0B
38B6F
3FC30
04EA6
06B03
37720
13FC4
3ACB9
0497E
08755
0590D
00821
37433
072B5
026D4
01C9E
3AC6B
3E72B
06172
3D5C2
0EB37
0A3F5
35D03
3CD41
39C18
088F8
0DE86
397FD
3FD98
3A1F5
0072D
38E69
05483
2F5CC
03C78
0451A
062BD
021C8
09250
33C0F
05458
35BC6
172AB
00458
3FDBC
38965
31906
043EB
05740
03A66
3284B
3B3A2
3CF02
370E0
3EB83
11BE0
3B99D
38152
09586
3C325
37C98
3BA03
0243A
3EBD2
102D3
02A94
0105D
05A00
39D12
05639
374CC
2754C
075FC
02371
016CA
0086B
04B6D
04844
0042C
07279
3C8FE
2D3C5
0285B
3A5C5
16F5B
3C0AE
04558
3C51D
3FB87
09D4E
1AB98
00EF7
3EBEB
0C502
00FFD
04AE9
35BAD
00CBD
3DD8D
0319B
369E0
2C8EF
06528
3CFD2
2CFD9
3E397
3BF91
36577
1806D
3AE34
3EF20
01F5F
03222
2FB86
0292B
118E9
05AAB
052E8
0288C
3820B
3B2F9
031C4
3D325
30D4A
3EFAF
0F0B3
3D8EC
0F000
39453
02D55
0D1D9
02912
372BE
36B55
0B62E
2EDDA
395EB
0495C
3AF28
3C6B3
32DAF
06547
02365
39487
0CD1A
0A5FE
0103A
09D69
0ABDD
38779
3E410
03C14
00D73
36808
358EF
34698
393D7
0327E
38660
0044A
02F8E
04455
02808
3FBEB
1356B
3935F
01A1E
0639D
3D833
023BF
3EBFB
3A807
0D6F1
0032B
3E3C7
0759E
32554
3BA68
086C2
021C5
3C961
3D78C
3A78F
3EC8D
007B5
004CA
3CFB5
39FB2
06B76
2E1E8
3C422
05B55
1F9B2
091E3
3670E
2C0C9
3F2E3
03F55
0425E
0D64E
0FB19
1438F
315ED
065DF
387EF
2F87A
05EF9
39FD6
3C289
133EB
3F137
3CA3C
0139B
342E5
0A055
03B29
3460E
32F7A
07289
08C8B
3DC91
2BF15
0C6E6
09001
3088C
3C947
30562
0FD35
368FE
32799
3C3F1
05871
05496
07556
3B20D
0AD23
02BF8
2F378
04452
06991
34623
39010
3924F
0A900
03265
3A605
3E32B
05AF6
09E03
3BB4B
0A4AC
06CEB
05FD6
3F6C8
3CC1A
00B36
3ACCE
073FD
3E89B
3EC25
0C325
0AC7A
32DF4
34D46
00186
3D888
3D3B0
050F7
37356
3ABB2
3D789
0F849
04138
36B25
05464
3E774
04E9E
164D9
0815E
3BDEC
00A9F
3903F
2B0BD
0A221
1699E
2EDCB
2C072
3D51D
0B74B
03891
0B63F
03C49
363CE
04D63
0469E
3E66D
068BF
3556D
3C632
3EE41
04CDD
34A8F
3E3D1
3EF13
10D58
38FA4
30522
032CC
089EB
07932
341B0
08CC4
27F26
094D0
3B09D
37B33
349F3
3FD01
2F60D
12CFD
3B762
0F0A5
091B6
30F7D
337B0
3E421
360C1
390D6
042DC
030EC
0A7DB
037FF
03961
11C05
3B920
01A8F
04879
03914
3CDFE
3CDDD
0C2A7
3D31A
0192D
01A43
3B439
05A46
38B02
04858
01C39
0461B
3DBA1
09DAB
01D7F
3D60C
01592
3FD96
043F6
04F5F
044D6
08357
3D383
3B306
0AF29
38DA8
03B3D
2C237
04E24
3D318
3CE90
358ED
01779
08125
39FF7
3DA1D
07ED2
281C4
08EF9
310BF
34993
150E2
350D0
0D4A4
0DBDD
37BAB
3F88B
03FDD
3D57C
0AE46
3FFE7
30984
3F0C0
39E0C
3FCC4
0658A
3ABF4
0486E
3F9D4
02850
2E0AE
3FD0E
0EDBF
00F9E
0C41D
3EE78
344F0
37BCE
06223
3EF31
36AC7
0BB03
38BB6
05F0F
3D919
0665F
36A43
3E8D8
34A76
0800F
0523D
2B3E8
3DBD0
3D56F
0ECBA
012CF
38F36
16827
3DDD5
3A03F
08FF7
34A9A
0E6A9
049F0
0EF91
3E282
0222B
3DBBB
37D4D
0D211
0A5D2
3E718
3D84B
2CC81
00FE0
3969C
35EF9
01416
0A339
06D14
036F9
34CD4
05FD0
3C398
0525B
06C52
3EFE2
3C5A1
070CB
31A05
39D71
08FF5
0554E
3BD69
0608C
0300A
04568
35ECE
0EC0B
3C32A
038BF
38D46
0365C
04653
32E8D
367CA
07492
3D1FB
369C9
02A74
3F445
08178
37536
012FB
3A6FF
02276
3D390
095A6
3DBFB
3F8F3
35268
34A1F
3C667
0B23D
3C9A4
0B2D2
3E618
33ADE
0534A
3820F
39F92
3B8A2
3C7CA
033F9
3BB05
376FD
3AB45
029F8
00094
00E14
34825
3B8CB
3F492
35ABE
33496
36970
3CDEC
3FF43
3B2AB
37B3A
3353E
0B52C
2C186
3375F
3CF87
012A4
3A9B2
34350
33B7B
0C260
13392
3B045
33289
06AAA
3EBAB
2A146
332CF
3FD2C
35958
3E8A6
321E4
09E04
3D961
276F3
0018C
03A7B
3475E
06DBD
38AFB
14E4A
09113
3A64F
34F0D
0C95A
08566
06608
38C80
34721
00E8B
3ACA3
09EC1
3E892
0194D
10500
2E376
07C94
33896
372BA
035F7
006BC
329C7
305F0
2FFD6
3E081
06C5C
3904D
02C0F
39CDD
11DA4
03472
394A1
177A6
0719A
35B40
353F2
3C634
1173F
0F762
3CA88
3083E
042D9
10739
3EF08
137F7
34DAE
33006
19BFB
3F2F6
35196
040B1
3CEAA
0A346
3B203
0A891
3979F
337E2
3B04D
3E0EE
005C6
3371A
016D0
0155D
36217
05E5E
0A356
04D65
3F89B
398C6
3BD8A
07FC2
3CA62
081CE
3C305
049BD
0E308
0A2A9
0109C
3608E
05D29
305D5
3FAE4
0349F
0B5FC
38BC4
349AC
02FAC
034B4
3E2C5
3ADEE
01A2C
327E6
38A8E
02B5F
3C66F
00213
00870
3FB32
00F3F
0865C
32992
0671A
39BAA
06324
2FA91
31EE4
02528
045E4
3A477
1A466
2EC9D
3A7CA
3BA56
09639
3AF8E
02F9E
3EB1A
3BDA2
03C42
02F6D
13935
06A6A
07C83
26787
10727
03B07
07999
32D22
07D07
0656C
2A4FF
33D0E
03536
3D9BE
1016F
088D3
01476
3D848
2B6FF
3C753
02AF1
31A86
3D024
38BAA
14D9D
09B4E
02C64
3E225
055C2
1D41B
0E768
02DF7
39018
363A4
34776
2CD37
032C0
16A0A
38CC7
3CF51
3C943
005AF
38F29
36A2F
0BD70
3AE9B
0AE45
023B4
3B3BE
07B7D
3CB58
0530D
2F594
3E0A3
036FB
05FD0
08C36
0777F
3FB2E
32E68
36DC1
2A80D
3CFE1
0012E
0411A
05FC4
046CA
3140F
3E1A0
33487
0D8E6
2C1F7
02605
080F0
072C4
3E3AF
02717
13E7D
2A19B
3B3A9
0391D
02A74
3CEC0
3A9BB
087A0
0DC30
0346E
35886
3BFF6
3F7D8
3855E
3AC8F
06A33
03B94
11329
3A11A
02CFA
3EC0B
05030
034C2
3D8F3
34713
356B8
0AF91
0025A
3696A
0CDD2
03475
00BCF
2F69E
01366
31EFD
3ECB1
0C61D
0C420
041A8
044D5
3EF06
0962E
398FC
001C0
0EBE8
1A61E
3E79B
00D94
39375
35611
01ADF
01328
3D041
018AD
30805
095E1
3DBBA
30FA4
02CD2
32DEE
03B22
2CFC3
39A4F
03CCB
3C106
1240B
03176
3E4D5
0C1BC
07193
34255
09661
3039A
38DFD
33A8A
39F63
3A82C
090AF
3318E
11CBF
3CEF6
0912F
3D8C2
3DEC6
02AC3
02C93
3CADB
37F0A
31F83
34D58
0AA04
35F93
3218F
05F83
0D215
05B5F
38725
3E061
3392A
08AD9
09016
3C436
08863
3B3DF
137DC
15912
06B3B
38E2B
0F388
017D0
13055
10656
00A63
321D7
2B2FD
39058
060E4
3BAB9
3D475
129D5
3B1B4
090B7
3789C
3E555
32229
37F41
39645
3D2DF
05B5D
047F1
03FA7
34533
007A1
2B8F2
029EE
3AFF8
3AC1A
3C542
3B0A3
02B58
02A72
3F19F
0587B
33129
03267
14378
0417A
3CE82
0128B
05878
2F6B3
0E48C
2FF65
031B6
318E1
108FC
35572
13024
3D7E1
06FB3
023AE
341E9
0D1D2
3CBCB
39778
3784C
071E3
05808
3AC77
09C99
32B0B
07648
0E240
37569
38B9F
3E768
0213E
029D3
04BF9
2E9DC
047F4
04D74
02388
3E6ED
36251
3BBE3
00811
37BEE
3F24D
08547
0E04E
003B3
03F59
001DB
05AE0
310DE
05624
396EB
3FD95
338D5
3ABCD
3B575
0AEF4
3EA31
0010F
07F34
3F9B4
006A2
3F1B3
070AE
3AC2A
390AE
31F8C
3C8EF
0B8BD
12081
05532
033E6
3ABD9
0CA2B
0397F
38814
00B69
29AAF
0051B
3D962
0E728
03D8D
0291B
31142
081DE
3DD17
2C1AE
092AE
09840
2D2E2
3C5A6
36B52
0FDC3
3FBD4
0E262
3DBCC
02240
08606
036A6
2FC50
0F5D0
305AE
01778
3B463
02417
0235F
38D0F
2D5F3
09867
0DD7D
3A2FE
3AA4C
3B1D9
3BC55
064A8
0E289
3724E
3BE6F
311A5
39FB9
0CC96
3F6EC
044D6
09369
3FBB0
0BFF4
00C1F
04504
0BBA7
34E2B
37CCB
02CB0
35868
05DC8
25016
30562
3C6BA
0EC16
3E330
024B9
07DDD
39DB2
31A05
0BD52
10C11
3A27F
0711D
02F6F
3AA61
01120
00693
006FB
00746
0075B
00736
006DF
0065E
005B9
004FB
00428
00349
00264
0017E
0009E
3FFC9
3FF03
3FE50
3FDB4
3FD32
3FCCC
3FC84
3FC5A
3FC4E
3FC61
3FC90
3FCDB
3FD3F
3FDB9
3FE46
3FEE3
3FF8B
0003B
000EF
001A3
00253
002FA
00397
00424
0049F
00507
00558
00592
005B3
005BB
005AB
00582
00542
004EE
00485
0040C
00386
002F4
0025A
001BC
0011E
00081
3FFEB
3FF5D
3FEDB
3FE67
3FE04
3FDB3
3FD76
3FD4E
3FD3C
3FD3F
3FD57
3FD83
3FDC2
3FE12
3FE72
3FEDF
3FF56
3FFD5
00058
000DD
00161
001E1
0025A
002CA
0032D
00383
003C9
003FF
00422
00432
0042F
0041A
003F3
003BB
00373
0031D
002BB
0024F
001DC
00165
000EB
00071
3FFFA
3FF89
3FF20
3FEC1
3FE6E
3FE29
3FDF3
3FDCC
3FDB7
3FDB2
3FDBE
3FDDA
3FE06
3FE40
3FE88
3FEDA
3FF36
3FF98
00000
0006A
000D5
0013D
001A0
001FD
00251
0029B
002D9
00309
0032B
0033E
00342
00337
0031C
002F4
002BE
0027C
00230
001DB
0017F
0011E
000BB
00057
3FFF4
3FF96
3FF3D
3FEEC
3FEA4
3FE67
3FE36
3FE12
3FDFC
3FDF3
3FDF9
3FE0C
3FE2D
3FE5A
3FE92
3FED4
3FF1E
3FF6F
3FFC5
0001E
00077
000CF
00125
00175
001BE
001FF
00236
00263
00283
00298
0029F
00299
00287
00268
0023E
00209
001CB
00185
00139
000E7
00093
0003E
3FFEA
3FF98
3FF4B
3FF04
3FEC4
3FE8D
3FE61
3FE3F
3FE28
3FE1E
3FE1F
3FE2D
3FE46
3FE69
3FE97
3FECE
3FF0C
3FF51
3FF9A
3FFE6
00034
00081
000CB
00112
00153
0018E
001C1
001EA
00209
0021E
00227
00226
00219
00201
001DF
001B4
00180
00144
00103
000BD
00074
0002A
3FFE0
3FF98
3FF53
3FF13
3FEDA
3FEA8
3FE7E
3FE5E
3FE47
3FE3B
3FE3A
3FE43
3FE57
3FE74
3FE9A
3FEC8
3FEFE
3FF39
3FF79
3FFBC
00000
00044
00087
000C7
00102
00138
00167
0018E
001AC
001C1
001CC
001CD
001C4
001B2
00196
00171
00145
00112
000D9
0009C
0005C
0001A
3FFD8
3FF97
3FF59
3FF1F
3FEEA
3FEBB
3FE94
3FE75
3FE5F
3FE52
3FE4E
3FE54
3FE63
3FE7B
3FE9C
3FEC3
3FEF2
3FF26
3FF5E
3FF9A
3FFD7
00014
00051
0008B
000C2
000F4
00120
00145
00162
00177
00183
00187
00181
00173
0015C
0013D
00117
000EA
000B8
00082
00048
0000D
3FFD1
3FF96
3FF5D
3FF28
3FEF6
3FECB
3FEA6
3FE87
3FE71
3FE63
3FE5E
3FE61
3FE6D
3FE81
3FE9C
3FEBF
3FEE8
3FF16
3FF48
3FF7E
3FFB5
3FFED
00025
0005B
0008D
000BC
000E6
00109
00126
0013B
00149
0014E
0014B
00140
0012D
00112
000F1
000CA
0009D
0006D
00039
00003
3FFCC
3FF96
3FF61
3FF2F
3FF01
3FED8
3FEB4
3FE97
3FE81
3FE72
3FE6B
3FE6C
3FE75
3FE85
3FE9C
3FEBB
3FEDF
3FF08
3FF36
3FF66
3FF99
3FFCD
00000
00032
00062
0008E
000B5
000D8
000F4
00109
00118
0011E
0011E
00116
00106
000EF
000D2
000AF
00088
0005C
0002C
3FFFB
3FFC9
3FF96
3FF65
3FF36
3FF0B
3FEE3
3FEC1
3FEA4
3FE8E
3FE7E
3FE76
3FE75
3FE7B
3FE88
3FE9D
3FEB7
3FED7
3FEFC
3FF26
3FF52
3FF81
3FFB1
3FFE1
0000F
0003C
00066
0008C
000AE
000C9
000DF
000EE
000F6
000F8
000F2
000E5
000D2
000B9
0009A
00076
0004E
00022
3FFF5
3FFC6
3FF97
3FF69
3FF3D
3FF13
3FEED
3FECC
3FEB0
3FE99
3FE89
3FE7F
3FE7D
3FE81
3FE8B
3FE9D
3FEB4
3FED1
3FEF2
3FF18
3FF41
3FF6C
3FF98
3FFC5
3FFF2
0001C
00044
00069
00089
000A5
000BB
000CB
000D4
000D7
000D4
000CA
000B9
000A3
00087
00067
00042
0001A
3FFF0
3FFC5
3FF99
3FF6D
3FF43
3FF1B
3FEF6
3FED6
3FEBA
3FEA3
3FE93
3FE88
3FE84
3FE86
3FE8E
3FE9D
3FEB1
3FECB
3FEE9
3FF0C
3FF31
3FF59
3FF83
3FFAD
3FFD7
00000
00027
0004A
0006A
00085
0009B
000AC
000B6
000BB
000B9
000B2
000A4
00090
00078
0005A
00039
00014
3FFED
3FFC4
3FF9A
3FF71
3FF49
3FF23
3FEFF
3FEDF
3FEC4
3FEAD
3FE9C
3FE90
3FE8A
3FE8A
3FE91
3FE9D
3FEAF
3FEC6
3FEE1
3FF01
3FF24
3FF49
3FF70
3FF98
3FFC0
3FFE7
0000C
0002F
0004E
00069
0007F
00091
0009C
000A2
000A2
0009D
00091
00080
0006A
0004F
00031
0000F
3FFEA
3FFC4
3FF9D
3FF75
3FF4F
3FF2A
3FF07
3FEE8
3FECD
3FEB6
3FEA4
3FE97
3FE90
3FE8F
3FE93
3FE9D
3FEAD
3FEC1
3FEDA
3FEF7
3FF18
3FF3B
3FF5F
3FF85
3FFAB
3FFD1
3FFF5
00016
00035
00050
00066
00078
00085
0008C
0008E
0008A
00081
00072
0005F
00046
0002A
0000B
3FFE9
3FFC4
3FF9F
3FF7A
3FF55
3FF31
3FF0F
3FEF1
3FED6
3FEBE
3FEAC
3FE9E
3FE96
3FE93
3FE96
3FE9E
3FEAB
3FEBD
3FED4
3FEEF
3FF0D
3FF2D
3FF50
3FF74
3FF98
3FFBC
3FFDF
00000
0001E
00039
00050
00062
00070
00079
0007C
0007A
00072
00066
00054
0003F
00025
00007
3FFE7
3FFC5
3FFA2
3FF7E
3FF5B
3FF38
3FF17
3FEF9
3FEDE
3FEC7
3FEB3
3FEA5
3FE9C
3FE97
3FE98
3FE9F
3FEAA
3FEBA
3FECE
3FEE7
3FF03
3FF21
3FF42
3FF64
3FF87
3FFAA
3FFCC
3FFEC
0000A
00024
0003C
0004F
0005D
00067
0006C
0006B
00065
0005B
0004C
00038
00020
00005
3FFE7
3FFC7
3FFA5
3FF83
3FF60
3FF3F
3FF1F
3FF01
3FEE6
3FECE
3FEBB
3FEAC
3FEA1
3FE9B
3FE9B
3FE9F
3FEA9
3FEB7
3FEC9
3FEE0
3FEFA
3FF17
3FF36
3FF56
3FF78
3FF99
3FFBA
3FFD9
3FFF7
00011
00029
0003C
0004C
00057
0005D
0005E
0005A
00051
00044
00032
0001C
00003
3FFE7
3FFC8
3FFA8
3FF87
3FF66
3FF46
3FF26
3FF09
3FEEE
3FED6
3FEC2
3FEB2
3FEA7
3FEA0
3FE9E
3FEA1
3FEA8
3FEB4
3FEC5
3FEDA
3FEF2
3FF0D
3FF2A
3FF49
3FF69
3FF89
3FFA9
3FFC8
3FFE5
00000
00018
0002C
0003C
00048
0004F
00051
0004F
00048
0003D
0002D
00019
00001
3FFE7
3FFCA
3FFAC
3FF8C
3FF6C
3FF4C
3FF2E
3FF10
3FEF6
3FEDE
3FEC9
3FEB8
3FEAC
3FEA4
3FEA0
3FEA2
3FEA8
3FEB2
3FEC1
3FED4
3FEEA
3FF03
3FF1F
3FF3D
3FF5C
3FF7B
3FF9A
3FFB8
3FFD5
3FFF0
00008
0001C
0002D
0003A
00042
00046
00045
00040
00036
00028
00016
00000
3FFE8
3FFCC
3FFAF
3FF91
3FF72
3FF53
3FF35
3FF18
3FEFD
3FEE5
3FED0
3FEBF
3FEB1
3FEA8
3FEA3
3FEA3
3FEA8
3FEB1
3FEBE
3FECF
3FEE3
3FEFB
3FF15
3FF31
3FF4F
3FF6D
3FF8C
3FFAA
3FFC6
3FFE1
3FFF9
0000E
0001F
0002D
00036
0003C
0003C
00038
00030
00024
00013
00000
3FFE8
3FFCF
3FFB3
3FF96
3FF78
3FF5A
3FF3C
3FF20
3FF05
3FEED
3FED7
3FEC5
3FEB7
3FEAD
3FEA7
3FEA5
3FEA8
3FEAF
3FEBB
3FECA
3FEDD
3FEF3
3FF0C
3FF27
3FF43
3FF61
3FF7E
3FF9C
3FFB8
3FFD2
3FFEB
00000
00012
00021
0002B
00032
00034
00032
0002B
00020
00011
3FFFF
3FFE9
3FFD1
3FFB7
3FF9B
3FF7E
3FF60
3FF43
3FF27
3FF0C
3FEF4
3FEDE
3FECB
3FEBC
3FEB1
3FEAA
3FEA7
3FEA9
3FEAE
3FEB8
3FEC6
3FED7
3FEEC
3FF03
3FF1D
3FF38
3FF55
3FF72
3FF8E
3FFAA
3FFC5
3FFDD
3FFF3
00006
00015
00021
00028
0002C
0002B
00026
0001D
0000F
3FFFF
3FFEB
3FFD4
3FFBB
3FFA0
3FF83
3FF67
3FF4A
3FF2E
3FF14
3FEFB
3FEE5
3FED2
3FEC2
3FEB6
3FEAD
3FEA9
3FEA9
3FEAE
3FEB6
3FEC2
3FED2
3FEE5
3FEFB
3FF14
3FF2E
3FF4A
3FF66
3FF82
3FF9E
3FFB8
3FFD1
3FFE7
3FFFA
0000A
00017
00020
00024
00025
00021
00019
0000E
3FFFE
3FFEC
3FFD6
3FFBE
3FFA5
3FF89
3FF6D
3FF51
3FF36
3FF1B
3FF03
3FEEC
3FED8
3FEC8
3FEBA
3FEB1
3FEAC
3FEAA
3FEAD
3FEB4
3FEBF
3FECE
3FEDF
3FEF4
3FF0B
3FF25
3FF3F
3FF5B
3FF76
3FF92
3FFAC
3FFC4
3FFDB
3FFEF
00000
0000E
00017
0001D
0001F
0001D
00016
0000C
3FFFE
3FFED
3FFD9
3FFC2
3FFA9
3FF8F
3FF74
3FF58
3FF3D
3FF23
3FF0A
3FEF3
3FEDF
3FECD
3FEBF
3FEB5
3FEAE
3FEAC
3FEAD
3FEB3
3FEBC
3FEC9
3FEDA
3FEED
3FF03
3FF1B
3FF35
3FF50
3FF6B
3FF86
3FFA0
3FFB9
3FFD0
3FFE4
3FFF6
00004
0000F
00016
00019
00019
00014
0000B
3FFFE
3FFEF
3FFDC
3FFC6
3FFAE
3FF95
3FF7B
3FF60
3FF45
3FF2A
3FF12
3FEFA
3FEE6
3FED3
3FEC4
3FEB9
3FEB1
3FEAD
3FEAE
3FEB2
3FEBA
3FEC5
3FED4
3FEE7
3FEFC
3FF13
3FF2C
3FF46
3FF60
3FF7B
3FF95
3FFAE
3FFC5
3FFDA
3FFEC
3FFFC
00008
00010
00014
00015
00011
0000A
3FFFF
3FFF0
3FFDE
3FFCA
3FFB3
3FF9B
3FF81
3FF67
3FF4C
3FF32
3FF19
3FF02
3FEEC
3FEDA
3FECA
3FEBD
3FEB4
3FEAF
3FEAE
3FEB1
3FEB8
3FEC2
3FED0
3FEE1
3FEF4
3FF0B
3FF23
3FF3C
3FF56
3FF70
3FF8A
3FFA3
3FFBB
3FFD0
3FFE3
3FFF3
00000
00009
0000F
00011
0000E
00008
3FFFF
3FFF2
3FFE1
3FFCE
3FFB8
3FFA1
3FF88
3FF6E
3FF54
3FF3A
3FF21
3FF09
3FEF3
3FEE0
3FECF
3FEC2
3FEB8
3FEB2
3FEAF
3FEB1
3FEB6
3FEBF
3FECB
3FEDB
3FEEE
3FF03
3FF1A
3FF32
3FF4C
3FF66
3FF80
3FF99
3FFB0
3FFC6
3FFDA
3FFEB
3FFF9
00003
0000A
0000D
0000C
00007
3FFFF
3FFF3
3FFE4
3FFD2
3FFBD
3FFA6
3FF8E
3FF75
3FF5B
3FF41
3FF28
3FF10
3FEFA
3FEE6
3FED5
3FEC6
3FEBB
3FEB4
3FEB0
3FEB1
3FEB5
3FEBC
3FEC7
3FED6
3FEE7
3FEFB
3FF12
3FF2A
3FF43
3FF5C
3FF76
3FF8F
3FFA7
3FFBD
3FFD1
3FFE3
3FFF2
3FFFD
00005
00009
0000A
00006
3FFFF
3FFF5
3FFE7
3FFD6
3FFC2
3FFAC
3FF95
3FF7C
3FF62
3FF49
3FF30
3FF18
3FF01
3FEED
3FEDB
3FECB
3FEBF
3FEB7
3FEB2
3FEB1
3FEB3
3FEBA
3FEC4
3FED1
3FEE1
3FEF4
3FF0A
3FF21
3FF39
3FF53
3FF6C
3FF85
3FF9D
3FFB4
3FFC9
3FFDB
3FFEB
3FFF7
00000
00005
00007
00005
3FFFF
3FFF6
3FFE9
3FFD9
3FFC7
3FFB2
3FF9B
3FF83
3FF6A
3FF51
3FF38
3FF1F
3FF08
3FEF3
3FEE1
3FED0
3FEC3
3FEBA
3FEB4
3FEB1
3FEB3
3FEB8
3FEC1
3FECD
3FEDC
3FEEE
3FF02
3FF19
3FF31
3FF49
3FF62
3FF7B
3FF94
3FFAB
3FFC0
3FFD3
3FFE4
3FFF1
3FFFB
00002
00005
00004
00000
3FFF7
3FFEC
3FFDD
3FFCC
3FFB8
3FFA2
3FF8A
3FF71
3FF58
3FF3F
3FF27
3FF10
3FEFA
3FEE7
3FED6
3FEC8
3FEBD
3FEB6
3FEB2
3FEB2
3FEB6
3FEBE
3FEC9
3FED7
3FEE8
3FEFB
3FF11
3FF28
3FF40
3FF59
3FF72
3FF8B
3FFA2
3FFB8
3FFCC
3FFDD
3FFEB
3FFF6
3FFFE
00002
00003
00000
3FFF9
3FFEF
3FFE1
3FFD0
3FFBD
3FFA8
3FF91
3FF79
3FF60
3FF47
3FF2F
3FF17
3FF01
3FEED
3FEDB
3FECC
3FEC1
3FEB8
3FEB3
3FEB2
3FEB5
3FEBB
3FEC5
3FED2
3FEE2
3FEF4
3FF09
3FF20
3FF38
3FF50
3FF69
3FF82
3FF99
3FFB0
3FFC4
3FFD6
3FFE5
3FFF2
3FFFB
00000
00002
00000
3FFFA
3FFF1
3FFE5
3FFD5
3FFC3
3FFAF
3FF98
3FF81
3FF68
3FF4F
3FF37
3FF1F
3FF08
3FEF4
3FEE1
3FED1
3FEC5
3FEBB
3FEB5
3FEB3
3FEB4
3FEB9
3FEC1
3FECD
3FEDC
3FEEE
3FF02
3FF18
3FF2F
3FF48
3FF60
3FF79
3FF91
3FFA8
3FFBD
3FFCF
3FFE0
3FFED
3FFF7
3FFFE
00001
00000
3FFFC
3FFF4
3FFE8
3FFDA
3FFC9
3FFB5
3FF9F
3FF88
3FF70
3FF57
3FF3F
3FF27
3FF10
3FEFA
3FEE7
3FED6
3FEC9
3FEBE
3FEB7
3FEB3
3FEB3
3FEB7
3FEBE
3FEC9
3FED7
3FEE8
3FEFB
3FF10
3FF27
3FF3F
3FF58
3FF70
3FF89
3FFA0
3FFB5
3FFC9
3FFDA
3FFE8
3FFF3
3FFFB
3FFFF
00000
3FFFD
3FFF6
3FFEC
3FFDF
3FFCF
3FFBC
3FFA7
3FF90
3FF78
3FF60
3FF47
3FF2F
3FF17
3FF01
3FEED
3FEDC
3FECD
3FEC1
3FEB9
3FEB4
3FEB3
3FEB5
3FEBB
3FEC5
3FED2
3FEE2
3FEF4
3FF09
3FF1F
3FF37
3FF4F
3FF68
3FF80
3FF98
3FFAE
3FFC2
3FFD4
3FFE4
3FFF0
3FFF9
3FFFE
00000
3FFFE
3FFF9
3FFF0
3FFE4
3FFD4
3FFC2
3FFAE
3FF98
3FF80
3FF68
3FF4F
3FF37
3FF1F
3FF09
3FEF4
3FEE2
3FED2
3FEC5
3FEBB
3FEB5
3FEB3
3FEB4
3FEB9
3FEC1
3FECD
3FEDC
3FEED
3FF01
3FF17
3FF2F
3FF47
3FF60
3FF78
3FF90
3FFA7
3FFBC
3FFCF
3FFDF
3FFEC
3FFF6
3FFFD
00000
3FFFF
3FFFB
3FFF3
3FFE8
3FFDA
3FFC9
3FFB5
3FFA0
3FF89
3FF70
3FF58
3FF3F
3FF27
3FF10
3FEFB
3FEE8
3FED7
3FEC9
3FEBE
3FEB7
3FEB3
3FEB3
3FEB7
3FEBE
3FEC9
3FED6
3FEE7
3FEFA
3FF10
3FF27
3FF3F
3FF57
3FF70
3FF88
3FF9F
3FFB5
3FFC9
3FFDA
3FFE8
3FFF4
3FFFC
00000
00001
3FFFE
3FFF7
3FFED
3FFE0
3FFCF
3FFBD
3FFA8
3FF91
3FF79
3FF60
3FF48
3FF2F
3FF18
3FF02
3FEEE
3FEDC
3FECD
3FEC1
3FEB9
3FEB4
3FEB3
3FEB5
3FEBB
3FEC5
3FED1
3FEE1
3FEF4
3FF08
3FF1F
3FF37
3FF4F
3FF68
3FF81
3FF98
3FFAF
3FFC3
3FFD5
3FFE5
3FFF1
3FFFA
00000
00002
00000
3FFFB
3FFF2
3FFE5
3FFD6
3FFC4
3FFB0
3FF99
3FF82
3FF69
3FF50
3FF38
3FF20
3FF09
3FEF4
3FEE2
3FED2
3FEC5
3FEBB
3FEB5
3FEB2
3FEB3
3FEB8
3FEC1
3FECC
3FEDB
3FEED
3FF01
3FF17
3FF2F
3FF47
3FF60
3FF79
3FF91
3FFA8
3FFBD
3FFD0
3FFE1
3FFEF
3FFF9
00000
00003
00002
3FFFE
3FFF6
3FFEB
3FFDD
3FFCC
3FFB8
3FFA2
3FF8B
3FF72
3FF59
3FF40
3FF28
3FF11
3FEFB
3FEE8
3FED7
3FEC9
3FEBE
3FEB6
3FEB2
3FEB2
3FEB6
3FEBD
3FEC8
3FED6
3FEE7
3FEFA
3FF10
3FF27
3FF3F
3FF58
3FF71
3FF8A
3FFA2
3FFB8
3FFCC
3FFDD
3FFEC
3FFF7
00000
00004
00005
00002
3FFFB
3FFF1
3FFE4
3FFD3
3FFC0
3FFAB
3FF94
3FF7B
3FF62
3FF49
3FF31
3FF19
3FF02
3FEEE
3FEDC
3FECD
3FEC1
3FEB8
3FEB3
3FEB1
3FEB4
3FEBA
3FEC3
3FED0
3FEE1
3FEF3
3FF08
3FF1F
3FF38
3FF51
3FF6A
3FF83
3FF9B
3FFB2
3FFC7
3FFD9
3FFE9
3FFF6
3FFFF
00005
00007
00005
00000
3FFF7
3FFEB
3FFDB
3FFC9
3FFB4
3FF9D
3FF85
3FF6C
3FF53
3FF39
3FF21
3FF0A
3FEF4
3FEE1
3FED1
3FEC4
3FEBA
3FEB3
3FEB1
3FEB2
3FEB7
3FEBF
3FECB
3FEDB
3FEED
3FF01
3FF18
3FF30
3FF49
3FF62
3FF7C
3FF95
3FFAC
3FFC2
3FFD6
3FFE7
3FFF5
3FFFF
00006
0000A
00009
00005
3FFFD
3FFF2
3FFE3
3FFD1
3FFBD
3FFA7
3FF8F
3FF76
3FF5C
3FF43
3FF2A
3FF12
3FEFB
3FEE7
3FED6
3FEC7
3FEBC
3FEB5
3FEB1
3FEB0
3FEB4
3FEBB
3FEC6
3FED5
3FEE6
3FEFA
3FF10
3FF28
3FF41
3FF5B
3FF75
3FF8E
3FFA6
3FFBD
3FFD2
3FFE4
3FFF3
3FFFF
00007
0000C
0000D
0000A
00003
3FFF9
3FFEB
3FFDA
3FFC6
3FFB0
3FF99
3FF80
3FF66
3FF4C
3FF32
3FF1A
3FF03
3FEEE
3FEDB
3FECB
3FEBF
3FEB6
3FEB1
3FEAF
3FEB2
3FEB8
3FEC2
3FECF
3FEE0
3FEF3
3FF09
3FF21
3FF3A
3FF54
3FF6E
3FF88
3FFA1
3FFB8
3FFCE
3FFE1
3FFF2
3FFFF
00008
0000E
00011
0000F
00009
00000
3FFF3
3FFE3
3FFD0
3FFBB
3FFA3
3FF8A
3FF70
3FF56
3FF3C
3FF23
3FF0B
3FEF4
3FEE1
3FED0
3FEC2
3FEB8
3FEB1
3FEAE
3FEAF
3FEB4
3FEBD
3FECA
3FEDA
3FEEC
3FF02
3FF19
3FF32
3FF4C
3FF67
3FF81
3FF9B
3FFB3
3FFCA
3FFDE
3FFF0
3FFFF
0000A
00011
00015
00014
00010
00008
3FFFC
3FFEC
3FFDA
3FFC5
3FFAE
3FF95
3FF7B
3FF60
3FF46
3FF2C
3FF13
3FEFC
3FEE7
3FED4
3FEC5
3FEBA
3FEB2
3FEAE
3FEAD
3FEB1
3FEB9
3FEC4
3FED3
3FEE6
3FEFA
3FF12
3FF2A
3FF45
3FF60
3FF7B
3FF95
3FFAE
3FFC6
3FFDC
3FFEF
3FFFE
0000B
00014
00019
00019
00016
0000F
00004
3FFF6
3FFE4
3FFD0
3FFB9
3FFA0
3FF86
3FF6B
3FF50
3FF35
3FF1B
3FF03
3FEED
3FEDA
3FEC9
3FEBC
3FEB3
3FEAD
3FEAC
3FEAE
3FEB5
3FEBF
3FECD
3FEDF
3FEF3
3FF0A
3FF23
3FF3D
3FF58
3FF74
3FF8F
3FFA9
3FFC2
3FFD9
3FFED
3FFFE
0000C
00016
0001D
0001F
0001D
00017
0000E
00000
3FFEF
3FFDB
3FFC4
3FFAC
3FF92
3FF76
3FF5B
3FF3F
3FF25
3FF0B
3FEF4
3FEDF
3FECE
3FEBF
3FEB4
3FEAD
3FEAA
3FEAC
3FEB1
3FEBA
3FEC8
3FED8
3FEEC
3FF03
3FF1B
3FF36
3FF51
3FF6D
3FF89
3FFA5
3FFBE
3FFD6
3FFEC
3FFFE
0000E
00019
00021
00025
00024
00020
00017
0000A
3FFFA
3FFE7
3FFD1
3FFB8
3FF9E
3FF82
3FF66
3FF4A
3FF2E
3FF14
3FEFB
3FEE5
3FED2
3FEC2
3FEB6
3FEAE
3FEA9
3FEA9
3FEAD
3FEB6
3FEC2
3FED2
3FEE5
3FEFB
3FF14
3FF2E
3FF4A
3FF67
3FF83
3FFA0
3FFBB
3FFD4
3FFEB
3FFFF
0000F
0001D
00026
0002B
0002C
00028
00021
00015
00006
3FFF3
3FFDD
3FFC5
3FFAA
3FF8E
3FF72
3FF55
3FF38
3FF1D
3FF03
3FEEC
3FED7
3FEC6
3FEB8
3FEAE
3FEA9
3FEA7
3FEAA
3FEB1
3FEBC
3FECB
3FEDE
3FEF4
3FF0C
3FF27
3FF43
3FF60
3FF7E
3FF9B
3FFB7
3FFD1
3FFE9
3FFFF
00011
00020
0002B
00032
00034
00032
0002B
00021
00012
00000
3FFEB
3FFD2
3FFB8
3FF9C
3FF7E
3FF61
3FF43
3FF27
3FF0C
3FEF3
3FEDD
3FECA
3FEBB
3FEAF
3FEA8
3FEA5
3FEA7
3FEAD
3FEB7
3FEC5
3FED7
3FEED
3FF05
3FF20
3FF3C
3FF5A
3FF78
3FF96
3FFB3
3FFCF
3FFE8
00000
00013
00024
00030
00038
0003C
0003C
00036
0002D
0001F
0000E
3FFF9
3FFE1
3FFC6
3FFAA
3FF8C
3FF6D
3FF4F
3FF31
3FF15
3FEFB
3FEE3
3FECF
3FEBE
3FEB1
3FEA8
3FEA3
3FEA3
3FEA8
3FEB1
3FEBF
3FED0
3FEE5
3FEFD
3FF18
3FF35
3FF53
3FF72
3FF91
3FFAF
3FFCC
3FFE8
00000
00016
00028
00036
00040
00045
00046
00042
0003A
0002D
0001C
00008
3FFF0
3FFD5
3FFB8
3FF9A
3FF7B
3FF5C
3FF3D
3FF1F
3FF03
3FEEA
3FED4
3FEC1
3FEB2
3FEA8
3FEA2
3FEA0
3FEA4
3FEAC
3FEB8
3FEC9
3FEDE
3FEF6
3FF10
3FF2E
3FF4C
3FF6C
3FF8C
3FFAC
3FFCA
3FFE7
00001
00019
0002D
0003D
00048
0004F
00051
0004F
00048
0003C
0002C
00018
00000
3FFE5
3FFC8
3FFA9
3FF89
3FF69
3FF49
3FF2A
3FF0D
3FEF2
3FEDA
3FEC5
3FEB4
3FEA8
3FEA1
3FE9E
3FEA0
3FEA7
3FEB2
3FEC2
3FED6
3FEEE
3FF09
3FF26
3FF46
3FF66
3FF87
3FFA8
3FFC8
3FFE7
00003
0001C
00032
00044
00051
0005A
0005E
0005D
00057
0004C
0003C
00029
00011
3FFF7
3FFD9
3FFBA
3FF99
3FF78
3FF56
3FF36
3FF17
3FEFA
3FEE0
3FEC9
3FEB7
3FEA9
3FE9F
3FE9B
3FE9B
3FEA1
3FEAC
3FEBB
3FECE
3FEE6
3FF01
3FF1F
3FF3F
3FF60
3FF83
3FFA5
3FFC7
3FFE7
00005
00020
00038
0004C
0005B
00065
0006B
0006C
00067
0005D
0004F
0003C
00024
0000A
3FFEC
3FFCC
3FFAA
3FF87
3FF64
3FF42
3FF21
3FF03
3FEE7
3FECE
3FEBA
3FEAA
3FE9F
3FE98
3FE97
3FE9C
3FEA5
3FEB3
3FEC7
3FEDE
3FEF9
3FF17
3FF38
3FF5B
3FF7E
3FFA2
3FFC5
3FFE7
00007
00025
0003F
00054
00066
00072
0007A
0007C
00079
00070
00062
00050
00039
0001E
00000
3FFDF
3FFBC
3FF98
3FF74
3FF50
3FF2D
3FF0D
3FEEF
3FED4
3FEBD
3FEAB
3FE9E
3FE96
3FE93
3FE96
3FE9E
3FEAC
3FEBE
3FED6
3FEF1
3FF0F
3FF31
3FF55
3FF7A
3FF9F
3FFC4
3FFE9
0000B
0002A
00046
0005F
00072
00081
0008A
0008E
0008C
00085
00078
00066
00050
00035
00016
3FFF5
3FFD1
3FFAB
3FF85
3FF5F
3FF3B
3FF18
3FEF7
3FEDA
3FEC1
3FEAD
3FE9D
3FE93
3FE8F
3FE90
3FE97
3FEA4
3FEB6
3FECD
3FEE8
3FF07
3FF2A
3FF4F
3FF75
3FF9D
3FFC4
3FFEA
0000F
00031
0004F
0006A
00080
00091
0009D
000A2
000A2
0009C
00091
0007F
00069
0004E
0002F
0000C
3FFE7
3FFC0
3FF98
3FF70
3FF49
3FF24
3FF01
3FEE1
3FEC6
3FEAF
3FE9D
3FE91
3FE8A
3FE8A
3FE90
3FE9C
3FEAD
3FEC4
3FEDF
3FEFF
3FF23
3FF49
3FF71
3FF9A
3FFC4
3FFED
00014
00039
0005A
00078
00090
000A4
000B2
000B9
000BB
000B6
000AC
0009B
00085
0006A
0004A
00027
00000
3FFD7
3FFAD
3FF83
3FF59
3FF31
3FF0C
3FEE9
3FECB
3FEB1
3FE9D
3FE8E
3FE86
3FE84
3FE88
3FE93
3FEA3
3FEBA
3FED6
3FEF6
3FF1B
3FF43
3FF6D
3FF99
3FFC5
3FFF0
0001A
00042
00067
00087
000A3
000B9
000CA
000D4
000D7
000D4
000CB
000BB
000A5
00089
00069
00044
0001C
3FFF2
3FFC5
3FF98
3FF6C
3FF41
3FF18
3FEF2
3FED1
3FEB4
3FE9D
3FE8B
3FE81
3FE7D
3FE7F
3FE89
3FE99
3FEB0
3FECC
3FEED
3FF13
3FF3D
3FF69
3FF97
3FFC6
3FFF5
00022
0004E
00076
0009A
000B9
000D2
000E5
000F2
000F8
000F6
000EE
000DF
000C9
000AE
0008C
00066
0003C
0000F
3FFE1
3FFB1
3FF81
3FF52
3FF26
3FEFC
3FED7
3FEB7
3FE9D
3FE88
3FE7B
3FE75
3FE76
3FE7E
3FE8E
3FEA4
3FEC1
3FEE3
3FF0B
3FF36
3FF65
3FF96
3FFC9
3FFFB
0002C
0005C
00088
000AF
000D2
000EF
00106
00116
0011E
0011E
00118
00109
000F4
000D8
000B5
0008E
00062
00032
00000
3FFCD
3FF99
3FF66
3FF36
3FF08
3FEDF
3FEBB
3FE9C
3FE85
3FE75
3FE6C
3FE6B
3FE72
3FE81
3FE97
3FEB4
3FED8
3FF01
3FF2F
3FF61
3FF96
3FFCC
00003
00039
0006D
0009D
000CA
000F1
00112
0012D
00140
0014B
0014E
00149
0013B
00126
00109
000E6
000BC
0008D
0005B
00025
3FFED
3FFB5
3FF7E
3FF48
3FF16
3FEE8
3FEBF
3FE9C
3FE81
3FE6D
3FE61
3FE5E
3FE63
3FE71
3FE87
3FEA6
3FECB
3FEF6
3FF28
3FF5D
3FF96
3FFD1
0000D
00048
00082
000B8
000EA
00117
0013D
0015C
00173
00181
00187
00183
00177
00162
00145
00120
000F4
000C2
0008B
00051
00014
3FFD7
3FF9A
3FF5E
3FF26
3FEF2
3FEC3
3FE9C
3FE7B
3FE63
3FE54
3FE4E
3FE52
3FE5F
3FE75
3FE94
3FEBB
3FEEA
3FF1F
3FF59
3FF97
3FFD8
0001A
0005C
0009C
000D9
00112
00145
00171
00196
001B2
001C4
001CD
001CC
001C1
001AC
0018E
00167
00138
00102
000C7
00087
00044
00000
3FFBC
3FF79
3FF39
3FEFE
3FEC8
3FE9A
3FE74
3FE57
3FE43
3FE3A
3FE3B
3FE47
3FE5E
3FE7E
3FEA8
3FEDA
3FF13
3FF53
3FF98
3FFE0
0002A
00074
000BD
00103
00144
00180
001B4
001DF
00201
00219
00226
00227
0021E
00209
001EA
001C1
0018E
00153
00112
000CB
00081
00034
3FFE6
3FF9A
3FF51
3FF0C
3FECE
3FE97
3FE69
3FE46
3FE2D
3FE1F
3FE1E
3FE28
3FE3F
3FE61
3FE8D
3FEC4
3FF04
3FF4B
3FF98
3FFEA
0003E
00093
000E7
00139
00185
001CB
00209
0023E
00268
00287
00299
0029F
00298
00283
00263
00236
001FF
001BE
00175
00125
000CF
00077
0001E
3FFC5
3FF6F
3FF1E
3FED4
3FE92
3FE5A
3FE2D
3FE0C
3FDF9
3FDF3
3FDFC
3FE12
3FE36
3FE67
3FEA4
3FEEC
3FF3D
3FF96
3FFF4
00057
000BB
0011E
0017F
001DB
00230
0027C
002BE
002F4
0031C
00337
00342
0033E
0032B
00309
002D9
0029B
00251
001FD
001A0
0013D
000D5
0006A
00000
3FF98
3FF36
3FEDA
3FE88
3FE40
3FE06
3FDDA
3FDBE
3FDB2
3FDB7
3FDCC
3FDF3
3FE29
3FE6E
3FEC1
3FF20
3FF89
3FFFA
00071
000EB
00165
001DC
0024F
002BB
0031D
00373
003BB
003F3
0041A
0042F
00432
00422
003FF
003C9
00383
0032D
002CA
0025A
001E1
00161
000DD
00058
3FFD5
3FF56
3FEDF
3FE72
3FE12
3FDC2
3FD83
3FD57
3FD3F
3FD3C
3FD4E
3FD76
3FDB3
3FE04
3FE67
3FEDB
3FF5D
3FFEB
00081
0011E
001BC
0025A
002F4
00386
0040C
00485
004EE
00542
00582
005AB
005BB
005B3
00592
00558
00507
0049F
00424
00397
002FA
00253
001A3
000EF
0003B
3FF8B
3FEE3
3FE46
3FDB9
3FD3F
3FCDB
3FC90
3FC61
3FC4E
3FC5A
3FC84
3FCCC
3FD32
3FDB4
3FE50
3FF03
3FFC9
0009E
0017E
00264
00349
00428
004FB
005B9
0065E
006DF
00736
0075B
00746
006FB
00693
01120
3AA61
02F6F
0711D
3A27F
10C11
0BD52
31A05
39DB2
07DDD
024B9
3E330
0EC16
3C6BA
30562
25016
05DC8
35868
02CB0
37CCB
34E2B
0BBA7
04504
00C1F
0BFF4
3FBB0
09369
044D6
3F6EC
0CC96
39FB9
311A5
3BE6F
3724E
0E289
064A8
3BC55
3B1D9
3AA4C
3A2FE
0DD7D
09867
2D5F3
38D0F
0235F
02417
3B463
01778
305AE
0F5D0
2FC50
036A6
08606
02240
3DBCC
0E262
3FBD4
0FDC3
36B52
3C5A6
2D2E2
09840
092AE
2C1AE
3DD17
081DE
31142
0291B
03D8D
0E728
3D962
0051B
29AAF
00B69
38814
0397F
0CA2B
3ABD9
033E6
05532
12081
0B8BD
3C8EF
31F8C
390AE
3AC2A
070AE
3F1B3
006A2
3F9B4
07F34
0010F
3EA31
0AEF4
3B575
3ABCD
338D5
3FD95
396EB
05624
310DE
05AE0
001DB
03F59
003B3
0E04E
08547
3F24D
37BEE
00811
3BBE3
36251
3E6ED
02388
04D74
047F4
2E9DC
04BF9
029D3
0213E
3E768
38B9F
37569
0E240
07648
32B0B
09C99
3AC77
05808
071E3
3784C
39778
3CBCB
0D1D2
341E9
023AE
06FB3
3D7E1
13024
35572
108FC
318E1
031B6
2FF65
0E48C
2F6B3
05878
0128B
3CE82
0417A
14378
03267
33129
0587B
3F19F
02A72
02B58
3B0A3
3C542
3AC1A
3AFF8
029EE
2B8F2
007A1
34533
03FA7
047F1
05B5D
3D2DF
39645
37F41
32229
3E555
3789C
090B7
3B1B4
129D5
3D475
3BAB9
060E4
39058
2B2FD
321D7
00A63
10656
13055
017D0
0F388
38E2B
06B3B
15912
137DC
3B3DF
08863
3C436
09016
08AD9
3392A
3E061
38725
05B5F
0D215
05F83
3218F
35F93
0AA04
34D58
31F83
37F0A
3CADB
02C93
02AC3
3DEC6
3D8C2
0912F
3CEF6
11CBF
3318E
090AF
3A82C
39F63
33A8A
38DFD
3039A
09661
34255
07193
0C1BC
3E4D5
03176
1240B
3C106
03CCB
39A4F
2CFC3
03B22
32DEE
02CD2
30FA4
3DBBA
095E1
30805
018AD
3D041
01328
01ADF
35611
39375
00D94
3E79B
1A61E
0EBE8
001C0
398FC
0962E
3EF06
044D5
041A8
0C420
0C61D
3ECB1
31EFD
01366
2F69E
00BCF
03475
0CDD2
3696A
0025A
0AF91
356B8
34713
3D8F3
034C2
05030
3EC0B
02CFA
3A11A
11329
03B94
06A33
3AC8F
3855E
3F7D8
3BFF6
35886
0346E
0DC30
087A0
3A9BB
3CEC0
02A74
0391D
3B3A9
2A19B
13E7D
02717
3E3AF
072C4
080F0
02605
2C1F7
0D8E6
33487
3E1A0
3140F
046CA
05FC4
0411A
0012E
3CFE1
2A80D
36DC1
32E68
3FB2E
0777F
08C36
05FD0
036FB
3E0A3
2F594
0530D
3CB58
07B7D
3B3BE
023B4
0AE45
3AE9B
0BD70
36A2F
38F29
005AF
3C943
3CF51
38CC7
16A0A
032C0
2CD37
34776
363A4
39018
02DF7
0E768
1D41B
055C2
3E225
02C64
09B4E
14D9D
38BAA
3D024
31A86
02AF1
3C753
2B6FF
3D848
01476
088D3
1016F
3D9BE
03536
33D0E
2A4FF
0656C
07D07
32D22
07999
03B07
10727
26787
07C83
06A6A
13935
02F6D
03C42
3BDA2
3EB1A
02F9E
3AF8E
09639
3BA56
3A7CA
2EC9D
1A466
3A477
045E4
02528
31EE4
2FA91
06324
39BAA
0671A
32992
0865C
00F3F
3FB32
00870
00213
3C66F
02B5F
38A8E
327E6
01A2C
3ADEE
3E2C5
034B4
02FAC
349AC
38BC4
0B5FC
0349F
3FAE4
305D5
05D29
3608E
0109C
0A2A9
0E308
049BD
3C305
081CE
3CA62
07FC2
3BD8A
398C6
3F89B
04D65
0A356
05E5E
36217
0155D
016D0
3371A
005C6
3E0EE
3B04D
337E2
3979F
0A891
3B203
0A346
3CEAA
040B1
35196
3F2F6
19BFB
33006
34DAE
137F7
3EF08
10739
042D9
3083E
3CA88
0F762
1173F
3C634
353F2
35B40
0719A
177A6
394A1
03472
11DA4
39CDD
02C0F
3904D
06C5C
3E081
2FFD6
305F0
329C7
006BC
035F7
372BA
33896
07C94
2E376
10500
0194D
3E892
09EC1
3ACA3
00E8B
34721
38C80
06608
08566
0C95A
34F0D
3A64F
09113
14E4A
38AFB
06DBD
3475E
03A7B
0018C
276F3
3D961
09E04
321E4
3E8A6
35958
3FD2C
332CF
2A146
3EBAB
06AAA
33289
3B045
13392
0C260
33B7B
34350
3A9B2
012A4
3CF87
3375F
2C186
0B52C
3353E
37B3A
0A75A
398B2
2E311
3FB7C
037D5
0A855
37A87
3C684
0AC4A
3DB23
309C0
3FFE7
2EFA0
01D63
37761
3EF6F
084E5
33C62
050A3
2F605
3A42A
3C0C2
044C8
0AF8D
0319D
33687
34680
312D4
3E37B
3A5BA
00837
3A8FA
369E3
3F66C
03D85
3D7DC
3ED24
039CD
04BDB
339D7
03A29
002B0
06AC4
04D80
01222
37623
3FC51
098D5
3BF89
13BFC
3C6B2
033DB
3F14C
2FE99
06938
3FE1E
024D4
37E45
3D6E0
33CCF
0075D
399A6
021EE
0BCEB
3D655
3AC41
0C6BA
34854
3AD0E
059D4
0FA66
03AD1
00E7F
03CE0
02990
0342A
0972A
3AF7F
0230E
0BC79
376BE
3BB65
381BE
02D1F
075A9
0CD6C
31694
3DCA0
31145
08964
3B830
04B01
08E59
071EC
35B8A
07652
2F583
0317E
3DA42
017EF
36F68
0A278
350AC
0257E
35940
0BEE3
07159
034D2
3C8C6
3F76A
3A12C
32765
3FB8F
3599F
010B4
073B5
004A2
020E9
01182
04F9C
01ECF
108A8
3D253
38E3A
0AE80
01FC4
022E1
3A1DA
3F050
3E7BE
3B06A
3DBCC
0AAED
06BAB
391B2
36139
03F92
013F3
36029
07076
02878
3863B
00F42
2DA9E
3D3F2
3C591
32288
09971
3A29F
0C6E9
3E801
05C38
06379
3E653
075A7
3829E
327E1
031D8
3A756
35136
03C92
08A44
03B07
027F0
3256F
14D61
39103
3CD1F
3A92D
089D0
3E559
130C2
0F0DF
3BDB1
3FA05
3EAAB
36E4B
03D8C
025F1
3F263
3DC1B
04A44
0650E
3DAF1
3FA64
396F2
3A403
06BF6
00637
3A6F0
14157
3BC2F
3CC3E
0B587
3A6F1
06920
37097
00C11
07588
3D89D
3F0EA
3C56A
337DE
367E4
0B44F
3AC6B
36155
046E0
39767
398F0
04E73
06D11
3FCBF
37748
3CD0F
3BF9A
396B6
0452F
01AA6
0C0C1
3DD76
3BC2C
084D2
3BBB8
3CB79
08F1C
3728F
39667
35B44
0753B
0036B
2DB89
33F70
398FC
086A0
104EC
3F143
00468
07B63
013D3
0729B
3D02A
07A20
08214
3FC67
052E6
002BB
3DF76
3C3C9
39476
05CA5
3D1E5
0318D
04A2F
00300
3A5C6
0334B
0CD45
3BE4D
02A13
01D17
3FBAA
0003F
3C3EE
01161
3DFD4
3B207
3C602
39A01
3EDCB
0361A
0775F
3B369
01D23
39E31
039CF
020F0
05C2F
3DFB2
3B6B1
39886
0314F
08CEC
3B779
06D42
3AD81
3D679
0A741
08E6B
2CCE6
3A7C8
02304
39356
0384D
0CECA
3A1A1
35458
05BDD
3170D
3B68F
05462
082F0
315D9
0A6DF
37879
03027
3A3FF
097B8
000A2
06156
37BF9
08B87
0378B
35435
0533B
20046
39C3F
3FF65
048DB
053FB
04ED4
0B446
0B893
3DAEE
36077
03305
37F0F
0DE6E
368AB
3DAA0
045F8
00B76
05112
03184
01AA4
3EF93
088A4
0A886
324AA
336D6
0975F
08AF6
3F62D
104C6
076EA
31736
010D3
0F29D
391AC
3A02E
29E2C
0CBF0
38F34
3762B
390B8
0EC0C
022C4
056E5
01F29
323DA
072EA
3E39F
39428
343B7
0B296
00212
33D97
0560D
3F141
3C531
03407
0006A
3F2B8
37C27
00A43
0A891
00B7D
36017
3A050
3965C
037E7
08062
00F82
3D2CD
370E3
08DB0
031DE
0357A
145D3
05AF3
36673
3D309
3F47E
0278F
04BA1
38864
3D294
03BFA
3D6B8
32EF3
0081C
3D102
3D5EC
02E62
376C9
09278
04E89
000C2
040AC
37E7D
3D2F8
02ED2
044FF
014D9
3DAAA
026BD
0A63B
32691
3EC9A
3542E
3D8A7
0663C
038BF
07990
3E85D
00160
3EBC4
3CB3F
3FA88
3C9D1
01E66
01C7C
102FC
33AAA
0D5F6
36BC2
3DFFA
3B317
37B1A
00CDA
383D3
3FE74
040FF
3B540
099C0
05C6E
3E3F6
00034
05E29
00091
0D373
3ED8F
3CA27
3ED89
02D27
03134
07CB8
399E3
2FEA7
3BAB7
3DB7E
38333
038DB
3B016
3995D
0CCFA
00F3E
02729
3A524
0320F
04B4D
3BD72
3A84B
3E4F8
3EF28
3BECF
030E0
30099
3A1B3
01DA9
0B66F
04B38
0C65C
38A78
3FE9E
0E695
3D053
05D2A
3D1B4
399EA
0838E
3F58A
01ADC
0CD9A
03A6E
3D011
29403
38D5C
3C270
36B4A
3A85F
03DF5
05A84
3B902
38764
00A6E
02C7C
07662
3C0A8
0063A
3E0FC
02767
0327B
3FEB3
0459A
37DDA
35946
06D37
3CF10
047BD
07524
36EFF
39CBC
02968
02B40
01FF7
01B35
01844
0160E
0142F
0127B
010DD
00F4B
00DC0
00C3C
00AC0
0094E
007E8
00693
00550
00424
00310
00219
0013E
00083
3FFE8
3FF6D
3FF13
3FED9
3FEBD
3FEBF
3FEDC
3FF11
3FF5C
3FFB9
00026
0009E
0011E
001A2
00227
002A9
00325
00399
00400
0045A
004A4
004DC
00502
00515
00514
00500
004DA
004A3
0045C
00406
003A5
0033A
002C8
00251
001D8
0015F
000EA
0007A
00012
3FFB3
3FF60
3FF1B
3FEE4
3FEBC
3FEA4
3FE9B
3FEA3
3FEB9
3FEDE
3FF10
3FF4D
3FF94
3FFE4
0003A
00093
000EF
0014A
001A2
001F6
00244
00289
002C5
002F5
00319
00331
0033B
00338
00328
0030B
002E2
002AE
00270
0022A
001DD
0018B
00135
000DF
00088
00035
3FFE5
3FF9C
3FF59
3FF20
3FEF0
3FECB
3FEB2
3FEA4
3FEA3
3FEAD
3FEC2
3FEE3
3FF0D
3FF40
3FF7A
3FFBB
00000
00048
00091
000DA
00121
00164
001A1
001D9
00208
0022E
0024B
0025E
00266
00263
00256
0023E
0021D
001F2
001C0
00187
00149
00106
000C1
0007A
00035
3FFF1
3FFB0
3FF74
3FF3F
3FF10
3FEEA
3FECC
3FEB8
3FEAE
3FEAD
3FEB7
3FEC9
3FEE5
3FF09
3FF34
3FF66
3FF9D
3FFD7
00015
00053
00091
000CD
00106
0013A
0016A
00192
001B3
001CC
001DD
001E4
001E2
001D8
001C4
001A8
00185
0015A
0012A
000F5
000BC
00081
00045
00009
3FFCF
3FF97
3FF64
3FF36
3FF0D
3FEEC
3FED2
3FEC1
3FEB7
3FEB7
3FEBE
3FECE
3FEE6
3FF05
3FF2B
3FF56
3FF85
3FFB9
3FFEE
00024
0005B
00090
000C2
000F1
0011B
0013F
0015D
00174
00183
0018B
0018A
00182
00171
0015A
0013B
00117
000ED
000BF
0008D
00059
00024
3FFF0
3FFBC
3FF8B
3FF5D
3FF33
3FF0F
3FEF1
3FED9
3FEC9
3FEC0
3FEBF
3FEC5
3FED2
3FEE7
3FF01
3FF22
3FF48
3FF72
3FFA0
3FFCF
00000
00031
00060
0008E
000B8
000DF
00100
0011C
00132
00141
00148
00149
00143
00135
00121
00107
000E7
000C2
00099
0006D
0003F
0000F
3FFE0
3FFB1
3FF84
3FF5A
3FF34
3FF13
3FEF7
3FEE1
3FED1
3FEC8
3FEC5
3FECA
3FED5
3FEE7
3FEFE
3FF1B
3FF3D
3FF62
3FF8B
3FFB6
3FFE2
0000F
0003A
00064
0008B
000AF
000CF
000E9
000FE
0010C
00115
00117
00112
00107
000F6
000DF
000C3
000A2
0007D
00056
0002C
00001
3FFD5
3FFAA
3FF81
3FF5A
3FF37
3FF18
3FEFD
3FEE8
3FED8
3FECF
3FECB
3FECE
3FED7
3FEE6
3FEFB
3FF15
3FF33
3FF55
3FF7A
3FFA1
3FFCA
3FFF2
0001B
00042
00066
00088
000A6
000BF
000D3
000E2
000EB
000EE
000EB
000E2
000D4
000C0
000A7
00089
00068
00044
0001E
3FFF6
3FFCE
3FFA7
3FF80
3FF5C
3FF3B
3FF1D
3FF03
3FEEE
3FEDF
3FED5
3FED1
3FED2
3FED9
3FEE6
3FEF8
3FF0F
3FF2A
3FF49
3FF6B
3FF8F
3FFB4
3FFDA
00000
00025
00047
00067
00084
0009C
000B0
000BF
000C9
000CD
000CB
000C4
000B8
000A7
00090
00076
00058
00037
00014
3FFEF
3FFCA
3FFA5
3FF81
3FF5F
3FF3F
3FF22
3FF09
3FEF5
3FEE5
3FEDB
3FED6
3FED6
3FEDB
3FEE6
3FEF6
3FF0A
3FF23
3FF3F
3FF5E
3FF7F
3FFA2
3FFC5
3FFE9
0000B
0002C
0004B
00066
0007E
00092
000A1
000AC
000B1
000B1
000AB
000A1
00092
0007E
00066
0004B
0002D
0000C
3FFEA
3FFC7
3FFA5
3FF82
3FF62
3FF43
3FF28
3FF10
3FEFB
3FEEC
3FEE1
3FEDA
3FED9
3FEDD
3FEE6
3FEF4
3FF06
3FF1C
3FF36
3FF52
3FF71
3FF92
3FFB3
3FFD5
3FFF5
00015
00032
0004D
00064
00078
00088
00093
00099
0009A
00096
0008E
00081
0006F
0005A
00041
00025
00007
3FFE7
3FFC6
3FFA5
3FF85
3FF66
3FF48
3FF2D
3FF16
3FF02
3FEF2
3FEE6
3FEDF
3FEDD
3FEDF
3FEE7
3FEF2
3FF02
3FF16
3FF2E
3FF48
3FF65
3FF83
3FFA3
3FFC2
3FFE2
00000
0001C
00037
0004E
00061
00071
0007D
00084
00086
00084
0007D
00072
00062
0004F
00038
0001F
00002
3FFE5
3FFC6
3FFA7
3FF88
3FF6A
3FF4D
3FF33
3FF1C
3FF08
3FEF7
3FEEB
3FEE3
3FEE0
3FEE1
3FEE7
3FEF1
3FEFF
3FF11
3FF27
3FF3F
3FF5A
3FF76
3FF94
3FFB2
3FFD0
3FFED
00009
00023
00039
0004D
0005D
00069
00071
00075
00074
0006F
00065
00058
00046
00031
0001A
3FFFF
3FFE3
3FFC6
3FFA9
3FF8B
3FF6E
3FF52
3FF39
3FF22
3FF0E
3FEFD
3FEF0
3FEE8
3FEE3
3FEE3
3FEE8
3FEF0
3FEFD
3FF0D
3FF20
3FF37
3FF50
3FF6B
3FF87
3FFA4
3FFC0
3FFDD
3FFF7
00010
00027
0003B
0004B
00058
00061
00066
00066
00062
0005A
0004E
0003F
0002B
00016
3FFFD
3FFE3
3FFC7
3FFAB
3FF8E
3FF72
3FF58
3FF3F
3FF28
3FF14
3FF03
3FEF6
3FEEC
3FEE7
3FEE5
3FEE8
3FEEF
3FEFA
3FF09
3FF1B
3FF30
3FF47
3FF60
3FF7B
3FF96
3FFB2
3FFCD
3FFE7
00000
00016
0002A
0003B
00048
00052
00058
00059
00057
00050
00046
00038
00027
00012
3FFFC
3FFE3
3FFC9
3FFAE
3FF92
3FF77
3FF5D
3FF44
3FF2E
3FF1A
3FF09
3FEFB
3FEF1
3FEEA
3FEE8
3FEE9
3FEEF
3FEF8
3FF05
3FF16
3FF29
3FF3F
3FF56
3FF70
3FF8A
3FFA5
3FFBF
3FFD9
3FFF1
00007
0001B
0002C
0003A
00044
0004B
0004E
0004D
00048
0003F
00032
00022
00010
3FFFB
3FFE3
3FFCA
3FFB0
3FF96
3FF7C
3FF62
3FF4A
3FF34
3FF20
3FF0E
3FF00
3FEF5
3FEEE
3FEEA
3FEEB
3FEEF
3FEF7
3FF02
3FF11
3FF23
3FF37
3FF4E
3FF66
3FF7F
3FF98
3FFB2
3FFCB
3FFE3
3FFF9
0000D
0001E
0002D
00038
0003F
00043
00043
00040
00038
0002D
0001F
0000E
3FFFA
3FFE4
3FFCC
3FFB4
3FF9A
3FF81
3FF68
3FF50
3FF3A
3FF26
3FF14
3FF05
3FEF9
3FEF1
3FEED
3FEEC
3FEEF
3FEF6
3FF00
3FF0D
3FF1D
3FF30
3FF45
3FF5C
3FF74
3FF8D
3FFA6
3FFBE
3FFD6
3FFEC
00000
00012
00021
0002C
00035
0003A
0003B
00038
00032
00029
0001C
0000C
3FFFA
3FFE5
3FFCF
3FFB7
3FF9E
3FF86
3FF6D
3FF56
3FF40
3FF2C
3FF1A
3FF0A
3FEFE
3FEF5
3FEF0
3FEEE
3FEEF
3FEF5
3FEFD
3FF09
3FF18
3FF2A
3FF3E
3FF54
3FF6B
3FF82
3FF9B
3FFB3
3FFCA
3FFE0
3FFF4
00006
00015
00021
0002B
00031
00033
00032
0002D
00025
00019
0000B
3FFFA
3FFE6
3FFD1
3FFBA
3FFA3
3FF8B
3FF73
3FF5C
3FF46
3FF31
3FF1F
3FF10
3FF03
3FEF9
3FEF2
3FEEF
3FEF0
3FEF4
3FEFB
3FF06
3FF14
3FF24
3FF37
3FF4B
3FF62
3FF79
3FF90
3FFA7
3FFBE
3FFD4
3FFE8
3FFFA
0000A
00017
00021
00028
0002B
0002B
00028
00021
00017
0000A
3FFFA
3FFE8
3FFD3
3FFBE
3FFA7
3FF90
3FF78
3FF62
3FF4C
3FF37
3FF25
3FF15
3FF07
3FEFD
3FEF6
3FEF1
3FEF1
3FEF4
3FEFA
3FF03
3FF10
3FF1F
3FF30
3FF44
3FF59
3FF6F
3FF86
3FF9D
3FFB3
3FFC9
3FFDD
3FFF0
00000
0000E
00018
00020
00024
00026
00023
0001D
00015
00009
3FFFA
3FFE9
3FFD6
3FFC1
3FFAB
3FF95
3FF7E
3FF67
3FF52
3FF3D
3FF2B
3FF1A
3FF0C
3FF01
3FEF9
3FEF4
3FEF2
3FEF4
3FEF9
3FF01
3FF0C
3FF1A
3FF2A
3FF3D
3FF51
3FF66
3FF7D
3FF93
3FFA9
3FFBF
3FFD3
3FFE6
3FFF6
00004
00010
00018
0001E
00020
0001F
0001A
00013
00008
3FFFA
3FFEB
3FFD8
3FFC5
3FFB0
3FF9A
3FF83
3FF6D
3FF58
3FF43
3FF31
3FF20
3FF11
3FF05
3FEFC
3FEF6
3FEF3
3FEF4
3FEF8
3FEFF
3FF09
3FF16
3FF25
3FF36
3FF4A
3FF5E
3FF74
3FF8A
3FF9F
3FFB5
3FFC9
3FFDC
3FFED
3FFFC
00008
00011
00017
0001B
0001B
00017
00011
00007
3FFFB
3FFEC
3FFDB
3FFC8
3FFB4
3FF9F
3FF89
3FF73
3FF5E
3FF49
3FF36
3FF25
3FF16
3FF0A
3FF00
3FEF9
3FEF5
3FEF5
3FEF7
3FEFD
3FF06
3FF12
3FF20
3FF30
3FF43
3FF56
3FF6B
3FF81
3FF96
3FFAB
3FFC0
3FFD3
3FFE4
3FFF3
00000
0000A
00011
00016
00017
00014
0000F
00007
3FFFB
3FFEE
3FFDE
3FFCC
3FFB8
3FFA4
3FF8E
3FF79
3FF64
3FF50
3FF3C
3FF2B
3FF1B
3FF0E
3FF03
3FEFC
3FEF7
3FEF5
3FEF7
3FEFC
3FF03
3FF0E
3FF1B
3FF2A
3FF3C
3FF4F
3FF63
3FF78
3FF8D
3FFA2
3FFB6
3FFCA
3FFDB
3FFEB
3FFF8
00003
0000B
00011
00013
00012
0000D
00006
3FFFC
3FFEF
3FFE0
3FFCF
3FFBD
3FFA9
3FF94
3FF7F
3FF6A
3FF56
3FF42
3FF30
3FF20
3FF13
3FF07
3FEFF
3FEF9
3FEF6
3FEF7
3FEFA
3FF01
3FF0B
3FF17
3FF25
3FF36
3FF48
3FF5B
3FF70
3FF85
3FF99
3FFAE
3FFC1
3FFD3
3FFE3
3FFF1
3FFFD
00006
0000C
0000F
0000F
0000C
00006
3FFFD
3FFF1
3FFE3
3FFD3
3FFC1
3FFAE
3FF99
3FF85
3FF70
3FF5C
3FF48
3FF36
3FF26
3FF17
3FF0B
3FF02
3FEFB
3FEF8
3FEF7
3FEFA
3FEFF
3FF08
3FF13
3FF20
3FF30
3FF41
3FF54
3FF68
3FF7C
3FF91
3FFA5
3FFB8
3FFCB
3FFDB
3FFEA
3FFF6
00000
00007
0000B
0000C
0000A
00005
3FFFD
3FFF3
3FFE6
3FFD6
3FFC5
3FFB3
3FF9F
3FF8B
3FF76
3FF62
3FF4E
3FF3C
3FF2B
3FF1C
3FF10
3FF05
3FEFE
3FEF9
3FEF8
3FEF9
3FEFE
3FF05
3FF0F
3FF1B
3FF2A
3FF3B
3FF4D
3FF60
3FF74
3FF89
3FF9D
3FFB0
3FFC3
3FFD4
3FFE3
3FFF0
3FFFA
00002
00007
00009
00008
00005
3FFFE
3FFF4
3FFE8
3FFDA
3FFC9
3FFB8
3FFA4
3FF91
3FF7C
3FF68
3FF55
3FF42
3FF31
3FF21
3FF14
3FF09
3FF01
3FEFB
3FEF9
3FEF9
3FEFC
3FF03
3FF0C
3FF17
3FF25
3FF35
3FF46
3FF59
3FF6D
3FF81
3FF95
3FFA8
3FFBB
3FFCC
3FFDC
3FFEA
3FFF5
3FFFE
00004
00007
00007
00004
3FFFE
3FFF6
3FFEB
3FFDD
3FFCE
3FFBC
3FFAA
3FF96
3FF82
3FF6F
3FF5B
3FF48
3FF37
3FF27
3FF19
3FF0D
3FF04
3FEFD
3FEFA
3FEF9
3FEFB
3FF01
3FF08
3FF13
3FF20
3FF2F
3FF40
3FF52
3FF65
3FF79
3FF8D
3FFA1
3FFB3
3FFC5
3FFD5
3FFE3
3FFF0
3FFF9
00000
00004
00005
00003
3FFFF
3FFF7
3FFED
3FFE0
3FFD2
3FFC1
3FFAF
3FF9C
3FF89
3FF75
3FF61
3FF4E
3FF3C
3FF2C
3FF1D
3FF11
3FF07
3FF00
3FEFB
3FEF9
3FEFB
3FEFF
3FF06
3FF0F
3FF1B
3FF2A
3FF3A
3FF4B
3FF5E
3FF72
3FF85
3FF99
3FFAC
3FFBE
3FFCF
3FFDD
3FFEA
3FFF5
3FFFC
00001
00004
00003
3FFFF
3FFF9
3FFEF
3FFE4
3FFD6
3FFC6
3FFB5
3FFA2
3FF8F
3FF7B
3FF68
3FF54
3FF42
3FF31
3FF22
3FF15
3FF0A
3FF02
3FEFD
3FEFA
3FEFA
3FEFD
3FF03
3FF0C
3FF17
3FF25
3FF34
3FF45
3FF57
3FF6A
3FF7E
3FF92
3FFA5
3FFB7
3FFC8
3FFD7
3FFE5
3FFF0
3FFF9
3FFFF
00002
00002
3FFFF
3FFFA
3FFF2
3FFE7
3FFDA
3FFCB
3FFBA
3FFA8
3FF95
3FF82
3FF6E
3FF5B
3FF48
3FF37
3FF27
3FF1A
3FF0E
3FF05
3FEFF
3FEFB
3FEFA
3FEFC
3FF01
3FF09
3FF13
3FF20
3FF2E
3FF3F
3FF51
3FF63
3FF77
3FF8A
3FF9E
3FFB0
3FFC1
3FFD1
3FFDF
3FFEB
3FFF5
3FFFC
00000
00001
00000
3FFFB
3FFF4
3FFEA
3FFDE
3FFD0
3FFBF
3FFAE
3FF9B
3FF88
3FF75
3FF61
3FF4F
3FF3D
3FF2D
3FF1E
3FF12
3FF08
3FF01
3FEFC
3FEFA
3FEFB
3FEFF
3FF06
3FF0F
3FF1B
3FF29
3FF39
3FF4A
3FF5D
3FF70
3FF83
3FF96
3FFA9
3FFBB
3FFCB
3FFDA
3FFE7
3FFF1
3FFF9
3FFFE
00000
00000
3FFFC
3FFF6
3FFED
3FFE2
3FFD4
3FFC5
3FFB4
3FFA2
3FF8F
3FF7B
3FF68
3FF55
3FF43
3FF32
3FF23
3FF16
3FF0B
3FF03
3FEFD
3FEFB
3FEFB
3FEFE
3FF03
3FF0C
3FF17
3FF24
3FF33
3FF44
3FF56
3FF69
3FF7C
3FF8F
3FFA2
3FFB5
3FFC6
3FFD5
3FFE2
3FFED
3FFF6
3FFFC
00000
00000
3FFFE
3FFF8
3FFF0
3FFE6
3FFD9
3FFCA
3FFBA
3FFA8
3FF95
3FF82
3FF6E
3FF5B
3FF49
3FF38
3FF28
3FF1B
3FF0F
3FF06
3FEFF
3FEFB
3FEFA
3FEFC
3FF01
3FF09
3FF13
3FF1F
3FF2E
3FF3E
3FF4F
3FF62
3FF75
3FF89
3FF9C
3FFAE
3FFC0
3FFD0
3FFDE
3FFEA
3FFF3
3FFFA
3FFFF
00000
3FFFF
3FFFA
3FFF3
3FFEA
3FFDE
3FFD0
3FFC0
3FFAE
3FF9C
3FF89
3FF75
3FF62
3FF4F
3FF3E
3FF2E
3FF1F
3FF13
3FF09
3FF01
3FEFC
3FEFA
3FEFB
3FEFF
3FF06
3FF0F
3FF1B
3FF28
3FF38
3FF49
3FF5B
3FF6E
3FF82
3FF95
3FFA8
3FFBA
3FFCA
3FFD9
3FFE6
3FFF0
3FFF8
3FFFE
00000
00000
3FFFC
3FFF6
3FFED
3FFE2
3FFD5
3FFC6
3FFB5
3FFA2
3FF8F
3FF7C
3FF69
3FF56
3FF44
3FF33
3FF24
3FF17
3FF0C
3FF03
3FEFE
3FEFB
3FEFB
3FEFD
3FF03
3FF0B
3FF16
3FF23
3FF32
3FF43
3FF55
3FF68
3FF7B
3FF8F
3FFA2
3FFB4
3FFC5
3FFD4
3FFE2
3FFED
3FFF6
3FFFC
00000
00000
3FFFE
3FFF9
3FFF1
3FFE7
3FFDA
3FFCB
3FFBB
3FFA9
3FF96
3FF83
3FF70
3FF5D
3FF4A
3FF39
3FF29
3FF1B
3FF0F
3FF06
3FEFF
3FEFB
3FEFA
3FEFC
3FF01
3FF08
3FF12
3FF1E
3FF2D
3FF3D
3FF4F
3FF61
3FF75
3FF88
3FF9B
3FFAE
3FFBF
3FFD0
3FFDE
3FFEA
3FFF4
3FFFB
00000
00001
00000
3FFFC
3FFF5
3FFEB
3FFDF
3FFD1
3FFC1
3FFB0
3FF9E
3FF8A
3FF77
3FF63
3FF51
3FF3F
3FF2E
3FF20
3FF13
3FF09
3FF01
3FEFC
3FEFA
3FEFB
3FEFF
3FF05
3FF0E
3FF1A
3FF27
3FF37
3FF48
3FF5B
3FF6E
3FF82
3FF95
3FFA8
3FFBA
3FFCB
3FFDA
3FFE7
3FFF2
3FFFA
3FFFF
00002
00002
3FFFF
3FFF9
3FFF0
3FFE5
3FFD7
3FFC8
3FFB7
3FFA5
3FF92
3FF7E
3FF6A
3FF57
3FF45
3FF34
3FF25
3FF17
3FF0C
3FF03
3FEFD
3FEFA
3FEFA
3FEFD
3FF02
3FF0A
3FF15
3FF22
3FF31
3FF42
3FF54
3FF68
3FF7B
3FF8F
3FFA2
3FFB5
3FFC6
3FFD6
3FFE4
3FFEF
3FFF9
3FFFF
00003
00004
00001
3FFFC
3FFF5
3FFEA
3FFDD
3FFCF
3FFBE
3FFAC
3FF99
3FF85
3FF72
3FF5E
3FF4B
3FF3A
3FF2A
3FF1B
3FF0F
3FF06
3FEFF
3FEFB
3FEF9
3FEFB
3FF00
3FF07
3FF11
3FF1D
3FF2C
3FF3C
3FF4E
3FF61
3FF75
3FF89
3FF9C
3FFAF
3FFC1
3FFD2
3FFE0
3FFED
3FFF7
3FFFF
00003
00005
00004
00000
3FFF9
3FFF0
3FFE3
3FFD5
3FFC5
3FFB3
3FFA1
3FF8D
3FF79
3FF65
3FF52
3FF40
3FF2F
3FF20
3FF13
3FF08
3FF01
3FEFB
3FEF9
3FEFA
3FEFD
3FF04
3FF0D
3FF19
3FF27
3FF37
3FF48
3FF5B
3FF6F
3FF82
3FF96
3FFAA
3FFBC
3FFCE
3FFDD
3FFEB
3FFF6
3FFFE
00004
00007
00007
00004
3FFFE
3FFF5
3FFEA
3FFDC
3FFCC
3FFBB
3FFA8
3FF95
3FF81
3FF6D
3FF59
3FF46
3FF35
3FF25
3FF17
3FF0C
3FF03
3FEFC
3FEF9
3FEF9
3FEFB
3FF01
3FF09
3FF14
3FF21
3FF31
3FF42
3FF55
3FF68
3FF7C
3FF91
3FFA4
3FFB8
3FFC9
3FFDA
3FFE8
3FFF4
3FFFE
00005
00008
00009
00007
00002
3FFFA
3FFF0
3FFE3
3FFD4
3FFC3
3FFB0
3FF9D
3FF89
3FF74
3FF60
3FF4D
3FF3B
3FF2A
3FF1B
3FF0F
3FF05
3FEFE
3FEF9
3FEF8
3FEF9
3FEFE
3FF05
3FF10
3FF1C
3FF2B
3FF3C
3FF4E
3FF62
3FF76
3FF8B
3FF9F
3FFB3
3FFC5
3FFD6
3FFE6
3FFF3
3FFFD
00005
0000A
0000C
0000B
00007
00000
3FFF6
3FFEA
3FFDB
3FFCB
3FFB8
3FFA5
3FF91
3FF7C
3FF68
3FF54
3FF41
3FF30
3FF20
3FF13
3FF08
3FEFF
3FEFA
3FEF7
3FEF8
3FEFB
3FF02
3FF0B
3FF17
3FF26
3FF36
3FF48
3FF5C
3FF70
3FF85
3FF99
3FFAE
3FFC1
3FFD3
3FFE3
3FFF1
3FFFD
00006
0000C
0000F
0000F
0000C
00006
3FFFD
3FFF1
3FFE3
3FFD3
3FFC1
3FFAE
3FF99
3FF85
3FF70
3FF5B
3FF48
3FF36
3FF25
3FF17
3FF0B
3FF01
3FEFA
3FEF7
3FEF6
3FEF9
3FEFF
3FF07
3FF13
3FF20
3FF30
3FF42
3FF56
3FF6A
3FF7F
3FF94
3FFA9
3FFBD
3FFCF
3FFE0
3FFEF
3FFFC
00006
0000D
00012
00013
00011
0000B
00003
3FFF8
3FFEB
3FFDB
3FFCA
3FFB6
3FFA2
3FF8D
3FF78
3FF63
3FF4F
3FF3C
3FF2A
3FF1B
3FF0E
3FF03
3FEFC
3FEF7
3FEF5
3FEF7
3FEFC
3FF03
3FF0E
3FF1B
3FF2B
3FF3C
3FF50
3FF64
3FF79
3FF8E
3FFA4
3FFB8
3FFCC
3FFDE
3FFEE
3FFFB
00007
0000F
00014
00017
00016
00011
0000A
00000
3FFF3
3FFE4
3FFD3
3FFC0
3FFAB
3FF96
3FF81
3FF6B
3FF56
3FF43
3FF30
3FF20
3FF12
3FF06
3FEFD
3FEF7
3FEF5
3FEF5
3FEF9
3FF00
3FF0A
3FF16
3FF25
3FF36
3FF49
3FF5E
3FF73
3FF89
3FF9F
3FFB4
3FFC8
3FFDB
3FFEC
3FFFB
00007
00011
00017
0001B
0001B
00017
00011
00008
3FFFC
3FFED
3FFDC
3FFC9
3FFB5
3FF9F
3FF8A
3FF74
3FF5E
3FF4A
3FF36
3FF25
3FF16
3FF09
3FEFF
3FEF8
3FEF4
3FEF3
3FEF6
3FEFC
3FF05
3FF11
3FF20
3FF31
3FF43
3FF58
3FF6D
3FF83
3FF9A
3FFB0
3FFC5
3FFD8
3FFEB
3FFFA
00008
00013
0001A
0001F
00020
0001E
00018
00010
00004
3FFF6
3FFE6
3FFD3
3FFBF
3FFA9
3FF93
3FF7D
3FF66
3FF51
3FF3D
3FF2A
3FF1A
3FF0C
3FF01
3FEF9
3FEF4
3FEF2
3FEF4
3FEF9
3FF01
3FF0C
3FF1A
3FF2B
3FF3D
3FF52
3FF67
3FF7E
3FF95
3FFAB
3FFC1
3FFD6
3FFE9
3FFFA
00009
00015
0001D
00023
00026
00024
00020
00018
0000E
00000
3FFF0
3FFDD
3FFC9
3FFB3
3FF9D
3FF86
3FF6F
3FF59
3FF44
3FF30
3FF1F
3FF10
3FF03
3FEFA
3FEF4
3FEF1
3FEF1
3FEF6
3FEFD
3FF07
3FF15
3FF25
3FF37
3FF4C
3FF62
3FF78
3FF90
3FFA7
3FFBE
3FFD3
3FFE8
3FFFA
0000A
00017
00021
00028
0002B
0002B
00028
00021
00017
0000A
3FFFA
3FFE8
3FFD4
3FFBE
3FFA7
3FF90
3FF79
3FF62
3FF4B
3FF37
3FF24
3FF14
3FF06
3FEFB
3FEF4
3FEF0
3FEEF
3FEF2
3FEF9
3FF03
3FF10
3FF1F
3FF31
3FF46
3FF5C
3FF73
3FF8B
3FFA3
3FFBA
3FFD1
3FFE6
3FFFA
0000B
00019
00025
0002D
00032
00033
00031
0002B
00021
00015
00006
3FFF4
3FFE0
3FFCA
3FFB3
3FF9B
3FF82
3FF6B
3FF54
3FF3E
3FF2A
3FF18
3FF09
3FEFD
3FEF5
3FEEF
3FEEE
3FEF0
3FEF5
3FEFE
3FF0A
3FF1A
3FF2C
3FF40
3FF56
3FF6D
3FF86
3FF9E
3FFB7
3FFCF
3FFE5
3FFFA
0000C
0001C
00029
00032
00038
0003B
0003A
00035
0002C
00021
00012
00000
3FFEC
3FFD6
3FFBE
3FFA6
3FF8D
3FF74
3FF5C
3FF45
3FF30
3FF1D
3FF0D
3FF00
3FEF6
3FEEF
3FEEC
3FEED
3FEF1
3FEF9
3FF05
3FF14
3FF26
3FF3A
3FF50
3FF68
3FF81
3FF9A
3FFB4
3FFCC
3FFE4
3FFFA
0000E
0001F
0002D
00038
00040
00043
00043
0003F
00038
0002D
0001E
0000D
3FFF9
3FFE3
3FFCB
3FFB2
3FF98
3FF7F
3FF66
3FF4E
3FF37
3FF23
3FF11
3FF02
3FEF7
3FEEF
3FEEB
3FEEA
3FEEE
3FEF5
3FF00
3FF0E
3FF20
3FF34
3FF4A
3FF62
3FF7C
3FF96
3FFB0
3FFCA
3FFE3
3FFFB
00010
00022
00032
0003F
00048
0004D
0004E
0004B
00044
0003A
0002C
0001B
00007
3FFF1
3FFD9
3FFBF
3FFA5
3FF8A
3FF70
3FF56
3FF3F
3FF29
3FF16
3FF05
3FEF8
3FEEF
3FEE9
3FEE8
3FEEA
3FEF1
3FEFB
3FF09
3FF1A
3FF2E
3FF44
3FF5D
3FF77
3FF92
3FFAE
3FFC9
3FFE3
3FFFC
00012
00027
00038
00046
00050
00057
00059
00058
00052
00048
0003B
0002A
00016
00000
3FFE7
3FFCD
3FFB2
3FF96
3FF7B
3FF60
3FF47
3FF30
3FF1B
3FF09
3FEFA
3FEEF
3FEE8
3FEE5
3FEE7
3FEEC
3FEF6
3FF03
3FF14
3FF28
3FF3F
3FF58
3FF72
3FF8E
3FFAB
3FFC7
3FFE3
3FFFD
00016
0002B
0003F
0004E
0005A
00062
00066
00066
00061
00058
0004B
0003B
00027
00010
3FFF7
3FFDD
3FFC0
3FFA4
3FF87
3FF6B
3FF50
3FF37
3FF20
3FF0D
3FEFD
3FEF0
3FEE8
3FEE3
3FEE3
3FEE8
3FEF0
3FEFD
3FF0E
3FF22
3FF39
3FF52
3FF6E
3FF8B
3FFA9
3FFC6
3FFE3
3FFFF
0001A
00031
00046
00058
00065
0006F
00074
00075
00071
00069
0005D
0004D
00039
00023
00009
3FFED
3FFD0
3FFB2
3FF94
3FF76
3FF5A
3FF3F
3FF27
3FF11
3FEFF
3FEF1
3FEE7
3FEE1
3FEE0
3FEE3
3FEEB
3FEF7
3FF08
3FF1C
3FF33
3FF4D
3FF6A
3FF88
3FFA7
3FFC6
3FFE5
00002
0001F
00038
0004F
00062
00072
0007D
00084
00086
00084
0007D
00071
00061
0004E
00037
0001C
00000
3FFE2
3FFC2
3FFA3
3FF83
3FF65
3FF48
3FF2E
3FF16
3FF02
3FEF2
3FEE7
3FEDF
3FEDD
3FEDF
3FEE6
3FEF2
3FF02
3FF16
3FF2D
3FF48
3FF66
3FF85
3FFA5
3FFC6
3FFE7
00007
00025
00041
0005A
0006F
00081
0008E
00096
0009A
00099
00093
00088
00078
00064
0004D
00032
00015
3FFF5
3FFD5
3FFB3
3FF92
3FF71
3FF52
3FF36
3FF1C
3FF06
3FEF4
3FEE6
3FEDD
3FED9
3FEDA
3FEE1
3FEEC
3FEFB
3FF10
3FF28
3FF43
3FF62
3FF82
3FFA5
3FFC7
3FFEA
0000C
0002D
0004B
00066
0007E
00092
000A1
000AB
000B1
000B1
000AC
000A1
00092
0007E
00066
0004B
0002C
0000B
3FFE9
3FFC5
3FFA2
3FF7F
3FF5E
3FF3F
3FF23
3FF0A
3FEF6
3FEE6
3FEDB
3FED6
3FED6
3FEDB
3FEE5
3FEF5
3FF09
3FF22
3FF3F
3FF5F
3FF81
3FFA5
3FFCA
3FFEF
00014
00037
00058
00076
00090
000A7
000B8
000C4
000CB
000CD
000C9
000BF
000B0
0009C
00084
00067
00047
00025
00000
3FFDA
3FFB4
3FF8F
3FF6B
3FF49
3FF2A
3FF0F
3FEF8
3FEE6
3FED9
3FED2
3FED1
3FED5
3FEDF
3FEEE
3FF03
3FF1D
3FF3B
3FF5C
3FF80
3FFA7
3FFCE
3FFF6
0001E
00044
00068
00089
000A7
000C0
000D4
000E2
000EB
000EE
000EB
000E2
000D3
000BF
000A6
00088
00066
00042
0001B
3FFF2
3FFCA
3FFA1
3FF7A
3FF55
3FF33
3FF15
3FEFB
3FEE6
3FED7
3FECE
3FECB
3FECF
3FED8
3FEE8
3FEFD
3FF18
3FF37
3FF5A
3FF81
3FFAA
3FFD5
00001
0002C
00056
0007D
000A2
000C3
000DF
000F6
00107
00112
00117
00115
0010C
000FE
000E9
000CF
000AF
0008B
00064
0003A
0000F
3FFE2
3FFB6
3FF8B
3FF62
3FF3D
3FF1B
3FEFE
3FEE7
3FED5
3FECA
3FEC5
3FEC8
3FED1
3FEE1
3FEF7
3FF13
3FF34
3FF5A
3FF84
3FFB1
3FFE0
0000F
0003F
0006D
00099
000C2
000E7
00107
00121
00135
00143
00149
00148
00141
00132
0011C
00100
000DF
000B8
0008E
00060
00031
00000
3FFCF
3FFA0
3FF72
3FF48
3FF22
3FF01
3FEE7
3FED2
3FEC5
3FEBF
3FEC0
3FEC9
3FED9
3FEF1
3FF0F
3FF33
3FF5D
3FF8B
3FFBC
3FFF0
00024
00059
0008D
000BF
000ED
00117
0013B
0015A
00171
00182
0018A
0018B
00183
00174
0015D
0013F
0011B
000F1
000C2
00090
0005B
00024
3FFEE
3FFB9
3FF85
3FF56
3FF2B
3FF05
3FEE6
3FECE
3FEBE
3FEB7
3FEB7
3FEC1
3FED2
3FEEC
3FF0D
3FF36
3FF64
3FF97
3FFCF
00009
00045
00081
000BC
000F5
0012A
0015A
00185
001A8
001C4
001D8
001E2
001E4
001DD
001CC
001B3
00192
0016A
0013A
00106
000CD
00091
00053
00015
3FFD7
3FF9D
3FF66
3FF34
3FF09
3FEE5
3FEC9
3FEB7
3FEAD
3FEAE
3FEB8
3FECC
3FEEA
3FF10
3FF3F
3FF74
3FFB0
3FFF1
00035
0007A
000C1
00106
00149
00187
001C0
001F2
0021D
0023E
00256
00263
00266
0025E
0024B
0022E
00208
001D9
001A1
00164
00121
000DA
00091
00048
00000
3FFBB
3FF7A
3FF40
3FF0D
3FEE3
3FEC2
3FEAD
3FEA3
3FEA4
3FEB2
3FECB
3FEF0
3FF20
3FF59
3FF9C
3FFE5
00035
00088
000DF
00135
0018B
001DD
0022A
00270
002AE
002E2
0030B
00328
00338
0033B
00331
00319
002F5
002C5
00289
00244
001F6
001A2
0014A
000EF
00093
0003A
3FFE4
3FF94
3FF4D
3FF10
3FEDE
3FEB9
3FEA3
3FE9B
3FEA4
3FEBC
3FEE4
3FF1B
3FF60
3FFB3
00012
0007A
000EA
0015F
001D8
00251
002C8
0033A
003A5
00406
0045C
004A3
004DA
00500
00514
00515
00502
004DC
004A4
0045A
00400
00399
00325
002A9
00227
001A2
0011E
0009E
00026
3FFB9
3FF5C
3FF11
3FEDC
3FEBF
3FEBD
3FED9
3FF13
3FF6D
3FFE8
00083
0013E
00219
00310
00424
00550
00693
007E8
0094E
00AC0
00C3C
00DC0
00F4B
010DD
0127B
0142F
0160E
01844
01B35
01FF7
02B40
02968
39CBC
36EFF
07524
047BD
3CF10
06D37
35946
37DDA
0459A
3FEB3
0327B
02767
3E0FC
0063A
3C0A8
07662
02C7C
00A6E
38764
3B902
05A84
03DF5
3A85F
36B4A
3C270
38D5C
29403
3D011
03A6E
0CD9A
01ADC
3F58A
0838E
399EA
3D1B4
05D2A
3D053
0E695
3FE9E
38A78
0C65C
04B38
0B66F
01DA9
3A1B3
30099
030E0
3BECF
3EF28
3E4F8
3A84B
3BD72
04B4D
0320F
3A524
02729
00F3E
0CCFA
3995D
3B016
038DB
38333
3DB7E
3BAB7
2FEA7
399E3
07CB8
03134
02D27
3ED89
3CA27
3ED8F
0D373
00091
05E29
00034
3E3F6
05C6E
099C0
3B540
040FF
3FE74
383D3
00CDA
37B1A
3B317
3DFFA
36BC2
0D5F6
33AAA
102FC
01C7C
01E66
3C9D1
3FA88
3CB3F
3EBC4
00160
3E85D
07990
038BF
0663C
3D8A7
3542E
3EC9A
32691
0A63B
026BD
3DAAA
014D9
044FF
02ED2
3D2F8
37E7D
040AC
000C2
04E89
09278
376C9
02E62
3D5EC
3D102
0081C
32EF3
3D6B8
03BFA
3D294
38864
04BA1
0278F
3F47E
3D309
36673
05AF3
145D3
0357A
031DE
08DB0
370E3
3D2CD
00F82
08062
037E7
3965C
3A050
36017
00B7D
0A891
00A43
37C27
3F2B8
0006A
03407
3C531
3F141
0560D
33D97
00212
0B296
343B7
39428
3E39F
072EA
323DA
01F29
056E5
022C4
0EC0C
390B8
3762B
38F34
0CBF0
29E2C
3A02E
391AC
0F29D
010D3
31736
076EA
104C6
3F62D
08AF6
0975F
336D6
324AA
0A886
088A4
3EF93
01AA4
03184
05112
00B76
045F8
3DAA0
368AB
0DE6E
37F0F
03305
36077
3DAEE
0B893
0B446
04ED4
053FB
048DB
3FF65
39C3F
20046
0533B
35435
0378B
08B87
37BF9
06156
000A2
097B8
3A3FF
03027
37879
0A6DF
315D9
082F0
05462
3B68F
3170D
05BDD
35458
3A1A1
0CECA
0384D
39356
02304
3A7C8
2CCE6
08E6B
0A741
3D679
3AD81
06D42
3B779
08CEC
0314F
39886
3B6B1
3DFB2
05C2F
020F0
039CF
39E31
01D23
3B369
0775F
0361A
3EDCB
39A01
3C602
3B207
3DFD4
01161
3C3EE
0003F
3FBAA
01D17
02A13
3BE4D
0CD45
0334B
3A5C6
00300
04A2F
0318D
3D1E5
05CA5
39476
3C3C9
3DF76
002BB
052E6
3FC67
08214
07A20
3D02A
0729B
013D3
07B63
00468
3F143
104EC
086A0
398FC
33F70
2DB89
0036B
0753B
35B44
39667
3728F
08F1C
3CB79
3BBB8
084D2
3BC2C
3DD76
0C0C1
01AA6
0452F
396B6
3BF9A
3CD0F
37748
3FCBF
06D11
04E73
398F0
39767
046E0
36155
3AC6B
0B44F
367E4
337DE
3C56A
3F0EA
3D89D
07588
00C11
37097
06920
3A6F1
0B587
3CC3E
3BC2F
14157
3A6F0
00637
06BF6
3A403
396F2
3FA64
3DAF1
0650E
04A44
3DC1B
3F263
025F1
03D8C
36E4B
3EAAB
3FA05
3BDB1
0F0DF
130C2
3E559
089D0
3A92D
3CD1F
39103
14D61
3256F
027F0
03B07
08A44
03C92
35136
3A756
031D8
327E1
3829E
075A7
3E653
06379
05C38
3E801
0C6E9
3A29F
09971
32288
3C591
3D3F2
2DA9E
00F42
3863B
02878
07076
36029
013F3
03F92
36139
391B2
06BAB
0AAED
3DBCC
3B06A
3E7BE
3F050
3A1DA
022E1
01FC4
0AE80
38E3A
3D253
108A8
01ECF
04F9C
01182
020E9
004A2
073B5
010B4
3599F
3FB8F
32765
3A12C
3F76A
3C8C6
034D2
07159
0BEE3
35940
0257E
350AC
0A278
36F68
017EF
3DA42
0317E
2F583
07652
35B8A
071EC
08E59
04B01
3B830
08964
31145
3DCA0
31694
0CD6C
075A9
02D1F
381BE
3BB65
376BE
0BC79
0230E
3AF7F
0972A
0342A
02990
03CE0
00E7F
03AD1
0FA66
059D4
3AD0E
34854
0C6BA
3AC41
3D655
0BCEB
021EE
399A6
0075D
33CCF
3D6E0
37E45
024D4
3FE1E
06938
2FE99
3F14C
033DB
3C6B2
13BFC
3BF89
098D5
3FC51
37623
01222
04D80
06AC4
002B0
03A29
339D7
04BDB
039CD
3ED24
3D7DC
03D85
3F66C
369E3
3A8FA
00837
3A5BA
3E37B
312D4
34680
33687
0319D
0AF8D
044C8
3C0C2
3A42A
2F605
050A3
33C62
084E5
3EF6F
37761
01D63
2EFA0
3FFE7
309C0
3DB23
0AC4A
3C684
37A87
0A855
037D5
3FB7C
2E311
398B2
3D179
06512
04586
33885
32C10
3BA82
04BEF
330BD
3FD9D
33D0E
38C9B
3F4E9
2D0D7
0C375
05E51
049DA
3DD24
2D412
02DC7
38E27
02CAF
37004
3F746
0B585
3997A
31EF4
3BCEF
0C726
06030
3A755
37B3C
35082
05344
00F58
01843
39FF4
067A4
38231
00027
052D5
050FF
06AEB
04250
2E02F
03C5D
2F64D
3D525
08E16
30CF3
3BD0D
3D381
0E6F5
078D5
00262
049AF
3B17D
026F2
02A16
383F6
36520
09A8B
03961
00390
3D591
3833D
3EF87
3EC91
05DB2
3D028
3B41E
3F84F
10406
0AE54
03DEB
3F4AA
3D819
356DE
32462
07504
0916B
3EB65
0A127
3E13C
0041F
0485E
3C781
01AF8
038B2
0D6D5
3C328
39069
3CD4A
02892
0A581
08799
3DBDB
36EF4
3518A
04B0C
3D07C
3E070
0FFEB
3623D
39BA6
00A0B
3923A
36047
015D6
07AA5
0256F
3EA44
079B3
34C18
3D34E
025E6
37E8D
0330C
3FDE3
05CF0
01D65
3D954
33E59
3CB18
075EA
3BB85
3C49F
03513
030C0
0D4DB
04111
3667F
3AC94
30CE3
0E54C
3E0DD
3FFDE
3D356
03D0F
390EF
03841
091DE
37EC4
3A26E
02AA9
0BECD
12970
3DEF1
3DB7F
3CAA3
05758
3B0E8
08CB7
3597D
30CC3
36AE1
3CFEA
3D8C1
04E9C
0129A
3DC2C
36DA4
32EB0
0EC9E
36A60
04CD9
3F9D5
0524E
0506E
06120
31F06
0372D
04757
05154
06DAF
01DDA
3DC95
0D273
3F95F
3DE70
02F92
3B4F9
021C4
3F1D1
3D602
0A23E
0A97D
390C8
3F2EC
02D74
3F2C5
3D3EF
0634A
05A4E
384DE
3B8F4
30C84
3D5D0
3C830
00BAC
3CAAB
3E394
08547
05CDF
09A0C
3D290
36775
05CE7
3F241
052A8
02543
01DA1
05BF3
3DE22
0318B
37236
3E2F6
39FE0
3B12C
3EC47
34901
3C233
33D6D
3EFDD
3CA8A
3F143
34886
3C4AB
1FFF7
0BA09
3DB1F
2E891
04C11
3D4BE
3902A
0136F
3B7C3
3C83B
00B68
3BE10
05E1A
39C11
08C93
0B594
3FC67
03765
39090
3E99F
03898
3EF50
0F611
3CCAD
026B0
39A0F
07F22
0ADDE
3AAA9
05858
00BC8
3D591
3B5DF
06C39
3E747
07360
07235
066B9
3ECE1
3E8EE
3577C
000F5
3735F
39446
0A615
01C45
3FAAE
0371D
3EB0F
057C9
342C1
09094
3293E
3B2AB
057A7
365CC
345A2
3B57E
375B7
09419
075BB
3A572
12DF3
3CD2D
09EDA
058EB
3B269
32BD7
3C67B
366F2
0812A
04AE9
06AD5
346D0
01DFD
01C86
03B38
3739E
34BD5
3E005
0559D
366B2
0197C
041C1
36A7D
3E85A
3E696
04E75
345CA
0649F
3C474
1007C
014F5
06270
08AEE
3AEF8
06630
079C6
0321B
3FF67
3A018
3C8F3
01116
02F88
04204
380F4
3B030
04EA5
3C24E
3F66C
3A801
317ED
0E79C
3FF4D
06D74
3E7CB
06CC9
0062F
04ED4
38A76
395F1
054DD
03944
053B0
09719
3DD16
0C266
3A00B
01C67
3396E
3B55A
00CFC
369B0
3C9CA
01C33
35904
3ACD2
052EF
035C1
00BC1
3FA9A
382D6
0054F
3F267
00755
00A6F
01499
3E74F
3D645
34DB5
0557E
028D1
3C7E3
3FA95
0BA51
073D7
00512
03D75
094CF
3DAA9
38F6C
08CBA
047D7
37C33
2F16A
03B2E
39692
04E71
15000
3F16B
05A0A
3CD9A
3AAAD
016AC
37C8A
3481C
01E04
3D16C
005A5
36727
002C6
3E1F5
39EAB
3E21A
0590B
01009
04245
3A24B
0838A
0B21A
37B80
37BC9
01B1F
020BC
3FBF4
03E90
3D382
026FF
1294E
042BF
3EF06
3DC7F
0417B
35D74
01E57
3E696
3C2AC
3CB38
384D4
31AA9
041A9
0C5B8
3E80B
091E0
0375D
00E85
02AE7
0327D
0718B
3A3AA
0C686
35859
3630F
35986
3E4BC
3748C
0C643
035FA
36E6A
3FE76
012BB
34609
0A958
36CB3
3F893
0A8C8
08CEB
0716B
36EBC
10699
05329
3404C
3B1F2
3DB1B
30511
3EF0B
3D1F9
2E614
04FE1
05833
03A82
02536
03AD0
38548
087EA
05673
0E3CA
02FBF
02F48
00D2F
3A8E2
3A061
0194A
3ABCB
37E6D
03372
3B14A
04D08
3F608
3C0F8
39079
05428
3EAC6
05069
3C15A
07F42
02ADC
32652
398A8
3D55D
0FCA4
3B7FB
36A6A
0C9BF
3AD7A
01739
380F3
07EBB
0560A
3A748
03CC6
020EF
34BB5
3F71E
3DBD8
00BD1
0A744
3E997
3FF56
003A7
004FC
00555
0053D
004EA
00472
003E4
00349
002A6
00200
0015C
000BE
00029
3FFA0
3FF24
3FEB9
3FE60
3FE1A
3FDE7
3FDC9
3FDBF
3FDC8
3FDE4
3FE11
3FE4F
3FE9A
3FEF1
3FF51
3FFB8
00024
00092
000FF
00168
001CC
00229
0027B
002C1
002FB
00326
00342
0034F
0034C
0033A
00318
002E9
002AD
00266
00214
001BC
0015D
000FA
00096
00033
3FFD2
3FF76
3FF21
3FED4
3FE91
3FE5A
3FE2F
3FE11
3FE00
3FDFE
3FE09
3FE21
3FE46
3FE76
3FEB1
3FEF4
3FF3F
3FF8F
3FFE3
00039
0008F
000E3
00133
0017D
001C0
001FA
0022B
00251
0026B
00279
0027A
00270
00259
00237
0020B
001D5
00197
00152
00108
000BA
0006A
0001A
3FFCC
3FF81
3FF3B
3FEFB
3FEC2
3FE93
3FE6D
3FE51
3FE41
3FE3C
3FE42
3FE52
3FE6E
3FE93
3FEC1
3FEF7
3FF33
3FF74
3FFB9
00000
00047
0008E
000D1
00111
0014B
0017E
001A9
001CC
001E5
001F4
001F9
001F3
001E3
001CA
001A8
0017D
0014B
00113
000D5
00095
00052
0000E
3FFCB
3FF8B
3FF4E
3FF16
3FEE4
3FEBA
3FE97
3FE7D
3FE6C
3FE65
3FE67
3FE73
3FE88
3FEA5
3FECA
3FEF7
3FF29
3FF60
3FF9A
3FFD7
00015
00052
0008D
000C5
000F8
00126
0014E
0016E
00186
00196
0019D
0019B
00190
0017C
00161
0013E
00114
000E5
000B1
00079
00040
00005
3FFCA
3FF91
3FF5B
3FF29
3FEFC
3FED5
3FEB5
3FE9C
3FE8B
3FE82
3FE82
3FE8A
3FE9A
3FEB2
3FED0
3FEF6
3FF21
3FF50
3FF83
3FFB8
3FFEE
00024
00059
0008B
000BA
000E4
00109
00127
0013F
0014F
00158
00158
00151
00142
0012B
0010E
000EB
000C2
00095
00064
00032
3FFFD
3FFC9
3FF96
3FF65
3FF38
3FF0E
3FEEA
3FECB
3FEB3
3FEA2
3FE98
3FE95
3FE9B
3FEA7
3FEBA
3FED4
3FEF4
3FF19
3FF43
3FF70
3FF9F
3FFCF
00000
00030
0005E
00089
000B0
000D3
000F0
00107
00118
00121
00124
0011F
00113
00101
000E8
000CA
000A7
0007F
00054
00027
3FFF8
3FFC9
3FF9A
3FF6D
3FF43
3FF1C
3FEFA
3FEDD
3FEC5
3FEB4
3FEA9
3FEA5
3FEA8
3FEB1
3FEC1
3FED7
3FEF3
3FF13
3FF38
3FF60
3FF8A
3FFB6
3FFE3
0000F
00039
00061
00086
000A7
000C3
000DA
000EA
000F5
000F9
000F7
000EE
000DF
000CA
000B0
00091
0006E
00047
0001E
3FFF4
3FFC8
3FF9E
3FF74
3FF4C
3FF28
3FF07
3FEEB
3FED4
3FEC3
3FEB7
3FEB2
3FEB2
3FEB9
3FEC6
3FED9
3FEF1
3FF0E
3FF2E
3FF52
3FF79
3FFA1
3FFCA
3FFF3
0001A
00040
00063
00082
0009E
000B4
000C5
000D0
000D6
000D6
000CF
000C3
000B1
0009A
0007F
0005F
0003D
00017
3FFF0
3FFC9
3FFA1
3FF7A
3FF55
3FF32
3FF13
3FEF8
3FEE1
3FECF
3FEC3
3FEBC
3FEBB
3FEC0
3FECB
3FEDB
3FEF0
3FF09
3FF26
3FF47
3FF6A
3FF8F
3FFB5
3FFDB
00000
00024
00045
00063
0007E
00094
000A5
000B1
000B8
000BA
000B5
000AB
0009C
00088
00070
00054
00034
00012
3FFEE
3FFC9
3FFA4
3FF80
3FF5D
3FF3C
3FF1D
3FF03
3FEEC
3FEDA
3FECD
3FEC6
3FEC3
3FEC6
3FECF
3FEDC
3FEEE
3FF05
3FF1F
3FF3D
3FF5D
3FF7F
3FFA3
3FFC6
3FFE9
0000B
0002B
00048
00062
00078
0008A
00097
0009F
000A1
0009F
00097
0008B
00079
00064
0004A
0002E
0000E
3FFED
3FFCB
3FFA8
3FF85
3FF64
3FF44
3FF27
3FF0D
3FEF7
3FEE4
3FED7
3FECE
3FECA
3FECC
3FED2
3FEDD
3FEED
3FF01
3FF19
3FF34
3FF52
3FF71
3FF92
3FFB4
3FFD5
3FFF6
00014
00031
0004A
00060
00072
0007F
00088
0008C
0008C
00086
0007B
0006C
00059
00042
00028
0000B
3FFEC
3FFCC
3FFAB
3FF8A
3FF6A
3FF4C
3FF30
3FF16
3FF00
3FEEE
3FEDF
3FED6
3FED1
3FED1
3FED5
3FEDE
3FEEC
3FEFE
3FF13
3FF2C
3FF48
3FF65
3FF84
3FFA4
3FFC3
3FFE2
00000
0001C
00035
0004A
0005D
0006B
00075
0007A
0007B
00077
0006E
00061
00050
0003B
00023
00009
3FFEC
3FFCE
3FFAF
3FF90
3FF71
3FF54
3FF38
3FF1F
3FF09
3FEF6
3FEE8
3FEDD
3FED7
3FED5
3FED8
3FEE0
3FEEB
3FEFB
3FF0F
3FF25
3FF3F
3FF5A
3FF77
3FF95
3FFB3
3FFD1
3FFEE
00009
00021
00037
0004A
00058
00063
0006A
0006C
00069
00062
00057
00048
00036
00020
00007
3FFEC
3FFD0
3FFB2
3FF95
3FF77
3FF5B
3FF40
3FF27
3FF11
3FEFE
3FEEF
3FEE4
3FEDD
3FEDA
3FEDB
3FEE1
3FEEB
3FEF9
3FF0A
3FF1F
3FF36
3FF50
3FF6C
3FF88
3FFA5
3FFC1
3FFDD
3FFF8
00010
00026
00038
00048
00053
0005B
0005E
0005D
00058
0004E
00041
00031
0001D
00006
3FFED
3FFD2
3FFB6
3FF9A
3FF7D
3FF62
3FF47
3FF2F
3FF19
3FF06
3FEF6
3FEEA
3FEE2
3FEDE
3FEDE
3FEE2
3FEEB
3FEF7
3FF06
3FF19
3FF2F
3FF47
3FF61
3FF7C
3FF98
3FFB3
3FFCE
3FFE8
00000
00016
00029
00038
00045
0004D
00052
00052
0004E
00047
0003B
0002C
0001A
00005
3FFED
3FFD4
3FFBA
3FF9E
3FF83
3FF68
3FF4F
3FF37
3FF21
3FF0E
3FEFD
3FEF1
3FEE8
3FEE2
3FEE1
3FEE4
3FEEB
3FEF5
3FF03
3FF14
3FF28
3FF3F
3FF57
3FF71
3FF8B
3FFA6
3FFC0
3FFDA
3FFF1
00007
0001A
0002A
00037
00041
00046
00048
00046
0003F
00036
00028
00018
00004
3FFEE
3FFD7
3FFBD
3FFA3
3FF89
3FF6F
3FF56
3FF3E
3FF28
3FF15
3FF04
3FEF7
3FEED
3FEE7
3FEE4
3FEE6
3FEEB
3FEF4
3FF00
3FF10
3FF22
3FF37
3FF4E
3FF67
3FF80
3FF9A
3FFB3
3FFCC
3FFE4
3FFF9
0000D
0001D
0002B
00035
0003C
0003F
0003E
00039
00031
00025
00016
00004
3FFEF
3FFD9
3FFC1
3FFA8
3FF8F
3FF75
3FF5D
3FF45
3FF2F
3FF1C
3FF0B
3FEFD
3FEF2
3FEEB
3FEE7
3FEE7
3FEEB
3FEF3
3FEFE
3FF0C
3FF1D
3FF31
3FF46
3FF5D
3FF76
3FF8F
3FFA7
3FFC0
3FFD7
3FFEC
00000
00011
0001F
0002A
00032
00036
00036
00033
0002C
00022
00014
00004
3FFF1
3FFDB
3FFC5
3FFAD
3FF94
3FF7C
3FF63
3FF4C
3FF37
3FF23
3FF11
3FF03
3FEF7
3FEEF
3FEEB
3FEE9
3FEEC
3FEF2
3FEFC
3FF08
3FF18
3FF2A
3FF3F
3FF55
3FF6C
3FF84
3FF9C
3FFB4
3FFCB
3FFE0
3FFF4
00006
00014
00020
00029
0002E
0002F
0002D
00028
0001F
00013
00003
3FFF2
3FFDE
3FFC8
3FFB1
3FF9A
3FF82
3FF6A
3FF53
3FF3E
3FF2A
3FF18
3FF09
3FEFD
3FEF4
3FEEE
3FEEC
3FEED
3FEF2
3FEFA
3FF05
3FF13
3FF24
3FF38
3FF4C
3FF63
3FF7A
3FF91
3FFA9
3FFC0
3FFD5
3FFE9
3FFFB
0000A
00016
00020
00026
00029
00028
00024
0001C
00011
00003
3FFF3
3FFE0
3FFCC
3FFB6
3FF9F
3FF88
3FF71
3FF5A
3FF44
3FF30
3FF1E
3FF0F
3FF02
3FEF8
3FEF1
3FEEE
3FEEE
3FEF2
3FEF8
3FF02
3FF0F
3FF1F
3FF31
3FF45
3FF5A
3FF71
3FF88
3FF9E
3FFB5
3FFCA
3FFDE
3FFF0
00000
0000D
00017
0001E
00022
00023
00020
00019
00010
00003
3FFF4
3FFE3
3FFCF
3FFBB
3FFA4
3FF8E
3FF77
3FF61
3FF4B
3FF37
3FF25
3FF15
3FF07
3FEFD
3FEF5
3FEF1
3FEEF
3FEF2
3FEF7
3FF00
3FF0C
3FF1A
3FF2B
3FF3E
3FF52
3FF68
3FF7E
3FF94
3FFAB
3FFC0
3FFD4
3FFE6
3FFF7
00004
0000F
00017
0001C
0001E
0001C
00017
0000F
00004
3FFF6
3FFE5
3FFD3
3FFBF
3FFAA
3FF94
3FF7D
3FF67
3FF52
3FF3E
3FF2B
3FF1B
3FF0D
3FF01
3FEF9
3FEF3
3FEF1
3FEF2
3FEF7
3FEFE
3FF08
3FF16
3FF25
3FF37
3FF4B
3FF5F
3FF75
3FF8B
3FFA1
3FFB6
3FFCA
3FFDD
3FFED
3FFFC
00008
00010
00016
00019
00018
00015
0000E
00004
3FFF7
3FFE8
3FFD6
3FFC3
3FFAF
3FF99
3FF84
3FF6E
3FF59
3FF45
3FF32
3FF21
3FF12
3FF06
3FEFD
3FEF6
3FEF3
3FEF3
3FEF6
3FEFC
3FF06
3FF12
3FF20
3FF31
3FF44
3FF58
3FF6D
3FF82
3FF97
3FFAD
3FFC1
3FFD4
3FFE5
3FFF4
00000
0000A
00011
00014
00015
00012
0000C
00004
3FFF8
3FFEA
3FFDA
3FFC8
3FFB4
3FF9F
3FF8A
3FF75
3FF5F
3FF4B
3FF38
3FF27
3FF18
3FF0B
3FF01
3FEF9
3FEF5
3FEF4
3FEF6
3FEFB
3FF03
3FF0E
3FF1B
3FF2B
3FF3D
3FF50
3FF64
3FF79
3FF8F
3FFA3
3FFB8
3FFCB
3FFDC
3FFEC
3FFF9
00003
0000B
00010
00011
00010
0000B
00004
3FFF9
3FFEC
3FFDD
3FFCC
3FFB9
3FFA5
3FF90
3FF7B
3FF66
3FF52
3FF3F
3FF2D
3FF1D
3FF10
3FF05
3FEFD
3FEF7
3FEF5
3FEF6
3FEFA
3FF01
3FF0B
3FF17
3FF26
3FF37
3FF49
3FF5D
3FF71
3FF86
3FF9B
3FFAF
3FFC2
3FFD4
3FFE4
3FFF1
3FFFD
00005
0000B
0000E
0000E
0000A
00004
3FFFA
3FFEE
3FFE0
3FFD0
3FFBE
3FFAA
3FF96
3FF81
3FF6D
3FF59
3FF45
3FF33
3FF23
3FF15
3FF09
3FF00
3FEFA
3FEF6
3FEF6
3FEF9
3FEFF
3FF08
3FF13
3FF21
3FF31
3FF42
3FF55
3FF69
3FF7E
3FF92
3FFA6
3FFBA
3FFCC
3FFDC
3FFEA
3FFF7
00000
00007
0000A
0000B
00009
00004
3FFFB
3FFF1
3FFE3
3FFD4
3FFC3
3FFB0
3FF9C
3FF88
3FF73
3FF5F
3FF4C
3FF3A
3FF29
3FF1A
3FF0E
3FF04
3FEFC
3FEF8
3FEF7
3FEF9
3FEFD
3FF05
3FF0F
3FF1C
3FF2B
3FF3C
3FF4E
3FF61
3FF76
3FF8A
3FF9E
3FFB1
3FFC4
3FFD5
3FFE4
3FFF0
3FFFB
00002
00007
00009
00008
00003
3FFFC
3FFF3
3FFE6
3FFD8
3FFC7
3FFB5
3FFA2
3FF8E
3FF7A
3FF66
3FF52
3FF40
3FF2F
3FF1F
3FF12
3FF08
3FEFF
3FEFA
3FEF8
3FEF8
3FEFC
3FF03
3FF0C
3FF18
3FF26
3FF36
3FF47
3FF5A
3FF6E
3FF82
3FF96
3FFA9
3FFBC
3FFCD
3FFDD
3FFEA
3FFF5
3FFFE
00004
00006
00006
00003
3FFFD
3FFF4
3FFE9
3FFDB
3FFCC
3FFBB
3FFA8
3FF94
3FF80
3FF6C
3FF59
3FF46
3FF35
3FF25
3FF17
3FF0C
3FF03
3FEFC
3FEF9
3FEF9
3FEFB
3FF00
3FF09
3FF13
3FF21
3FF30
3FF41
3FF53
3FF66
3FF7A
3FF8E
3FFA1
3FFB4
3FFC6
3FFD6
3FFE4
3FFF0
3FFF9
00000
00004
00005
00003
3FFFE
3FFF6
3FFEC
3FFDF
3FFD0
3FFC0
3FFAE
3FF9B
3FF87
3FF73
3FF60
3FF4D
3FF3B
3FF2B
3FF1C
3FF10
3FF06
3FEFF
3FEFA
3FEF9
3FEFA
3FEFF
3FF06
3FF10
3FF1C
3FF2A
3FF3A
3FF4C
3FF5F
3FF72
3FF86
3FF9A
3FFAD
3FFBF
3FFCF
3FFDE
3FFEB
3FFF5
3FFFC
00001
00003
00002
3FFFF
3FFF8
3FFEF
3FFE3
3FFD5
3FFC5
3FFB3
3FFA1
3FF8E
3FF7A
3FF66
3FF53
3FF41
3FF30
3FF21
3FF14
3FF0A
3FF02
3FEFC
3FEFA
3FEFA
3FEFD
3FF03
3FF0C
3FF17
3FF25
3FF35
3FF46
3FF58
3FF6B
3FF7F
3FF92
3FFA5
3FFB8
3FFC9
3FFD8
3FFE5
3FFF0
3FFF9
3FFFF
00002
00002
3FFFF
3FFF9
3FFF1
3FFE6
3FFD9
3FFCA
3FFB9
3FFA7
3FF94
3FF81
3FF6D
3FF5A
3FF47
3FF36
3FF27
3FF19
3FF0D
3FF04
3FEFE
3FEFB
3FEFA
3FEFC
3FF01
3FF09
3FF13
3FF20
3FF2F
3FF3F
3FF51
3FF64
3FF77
3FF8B
3FF9E
3FFB1
3FFC2
3FFD2
3FFE0
3FFEC
3FFF5
3FFFC
00000
00001
3FFFF
3FFFB
3FFF4
3FFEA
3FFDD
3FFCF
3FFBF
3FFAD
3FF9B
3FF87
3FF74
3FF61
3FF4E
3FF3C
3FF2C
3FF1E
3FF12
3FF08
3FF00
3FEFC
3FEFA
3FEFB
3FEFF
3FF06
3FF10
3FF1B
3FF29
3FF39
3FF4A
3FF5D
3FF70
3FF84
3FF97
3FFAA
3FFBB
3FFCC
3FFDA
3FFE7
3FFF1
3FFF9
3FFFE
00000
00000
3FFFC
3FFF6
3FFED
3FFE2
3FFD4
3FFC4
3FFB3
3FFA1
3FF8E
3FF7B
3FF67
3FF55
3FF43
3FF32
3FF23
3FF16
3FF0B
3FF03
3FEFD
3FEFB
3FEFB
3FEFE
3FF03
3FF0C
3FF17
3FF24
3FF33
3FF44
3FF56
3FF69
3FF7C
3FF90
3FFA3
3FFB5
3FFC6
3FFD5
3FFE2
3FFEE
3FFF6
3FFFC
00000
00000
3FFFD
3FFF8
3FFF0
3FFE6
3FFD9
3FFCA
3FFBA
3FFA8
3FF95
3FF82
3FF6E
3FF5B
3FF49
3FF38
3FF28
3FF1A
3FF0F
3FF06
3FEFF
3FEFB
3FEFA
3FEFC
3FF01
3FF09
3FF13
3FF1F
3FF2E
3FF3E
3FF4F
3FF62
3FF75
3FF89
3FF9C
3FFAE
3FFC0
3FFD0
3FFDE
3FFEA
3FFF3
3FFFA
3FFFF
00000
3FFFF
3FFFA
3FFF3
3FFEA
3FFDE
3FFD0
3FFC0
3FFAE
3FF9C
3FF89
3FF75
3FF62
3FF4F
3FF3E
3FF2E
3FF1F
3FF13
3FF09
3FF01
3FEFC
3FEFA
3FEFB
3FEFF
3FF06
3FF0F
3FF1A
3FF28
3FF38
3FF49
3FF5B
3FF6E
3FF82
3FF95
3FFA8
3FFBA
3FFCA
3FFD9
3FFE6
3FFF0
3FFF8
3FFFD
00000
00000
3FFFC
3FFF6
3FFEE
3FFE2
3FFD5
3FFC6
3FFB5
3FFA3
3FF90
3FF7C
3FF69
3FF56
3FF44
3FF33
3FF24
3FF17
3FF0C
3FF03
3FEFE
3FEFB
3FEFB
3FEFD
3FF03
3FF0B
3FF16
3FF23
3FF32
3FF43
3FF55
3FF67
3FF7B
3FF8E
3FFA1
3FFB3
3FFC4
3FFD4
3FFE2
3FFED
3FFF6
3FFFC
00000
00000
3FFFE
3FFF9
3FFF1
3FFE7
3FFDA
3FFCC
3FFBB
3FFAA
3FF97
3FF84
3FF70
3FF5D
3FF4A
3FF39
3FF29
3FF1B
3FF10
3FF06
3FEFF
3FEFB
3FEFA
3FEFC
3FF00
3FF08
3FF12
3FF1E
3FF2C
3FF3C
3FF4E
3FF61
3FF74
3FF87
3FF9B
3FFAD
3FFBF
3FFCF
3FFDD
3FFEA
3FFF4
3FFFB
3FFFF
00001
00000
3FFFC
3FFF5
3FFEC
3FFE0
3FFD2
3FFC2
3FFB1
3FF9E
3FF8B
3FF77
3FF64
3FF51
3FF3F
3FF2F
3FF20
3FF13
3FF09
3FF01
3FEFC
3FEFA
3FEFB
3FEFE
3FF04
3FF0D
3FF19
3FF27
3FF36
3FF47
3FF5A
3FF6D
3FF81
3FF94
3FFA7
3FFB9
3FFCA
3FFD9
3FFE6
3FFF1
3FFF9
3FFFF
00002
00002
3FFFF
3FFF9
3FFF0
3FFE5
3FFD8
3FFC9
3FFB8
3FFA5
3FF92
3FF7F
3FF6B
3FF58
3FF46
3FF35
3FF25
3FF17
3FF0C
3FF03
3FEFD
3FEFA
3FEFA
3FEFC
3FF02
3FF0A
3FF14
3FF21
3FF30
3FF41
3FF53
3FF66
3FF7A
3FF8E
3FFA1
3FFB3
3FFC5
3FFD5
3FFE3
3FFEF
3FFF8
3FFFF
00002
00003
00001
3FFFC
3FFF5
3FFEB
3FFDE
3FFCF
3FFBF
3FFAD
3FF9A
3FF86
3FF72
3FF5F
3FF4C
3FF3A
3FF2A
3FF1C
3FF10
3FF06
3FEFF
3FEFA
3FEF9
3FEFA
3FEFF
3FF06
3FF10
3FF1C
3FF2B
3FF3B
3FF4D
3FF60
3FF73
3FF87
3FF9B
3FFAE
3FFC0
3FFD0
3FFDF
3FFEC
3FFF6
3FFFE
00003
00005
00004
00000
3FFF9
3FFF0
3FFE4
3FFD6
3FFC6
3FFB4
3FFA1
3FF8E
3FF7A
3FF66
3FF53
3FF41
3FF30
3FF21
3FF13
3FF09
3FF00
3FEFB
3FEF9
3FEF9
3FEFC
3FF03
3FF0C
3FF17
3FF25
3FF35
3FF46
3FF59
3FF6C
3FF80
3FF94
3FFA8
3FFBB
3FFCC
3FFDB
3FFE9
3FFF4
3FFFD
00003
00006
00006
00004
3FFFE
3FFF5
3FFEA
3FFDD
3FFCD
3FFBC
3FFA9
3FF96
3FF82
3FF6E
3FF5A
3FF47
3FF36
3FF26
3FF18
3FF0C
3FF03
3FEFC
3FEF8
3FEF8
3FEFA
3FEFF
3FF08
3FF12
3FF1F
3FF2F
3FF40
3FF52
3FF66
3FF7A
3FF8E
3FFA2
3FFB5
3FFC7
3FFD8
3FFE6
3FFF3
3FFFC
00003
00008
00009
00007
00002
3FFFB
3FFF0
3FFE4
3FFD5
3FFC4
3FFB1
3FF9E
3FF8A
3FF76
3FF61
3FF4E
3FF3C
3FF2B
3FF1C
3FF0F
3FF05
3FEFD
3FEF9
3FEF7
3FEF8
3FEFC
3FF04
3FF0E
3FF1A
3FF29
3FF3A
3FF4C
3FF5F
3FF73
3FF88
3FF9C
3FFB0
3FFC3
3FFD4
3FFE3
3FFF1
3FFFB
00004
00009
0000B
0000A
00007
00000
3FFF7
3FFEA
3FFDC
3FFCC
3FFBA
3FFA6
3FF92
3FF7E
3FF69
3FF55
3FF42
3FF31
3FF21
3FF13
3FF08
3FEFF
3FEF9
3FEF6
3FEF6
3FEFA
3FF00
3FF09
3FF15
3FF23
3FF33
3FF45
3FF59
3FF6D
3FF81
3FF96
3FFAA
3FFBE
3FFD0
3FFE0
3FFEE
3FFFA
00004
0000A
0000E
0000E
0000B
00005
3FFFD
3FFF1
3FFE4
3FFD4
3FFC2
3FFAF
3FF9B
3FF86
3FF71
3FF5D
3FF49
3FF37
3FF26
3FF17
3FF0B
3FF01
3FEFA
3FEF6
3FEF5
3FEF7
3FEFD
3FF05
3FF10
3FF1D
3FF2D
3FF3F
3FF52
3FF66
3FF7B
3FF90
3FFA5
3FFB9
3FFCC
3FFDD
3FFEC
3FFF9
00004
0000B
00010
00011
00010
0000B
00003
3FFF9
3FFEC
3FFDC
3FFCB
3FFB8
3FFA3
3FF8F
3FF79
3FF64
3FF50
3FF3D
3FF2B
3FF1B
3FF0E
3FF03
3FEFB
3FEF6
3FEF4
3FEF5
3FEF9
3FF01
3FF0B
3FF18
3FF27
3FF38
3FF4B
3FF5F
3FF75
3FF8A
3FF9F
3FFB4
3FFC8
3FFDA
3FFEA
3FFF8
00004
0000C
00012
00015
00014
00011
0000A
00000
3FFF4
3FFE5
3FFD4
3FFC1
3FFAD
3FF97
3FF82
3FF6D
3FF58
3FF44
3FF31
3FF20
3FF12
3FF06
3FEFC
3FEF6
3FEF3
3FEF3
3FEF6
3FEFD
3FF06
3FF12
3FF21
3FF32
3FF45
3FF59
3FF6E
3FF84
3FF99
3FFAF
3FFC3
3FFD6
3FFE8
3FFF7
00004
0000E
00015
00018
00019
00016
00010
00008
3FFFC
3FFED
3FFDD
3FFCA
3FFB6
3FFA1
3FF8B
3FF75
3FF5F
3FF4B
3FF37
3FF25
3FF16
3FF08
3FEFE
3FEF7
3FEF2
3FEF1
3FEF3
3FEF9
3FF01
3FF0D
3FF1B
3FF2B
3FF3E
3FF52
3FF67
3FF7D
3FF94
3FFAA
3FFBF
3FFD3
3FFE5
3FFF6
00004
0000F
00017
0001C
0001E
0001C
00017
0000F
00004
3FFF7
3FFE6
3FFD4
3FFC0
3FFAB
3FF94
3FF7E
3FF68
3FF52
3FF3E
3FF2B
3FF1A
3FF0C
3FF00
3FEF7
3FEF2
3FEEF
3FEF1
3FEF5
3FEFD
3FF07
3FF15
3FF25
3FF37
3FF4B
3FF61
3FF77
3FF8E
3FFA4
3FFBB
3FFCF
3FFE3
3FFF4
00003
00010
00019
00020
00023
00022
0001E
00017
0000D
00000
3FFF0
3FFDE
3FFCA
3FFB5
3FF9E
3FF88
3FF71
3FF5A
3FF45
3FF31
3FF1F
3FF0F
3FF02
3FEF8
3FEF2
3FEEE
3FEEE
3FEF1
3FEF8
3FF02
3FF0F
3FF1E
3FF30
3FF44
3FF5A
3FF71
3FF88
3FF9F
3FFB6
3FFCC
3FFE0
3FFF3
00003
00011
0001C
00024
00028
00029
00026
00020
00016
0000A
3FFFB
3FFE9
3FFD5
3FFC0
3FFA9
3FF91
3FF7A
3FF63
3FF4C
3FF38
3FF24
3FF13
3FF05
3FEFA
3FEF2
3FEED
3FEEC
3FEEE
3FEF4
3FEFD
3FF09
3FF18
3FF2A
3FF3E
3FF53
3FF6A
3FF82
3FF9A
3FFB1
3FFC8
3FFDE
3FFF2
00003
00013
0001F
00028
0002D
0002F
0002E
00029
00020
00014
00006
3FFF4
3FFE0
3FFCB
3FFB4
3FF9C
3FF84
3FF6C
3FF55
3FF3F
3FF2A
3FF18
3FF08
3FEFC
3FEF2
3FEEC
3FEE9
3FEEB
3FEEF
3FEF7
3FF03
3FF11
3FF23
3FF37
3FF4C
3FF63
3FF7C
3FF94
3FFAD
3FFC5
3FFDB
3FFF1
00004
00014
00022
0002C
00033
00036
00036
00032
0002A
0001F
00011
00000
3FFEC
3FFD7
3FFC0
3FFA7
3FF8F
3FF76
3FF5D
3FF46
3FF31
3FF1D
3FF0C
3FEFE
3FEF3
3FEEB
3FEE7
3FEE7
3FEEB
3FEF2
3FEFD
3FF0B
3FF1C
3FF2F
3FF45
3FF5D
3FF75
3FF8F
3FFA8
3FFC1
3FFD9
3FFEF
00004
00016
00025
00031
00039
0003E
0003F
0003C
00035
0002B
0001D
0000D
3FFF9
3FFE4
3FFCC
3FFB3
3FF9A
3FF80
3FF67
3FF4E
3FF37
3FF22
3FF10
3FF00
3FEF4
3FEEB
3FEE6
3FEE4
3FEE7
3FEED
3FEF7
3FF04
3FF15
3FF28
3FF3E
3FF56
3FF6F
3FF89
3FFA3
3FFBD
3FFD7
3FFEE
00004
00018
00028
00036
0003F
00046
00048
00046
00041
00037
0002A
0001A
00007
3FFF1
3FFDA
3FFC0
3FFA6
3FF8B
3FF71
3FF57
3FF3F
3FF28
3FF14
3FF03
3FEF5
3FEEB
3FEE4
3FEE1
3FEE2
3FEE8
3FEF1
3FEFD
3FF0E
3FF21
3FF37
3FF4F
3FF68
3FF83
3FF9E
3FFBA
3FFD4
3FFED
00005
0001A
0002C
0003B
00047
0004E
00052
00052
0004D
00045
00038
00029
00016
00000
3FFE8
3FFCE
3FFB3
3FF98
3FF7C
3FF61
3FF47
3FF2F
3FF19
3FF06
3FEF7
3FEEB
3FEE2
3FEDE
3FEDE
3FEE2
3FEEA
3FEF6
3FF06
3FF19
3FF2F
3FF47
3FF62
3FF7D
3FF9A
3FFB6
3FFD2
3FFED
00006
0001D
00031
00041
0004E
00058
0005D
0005E
0005B
00053
00048
00038
00026
00010
3FFF8
3FFDD
3FFC1
3FFA5
3FF88
3FF6C
3FF50
3FF36
3FF1F
3FF0A
3FEF9
3FEEB
3FEE1
3FEDB
3FEDA
3FEDD
3FEE4
3FEEF
3FEFE
3FF11
3FF27
3FF40
3FF5B
3FF77
3FF95
3FFB2
3FFD0
3FFEC
00007
00020
00036
00048
00057
00062
00069
0006C
0006A
00063
00058
0004A
00037
00021
00009
3FFEE
3FFD1
3FFB3
3FF95
3FF77
3FF5A
3FF3F
3FF25
3FF0F
3FEFB
3FEEB
3FEE0
3FED8
3FED5
3FED7
3FEDD
3FEE8
3FEF6
3FF09
3FF1F
3FF38
3FF54
3FF71
3FF90
3FFAF
3FFCE
3FFEC
00009
00023
0003B
00050
00061
0006E
00077
0007B
0007A
00075
0006B
0005D
0004A
00035
0001C
00000
3FFE2
3FFC3
3FFA4
3FF84
3FF65
3FF48
3FF2C
3FF13
3FEFE
3FEEC
3FEDE
3FED5
3FED1
3FED1
3FED6
3FEDF
3FEEE
3FF00
3FF16
3FF30
3FF4C
3FF6A
3FF8A
3FFAB
3FFCC
3FFEC
0000B
00028
00042
00059
0006C
0007B
00086
0008C
0008C
00088
0007F
00072
00060
0004A
00031
00014
3FFF6
3FFD5
3FFB4
3FF92
3FF71
3FF52
3FF34
3FF19
3FF01
3FEED
3FEDD
3FED2
3FECC
3FECA
3FECE
3FED7
3FEE4
3FEF7
3FF0D
3FF27
3FF44
3FF64
3FF85
3FFA8
3FFCB
3FFED
0000E
0002E
0004A
00064
00079
0008B
00097
0009F
000A1
0009F
00097
0008A
00078
00062
00048
0002B
0000B
3FFE9
3FFC6
3FFA3
3FF7F
3FF5D
3FF3D
3FF1F
3FF05
3FEEE
3FEDC
3FECF
3FEC6
3FEC3
3FEC6
3FECD
3FEDA
3FEEC
3FF03
3FF1D
3FF3C
3FF5D
3FF80
3FFA4
3FFC9
3FFEE
00012
00034
00054
00070
00088
0009C
000AB
000B5
000BA
000B8
000B1
000A5
00094
0007E
00063
00045
00024
00000
3FFDB
3FFB5
3FF8F
3FF6A
3FF47
3FF26
3FF09
3FEF0
3FEDB
3FECB
3FEC0
3FEBB
3FEBC
3FEC3
3FECF
3FEE1
3FEF8
3FF13
3FF32
3FF55
3FF7A
3FFA1
3FFC9
3FFF0
00017
0003D
0005F
0007F
0009A
000B1
000C3
000CF
000D6
000D6
000D0
000C5
000B4
0009E
00082
00063
00040
0001A
3FFF3
3FFCA
3FFA1
3FF79
3FF52
3FF2E
3FF0E
3FEF1
3FED9
3FEC6
3FEB9
3FEB2
3FEB2
3FEB7
3FEC3
3FED4
3FEEB
3FF07
3FF28
3FF4C
3FF74
3FF9E
3FFC8
3FFF4
0001E
00047
0006E
00091
000B0
000CA
000DF
000EE
000F7
000F9
000F5
000EA
000DA
000C3
000A7
00086
00061
00039
0000F
3FFE3
3FFB6
3FF8A
3FF60
3FF38
3FF13
3FEF3
3FED7
3FEC1
3FEB1
3FEA8
3FEA5
3FEA9
3FEB4
3FEC5
3FEDD
3FEFA
3FF1C
3FF43
3FF6D
3FF9A
3FFC9
3FFF8
00027
00054
0007F
000A7
000CA
000E8
00101
00113
0011F
00124
00121
00118
00107
000F0
000D3
000B0
00089
0005E
00030
00000
3FFCF
3FF9F
3FF70
3FF43
3FF19
3FEF4
3FED4
3FEBA
3FEA7
3FE9B
3FE95
3FE98
3FEA2
3FEB3
3FECB
3FEEA
3FF0E
3FF38
3FF65
3FF96
3FFC9
3FFFD
00032
00064
00095
000C2
000EB
0010E
0012B
00142
00151
00158
00158
0014F
0013F
00127
00109
000E4
000BA
0008B
00059
00024
3FFEE
3FFB8
3FF83
3FF50
3FF21
3FEF6
3FED0
3FEB2
3FE9A
3FE8A
3FE82
3FE82
3FE8B
3FE9C
3FEB5
3FED5
3FEFC
3FF29
3FF5B
3FF91
3FFCA
00005
00040
00079
000B1
000E5
00114
0013E
00161
0017C
00190
0019B
0019D
00196
00186
0016E
0014E
00126
000F8
000C5
0008D
00052
00015
3FFD7
3FF9A
3FF60
3FF29
3FEF7
3FECA
3FEA5
3FE88
3FE73
3FE67
3FE65
3FE6C
3FE7D
3FE97
3FEBA
3FEE4
3FF16
3FF4E
3FF8B
3FFCB
0000E
00052
00095
000D5
00113
0014B
0017D
001A8
001CA
001E3
001F3
001F9
001F4
001E5
001CC
001A9
0017E
0014B
00111
000D1
0008E
00047
00000
3FFB9
3FF74
3FF33
3FEF7
3FEC1
3FE93
3FE6E
3FE52
3FE42
3FE3C
3FE41
3FE51
3FE6D
3FE93
3FEC2
3FEFB
3FF3B
3FF81
3FFCC
0001A
0006A
000BA
00108
00152
00197
001D5
0020B
00237
00259
00270
0027A
00279
0026B
00251
0022B
001FA
001C0
0017D
00133
000E3
0008F
00039
3FFE3
3FF8F
3FF3F
3FEF4
3FEB1
3FE76
3FE46
3FE21
3FE09
3FDFE
3FE00
3FE11
3FE2F
3FE5A
3FE91
3FED4
3FF21
3FF76
3FFD2
00033
00096
000FA
0015D
001BC
00214
00266
002AD
002E9
00318
0033A
0034C
0034F
00342
00326
002FB
002C1
0027B
00229
001CC
00168
000FF
00092
00024
3FFB8
3FF51
3FEF1
3FE9A
3FE4F
3FE11
3FDE4
3FDC8
3FDBF
3FDC9
3FDE7
3FE1A
3FE60
3FEB9
3FF24
3FFA0
00029
000BE
0015C
00200
002A6
00349
003E4
00472
004EA
0053D
00555
004FC
003A7
3FF56
3E997
0A744
00BD1
3DBD8
3F71E
34BB5
020EF
03CC6
3A748
0560A
07EBB
380F3
01739
3AD7A
0C9BF
36A6A
3B7FB
0FCA4
3D55D
398A8
32652
02ADC
07F42
3C15A
05069
3EAC6
05428
39079
3C0F8
3F608
04D08
3B14A
03372
37E6D
3ABCB
0194A
3A061
3A8E2
00D2F
02F48
02FBF
0E3CA
05673
087EA
38548
03AD0
02536
03A82
05833
04FE1
2E614
3D1F9
3EF0B
30511
3DB1B
3B1F2
3404C
05329
10699
36EBC
0716B
08CEB
0A8C8
3F893
36CB3
0A958
34609
012BB
3FE76
36E6A
035FA
0C643
3748C
3E4BC
35986
3630F
35859
0C686
3A3AA
0718B
0327D
02AE7
00E85
0375D
091E0
3E80B
0C5B8
041A9
31AA9
384D4
3CB38
3C2AC
3E696
01E57
35D74
0417B
3DC7F
3EF06
042BF
1294E
026FF
3D382
03E90
3FBF4
020BC
01B1F
37BC9
37B80
0B21A
0838A
3A24B
04245
01009
0590B
3E21A
39EAB
3E1F5
002C6
36727
005A5
3D16C
01E04
3481C
37C8A
016AC
3AAAD
3CD9A
05A0A
3F16B
15000
04E71
39692
03B2E
2F16A
37C33
047D7
08CBA
38F6C
3DAA9
094CF
03D75
00512
073D7
0BA51
3FA95
3C7E3
028D1
0557E
34DB5
3D645
3E74F
01499
00A6F
00755
3F267
0054F
382D6
3FA9A
00BC1
035C1
052EF
3ACD2
35904
01C33
3C9CA
369B0
00CFC
3B55A
3396E
01C67
3A00B
0C266
3DD16
09719
053B0
03944
054DD
395F1
38A76
04ED4
0062F
06CC9
3E7CB
06D74
3FF4D
0E79C
317ED
3A801
3F66C
3C24E
04EA5
3B030
380F4
04204
02F88
01116
3C8F3
3A018
3FF67
0321B
079C6
06630
3AEF8
08AEE
06270
014F5
1007C
3C474
0649F
345CA
04E75
3E696
3E85A
36A7D
041C1
0197C
366B2
0559D
3E005
34BD5
3739E
03B38
01C86
01DFD
346D0
06AD5
04AE9
0812A
366F2
3C67B
32BD7
3B269
058EB
09EDA
3CD2D
12DF3
3A572
075BB
09419
375B7
3B57E
345A2
365CC
057A7
3B2AB
3293E
09094
342C1
057C9
3EB0F
0371D
3FAAE
01C45
0A615
39446
3735F
000F5
3577C
3E8EE
3ECE1
066B9
07235
07360
3E747
06C39
3B5DF
3D591
00BC8
05858
3AAA9
0ADDE
07F22
39A0F
026B0
3CCAD
0F611
3EF50
03898
3E99F
39090
03765
3FC67
0B594
08C93
39C11
05E1A
3BE10
00B68
3C83B
3B7C3
0136F
3902A
3D4BE
04C11
2E891
3DB1F
0BA09
1FFF7
3C4AB
34886
3F143
3CA8A
3EFDD
33D6D
3C233
34901
3EC47
3B12C
39FE0
3E2F6
37236
0318B
3DE22
05BF3
01DA1
02543
052A8
3F241
05CE7
36775
3D290
09A0C
05CDF
08547
3E394
3CAAB
00BAC
3C830
3D5D0
30C84
3B8F4
384DE
05A4E
0634A
3D3EF
3F2C5
02D74
3F2EC
390C8
0A97D
0A23E
3D602
3F1D1
021C4
3B4F9
02F92
3DE70
3F95F
0D273
3DC95
01DDA
06DAF
05154
04757
0372D
31F06
06120
0506E
0524E
3F9D5
04CD9
36A60
0EC9E
32EB0
36DA4
3DC2C
0129A
04E9C
3D8C1
3CFEA
36AE1
30CC3
3597D
08CB7
3B0E8
05758
3CAA3
3DB7F
3DEF1
12970
0BECD
02AA9
3A26E
37EC4
091DE
03841
390EF
03D0F
3D356
3FFDE
3E0DD
0E54C
30CE3
3AC94
3667F
04111
0D4DB
030C0
03513
3C49F
3BB85
075EA
3CB18
33E59
3D954
01D65
05CF0
3FDE3
0330C
37E8D
025E6
3D34E
34C18
079B3
3EA44
0256F
07AA5
015D6
36047
3923A
00A0B
39BA6
3623D
0FFEB
3E070
3D07C
04B0C
3518A
36EF4
3DBDB
08799
0A581
02892
3CD4A
39069
3C328
0D6D5
038B2
01AF8
3C781
0485E
0041F
3E13C
0A127
3EB65
0916B
07504
32462
356DE
3D819
3F4AA
03DEB
0AE54
10406
3F84F
3B41E
3D028
05DB2
3EC91
3EF87
3833D
3D591
00390
03961
09A8B
36520
383F6
02A16
026F2
3B17D
049AF
00262
078D5
0E6F5
3D381
3BD0D
30CF3
08E16
3D525
2F64D
03C5D
2E02F
04250
06AEB
050FF
052D5
00027
38231
067A4
39FF4
01843
00F58
05344
35082
37B3C
3A755
06030
0C726
3BCEF
31EF4
3997A
0B585
3F746
37004
02CAF
38E27
02DC7
2D412
3DD24
049DA
05E51
0C375
2D0D7
3F4E9
38C9B
33D0E
3FD9D
330BD
04BEF
3BA82
32C10
33885
04586
06512
005FF
015F4
0154C
05060
10A13
2CD88
3A979
2F098
37EEB
3944C
37BEC
2C16D
3F9F4
38880
062DF
02DF0
33E55
3C40A
07A9A
3D0EC
02614
37426
32751
0893C
01E1F
3C3DF
3F147
3F180
01F2B
11E73
351FD
3A2E1
3A590
3AE96
3E862
3C9E8
3DA01
3C299
3AD39
3CE25
3B4B7
3E990
3C3C4
040B6
3EAA7
0DD67
3ABF6
36B1B
3DA4F
39A7F
004B3
3A9A8
10FC6
00F61
100C6
39EB9
2E548
05311
3FCFA
03441
026EE
33F66
3DACE
01555
3E5CE
3F869
3E958
00061
3D4A5
3F2B8
3FFF6
01CA1
1AEF2
3F197
06690
3D69C
03BDB
37C7C
3F790
319C3
3E9B5
10812
3CA2D
3C804
009BB
3F757
034DA
01A02
05760
01F84
32B32
07388
0C282
3E7ED
3F878
09937
07AB5
2F56E
01BD8
01F93
043AB
07239
017A0
033D1
03F8E
060D0
292E5
3F927
358B3
0666D
09832
031CB
0A386
333E3
3F9E6
2D0F9
3D76C
375B3
0020F
36B44
0E9C2
0DDAC
37F57
02E3F
3288A
02D4F
0C16D
0302E
092E2
01517
0BA67
2724F
39E79
3BBA1
3DCAD
000B4
3DF44
3E2D7
3E86C
3E4B5
3EA43
3DE38
048F1
3DD3B
3A70D
3C168
3312C
06733
3C645
12C89
06523
37D9D
012E7
3517E
08FC0
0E800
3BDD2
0428D
32285
3C399
0848B
3F8E7
06CA6
38458
2CBAA
0FACA
056B8
04CA3
02FC3
3EB56
0113A
00C4D
3D50D
32852
1000E
07C81
3EA47
011C4
35035
3D563
2E80F
02BAF
38629
0AA16
01CF4
0D17E
050EB
30A8B
03ADB
10B9D
397EB
3930D
020A2
3F07D
02B0F
008A2
06B8B
0318F
173C8
35C72
3A3DA
3D36C
3E767
3963C
3D9E5
3EC4B
01A27
13634
36CA6
3C6EC
3B893
3E0EB
3A193
3E00E
0F245
3FBE5
04503
3FACA
0702E
3369D
3A1BA
3F0A0
3D4E3
0F3EF
39F6B
2CD60
032FE
3B1B7
075BD
009CE
09621
01FBC
3C096
0082E
00867
3E43E
3CA8C
00DC3
3EA5D
3DB9A
3CC98
353DE
3A640
2D386
03ED2
3DAF5
01F47
3D6B8
0D83F
025BE
10E95
3F1FF
02385
3D16B
3F429
39AAD
39CE8
0F1DD
00950
357E2
00BE0
3DFDD
03AE7
05985
3B8D0
00FA4
32D7C
3D94B
3D74B
3EFCE
3E73D
3FCA3
3F99B
3DC99
3BD29
19E6A
0506E
147B6
3F260
008AF
3D391
388B8
0F11A
07881
31001
00A6E
09F75
003E2
02AF6
01258
067CA
344FA
3DB9E
30347
3C65C
03B4B
3AFC6
34DC5
05C40
04F7A
3A13C
3EAB0
00ADC
0083A
03146
00F1A
01E2C
03B3F
09867
305B5
3BB98
08345
00CB2
3B23D
0588E
0EEE1
38B1D
3EBA1
3DA0F
3FA11
38C14
3E01D
353BA
002FD
37555
0B4C4
08A76
3C2B3
01342
3FFE8
00D19
33875
09AEF
1662E
32453
3AC7C
3DF14
3DE78
3B9CC
3D8FE
3DE0B
3CB18
3B403
3C662
37415
0E0AF
01D62
07C21
00704
3E09B
02544
0A684
323F2
35A1B
05B20
3DB4D
11745
3F5E8
06F15
37D81
2FF21
08857
01A90
00A85
3FE51
00122
3F810
3FD6B
3EEE1
3E69D
3F8B6
3E34E
03F2B
00A92
3FC1F
3EEE7
3229C
0882F
0E776
350DB
3A293
07F79
0155E
0125E
3F411
325B5
08963
0B427
3A753
3DABA
09071
03986
163A8
059B5
137EB
3D232
019DE
3FBCD
03C08
326FD
3D250
2185C
3EA76
3DFEF
3F396
3D4D0
030F5
012DF
01488
00F29
249EB
0293F
0AB7F
3B9B0
3B448
03BAE
01364
014B0
00D48
01617
3FD74
39063
05EA6
054CF
029C6
0624F
316D4
3EC7E
2E6F4
033C4
08CF6
00FC1
07AFE
38F0E
01B80
2B6F5
3B312
3BF5B
3D262
3A577
0024E
3EB99
3EE78
3B78F
185F3
05087
3244E
0684B
0BF82
027F2
0A7DC
34C05
3C655
0D094
04D3F
0E16F
06944
14C7D
3D8BC
08FA7
34CE9
0092E
2F181
3E517
3A94D
04FE1
104D5
3F27C
0D80B
289C6
3906D
3D080
3E24D
3D586
00CBA
01BC0
04CB1
0D6F5
2DD5C
3D639
2C626
3C5DF
079E8
3CBE8
3CBC7
0154F
050EB
3463F
3B842
3EAFC
3DBB3
0185D
3B428
33193
04E93
3EB40
08024
02B5E
0C7FD
04DA0
0598C
07951
1894F
32B95
3B04F
3EA70
3F216
3A26B
3E70C
3E15B
3EDD3
3E78A
3D568
384F3
1046B
05D0C
39F42
01566
3E897
02154
3E6E6
0909C
0C58F
32948
3F8CE
3EF07
3EF5F
3F05B
3F13C
3F1F5
3F28D
3F30D
3F37E
3F3E5
3F448
3F4A9
3F50D
3F574
3F5E2
3F656
3F6D2
3F757
3F7E4
3F879
3F915
3F9B8
3FA60
3FB0C
3FBBB
3FC6A
3FD19
3FDC4
3FE6A
3FF0A
3FFA1
0002E
000AE
00121
00184
001D8
0021B
0024D
0026D
0027B
00278
00265
00241
0020F
001D0
00185
00131
000D4
00072
0000C
3FFA5
3FF3E
3FEDA
3FE7B
3FE23
3FDD4
3FD8E
3FD54
3FD26
3FD06
3FCF3
3FCEE
3FCF7
3FD0E
3FD32
3FD61
3FD9C
3FDE0
3FE2C
3FE7E
3FED5
3FF2F
3FF89
3FFE3
00039
0008B
000D6
00119
00153
00182
001A7
001BF
001CB
001CB
001BF
001A6
00183
00155
0011E
000E0
0009B
00050
00003
3FFB4
3FF66
3FF19
3FED0
3FE8C
3FE4E
3FE18
3FDEB
3FDC8
3FDB0
3FDA2
3FD9F
3FDA8
3FDBB
3FDD8
3FDFF
3FE2F
3FE66
3FEA3
3FEE5
3FF2B
3FF72
3FFBA
00000
00043
00082
000BC
000EE
00118
0013A
00152
00160
00164
0015E
0014E
00134
00111
000E6
000B3
0007B
0003E
3FFFE
3FFBB
3FF78
3FF36
3FEF7
3FEBB
3FE84
3FE54
3FE2B
3FE0A
3FDF1
3FDE2
3FDDC
3FDE0
3FDEE
3FE04
3FE23
3FE4A
3FE77
3FEAB
3FEE3
3FF1E
3FF5C
3FF9A
3FFD8
00014
0004C
0007F
000AD
000D5
000F5
0010C
0011B
00121
0011E
00112
000FE
000E1
000BD
00092
00061
0002C
3FFF3
3FFB9
3FF7D
3FF42
3FF08
3FED2
3FEA0
3FE73
3FE4C
3FE2C
3FE14
3FE04
3FDFC
3FDFE
3FE07
3FE19
3FE33
3FE54
3FE7C
3FEA9
3FEDB
3FF10
3FF47
3FF80
3FFB8
3FFEE
00022
00052
0007E
000A3
000C2
000DA
000EA
000F1
000F1
000E8
000D8
000BF
000A0
0007B
00050
00020
3FFED
3FFB8
3FF81
3FF4B
3FF15
3FEE3
3FEB3
3FE88
3FE63
3FE44
3FE2C
3FE1B
3FE12
3FE11
3FE17
3FE26
3FE3C
3FE59
3FE7B
3FEA4
3FED1
3FF01
3FF34
3FF68
3FF9C
3FFCF
00000
0002E
00057
0007C
0009A
000B2
000C3
000CD
000CF
000C9
000BC
000A7
0008C
0006B
00044
00019
3FFEA
3FFB9
3FF87
3FF54
3FF22
3FEF2
3FEC4
3FE9B
3FE77
3FE58
3FE3F
3FE2D
3FE23
3FE1F
3FE23
3FE2F
3FE41
3FE5A
3FE79
3FE9D
3FEC6
3FEF3
3FF22
3FF52
3FF83
3FFB4
3FFE2
0000E
00037
0005B
00079
00092
000A4
000AF
000B3
000B0
000A6
00095
0007D
00060
0003D
00016
3FFEB
3FFBD
3FF8E
3FF5E
3FF2E
3FF00
3FED5
3FEAD
3FE89
3FE6A
3FE51
3FE3E
3FE31
3FE2C
3FE2D
3FE36
3FE45
3FE5B
3FE76
3FE97
3FEBC
3FEE5
3FF11
3FF3E
3FF6D
3FF9B
3FFC8
3FFF2
0001A
0003D
0005C
00075
00089
00096
0009C
0009B
00094
00086
00071
00057
00038
00014
3FFED
3FFC2
3FF96
3FF68
3FF3B
3FF0F
3FEE5
3FEBD
3FE9A
3FE7B
3FE61
3FE4D
3FE3F
3FE37
3FE37
3FE3C
3FE49
3FE5B
3FE73
3FE91
3FEB3
3FED9
3FF02
3FF2C
3FF58
3FF84
3FFB0
3FFD9
00000
00023
00042
0005C
00071
0007F
00087
00089
00084
00079
00068
00051
00035
00014
3FFF0
3FFC8
3FF9E
3FF73
3FF48
3FF1D
3FEF4
3FECD
3FEAA
3FE8B
3FE70
3FE5B
3FE4C
3FE42
3FE3F
3FE43
3FE4C
3FE5C
3FE71
3FE8B
3FEAA
3FECD
3FEF3
3FF1C
3FF46
3FF70
3FF9A
3FFC2
3FFE8
0000B
0002B
00045
0005B
0006B
00075
00079
00077
0006E
00060
0004C
00033
00015
3FFF3
3FFCE
3FFA7
3FF7E
3FF55
3FF2B
3FF03
3FEDD
3FEBA
3FE9A
3FE7F
3FE69
3FE58
3FE4D
3FE48
3FE49
3FE50
3FE5C
3FE6F
3FE86
3FEA3
3FEC3
3FEE6
3FF0D
3FF34
3FF5D
3FF85
3FFAD
3FFD2
3FFF5
00015
00030
00047
00058
00064
0006A
0006A
00064
00059
00047
00031
00016
3FFF7
3FFD5
3FFB0
3FF89
3FF61
3FF39
3FF12
3FEED
3FECA
3FEAA
3FE8E
3FE77
3FE64
3FE58
3FE50
3FE4F
3FE53
3FE5E
3FE6D
3FE82
3FE9C
3FEB9
3FEDB
3FEFE
3FF24
3FF4B
3FF72
3FF99
3FFBE
3FFE0
00000
0001C
00034
00046
00054
0005C
0005E
0005B
00052
00043
00030
00017
3FFFB
3FFDB
3FFB8
3FF93
3FF6D
3FF46
3FF20
3FEFC
3FED9
3FEB9
3FE9C
3FE84
3FE71
3FE62
3FE59
3FE56
3FE58
3FE5F
3FE6D
3FE7F
3FE96
3FEB1
3FED0
3FEF1
3FF15
3FF3A
3FF60
3FF86
3FFAA
3FFCD
3FFED
00009
00022
00036
00045
0004F
00053
00052
0004C
00040
0002F
00019
3FFFF
3FFE1
3FFC0
3FF9D
3FF79
3FF54
3FF2E
3FF0A
3FEE8
3FEC8
3FEAB
3FE92
3FE7D
3FE6D
3FE62
3FE5C
3FE5C
3FE62
3FE6C
3FE7C
3FE90
3FEA9
3FEC6
3FEE5
3FF07
3FF2B
3FF4F
3FF74
3FF98
3FFBA
3FFDA
3FFF7
00011
00026
00036
00042
00049
0004A
00045
0003C
0002D
0001A
00002
3FFE7
3FFC8
3FFA7
3FF84
3FF60
3FF3C
3FF18
3FEF6
3FED6
3FEB9
3FE9F
3FE89
3FE77
3FE6B
3FE63
3FE61
3FE64
3FE6D
3FE7A
3FE8C
3FEA2
3FEBD
3FEDA
3FEFA
3FF1C
3FF40
3FF63
3FF86
3FFA8
3FFC8
3FFE6
00000
00016
00028
00036
0003E
00041
0003F
00038
0002C
0001B
00005
3FFEC
3FFD0
3FFB0
3FF8F
3FF6C
3FF49
3FF26
3FF04
3FEE4
3FEC7
3FEAC
3FE95
3FE82
3FE74
3FE6B
3FE67
3FE67
3FE6D
3FE78
3FE88
3FE9C
3FEB5
3FED0
3FEEE
3FF0F
3FF31
3FF53
3FF76
3FF97
3FFB7
3FFD5
3FFF0
00007
0001B
0002A
00034
00039
00039
00034
0002A
0001B
00008
3FFF1
3FFD7
3FFB9
3FF99
3FF78
3FF56
3FF34
3FF12
3FEF2
3FED4
3FEB9
3FEA1
3FE8D
3FE7E
3FE72
3FE6C
3FE6B
3FE6F
3FE78
3FE85
3FE97
3FEAD
3FEC7
3FEE3
3FF02
3FF23
3FF44
3FF66
3FF87
3FFA7
3FFC5
3FFE0
3FFF9
0000D
0001E
00029
00030
00033
00030
00028
0001C
0000B
3FFF6
3FFDD
3FFC1
3FFA3
3FF83
3FF62
3FF41
3FF20
3FF00
3FEE2
3FEC6
3FEAD
3FE98
3FE87
3FE7A
3FE72
3FE6F
3FE71
3FE78
3FE83
3FE93
3FEA7
3FEBE
3FED9
3FEF6
3FF15
3FF36
3FF57
3FF77
3FF97
3FFB5
3FFD1
3FFEA
00000
00012
0001F
00028
0002C
0002B
00026
0001B
0000D
3FFFA
3FFE3
3FFC9
3FFAD
3FF8E
3FF6E
3FF4E
3FF2D
3FF0D
3FEEF
3FED3
3FEBA
3FEA3
3FE91
3FE83
3FE79
3FE74
3FE74
3FE78
3FE81
3FE8F
3FEA1
3FEB6
3FECF
3FEEB
3FF09
3FF28
3FF48
3FF68
3FF88
3FFA6
3FFC3
3FFDC
3FFF3
00006
00015
0001F
00025
00027
00023
0001B
0000E
3FFFD
3FFE9
3FFD1
3FFB6
3FF99
3FF7A
3FF5A
3FF3A
3FF1B
3FEFC
3FEE0
3FEC6
3FEAF
3FE9B
3FE8B
3FE80
3FE79
3FE77
3FE79
3FE80
3FE8C
3FE9C
3FEAF
3FEC6
3FEE1
3FEFD
3FF1B
3FF3A
3FF5A
3FF79
3FF97
3FFB4
3FFCE
3FFE6
3FFFA
0000A
00017
0001E
00022
00020
0001A
0000F
00000
3FFEE
3FFD7
3FFBE
3FFA2
3FF85
3FF66
3FF47
3FF28
3FF09
3FEED
3FED2
3FEBA
3FEA5
3FE94
3FE87
3FE7F
3FE7A
3FE7B
3FE80
3FE8A
3FE97
3FEA9
3FEBE
3FED7
3FEF2
3FF0F
3FF2D
3FF4C
3FF6B
3FF89
3FFA6
3FFC1
3FFD9
3FFEE
00000
0000E
00017
0001C
0001D
00019
00010
00003
3FFF2
3FFDE
3FFC6
3FFAC
3FF90
3FF72
3FF53
3FF34
3FF16
3FEF9
3FEDE
3FEC5
3FEB0
3FE9D
3FE8F
3FE84
3FE7F
3FE7D
3FE80
3FE88
3FE94
3FEA3
3FEB7
3FECE
3FEE7
3FF03
3FF20
3FF3E
3FF5D
3FF7B
3FF98
3FFB3
3FFCC
3FFE3
3FFF5
00005
00010
00016
00019
00017
00010
00005
3FFF6
3FFE4
3FFCE
3FFB5
3FF9A
3FF7D
3FF5F
3FF41
3FF23
3FF06
3FEEA
3FED1
3FEBA
3FEA7
3FE97
3FE8B
3FE83
3FE80
3FE81
3FE87
3FE91
3FE9F
3FEB0
3FEC5
3FEDD
3FEF8
3FF14
3FF32
3FF4F
3FF6D
3FF8A
3FFA6
3FFC0
3FFD7
3FFEB
3FFFB
00008
00010
00015
00014
00010
00007
3FFFA
3FFE9
3FFD5
3FFBD
3FFA3
3FF88
3FF6B
3FF4D
3FF2F
3FF12
3FEF6
3FEDC
3FEC5
3FEB0
3FE9F
3FE92
3FE88
3FE83
3FE83
3FE86
3FE8E
3FE9A
3FEAA
3FEBE
3FED4
3FEED
3FF08
3FF25
3FF42
3FF60
3FF7D
3FF99
3FFB3
3FFCB
3FFE0
3FFF2
00000
0000A
00010
00012
0000F
00008
3FFFD
3FFEE
3FFDB
3FFC5
3FFAD
3FF92
3FF76
3FF59
3FF3B
3FF1E
3FF02
3FEE8
3FED0
3FEBA
3FEA8
3FE99
3FE8E
3FE87
3FE85
3FE86
3FE8C
3FE97
3FEA5
3FEB7
3FECC
3FEE3
3FEFD
3FF19
3FF36
3FF53
3FF70
3FF8C
3FFA7
3FFBF
3FFD5
3FFE8
3FFF8
00003
0000B
0000F
0000E
00008
3FFFF
3FFF2
3FFE1
3FFCD
3FFB6
3FF9C
3FF81
3FF64
3FF48
3FF2B
3FF0E
3FEF4
3FEDB
3FEC4
3FEB1
3FEA0
3FE94
3FE8B
3FE87
3FE87
3FE8B
3FE94
3FEA0
3FEB0
3FEC4
3FEDA
3FEF3
3FF0D
3FF29
3FF46
3FF63
3FF7F
3FF9A
3FFB3
3FFCA
3FFDE
3FFEF
3FFFC
00006
0000B
0000C
00009
00001
3FFF6
3FFE6
3FFD4
3FFBE
3FFA6
3FF8B
3FF70
3FF53
3FF37
3FF1A
3FEFF
3FEE6
3FECE
3FEBA
3FEA8
3FE9A
3FE90
3FE8A
3FE88
3FE8B
3FE91
3FE9C
3FEAA
3FEBC
3FED1
3FEE9
3FF02
3FF1E
3FF3A
3FF56
3FF72
3FF8E
3FFA8
3FFBF
3FFD4
3FFE7
3FFF5
00000
00007
0000A
00008
00002
3FFF9
3FFEB
3FFDA
3FFC6
3FFAF
3FF96
3FF7B
3FF5F
3FF43
3FF26
3FF0B
3FEF1
3FED9
3FEC3
3FEB1
3FEA1
3FE96
3FE8E
3FE8A
3FE8B
3FE90
3FE98
3FEA5
3FEB5
3FEC9
3FEDF
3FEF8
3FF12
3FF2E
3FF4A
3FF66
3FF81
3FF9C
3FFB4
3FFCA
3FFDE
3FFED
3FFFA
00002
00007
00007
00003
3FFFB
3FFF0
3FFE0
3FFCD
3FFB8
3FFA0
3FF86
3FF6A
3FF4E
3FF32
3FF17
3FEFC
3FEE3
3FECD
3FEB9
3FEA8
3FE9B
3FE92
3FE8D
3FE8B
3FE8E
3FE95
3FEA0
3FEAF
3FEC1
3FED6
3FEEE
3FF07
3FF22
3FF3E
3FF5A
3FF75
3FF90
3FFA9
3FFC0
3FFD4
3FFE6
3FFF3
3FFFE
00004
00006
00004
3FFFD
3FFF3
3FFE6
3FFD4
3FFC0
3FFA9
3FF90
3FF75
3FF5A
3FF3E
3FF22
3FF08
3FEEE
3FED7
3FEC2
3FEB0
3FEA2
3FE97
3FE90
3FE8D
3FE8E
3FE93
3FE9C
3FEA9
3FEBA
3FECD
3FEE4
3FEFC
3FF16
3FF32
3FF4D
3FF69
3FF84
3FF9E
3FFB5
3FFCB
3FFDD
3FFED
3FFF8
00000
00004
00004
3FFFF
3FFF7
3FFEB
3FFDB
3FFC8
3FFB2
3FF9A
3FF80
3FF65
3FF4A
3FF2E
3FF13
3FEF9
3FEE1
3FECB
3FEB8
3FEA8
3FE9C
3FE93
3FE8E
3FE8E
3FE91
3FE99
3FEA4
3FEB3
3FEC5
3FEDA
3FEF2
3FF0B
3FF26
3FF41
3FF5D
3FF78
3FF92
3FFAB
3FFC1
3FFD5
3FFE5
3FFF2
3FFFC
00001
00003
00000
3FFFA
3FFEF
3FFE1
3FFCF
3FFBB
3FFA4
3FF8B
3FF71
3FF55
3FF3A
3FF1F
3FF04
3FEEB
3FED5
3FEC1
3FEAF
3FEA1
3FE97
3FE91
3FE8E
3FE90
3FE96
3FEA0
3FEAD
3FEBE
3FED2
3FEE8
3FF01
3FF1B
3FF36
3FF51
3FF6C
3FF87
3FFA0
3FFB7
3FFCC
3FFDE
3FFEC
3FFF7
3FFFE
00002
00001
3FFFC
3FFF3
3FFE6
3FFD6
3FFC3
3FFAD
3FF95
3FF7C
3FF61
3FF45
3FF2A
3FF10
3FEF6
3FEDF
3FEC9
3FEB7
3FEA7
3FE9C
3FE94
3FE90
3FE90
3FE94
3FE9C
3FEA7
3FEB7
3FEC9
3FEDE
3FEF6
3FF0F
3FF2A
3FF45
3FF61
3FF7B
3FF95
3FFAD
3FFC3
3FFD6
3FFE6
3FFF2
3FFFB
00000
00001
3FFFE
3FFF7
3FFEC
3FFDD
3FFCB
3FFB7
3FFA0
3FF87
3FF6C
3FF51
3FF36
3FF1B
3FF01
3FEE9
3FED2
3FEBF
3FEAE
3FEA1
3FE97
3FE91
3FE90
3FE92
3FE98
3FEA2
3FEB0
3FEC1
3FED5
3FEEC
3FF04
3FF1F
3FF3A
3FF55
3FF70
3FF8A
3FFA3
3FFB9
3FFCE
3FFDF
3FFED
3FFF7
3FFFE
00000
3FFFF
3FFFA
3FFF0
3FFE3
3FFD3
3FFBF
3FFA9
3FF91
3FF77
3FF5D
3FF41
3FF26
3FF0C
3FEF3
3FEDC
3FEC7
3FEB5
3FEA6
3FE9B
3FE94
3FE90
3FE91
3FE95
3FE9E
3FEAA
3FEBA
3FECD
3FEE2
3FEFA
3FF13
3FF2E
3FF49
3FF64
3FF7F
3FF98
3FFB0
3FFC5
3FFD8
3FFE7
3FFF3
3FFFB
3FFFF
00000
3FFFC
3FFF4
3FFE9
3FFDA
3FFC8
3FFB3
3FF9C
3FF82
3FF68
3FF4D
3FF32
3FF17
3FEFD
3FEE5
3FED0
3FEBC
3FEAC
3FEA0
3FE97
3FE91
3FE90
3FE93
3FE9A
3FEA5
3FEB3
3FEC4
3FED9
3FEF0
3FF08
3FF22
3FF3D
3FF59
3FF73
3FF8D
3FFA6
3FFBC
3FFD0
3FFE1
3FFEE
3FFF8
3FFFE
00000
3FFFE
3FFF8
3FFEE
3FFE1
3FFD0
3FFBC
3FFA6
3FF8D
3FF73
3FF59
3FF3D
3FF22
3FF08
3FEF0
3FED9
3FEC4
3FEB3
3FEA5
3FE9A
3FE93
3FE90
3FE91
3FE97
3FEA0
3FEAC
3FEBC
3FED0
3FEE5
3FEFD
3FF17
3FF32
3FF4D
3FF68
3FF82
3FF9C
3FFB3
3FFC8
3FFDA
3FFE9
3FFF4
3FFFC
00000
3FFFF
3FFFB
3FFF3
3FFE7
3FFD8
3FFC5
3FFB0
3FF98
3FF7F
3FF64
3FF49
3FF2E
3FF13
3FEFA
3FEE2
3FECD
3FEBA
3FEAA
3FE9E
3FE95
3FE91
3FE90
3FE94
3FE9B
3FEA6
3FEB5
3FEC7
3FEDC
3FEF3
3FF0C
3FF26
3FF41
3FF5D
3FF77
3FF91
3FFA9
3FFBF
3FFD3
3FFE3
3FFF0
3FFFA
3FFFF
00000
3FFFE
3FFF7
3FFED
3FFDF
3FFCE
3FFB9
3FFA3
3FF8A
3FF70
3FF55
3FF3A
3FF1F
3FF04
3FEEC
3FED5
3FEC1
3FEB0
3FEA2
3FE98
3FE92
3FE90
3FE91
3FE97
3FEA1
3FEAE
3FEBF
3FED2
3FEE9
3FF01
3FF1B
3FF36
3FF51
3FF6C
3FF87
3FFA0
3FFB7
3FFCB
3FFDD
3FFEC
3FFF7
3FFFE
00001
00000
3FFFB
3FFF2
3FFE6
3FFD6
3FFC3
3FFAD
3FF95
3FF7B
3FF61
3FF45
3FF2A
3FF0F
3FEF6
3FEDE
3FEC9
3FEB7
3FEA7
3FE9C
3FE94
3FE90
3FE90
3FE94
3FE9C
3FEA7
3FEB7
3FEC9
3FEDF
3FEF6
3FF10
3FF2A
3FF45
3FF61
3FF7C
3FF95
3FFAD
3FFC3
3FFD6
3FFE6
3FFF3
3FFFC
00001
00002
3FFFE
3FFF7
3FFEC
3FFDE
3FFCC
3FFB7
3FFA0
3FF87
3FF6C
3FF51
3FF36
3FF1B
3FF01
3FEE8
3FED2
3FEBE
3FEAD
3FEA0
3FE96
3FE90
3FE8E
3FE91
3FE97
3FEA1
3FEAF
3FEC1
3FED5
3FEEB
3FF04
3FF1F
3FF3A
3FF55
3FF71
3FF8B
3FFA4
3FFBB
3FFCF
3FFE1
3FFEF
3FFFA
00000
00003
00001
3FFFC
3FFF2
3FFE5
3FFD5
3FFC1
3FFAB
3FF92
3FF78
3FF5D
3FF41
3FF26
3FF0B
3FEF2
3FEDA
3FEC5
3FEB3
3FEA4
3FE99
3FE91
3FE8E
3FE8E
3FE93
3FE9C
3FEA8
3FEB8
3FECB
3FEE1
3FEF9
3FF13
3FF2E
3FF4A
3FF65
3FF80
3FF9A
3FFB2
3FFC8
3FFDB
3FFEB
3FFF7
3FFFF
00004
00004
00000
3FFF8
3FFED
3FFDD
3FFCB
3FFB5
3FF9E
3FF84
3FF69
3FF4D
3FF32
3FF16
3FEFC
3FEE4
3FECD
3FEBA
3FEA9
3FE9C
3FE93
3FE8E
3FE8D
3FE90
3FE97
3FEA2
3FEB0
3FEC2
3FED7
3FEEE
3FF08
3FF22
3FF3E
3FF5A
3FF75
3FF90
3FFA9
3FFC0
3FFD4
3FFE6
3FFF3
3FFFD
00004
00006
00004
3FFFE
3FFF3
3FFE6
3FFD4
3FFC0
3FFA9
3FF90
3FF75
3FF5A
3FF3E
3FF22
3FF07
3FEEE
3FED6
3FEC1
3FEAF
3FEA0
3FE95
3FE8E
3FE8B
3FE8D
3FE92
3FE9B
3FEA8
3FEB9
3FECD
3FEE3
3FEFC
3FF17
3FF32
3FF4E
3FF6A
3FF86
3FFA0
3FFB8
3FFCD
3FFE0
3FFF0
3FFFB
00003
00007
00007
00002
3FFFA
3FFED
3FFDE
3FFCA
3FFB4
3FF9C
3FF81
3FF66
3FF4A
3FF2E
3FF12
3FEF8
3FEDF
3FEC9
3FEB5
3FEA5
3FE98
3FE90
3FE8B
3FE8A
3FE8E
3FE96
3FEA1
3FEB1
3FEC3
3FED9
3FEF1
3FF0B
3FF26
3FF43
3FF5F
3FF7B
3FF96
3FFAF
3FFC6
3FFDA
3FFEB
3FFF9
00002
00008
0000A
00007
00000
3FFF5
3FFE7
3FFD4
3FFBF
3FFA8
3FF8E
3FF72
3FF56
3FF3A
3FF1E
3FF02
3FEE9
3FED1
3FEBC
3FEAA
3FE9C
3FE91
3FE8B
3FE88
3FE8A
3FE90
3FE9A
3FEA8
3FEBA
3FECE
3FEE6
3FEFF
3FF1A
3FF37
3FF53
3FF70
3FF8B
3FFA6
3FFBE
3FFD4
3FFE6
3FFF6
00001
00009
0000C
0000B
00006
3FFFC
3FFEF
3FFDE
3FFCA
3FFB3
3FF9A
3FF7F
3FF63
3FF46
3FF29
3FF0D
3FEF3
3FEDA
3FEC4
3FEB0
3FEA0
3FE94
3FE8B
3FE87
3FE87
3FE8B
3FE94
3FEA0
3FEB1
3FEC4
3FEDB
3FEF4
3FF0E
3FF2B
3FF48
3FF64
3FF81
3FF9C
3FFB6
3FFCD
3FFE1
3FFF2
3FFFF
00008
0000E
0000F
0000B
00003
3FFF8
3FFE8
3FFD5
3FFBF
3FFA7
3FF8C
3FF70
3FF53
3FF36
3FF19
3FEFD
3FEE3
3FECC
3FEB7
3FEA5
3FE97
3FE8C
3FE86
3FE85
3FE87
3FE8E
3FE99
3FEA8
3FEBA
3FED0
3FEE8
3FF02
3FF1E
3FF3B
3FF59
3FF76
3FF92
3FFAD
3FFC5
3FFDB
3FFEE
3FFFD
00008
0000F
00012
00010
0000A
00000
3FFF2
3FFE0
3FFCB
3FFB3
3FF99
3FF7D
3FF60
3FF42
3FF25
3FF08
3FEED
3FED4
3FEBE
3FEAA
3FE9A
3FE8E
3FE86
3FE83
3FE83
3FE88
3FE92
3FE9F
3FEB0
3FEC5
3FEDC
3FEF6
3FF12
3FF2F
3FF4D
3FF6B
3FF88
3FFA3
3FFBD
3FFD5
3FFE9
3FFFA
00007
00010
00014
00015
00010
00008
3FFFB
3FFEB
3FFD7
3FFC0
3FFA6
3FF8A
3FF6D
3FF4F
3FF32
3FF14
3FEF8
3FEDD
3FEC5
3FEB0
3FE9F
3FE91
3FE87
3FE81
3FE80
3FE83
3FE8B
3FE97
3FEA7
3FEBA
3FED1
3FEEA
3FF06
3FF23
3FF41
3FF5F
3FF7D
3FF9A
3FFB5
3FFCE
3FFE4
3FFF6
00005
00010
00017
00019
00016
00010
00005
3FFF5
3FFE3
3FFCC
3FFB3
3FF98
3FF7B
3FF5D
3FF3E
3FF20
3FF03
3FEE7
3FECE
3FEB7
3FEA3
3FE94
3FE88
3FE80
3FE7D
3FE7F
3FE84
3FE8F
3FE9D
3FEB0
3FEC5
3FEDE
3FEF9
3FF16
3FF34
3FF53
3FF72
3FF90
3FFAC
3FFC6
3FFDE
3FFF2
00003
00010
00019
0001D
0001C
00017
0000E
00000
3FFEE
3FFD9
3FFC1
3FFA6
3FF89
3FF6B
3FF4C
3FF2D
3FF0F
3FEF2
3FED7
3FEBE
3FEA9
3FE97
3FE8A
3FE80
3FE7B
3FE7A
3FE7F
3FE87
3FE94
3FEA5
3FEBA
3FED2
3FEED
3FF09
3FF28
3FF47
3FF66
3FF85
3FFA2
3FFBE
3FFD7
3FFEE
00000
0000F
0001A
00020
00022
0001E
00017
0000A
3FFFA
3FFE6
3FFCE
3FFB4
3FF97
3FF79
3FF5A
3FF3A
3FF1B
3FEFD
3FEE1
3FEC6
3FEAF
3FE9C
3FE8C
3FE80
3FE79
3FE77
3FE79
3FE80
3FE8B
3FE9B
3FEAF
3FEC6
3FEE0
3FEFC
3FF1B
3FF3A
3FF5A
3FF7A
3FF99
3FFB6
3FFD1
3FFE9
3FFFD
0000E
0001B
00023
00027
00025
0001F
00015
00006
3FFF3
3FFDC
3FFC3
3FFA6
3FF88
3FF68
3FF48
3FF28
3FF09
3FEEB
3FECF
3FEB6
3FEA1
3FE8F
3FE81
3FE78
3FE74
3FE74
3FE79
3FE83
3FE91
3FEA3
3FEBA
3FED3
3FEEF
3FF0D
3FF2D
3FF4E
3FF6E
3FF8E
3FFAD
3FFC9
3FFE3
3FFFA
0000D
0001B
00026
0002B
0002C
00028
0001F
00012
00000
3FFEA
3FFD1
3FFB5
3FF97
3FF77
3FF57
3FF36
3FF15
3FEF6
3FED9
3FEBE
3FEA7
3FE93
3FE83
3FE78
3FE71
3FE6F
3FE72
3FE7A
3FE87
3FE98
3FEAD
3FEC6
3FEE2
3FF00
3FF20
3FF41
3FF62
3FF83
3FFA3
3FFC1
3FFDD
3FFF6
0000B
0001C
00028
00030
00033
00030
00029
0001E
0000D
3FFF9
3FFE0
3FFC5
3FFA7
3FF87
3FF66
3FF44
3FF23
3FF02
3FEE3
3FEC7
3FEAD
3FE97
3FE85
3FE78
3FE6F
3FE6B
3FE6C
3FE72
3FE7E
3FE8D
3FEA1
3FEB9
3FED4
3FEF2
3FF12
3FF34
3FF56
3FF78
3FF99
3FFB9
3FFD7
3FFF1
00008
0001B
0002A
00034
00039
00039
00034
0002A
0001B
00007
3FFF0
3FFD5
3FFB7
3FF97
3FF76
3FF53
3FF31
3FF0F
3FEEE
3FED0
3FEB5
3FE9C
3FE88
3FE78
3FE6D
3FE67
3FE67
3FE6B
3FE74
3FE82
3FE95
3FEAC
3FEC7
3FEE4
3FF04
3FF26
3FF49
3FF6C
3FF8F
3FFB0
3FFD0
3FFEC
00005
0001B
0002C
00038
0003F
00041
0003E
00036
00028
00016
00000
3FFE6
3FFC8
3FFA8
3FF86
3FF63
3FF40
3FF1C
3FEFA
3FEDA
3FEBD
3FEA2
3FE8C
3FE7A
3FE6D
3FE64
3FE61
3FE63
3FE6B
3FE77
3FE89
3FE9F
3FEB9
3FED6
3FEF6
3FF18
3FF3C
3FF60
3FF84
3FFA7
3FFC8
3FFE7
00002
0001A
0002D
0003C
00045
0004A
00049
00042
00036
00026
00011
3FFF7
3FFDA
3FFBA
3FF98
3FF74
3FF4F
3FF2B
3FF07
3FEE5
3FEC6
3FEA9
3FE90
3FE7C
3FE6C
3FE62
3FE5C
3FE5C
3FE62
3FE6D
3FE7D
3FE92
3FEAB
3FEC8
3FEE8
3FF0A
3FF2E
3FF54
3FF79
3FF9D
3FFC0
3FFE1
3FFFF
00019
0002F
00040
0004C
00052
00053
0004F
00045
00036
00022
00009
3FFED
3FFCD
3FFAA
3FF86
3FF60
3FF3A
3FF15
3FEF1
3FED0
3FEB1
3FE96
3FE7F
3FE6D
3FE5F
3FE58
3FE56
3FE59
3FE62
3FE71
3FE84
3FE9C
3FEB9
3FED9
3FEFC
3FF20
3FF46
3FF6D
3FF93
3FFB8
3FFDB
3FFFB
00017
00030
00043
00052
0005B
0005E
0005C
00054
00046
00034
0001C
00000
3FFE0
3FFBE
3FF99
3FF72
3FF4B
3FF24
3FEFE
3FEDB
3FEB9
3FE9C
3FE82
3FE6D
3FE5E
3FE53
3FE4F
3FE50
3FE58
3FE64
3FE77
3FE8E
3FEAA
3FECA
3FEED
3FF12
3FF39
3FF61
3FF89
3FFB0
3FFD5
3FFF7
00016
00031
00047
00059
00064
0006A
0006A
00064
00058
00047
00030
00015
3FFF5
3FFD2
3FFAD
3FF85
3FF5D
3FF34
3FF0D
3FEE6
3FEC3
3FEA3
3FE86
3FE6F
3FE5C
3FE50
3FE49
3FE48
3FE4D
3FE58
3FE69
3FE7F
3FE9A
3FEBA
3FEDD
3FF03
3FF2B
3FF55
3FF7E
3FFA7
3FFCE
3FFF3
00015
00033
0004C
00060
0006E
00077
00079
00075
0006B
0005B
00045
0002B
0000B
3FFE8
3FFC2
3FF9A
3FF70
3FF46
3FF1C
3FEF3
3FECD
3FEAA
3FE8B
3FE71
3FE5C
3FE4C
3FE43
3FE3F
3FE42
3FE4C
3FE5B
3FE70
3FE8B
3FEAA
3FECD
3FEF4
3FF1D
3FF48
3FF73
3FF9E
3FFC8
3FFF0
00014
00035
00051
00068
00079
00084
00089
00087
0007F
00071
0005C
00042
00023
00000
3FFD9
3FFB0
3FF84
3FF58
3FF2C
3FF02
3FED9
3FEB3
3FE91
3FE73
3FE5B
3FE49
3FE3C
3FE37
3FE37
3FE3F
3FE4D
3FE61
3FE7B
3FE9A
3FEBD
3FEE5
3FF0F
3FF3B
3FF68
3FF96
3FFC2
3FFED
00014
00038
00057
00071
00086
00094
0009B
0009C
00096
00089
00075
0005C
0003D
0001A
3FFF2
3FFC8
3FF9B
3FF6D
3FF3E
3FF11
3FEE5
3FEBC
3FE97
3FE76
3FE5B
3FE45
3FE36
3FE2D
3FE2C
3FE31
3FE3E
3FE51
3FE6A
3FE89
3FEAD
3FED5
3FF00
3FF2E
3FF5E
3FF8E
3FFBD
3FFEB
00016
0003D
00060
0007D
00095
000A6
000B0
000B3
000AF
000A4
00092
00079
0005B
00037
0000E
3FFE2
3FFB4
3FF83
3FF52
3FF22
3FEF3
3FEC6
3FE9D
3FE79
3FE5A
3FE41
3FE2F
3FE23
3FE1F
3FE23
3FE2D
3FE3F
3FE58
3FE77
3FE9B
3FEC4
3FEF2
3FF22
3FF54
3FF87
3FFB9
3FFEA
00019
00044
0006B
0008C
000A7
000BC
000C9
000CF
000CD
000C3
000B2
0009A
0007C
00057
0002E
00000
3FFCF
3FF9C
3FF68
3FF34
3FF01
3FED1
3FEA4
3FE7B
3FE59
3FE3C
3FE26
3FE17
3FE11
3FE12
3FE1B
3FE2C
3FE44
3FE63
3FE88
3FEB3
3FEE3
3FF15
3FF4B
3FF81
3FFB8
3FFED
00020
00050
0007B
000A0
000BF
000D8
000E8
000F1
000F1
000EA
000DA
000C2
000A3
0007E
00052
00022
3FFEE
3FFB8
3FF80
3FF47
3FF10
3FEDB
3FEA9
3FE7C
3FE54
3FE33
3FE19
3FE07
3FDFE
3FDFC
3FE04
3FE14
3FE2C
3FE4C
3FE73
3FEA0
3FED2
3FF08
3FF42
3FF7D
3FFB9
3FFF3
0002C
00061
00092
000BD
000E1
000FE
00112
0011E
00121
0011B
0010C
000F5
000D5
000AD
0007F
0004C
00014
3FFD8
3FF9A
3FF5C
3FF1E
3FEE3
3FEAB
3FE77
3FE4A
3FE23
3FE04
3FDEE
3FDE0
3FDDC
3FDE2
3FDF1
3FE0A
3FE2B
3FE54
3FE84
3FEBB
3FEF7
3FF36
3FF78
3FFBB
3FFFE
0003E
0007B
000B3
000E6
00111
00134
0014E
0015E
00164
00160
00152
0013A
00118
000EE
000BC
00082
00043
00000
3FFBA
3FF72
3FF2B
3FEE5
3FEA3
3FE66
3FE2F
3FDFF
3FDD8
3FDBB
3FDA8
3FD9F
3FDA2
3FDB0
3FDC8
3FDEB
3FE18
3FE4E
3FE8C
3FED0
3FF19
3FF66
3FFB4
00003
00050
0009B
000E0
0011E
00155
00183
001A6
001BF
001CB
001CB
001BF
001A7
00182
00153
00119
000D6
0008B
00039
3FFE3
3FF89
3FF2F
3FED5
3FE7E
3FE2C
3FDE0
3FD9C
3FD61
3FD32
3FD0E
3FCF7
3FCEE
3FCF3
3FD06
3FD26
3FD54
3FD8E
3FDD4
3FE23
3FE7B
3FEDA
3FF3E
3FFA5
0000C
00072
000D4
00131
00185
001D0
0020F
00241
00265
00278
0027B
0026D
0024D
0021B
001D8
00184
00121
000AE
0002E
3FFA1
3FF0A
3FE6A
3FDC4
3FD19
3FC6A
3FBBB
3FB0C
3FA60
3F9B8
3F915
3F879
3F7E4
3F757
3F6D2
3F656
3F5E2
3F574
3F50D
3F4A9
3F448
3F3E5
3F37E
3F30D
3F28D
3F1F5
3F13C
3F05B
3EF5F
3EF07
3F8CE
32948
0C58F
0909C
3E6E6
02154
3E897
01566
39F42
05D0C
1046B
384F3
3D568
3E78A
3EDD3
3E15B
3E70C
3A26B
3F216
3EA70
3B04F
32B95
1894F
07951
0598C
04DA0
0C7FD
02B5E
08024
3EB40
04E93
33193
3B428
0185D
3DBB3
3EAFC
3B842
3463F
050EB
0154F
3CBC7
3CBE8
079E8
3C5DF
2C626
3D639
2DD5C
0D6F5
04CB1
01BC0
00CBA
3D586
3E24D
3D080
3906D
289C6
0D80B
3F27C
104D5
04FE1
3A94D
3E517
2F181
0092E
34CE9
08FA7
3D8BC
14C7D
06944
0E16F
04D3F
0D094
3C655
34C05
0A7DC
027F2
0BF82
0684B
3244E
05087
185F3
3B78F
3EE78
3EB99
0024E
3A577
3D262
3BF5B
3B312
2B6F5
01B80
38F0E
07AFE
00FC1
08CF6
033C4
2E6F4
3EC7E
316D4
0624F
029C6
054CF
05EA6
39063
3FD74
01617
00D48
014B0
01364
03BAE
3B448
3B9B0
0AB7F
0293F
249EB
00F29
01488
012DF
030F5
3D4D0
3F396
3DFEF
3EA76
2185C
3D250
326FD
03C08
3FBCD
019DE
3D232
137EB
059B5
163A8
03986
09071
3DABA
3A753
0B427
08963
325B5
3F411
0125E
0155E
07F79
3A293
350DB
0E776
0882F
3229C
3EEE7
3FC1F
00A92
03F2B
3E34E
3F8B6
3E69D
3EEE1
3FD6B
3F810
00122
3FE51
00A85
01A90
08857
2FF21
37D81
06F15
3F5E8
11745
3DB4D
05B20
35A1B
323F2
0A684
02544
3E09B
00704
07C21
01D62
0E0AF
37415
3C662
3B403
3CB18
3DE0B
3D8FE
3B9CC
3DE78
3DF14
3AC7C
32453
1662E
09AEF
33875
00D19
3FFE8
01342
3C2B3
08A76
0B4C4
37555
002FD
353BA
3E01D
38C14
3FA11
3DA0F
3EBA1
38B1D
0EEE1
0588E
3B23D
00CB2
08345
3BB98
305B5
09867
03B3F
01E2C
00F1A
03146
0083A
00ADC
3EAB0
3A13C
04F7A
05C40
34DC5
3AFC6
03B4B
3C65C
30347
3DB9E
344FA
067CA
01258
02AF6
003E2
09F75
00A6E
31001
07881
0F11A
388B8
3D391
008AF
3F260
147B6
0506E
19E6A
3BD29
3DC99
3F99B
3FCA3
3E73D
3EFCE
3D74B
3D94B
32D7C
00FA4
3B8D0
05985
03AE7
3DFDD
00BE0
357E2
00950
0F1DD
39CE8
39AAD
3F429
3D16B
02385
3F1FF
10E95
025BE
0D83F
3D6B8
01F47
3DAF5
03ED2
2D386
3A640
353DE
3CC98
3DB9A
3EA5D
00DC3
3CA8C
3E43E
00867
0082E
3C096
01FBC
09621
009CE
075BD
3B1B7
032FE
2CD60
39F6B
0F3EF
3D4E3
3F0A0
3A1BA
3369D
0702E
3FACA
04503
3FBE5
0F245
3E00E
3A193
3E0EB
3B893
3C6EC
36CA6
13634
01A27
3EC4B
3D9E5
3963C
3E767
3D36C
3A3DA
35C72
173C8
0318F
06B8B
008A2
02B0F
3F07D
020A2
3930D
397EB
10B9D
03ADB
30A8B
050EB
0D17E
01CF4
0AA16
38629
02BAF
2E80F
3D563
35035
011C4
3EA47
07C81
1000E
32852
3D50D
00C4D
0113A
3EB56
02FC3
04CA3
056B8
0FACA
2CBAA
38458
06CA6
3F8E7
0848B
3C399
32285
0428D
3BDD2
0E800
08FC0
3517E
012E7
37D9D
06523
12C89
3C645
06733
3312C
3C168
3A70D
3DD3B
048F1
3DE38
3EA43
3E4B5
3E86C
3E2D7
3DF44
000B4
3DCAD
3BBA1
39E79
2724F
0BA67
01517
092E2
0302E
0C16D
02D4F
3288A
02E3F
37F57
0DDAC
0E9C2
36B44
0020F
375B3
3D76C
2D0F9
3F9E6
333E3
0A386
031CB
09832
0666D
358B3
3F927
292E5
060D0
03F8E
033D1
017A0
07239
043AB
01F93
01BD8
2F56E
07AB5
09937
3F878
3E7ED
0C282
07388
32B32
01F84
05760
01A02
034DA
3F757
009BB
3C804
3CA2D
10812
3E9B5
319C3
3F790
37C7C
03BDB
3D69C
06690
3F197
1AEF2
01CA1
3FFF6
3F2B8
3D4A5
00061
3E958
3F869
3E5CE
01555
3DACE
33F66
026EE
03441
3FCFA
05311
2E548
39EB9
100C6
00F61
10FC6
3A9A8
004B3
39A7F
3DA4F
36B1B
3ABF6
0DD67
3EAA7
040B6
3C3C4
3E990
3B4B7
3CE25
3AD39
3C299
3DA01
3C9E8
3E862
3AE96
3A590
3A2E1
351FD
11E73
01F2B
3F180
3F147
3C3DF
01E1F
0893C
32751
37426
02614
3D0EC
07A9A
3C40A
33E55
02DF0
062DF
38880
3F9F4
2C16D
37BEC
3944C
37EEB
2F098
3A979
2CD88
10A13
05060
0154C
015F4
034C7
3E890
3D8F2
0029D
034A8
38503
3C0C9
39286
3ABAC
3914E
3778C
22096
06125
3EEF6
00F63
3D010
09C00
00D81
3A564
003D6
07FAF
3744B
34DA3
02D69
3C143
09D2B
3FD64
30EA8
0021E
07667
375D6
3598F
03924
3EF0B
3BE7B
3C9EB
3659A
3C322
38D38
3CB5B
36E3D
06AD7
3EB20
0D952
026D9
3CE55
02530
081D7
3B33D
3B02E
02B64
3E776
0D79B
0339F
0FAF7
3FF98
02103
3CFC0
39F33
07E16
0270F
3F4BB
001FE
01997
3E8A9
3B0CB
01685
0063C
3C5EE
3B742
0FB2D
018B6
10E86
3B916
39691
3E17E
3B6F5
002F7
3CFDC
0331C
3D54D
35238
3D94B
3A96B
3E15C
39D84
06E35
00A84
07ED2
023DE
06B9C
02413
09164
3D32B
043A7
34CBB
3D3C4
34884
3C6BA
3292B
00EAB
3F533
02A1A
03FF4
3B4D5
3ED63
0669B
00ECF
38616
05011
0A125
3D419
01BF0
3C146
002A3
32C47
3EA97
086EB
3AAA2
3522E
04766
3FFBF
02D62
001F2
0B29A
015DE
3E254
01E1B
0168D
02920
041AB
3C109
0035B
0477F
027B3
0368C
053EC
0E029
3B4E4
04A3B
32996
3D35C
030E9
01783
0962F
3FDA1
03FFE
3D71A
3FBF0
00FBC
0201D
23199
3E1D7
3D410
3E3AF
372CA
0A217
064F0
3CD60
00ED5
33FE9
3F212
3975E
02E31
052F3
39D36
3975B
0B84B
01E38
3CD4A
3F0EC
39D66
007F6
3CE83
03145
3F9B0
07017
02521
0D057
0288A
03240
03B5D
0A22E
387FD
3F1BD
38F8D
3D509
02564
3D223
34928
01396
39CB8
0B7DE
08298
350B2
3E79B
0127C
3CDF6
2ACE1
08B30
0400F
044FE
033F8
03382
02DCD
0851D
03267
05D42
033CA
0B040
33A68
3AC06
01727
3E9EE
2FBB4
3F380
01917
3C2BC
3A5DE
016FC
3D54B
0908E
00F46
3C4E8
3EEED
38379
04338
043DC
3BAE0
3C404
0BBA1
01D70
0265C
3EF05
35FE9
05C71
01ECC
06091
05CBB
35A57
3FDD7
0AC25
3F10A
3B0AE
0418A
0488F
3DE93
00FAE
399C5
3EB99
35265
01ADD
05C25
3EB2C
04328
34865
39771
079CB
3EB05
3386B
000E9
01E84
3B9CE
383A7
093F5
02BF6
0139F
012FF
3F340
01597
00BA2
01E55
01E4F
00793
0015D
09740
01FDB
34509
02E97
39A62
0DAB1
0FC06
36C78
0169D
39F13
017CA
07636
01F20
050AF
01764
07769
329DB
3BE19
3BD3A
3DD05
0A661
3906B
33AB7
004AA
3AF42
03958
3E0D9
0639C
3E015
3A12C
3BF92
34D33
02071
3B7F6
0815A
010C7
07BA7
01856
06394
3F5B7
00540
009BF
03CFB
36754
3D3C4
3DEE5
3FFB4
0C17F
3DC54
052F7
37060
39EE1
3F5F3
3D14E
09F32
3F6E6
3FF90
3E5B4
3CC8A
016DD
010D0
3D697
3EFAB
01BF2
3F72A
3B0ED
02107
03ADD
3EAF4
01008
3BDB0
3E1AC
13465
01D53
0273D
019E3
036AB
00F0E
053EB
32FFF
3CA6D
3EE24
3E19A
3C1AC
3DD5C
376A7
078BD
0228B
058E4
030B9
33FE8
3FE54
34EBC
0792D
0B8E4
3A6E5
3EC5D
01297
00E18
36AC4
01262
0B624
39CC7
35A2A
07AED
03492
3E084
00122
3EE36
3FDBD
3C2B2
03791
063A1
3D7D7
02FE6
32F6E
3D227
0B96D
0102B
0A6DA
3D835
0496F
37BED
3E5CB
349BB
3BEEC
099F3
3F0A8
091A9
38C93
3B243
3A8BD
37E92
100C6
01D23
3FF42
3FEA0
3F473
3F3E5
3BDB3
08751
07A9C
2F131
3E1F0
0FAD6
0144A
0E2F0
381A0
3B5D7
3CB6A
3C27D
02150
3E60E
01E17
3C3F9
32C30
0496C
033D2
3DF41
000BC
3AD8F
3EA86
08247
3EA28
00E6F
3D317
3D8A9
3E543
3CAFF
0BD30
02926
0D910
01D95
0A046
3C22F
00F4B
3AD88
3ECC0
3842B
3DDAE
3EBF4
00130
061A3
3BCED
0096B
363A8
391E6
09072
3E344
32451
3DE04
35ED9
046AC
01221
01BAE
00DC6
00B53
008FB
02DCE
3FC7E
3FDBE
3EC10
3BF2B
07841
025A9
07D1D
039AB
0600E
04C3F
0E550
3CBC8
06598
300A6
3A3AD
3EF84
3D50E
35598
015D0
076FB
3949E
3C43C
3DC00
3DD70
004C7
000FA
14954
3A53C
3D001
39B4A
36AD2
08B35
00CAA
0392F
01079
09683
3F0D2
051EB
380B1
38532
06BD7
015ED
377EF
3E864
3D1B9
3F34C
3CEA0
02B3B
020E2
3FDB0
009BB
007D1
006BF
005D9
00509
00447
0038F
002E1
0023B
0019E
0010B
00082
00004
3FF93
3FF2E
3FED8
3FE90
3FE57
3FE2D
3FE11
3FE04
3FE06
3FE14
3FE2F
3FE55
3FE85
3FEBE
3FEFD
3FF40
3FF87
3FFD0
00018
0005E
000A0
000DC
00112
00140
00165
00181
00192
00198
00194
00185
0016C
0014A
0011F
000EC
000B2
00073
00030
3FFEB
3FFA5
3FF60
3FF1D
3FEDE
3FEA3
3FE6F
3FE42
3FE1E
3FE02
3FDF0
3FDE8
3FDEA
3FDF6
3FE0B
3FE29
3FE50
3FE7E
3FEB2
3FEEC
3FF29
3FF69
3FFAA
3FFEB
0002A
00065
0009D
000CE
000F9
0011D
00138
0014A
00153
00153
00149
00136
0011B
000F8
000CE
0009D
00068
0002E
3FFF2
3FFB5
3FF77
3FF3B
3FF02
3FECC
3FE9C
3FE72
3FE4E
3FE33
3FE20
3FE15
3FE13
3FE1A
3FE29
3FE41
3FE61
3FE87
3FEB4
3FEE5
3FF1B
3FF53
3FF8D
3FFC7
00000
00037
0006A
00099
000C2
000E5
00101
00115
00121
00124
0011F
00112
000FD
000E1
000BE
00094
00066
00034
3FFFF
3FFC8
3FF91
3FF5A
3FF25
3FEF4
3FEC6
3FE9D
3FE7B
3FE5E
3FE4A
3FE3D
3FE37
3FE3A
3FE45
3FE57
3FE70
3FE90
3FEB6
3FEE1
3FF10
3FF42
3FF75
3FFAA
3FFDE
00011
00041
0006D
00094
000B7
000D3
000E8
000F6
000FC
000FB
000F2
000E2
000CB
000AE
0008B
00063
00036
00007
3FFD6
3FFA4
3FF71
3FF41
3FF12
3FEE7
3FEC0
3FE9E
3FE81
3FE6C
3FE5D
3FE55
3FE54
3FE5B
3FE68
3FE7D
3FE98
3FEB8
3FEDD
3FF07
3FF33
3FF62
3FF92
3FFC2
3FFF1
0001E
00048
0006E
0008F
000AB
000C1
000D1
000DA
000DB
000D6
000CA
000B8
0009F
00081
0005E
00037
0000C
3FFE0
3FFB2
3FF83
3FF56
3FF2A
3FF01
3FEDB
3FEBA
3FE9E
3FE87
3FE77
3FE6D
3FE6A
3FE6D
3FE77
3FE88
3FE9E
3FEBA
3FEDA
3FEFF
3FF27
3FF52
3FF7D
3FFAA
3FFD6
00000
00028
0004D
0006D
00089
000A0
000B1
000BB
000C0
000BD
000B5
000A6
00091
00077
00059
00036
00010
3FFE7
3FFBD
3FF92
3FF67
3FF3E
3FF17
3FEF2
3FED2
3FEB6
3FE9F
3FE8D
3FE81
3FE7C
3FE7D
3FE84
3FE91
3FEA3
3FEBB
3FED8
3FEF9
3FF1D
3FF44
3FF6C
3FF95
3FFBE
3FFE6
0000C
00030
00050
0006C
00083
00095
000A1
000A7
000A7
000A2
00096
00085
0006F
00053
00034
00012
3FFED
3FFC6
3FF9E
3FF76
3FF4F
3FF29
3FF06
3FEE6
3FECA
3FEB3
3FEA0
3FE93
3FE8C
3FE8A
3FE8F
3FE99
3FEA8
3FEBD
3FED6
3FEF3
3FF14
3FF37
3FF5D
3FF83
3FFAA
3FFD0
3FFF4
00017
00036
00052
00069
0007C
00089
00091
00094
00090
00088
0007A
00066
0004F
00033
00013
3FFF1
3FFCD
3FFA8
3FF82
3FF5D
3FF39
3FF17
3FEF8
3FEDC
3FEC4
3FEB1
3FEA3
3FE9A
3FE97
3FE98
3FEA0
3FEAC
3FEBE
3FED4
3FEEE
3FF0C
3FF2C
3FF4F
3FF73
3FF97
3FFBC
3FFDF
00000
0001F
0003A
00052
00065
00074
0007E
00082
00081
0007B
0006F
0005F
0004A
00031
00015
3FFF5
3FFD4
3FFB1
3FF8D
3FF6A
3FF47
3FF26
3FF08
3FEEC
3FED4
3FEC1
3FEB1
3FEA7
3FEA2
3FEA1
3FEA6
3FEB1
3FEBF
3FED3
3FEEA
3FF05
3FF23
3FF43
3FF65
3FF87
3FFAA
3FFCB
3FFEC
0000A
00025
0003D
00051
00061
0006C
00072
00073
0006E
00065
00058
00045
0002F
00015
3FFF9
3FFDA
3FFB9
3FF97
3FF76
3FF54
3FF34
3FF16
3FEFB
3FEE3
3FECF
3FEBE
3FEB3
3FEAC
3FEAA
3FEAD
3FEB4
3FEC1
3FED2
3FEE7
3FEFF
3FF1A
3FF38
3FF58
3FF78
3FF99
3FFBA
3FFD9
3FFF7
00012
0002A
0003E
0004F
0005B
00063
00065
00063
0005D
00051
00041
0002E
00016
3FFFC
3FFDF
3FFC0
3FFA1
3FF80
3FF60
3FF41
3FF24
3FF09
3FEF1
3FEDC
3FECB
3FEBE
3FEB5
3FEB2
3FEB3
3FEB8
3FEC3
3FED1
3FEE4
3FEFA
3FF13
3FF2F
3FF4C
3FF6B
3FF8A
3FFAA
3FFC8
3FFE5
00000
00018
0002D
0003E
0004C
00055
00059
00059
00054
0004B
0003D
0002C
00017
3FFFF
3FFE4
3FFC7
3FFA9
3FF8A
3FF6B
3FF4D
3FF30
3FF16
3FEFD
3FEE8
3FED6
3FEC8
3FEBF
3FEB9
3FEB9
3FEBC
3FEC4
3FED1
3FEE1
3FEF5
3FF0C
3FF26
3FF42
3FF5F
3FF7D
3FF9B
3FFB8
3FFD5
3FFF0
00008
0001D
0002F
0003D
00048
0004E
0004F
0004C
00045
00039
0002A
00017
00001
3FFE8
3FFCD
3FFB1
3FF93
3FF76
3FF58
3FF3C
3FF22
3FF09
3FEF4
3FEE1
3FED2
3FEC7
3FEC1
3FEBE
3FEC0
3FEC7
3FED1
3FEDF
3FEF1
3FF06
3FF1E
3FF38
3FF54
3FF70
3FF8D
3FFAA
3FFC6
3FFE0
3FFF8
0000E
00021
00030
0003B
00043
00046
00045
0003F
00036
00028
00017
00003
3FFEC
3FFD3
3FFB8
3FF9C
3FF7F
3FF63
3FF47
3FF2D
3FF15
3FEFF
3FEEC
3FEDC
3FED0
3FEC8
3FEC4
3FEC4
3FEC9
3FED1
3FEDE
3FEEE
3FF01
3FF17
3FF2F
3FF49
3FF64
3FF80
3FF9C
3FFB8
3FFD2
3FFEA
00000
00013
00023
00030
00038
0003D
0003D
0003A
00032
00026
00017
00005
3FFF0
3FFD8
3FFBF
3FFA4
3FF89
3FF6D
3FF52
3FF38
3FF20
3FF09
3FEF6
3FEE5
3FED8
3FECF
3FECA
3FEC9
3FECB
3FED2
3FEDC
3FEEB
3FEFC
3FF10
3FF27
3FF40
3FF5A
3FF75
3FF90
3FFAA
3FFC4
3FFDC
3FFF3
00006
00017
00024
0002E
00034
00036
00034
0002E
00025
00017
00007
3FFF3
3FFDD
3FFC5
3FFAC
3FF91
3FF77
3FF5C
3FF42
3FF2A
3FF14
3FF00
3FEEF
3FEE1
3FED6
3FED0
3FECD
3FECE
3FED3
3FEDC
3FEE8
3FEF8
3FF0A
3FF20
3FF37
3FF50
3FF69
3FF84
3FF9E
3FFB7
3FFCF
3FFE6
3FFFA
0000B
0001A
00024
0002C
0002F
0002F
0002B
00023
00017
00008
3FFF6
3FFE2
3FFCB
3FFB3
3FF99
3FF80
3FF66
3FF4C
3FF34
3FF1E
3FF09
3FEF8
3FEE9
3FEDD
3FED5
3FED1
3FED1
3FED4
3FEDB
3FEE6
3FEF4
3FF05
3FF19
3FF2F
3FF46
3FF5F
3FF78
3FF92
3FFAB
3FFC3
3FFDA
3FFEE
00000
0000F
0001B
00024
00028
00029
00027
00020
00016
00009
3FFF9
3FFE6
3FFD1
3FFBA
3FFA1
3FF88
3FF6F
3FF56
3FF3E
3FF27
3FF13
3FF00
3FEF1
3FEE4
3FEDB
3FED6
3FED4
3FED6
3FEDB
3FEE4
3FEF1
3FF00
3FF13
3FF27
3FF3D
3FF55
3FF6E
3FF87
3FF9F
3FFB7
3FFCE
3FFE3
3FFF5
00005
00012
0001B
00022
00024
00023
0001E
00016
0000A
3FFFB
3FFEA
3FFD6
3FFC0
3FFA9
3FF91
3FF78
3FF5F
3FF48
3FF31
3FF1C
3FF09
3FEF9
3FEEC
3FEE1
3FEDB
3FED7
3FED8
3FEDC
3FEE3
3FEEE
3FEFC
3FF0D
3FF20
3FF35
3FF4C
3FF64
3FF7C
3FF94
3FFAC
3FFC2
3FFD7
3FFEB
3FFFB
00009
00014
0001B
0001F
0001F
0001C
00015
0000B
3FFFD
3FFED
3FFDB
3FFC6
3FFB0
3FF99
3FF81
3FF69
3FF51
3FF3A
3FF25
3FF12
3FF01
3FEF3
3FEE7
3FEE0
3FEDB
3FEDA
3FEDC
3FEE3
3FEEC
3FEF8
3FF08
3FF1A
3FF2E
3FF43
3FF5A
3FF72
3FF89
3FFA1
3FFB8
3FFCD
3FFE0
3FFF1
00000
0000C
00014
00019
0001B
00019
00014
0000B
3FFFF
3FFF1
3FFDF
3FFCC
3FFB7
3FFA0
3FF89
3FF71
3FF5A
3FF43
3FF2E
3FF1A
3FF09
3FEFA
3FEEE
3FEE5
3FEDF
3FEDC
3FEDE
3FEE2
3FEEA
3FEF5
3FF03
3FF14
3FF26
3FF3B
3FF51
3FF68
3FF7F
3FF96
3FFAD
3FFC2
3FFD6
3FFE8
3FFF7
00004
0000D
00014
00017
00016
00012
0000B
00001
3FFF4
3FFE4
3FFD1
3FFBD
3FFA8
3FF91
3FF7A
3FF63
3FF4C
3FF37
3FF23
3FF11
3FF01
3FEF4
3FEEA
3FEE3
3FEDF
3FEDF
3FEE2
3FEE9
3FEF2
3FEFF
3FF0E
3FF20
3FF33
3FF48
3FF5F
3FF75
3FF8C
3FFA3
3FFB8
3FFCC
3FFDF
3FFEF
3FFFC
00007
0000E
00013
00013
00011
0000B
00002
3FFF6
3FFE8
3FFD6
3FFC3
3FFAF
3FF99
3FF82
3FF6C
3FF55
3FF40
3FF2B
3FF19
3FF08
3FEFA
3FEEF
3FEE7
3FEE2
3FEE1
3FEE2
3FEE8
3FEF0
3FEFB
3FF09
3FF1A
3FF2C
3FF40
3FF56
3FF6C
3FF82
3FF99
3FFAE
3FFC3
3FFD5
3FFE6
3FFF4
00000
00009
0000E
00010
0000F
0000B
00003
3FFF9
3FFEB
3FFDB
3FFC9
3FFB5
3FFA0
3FF8A
3FF74
3FF5E
3FF48
3FF34
3FF21
3FF10
3FF01
3FEF5
3FEEC
3FEE6
3FEE3
3FEE3
3FEE7
3FEEE
3FEF8
3FF04
3FF14
3FF25
3FF39
3FF4D
3FF63
3FF79
3FF8F
3FFA5
3FFB9
3FFCC
3FFDE
3FFED
3FFF9
00003
0000A
0000D
0000D
0000A
00004
3FFFB
3FFEF
3FFE0
3FFCF
3FFBC
3FFA8
3FF92
3FF7C
3FF66
3FF51
3FF3C
3FF29
3FF17
3FF08
3FEFB
3FEF1
3FEE9
3FEE5
3FEE4
3FEE7
3FEEC
3FEF5
3FF00
3FF0E
3FF1F
3FF31
3FF45
3FF5A
3FF70
3FF86
3FF9B
3FFB0
3FFC3
3FFD5
3FFE5
3FFF2
3FFFD
00005
0000A
0000B
00009
00004
3FFFC
3FFF2
3FFE4
3FFD4
3FFC2
3FFAF
3FF9A
3FF85
3FF6F
3FF59
3FF45
3FF31
3FF1F
3FF0F
3FF01
3FEF6
3FEED
3FEE8
3FEE6
3FEE7
3FEEB
3FEF2
3FEFC
3FF09
3FF19
3FF2A
3FF3D
3FF52
3FF67
3FF7C
3FF92
3FFA7
3FFBA
3FFCD
3FFDD
3FFEB
3FFF7
00000
00006
00009
00008
00005
3FFFE
3FFF4
3FFE8
3FFD9
3FFC8
3FFB6
3FFA1
3FF8D
3FF77
3FF62
3FF4D
3FF39
3FF26
3FF16
3FF07
3FEFB
3FEF1
3FEEB
3FEE7
3FEE7
3FEEA
3FEF0
3FEF9
3FF05
3FF13
3FF24
3FF36
3FF49
3FF5E
3FF73
3FF89
3FF9E
3FFB2
3FFC4
3FFD5
3FFE4
3FFF1
3FFFB
00002
00006
00007
00005
3FFFF
3FFF7
3FFEC
3FFDE
3FFCE
3FFBC
3FFA9
3FF94
3FF7F
3FF6A
3FF55
3FF41
3FF2E
3FF1D
3FF0D
3FF00
3FEF6
3FEEE
3FEEA
3FEE8
3FEEA
3FEEE
3FEF6
3FF01
3FF0E
3FF1D
3FF2F
3FF42
3FF56
3FF6B
3FF80
3FF95
3FFA9
3FFBC
3FFCE
3FFDD
3FFEB
3FFF6
3FFFE
00003
00005
00004
00000
3FFF9
3FFEF
3FFE2
3FFD3
3FFC2
3FFB0
3FF9C
3FF87
3FF72
3FF5D
3FF49
3FF36
3FF24
3FF14
3FF06
3FEFA
3FEF2
3FEEC
3FEE9
3FEEA
3FEED
3FEF4
3FEFD
3FF09
3FF17
3FF28
3FF3A
3FF4E
3FF62
3FF77
3FF8C
3FFA0
3FFB4
3FFC6
3FFD6
3FFE5
3FFF0
3FFFA
00000
00003
00004
00001
3FFFB
3FFF2
3FFE7
3FFD9
3FFC9
3FFB7
3FFA3
3FF8F
3FF7A
3FF66
3FF51
3FF3D
3FF2B
3FF1A
3FF0C
3FEFF
3FEF6
3FEEF
3FEEB
3FEEA
3FEEC
3FEF1
3FEFA
3FF04
3FF12
3FF21
3FF33
3FF46
3FF5A
3FF6E
3FF83
3FF98
3FFAB
3FFBE
3FFCF
3FFDE
3FFEB
3FFF5
3FFFD
00001
00003
00001
3FFFC
3FFF5
3FFEA
3FFDE
3FFCE
3FFBD
3FFAB
3FF97
3FF83
3FF6E
3FF59
3FF45
3FF33
3FF21
3FF12
3FF04
3FEFA
3FEF2
3FEED
3FEEB
3FEEB
3FEF0
3FEF6
3FF00
3FF0D
3FF1B
3FF2C
3FF3E
3FF52
3FF66
3FF7B
3FF8F
3FFA3
3FFB6
3FFC8
3FFD8
3FFE5
3FFF1
3FFF9
3FFFF
00001
00001
3FFFE
3FFF7
3FFEE
3FFE2
3FFD4
3FFC4
3FFB2
3FF9F
3FF8B
3FF76
3FF61
3FF4D
3FF3A
3FF28
3FF18
3FF0A
3FEFE
3FEF5
3FEEF
3FEEC
3FEEB
3FEEE
3FEF4
3FEFC
3FF08
3FF15
3FF25
3FF37
3FF4A
3FF5E
3FF72
3FF87
3FF9B
3FFAE
3FFC0
3FFD1
3FFDF
3FFEC
3FFF5
3FFFC
00000
00001
3FFFF
3FFFA
3FFF2
3FFE7
3FFDA
3FFCA
3FFB9
3FFA6
3FF92
3FF7E
3FF6A
3FF55
3FF42
3FF2F
3FF1F
3FF10
3FF03
3FEF9
3FEF1
3FEED
3FEEB
3FEED
3FEF1
3FEF9
3FF03
3FF10
3FF1F
3FF30
3FF42
3FF56
3FF6A
3FF7E
3FF93
3FFA6
3FFB9
3FFCA
3FFD9
3FFE7
3FFF1
3FFF9
3FFFE
00000
3FFFF
3FFFB
3FFF5
3FFEB
3FFDF
3FFD0
3FFC0
3FFAE
3FF9A
3FF86
3FF72
3FF5D
3FF4A
3FF37
3FF25
3FF16
3FF08
3FEFD
3FEF4
3FEEF
3FEEC
3FEEC
3FEF0
3FEF6
3FEFF
3FF0B
3FF19
3FF29
3FF3B
3FF4E
3FF62
3FF76
3FF8A
3FF9E
3FFB1
3FFC3
3FFD3
3FFE1
3FFED
3FFF6
3FFFC
00000
00000
3FFFD
3FFF7
3FFEF
3FFE4
3FFD6
3FFC6
3FFB5
3FFA2
3FF8E
3FF7A
3FF66
3FF51
3FF3E
3FF2C
3FF1C
3FF0D
3FF01
3FEF7
3FEF1
3FEED
3FEEC
3FEEE
3FEF3
3FEFB
3FF06
3FF13
3FF22
3FF33
3FF46
3FF59
3FF6E
3FF82
3FF96
3FFAA
3FFBC
3FFCD
3FFDC
3FFE8
3FFF3
3FFFA
3FFFE
00000
3FFFE
3FFFA
3FFF3
3FFE8
3FFDC
3FFCD
3FFBC
3FFAA
3FF96
3FF82
3FF6E
3FF59
3FF46
3FF33
3FF22
3FF13
3FF06
3FEFB
3FEF3
3FEEE
3FEEC
3FEED
3FEF1
3FEF7
3FF01
3FF0D
3FF1C
3FF2C
3FF3E
3FF51
3FF66
3FF7A
3FF8E
3FFA2
3FFB5
3FFC6
3FFD6
3FFE4
3FFEF
3FFF7
3FFFD
00000
00000
3FFFC
3FFF6
3FFED
3FFE1
3FFD3
3FFC3
3FFB1
3FF9E
3FF8A
3FF76
3FF62
3FF4E
3FF3B
3FF29
3FF19
3FF0B
3FEFF
3FEF6
3FEF0
3FEEC
3FEEC
3FEEF
3FEF4
3FEFD
3FF08
3FF16
3FF25
3FF37
3FF4A
3FF5D
3FF72
3FF86
3FF9A
3FFAE
3FFC0
3FFD0
3FFDF
3FFEB
3FFF5
3FFFB
3FFFF
00000
3FFFE
3FFF9
3FFF1
3FFE7
3FFD9
3FFCA
3FFB9
3FFA6
3FF93
3FF7E
3FF6A
3FF56
3FF42
3FF30
3FF1F
3FF10
3FF03
3FEF9
3FEF1
3FEED
3FEEB
3FEED
3FEF1
3FEF9
3FF03
3FF10
3FF1F
3FF2F
3FF42
3FF55
3FF6A
3FF7E
3FF92
3FFA6
3FFB9
3FFCA
3FFDA
3FFE7
3FFF2
3FFFA
3FFFF
00001
00000
3FFFC
3FFF5
3FFEC
3FFDF
3FFD1
3FFC0
3FFAE
3FF9B
3FF87
3FF72
3FF5E
3FF4A
3FF37
3FF25
3FF15
3FF08
3FEFC
3FEF4
3FEEE
3FEEB
3FEEC
3FEEF
3FEF5
3FEFE
3FF0A
3FF18
3FF28
3FF3A
3FF4D
3FF61
3FF76
3FF8B
3FF9F
3FFB2
3FFC4
3FFD4
3FFE2
3FFEE
3FFF7
3FFFE
00001
00001
3FFFF
3FFF9
3FFF1
3FFE5
3FFD8
3FFC8
3FFB6
3FFA3
3FF8F
3FF7B
3FF66
3FF52
3FF3E
3FF2C
3FF1B
3FF0D
3FF00
3FEF6
3FEF0
3FEEB
3FEEB
3FEED
3FEF2
3FEFA
3FF04
3FF12
3FF21
3FF33
3FF45
3FF59
3FF6E
3FF83
3FF97
3FFAB
3FFBD
3FFCE
3FFDE
3FFEA
3FFF5
3FFFC
00001
00003
00001
3FFFD
3FFF5
3FFEB
3FFDE
3FFCF
3FFBE
3FFAB
3FF98
3FF83
3FF6E
3FF5A
3FF46
3FF33
3FF21
3FF12
3FF04
3FEFA
3FEF1
3FEEC
3FEEA
3FEEB
3FEEF
3FEF6
3FEFF
3FF0C
3FF1A
3FF2B
3FF3D
3FF51
3FF66
3FF7A
3FF8F
3FFA3
3FFB7
3FFC9
3FFD9
3FFE7
3FFF2
3FFFB
00001
00004
00003
00000
3FFFA
3FFF0
3FFE5
3FFD6
3FFC6
3FFB4
3FFA0
3FF8C
3FF77
3FF62
3FF4E
3FF3A
3FF28
3FF17
3FF09
3FEFD
3FEF4
3FEED
3FEEA
3FEE9
3FEEC
3FEF2
3FEFA
3FF06
3FF14
3FF24
3FF36
3FF49
3FF5D
3FF72
3FF87
3FF9C
3FFB0
3FFC2
3FFD3
3FFE2
3FFEF
3FFF9
00000
00004
00005
00003
3FFFE
3FFF6
3FFEB
3FFDD
3FFCE
3FFBC
3FFA9
3FF95
3FF80
3FF6B
3FF56
3FF42
3FF2F
3FF1D
3FF0E
3FF01
3FEF6
3FEEE
3FEEA
3FEE8
3FEEA
3FEEE
3FEF6
3FF00
3FF0D
3FF1D
3FF2E
3FF41
3FF55
3FF6A
3FF7F
3FF94
3FFA9
3FFBC
3FFCE
3FFDE
3FFEC
3FFF7
3FFFF
00005
00007
00006
00002
3FFFB
3FFF1
3FFE4
3FFD5
3FFC4
3FFB2
3FF9E
3FF89
3FF73
3FF5E
3FF49
3FF36
3FF24
3FF13
3FF05
3FEF9
3FEF0
3FEEA
3FEE7
3FEE7
3FEEB
3FEF1
3FEFB
3FF07
3FF16
3FF26
3FF39
3FF4D
3FF62
3FF77
3FF8D
3FFA1
3FFB6
3FFC8
3FFD9
3FFE8
3FFF4
3FFFE
00005
00008
00009
00006
00000
3FFF7
3FFEB
3FFDD
3FFCD
3FFBA
3FFA7
3FF92
3FF7C
3FF67
3FF52
3FF3D
3FF2A
3FF19
3FF09
3FEFC
3FEF2
3FEEB
3FEE7
3FEE6
3FEE8
3FEED
3FEF6
3FF01
3FF0F
3FF1F
3FF31
3FF45
3FF59
3FF6F
3FF85
3FF9A
3FFAF
3FFC2
3FFD4
3FFE4
3FFF2
3FFFC
00004
00009
0000B
0000A
00005
3FFFD
3FFF2
3FFE5
3FFD5
3FFC3
3FFB0
3FF9B
3FF86
3FF70
3FF5A
3FF45
3FF31
3FF1F
3FF0E
3FF00
3FEF5
3FEEC
3FEE7
3FEE4
3FEE5
3FEE9
3FEF1
3FEFB
3FF08
3FF17
3FF29
3FF3C
3FF51
3FF66
3FF7C
3FF92
3FFA8
3FFBC
3FFCF
3FFE0
3FFEF
3FFFB
00004
0000A
0000D
0000D
0000A
00003
3FFF9
3FFED
3FFDE
3FFCC
3FFB9
3FFA5
3FF8F
3FF79
3FF63
3FF4D
3FF39
3FF25
3FF14
3FF04
3FEF8
3FEEE
3FEE7
3FEE3
3FEE3
3FEE6
3FEEC
3FEF5
3FF01
3FF10
3FF21
3FF34
3FF48
3FF5E
3FF74
3FF8A
3FFA0
3FFB5
3FFC9
3FFDB
3FFEB
3FFF9
00003
0000B
0000F
00010
0000E
00009
00000
3FFF4
3FFE6
3FFD5
3FFC3
3FFAE
3FF99
3FF82
3FF6C
3FF56
3FF40
3FF2C
3FF1A
3FF09
3FEFB
3FEF0
3FEE8
3FEE2
3FEE1
3FEE2
3FEE7
3FEEF
3FEFA
3FF08
3FF19
3FF2B
3FF40
3FF55
3FF6C
3FF82
3FF99
3FFAF
3FFC3
3FFD6
3FFE8
3FFF6
00002
0000B
00011
00013
00013
0000E
00007
3FFFC
3FFEF
3FFDF
3FFCC
3FFB8
3FFA3
3FF8C
3FF75
3FF5F
3FF48
3FF33
3FF20
3FF0E
3FEFF
3FEF2
3FEE9
3FEE2
3FEDF
3FEDF
3FEE3
3FEEA
3FEF4
3FF01
3FF11
3FF23
3FF37
3FF4C
3FF63
3FF7A
3FF91
3FFA8
3FFBD
3FFD1
3FFE4
3FFF4
00001
0000B
00012
00016
00017
00014
0000D
00004
3FFF7
3FFE8
3FFD6
3FFC2
3FFAD
3FF96
3FF7F
3FF68
3FF51
3FF3B
3FF26
3FF14
3FF03
3FEF5
3FEEA
3FEE2
3FEDE
3FEDC
3FEDF
3FEE5
3FEEE
3FEFA
3FF09
3FF1A
3FF2E
3FF43
3FF5A
3FF71
3FF89
3FFA0
3FFB7
3FFCC
3FFDF
3FFF1
3FFFF
0000B
00014
00019
0001B
00019
00014
0000C
00000
3FFF1
3FFE0
3FFCD
3FFB8
3FFA1
3FF89
3FF72
3FF5A
3FF43
3FF2E
3FF1A
3FF08
3FEF8
3FEEC
3FEE3
3FEDC
3FEDA
3FEDB
3FEE0
3FEE7
3FEF3
3FF01
3FF12
3FF25
3FF3A
3FF51
3FF69
3FF81
3FF99
3FFB0
3FFC6
3FFDB
3FFED
3FFFD
0000B
00015
0001C
0001F
0001F
0001B
00014
00009
3FFFB
3FFEB
3FFD7
3FFC2
3FFAC
3FF94
3FF7C
3FF64
3FF4C
3FF35
3FF20
3FF0D
3FEFC
3FEEE
3FEE3
3FEDC
3FED8
3FED7
3FEDB
3FEE1
3FEEC
3FEF9
3FF09
3FF1C
3FF31
3FF48
3FF5F
3FF78
3FF91
3FFA9
3FFC0
3FFD6
3FFEA
3FFFB
0000A
00016
0001E
00023
00024
00022
0001B
00012
00005
3FFF5
3FFE3
3FFCE
3FFB7
3FF9F
3FF87
3FF6E
3FF55
3FF3D
3FF27
3FF13
3FF00
3FEF1
3FEE4
3FEDB
3FED6
3FED4
3FED6
3FEDB
3FEE4
3FEF1
3FF00
3FF13
3FF27
3FF3E
3FF56
3FF6F
3FF88
3FFA1
3FFBA
3FFD1
3FFE6
3FFF9
00009
00016
00020
00027
00029
00028
00024
0001B
0000F
00000
3FFEE
3FFDA
3FFC3
3FFAB
3FF92
3FF78
3FF5F
3FF46
3FF2F
3FF19
3FF05
3FEF4
3FEE6
3FEDB
3FED4
3FED1
3FED1
3FED5
3FEDD
3FEE9
3FEF8
3FF09
3FF1E
3FF34
3FF4C
3FF66
3FF80
3FF99
3FFB3
3FFCB
3FFE2
3FFF6
00008
00017
00023
0002B
0002F
0002F
0002C
00024
0001A
0000B
3FFFA
3FFE6
3FFCF
3FFB7
3FF9E
3FF84
3FF69
3FF50
3FF37
3FF20
3FF0A
3FEF8
3FEE8
3FEDC
3FED3
3FECE
3FECD
3FED0
3FED6
3FEE1
3FEEF
3FF00
3FF14
3FF2A
3FF42
3FF5C
3FF77
3FF91
3FFAC
3FFC5
3FFDD
3FFF3
00007
00017
00025
0002E
00034
00036
00034
0002E
00024
00017
00006
3FFF3
3FFDC
3FFC4
3FFAA
3FF90
3FF75
3FF5A
3FF40
3FF27
3FF10
3FEFC
3FEEB
3FEDC
3FED2
3FECB
3FEC9
3FECA
3FECF
3FED8
3FEE5
3FEF6
3FF09
3FF20
3FF38
3FF52
3FF6D
3FF89
3FFA4
3FFBF
3FFD8
3FFF0
00005
00017
00026
00032
0003A
0003D
0003D
00038
00030
00023
00013
00000
3FFEA
3FFD2
3FFB8
3FF9C
3FF80
3FF64
3FF49
3FF2F
3FF17
3FF01
3FEEE
3FEDE
3FED1
3FEC9
3FEC4
3FEC4
3FEC8
3FED0
3FEDC
3FEEC
3FEFF
3FF15
3FF2D
3FF47
3FF63
3FF7F
3FF9C
3FFB8
3FFD3
3FFEC
00003
00017
00028
00036
0003F
00045
00046
00043
0003B
00030
00021
0000E
3FFF8
3FFE0
3FFC6
3FFAA
3FF8D
3FF70
3FF54
3FF38
3FF1E
3FF06
3FEF1
3FEDF
3FED1
3FEC7
3FEC0
3FEBE
3FEC1
3FEC7
3FED2
3FEE1
3FEF4
3FF09
3FF22
3FF3C
3FF58
3FF76
3FF93
3FFB1
3FFCD
3FFE8
00001
00017
0002A
00039
00045
0004C
0004F
0004E
00048
0003D
0002F
0001D
00008
3FFF0
3FFD5
3FFB8
3FF9B
3FF7D
3FF5F
3FF42
3FF26
3FF0C
3FEF5
3FEE1
3FED1
3FEC4
3FEBC
3FEB9
3FEB9
3FEBF
3FEC8
3FED6
3FEE8
3FEFD
3FF16
3FF30
3FF4D
3FF6B
3FF8A
3FFA9
3FFC7
3FFE4
3FFFF
00017
0002C
0003D
0004B
00054
00059
00059
00055
0004C
0003E
0002D
00018
00000
3FFE5
3FFC8
3FFAA
3FF8A
3FF6B
3FF4C
3FF2F
3FF13
3FEFA
3FEE4
3FED1
3FEC3
3FEB8
3FEB3
3FEB2
3FEB5
3FEBE
3FECB
3FEDC
3FEF1
3FF09
3FF24
3FF41
3FF60
3FF80
3FFA1
3FFC0
3FFDF
3FFFC
00016
0002E
00041
00051
0005D
00063
00065
00063
0005B
0004F
0003E
0002A
00012
3FFF7
3FFD9
3FFBA
3FF99
3FF78
3FF58
3FF38
3FF1A
3FEFF
3FEE7
3FED2
3FEC1
3FEB4
3FEAD
3FEAA
3FEAC
3FEB3
3FEBE
3FECF
3FEE3
3FEFB
3FF16
3FF34
3FF54
3FF76
3FF97
3FFB9
3FFDA
3FFF9
00015
0002F
00045
00058
00065
0006E
00073
00072
0006C
00061
00051
0003D
00025
0000A
3FFEC
3FFCB
3FFAA
3FF87
3FF65
3FF43
3FF23
3FF05
3FEEA
3FED3
3FEBF
3FEB1
3FEA6
3FEA1
3FEA2
3FEA7
3FEB1
3FEC1
3FED4
3FEEC
3FF08
3FF26
3FF47
3FF6A
3FF8D
3FFB1
3FFD4
3FFF5
00015
00031
0004A
0005F
0006F
0007B
00081
00082
0007E
00074
00065
00052
0003A
0001F
00000
3FFDF
3FFBC
3FF97
3FF73
3FF4F
3FF2C
3FF0C
3FEEE
3FED4
3FEBE
3FEAC
3FEA0
3FE98
3FE97
3FE9A
3FEA3
3FEB1
3FEC4
3FEDC
3FEF8
3FF17
3FF39
3FF5D
3FF82
3FFA8
3FFCD
3FFF1
00013
00033
0004F
00066
0007A
00088
00090
00094
00091
00089
0007C
00069
00052
00036
00017
3FFF4
3FFD0
3FFAA
3FF83
3FF5D
3FF37
3FF14
3FEF3
3FED6
3FEBD
3FEA8
3FE99
3FE8F
3FE8A
3FE8C
3FE93
3FEA0
3FEB3
3FECA
3FEE6
3FF06
3FF29
3FF4F
3FF76
3FF9E
3FFC6
3FFED
00012
00034
00053
0006F
00085
00096
000A2
000A7
000A7
000A1
00095
00083
0006C
00050
00030
0000C
3FFE6
3FFBE
3FF95
3FF6C
3FF44
3FF1D
3FEF9
3FED8
3FEBB
3FEA3
3FE91
3FE84
3FE7D
3FE7C
3FE81
3FE8D
3FE9F
3FEB6
3FED2
3FEF2
3FF17
3FF3E
3FF67
3FF92
3FFBD
3FFE7
00010
00036
00059
00077
00091
000A6
000B5
000BD
000C0
000BB
000B1
000A0
00089
0006D
0004D
00028
00000
3FFD6
3FFAA
3FF7D
3FF52
3FF27
3FEFF
3FEDA
3FEBA
3FE9E
3FE88
3FE77
3FE6D
3FE6A
3FE6D
3FE77
3FE87
3FE9E
3FEBA
3FEDB
3FF01
3FF2A
3FF56
3FF83
3FFB2
3FFE0
0000C
00037
0005E
00081
0009F
000B8
000CA
000D6
000DB
000DA
000D1
000C1
000AB
0008F
0006E
00048
0001E
3FFF1
3FFC2
3FF92
3FF62
3FF33
3FF07
3FEDD
3FEB8
3FE98
3FE7D
3FE68
3FE5B
3FE54
3FE55
3FE5D
3FE6C
3FE81
3FE9E
3FEC0
3FEE7
3FF12
3FF41
3FF71
3FFA4
3FFD6
00007
00036
00063
0008B
000AE
000CB
000E2
000F2
000FB
000FC
000F6
000E8
000D3
000B7
00094
0006D
00041
00011
3FFDE
3FFAA
3FF75
3FF42
3FF10
3FEE1
3FEB6
3FE90
3FE70
3FE57
3FE45
3FE3A
3FE37
3FE3D
3FE4A
3FE5E
3FE7B
3FE9D
3FEC6
3FEF4
3FF25
3FF5A
3FF91
3FFC8
3FFFF
00034
00066
00094
000BE
000E1
000FD
00112
0011F
00124
00121
00115
00101
000E5
000C2
00099
0006A
00037
00000
3FFC7
3FF8D
3FF53
3FF1B
3FEE5
3FEB4
3FE87
3FE61
3FE41
3FE29
3FE1A
3FE13
3FE15
3FE20
3FE33
3FE4E
3FE72
3FE9C
3FECC
3FF02
3FF3B
3FF77
3FFB5
3FFF2
0002E
00068
0009D
000CE
000F8
0011B
00136
00149
00153
00153
0014A
00138
0011D
000F9
000CE
0009D
00065
0002A
3FFEB
3FFAA
3FF69
3FF29
3FEEC
3FEB2
3FE7E
3FE50
3FE29
3FE0B
3FDF6
3FDEA
3FDE8
3FDF0
3FE02
3FE1E
3FE42
3FE6F
3FEA3
3FEDE
3FF1D
3FF60
3FFA5
3FFEB
00030
00073
000B2
000EC
0011F
0014A
0016C
00185
00194
00198
00192
00181
00165
00140
00112
000DC
000A0
0005E
00018
3FFD0
3FF87
3FF40
3FEFD
3FEBE
3FE85
3FE55
3FE2F
3FE14
3FE06
3FE04
3FE11
3FE2D
3FE57
3FE90
3FED8
3FF2E
3FF93
00004
00082
0010B
0019E
0023B
002E1
0038F
00447
00509
005D9
006BF
007D1
009BB
3FDB0
020E2
02B3B
3CEA0
3F34C
3D1B9
3E864
377EF
015ED
06BD7
38532
380B1
051EB
3F0D2
09683
01079
0392F
00CAA
08B35
36AD2
39B4A
3D001
3A53C
14954
000FA
004C7
3DD70
3DC00
3C43C
3949E
076FB
015D0
35598
3D50E
3EF84
3A3AD
300A6
06598
3CBC8
0E550
04C3F
0600E
039AB
07D1D
025A9
07841
3BF2B
3EC10
3FDBE
3FC7E
02DCE
008FB
00B53
00DC6
01BAE
01221
046AC
35ED9
3DE04
32451
3E344
09072
391E6
363A8
0096B
3BCED
061A3
00130
3EBF4
3DDAE
3842B
3ECC0
3AD88
00F4B
3C22F
0A046
01D95
0D910
02926
0BD30
3CAFF
3E543
3D8A9
3D317
00E6F
3EA28
08247
3EA86
3AD8F
000BC
3DF41
033D2
0496C
32C30
3C3F9
01E17
3E60E
02150
3C27D
3CB6A
3B5D7
381A0
0E2F0
0144A
0FAD6
3E1F0
2F131
07A9C
08751
3BDB3
3F3E5
3F473
3FEA0
3FF42
01D23
100C6
37E92
3A8BD
3B243
38C93
091A9
3F0A8
099F3
3BEEC
349BB
3E5CB
37BED
0496F
3D835
0A6DA
0102B
0B96D
3D227
32F6E
02FE6
3D7D7
063A1
03791
3C2B2
3FDBD
3EE36
00122
3E084
03492
07AED
35A2A
39CC7
0B624
01262
36AC4
00E18
01297
3EC5D
3A6E5
0B8E4
0792D
34EBC
3FE54
33FE8
030B9
058E4
0228B
078BD
376A7
3DD5C
3C1AC
3E19A
3EE24
3CA6D
32FFF
053EB
00F0E
036AB
019E3
0273D
01D53
13465
3E1AC
3BDB0
01008
3EAF4
03ADD
02107
3B0ED
3F72A
01BF2
3EFAB
3D697
010D0
016DD
3CC8A
3E5B4
3FF90
3F6E6
09F32
3D14E
3F5F3
39EE1
37060
052F7
3DC54
0C17F
3FFB4
3DEE5
3D3C4
36754
03CFB
009BF
00540
3F5B7
06394
01856
07BA7
010C7
0815A
3B7F6
02071
34D33
3BF92
3A12C
3E015
0639C
3E0D9
03958
3AF42
004AA
33AB7
3906B
0A661
3DD05
3BD3A
3BE19
329DB
07769
01764
050AF
01F20
07636
017CA
39F13
0169D
36C78
0FC06
0DAB1
39A62
02E97
34509
01FDB
09740
0015D
00793
01E4F
01E55
00BA2
01597
3F340
012FF
0139F
02BF6
093F5
383A7
3B9CE
01E84
000E9
3386B
3EB05
079CB
39771
34865
04328
3EB2C
05C25
01ADD
35265
3EB99
399C5
00FAE
3DE93
0488F
0418A
3B0AE
3F10A
0AC25
3FDD7
35A57
05CBB
06091
01ECC
05C71
35FE9
3EF05
0265C
01D70
0BBA1
3C404
3BAE0
043DC
04338
38379
3EEED
3C4E8
00F46
0908E
3D54B
016FC
3A5DE
3C2BC
01917
3F380
2FBB4
3E9EE
01727
3AC06
33A68
0B040
033CA
05D42
03267
0851D
02DCD
03382
033F8
044FE
0400F
08B30
2ACE1
3CDF6
0127C
3E79B
350B2
08298
0B7DE
39CB8
01396
34928
3D223
02564
3D509
38F8D
3F1BD
387FD
0A22E
03B5D
03240
0288A
0D057
02521
07017
3F9B0
03145
3CE83
007F6
39D66
3F0EC
3CD4A
01E38
0B84B
3975B
39D36
052F3
02E31
3975E
3F212
33FE9
00ED5
3CD60
064F0
0A217
372CA
3E3AF
3D410
3E1D7
23199
0201D
00FBC
3FBF0
3D71A
03FFE
3FDA1
0962F
01783
030E9
3D35C
32996
04A3B
3B4E4
0E029
053EC
0368C
027B3
0477F
0035B
3C109
041AB
02920
0168D
01E1B
3E254
015DE
0B29A
001F2
02D62
3FFBF
04766
3522E
3AAA2
086EB
3EA97
32C47
002A3
3C146
01BF0
3D419
0A125
05011
38616
00ECF
0669B
3ED63
3B4D5
03FF4
02A1A
3F533
00EAB
3292B
3C6BA
34884
3D3C4
34CBB
043A7
3D32B
09164
02413
06B9C
023DE
07ED2
00A84
06E35
39D84
3E15C
3A96B
3D94B
35238
3D54D
0331C
3CFDC
002F7
3B6F5
3E17E
39691
3B916
10E86
018B6
0FB2D
3B742
3C5EE
0063C
01685
3B0CB
3E8A9
01997
001FE
3F4BB
0270F
07E16
39F33
3CFC0
02103
3FF98
0FAF7
0339F
0D79B
3E776
02B64
3B02E
3B33D
081D7
02530
3CE55
026D9
0D952
3EB20
06AD7
36E3D
3CB5B
38D38
3C322
3659A
3C9EB
3BE7B
3EF0B
03924
3598F
375D6
07667
0021E
30EA8
3FD64
09D2B
3C143
02D69
34DA3
3744B
07FAF
003D6
3A564
00D81
09C00
3D010
00F63
3EEF6
06125
22096
3778C
3914E
3ABAC
39286
3C0C9
38503
034A8
0029D
3D8F2
3E890
37BB9
00979
38D03
0B49D
2B8E5
036D9
00E56
2E0EF
06043
34FF5
2A3A7
3E902
09CC3
2E30F
3F9D3
3E054
35632
3C1A8
38560
00BB6
088CB
0AF39
33B60
393C1
3B020
3B622
37EA8
00480
33CCE
38ED3
3F479
03DE2
05187
01CFF
3A638
3D5F9
3C68D
156B3
30EE2
3B88C
15A1C
04BD0
3B403
3FAC0
09814
3D9B4
26222
34EC4
3582E
063B0
3FE6E
37EB0
0924A
3D9FC
31A42
0DD86
00FDD
3E5FB
048F5
02A83
01F1C
0A9D6
3073D
2D217
3F6A3
0B524
092D3
04CDD
040CD
06187
361C6
02D9B
04FDF
1587F
3C89E
0DBBF
3E2F1
0BE0F
0F593
01E7A
3CE6D
350D3
03A94
35AEC
3CC01
39147
3F977
3E762
3A53B
3AA1F
0456E
0577F
394D0
00FA5
3E101
0321A
39D0C
0CBB2
34F71
01C1E
35185
387AF
38E0C
0DDDA
042B5
05A70
3F2AB
04282
3CC59
09BAC
3760B
00690
143DF
09A8E
2E535
03FDD
371F9
3E26D
3BA32
36AA7
3C4D8
3F47E
130EC
0A49F
38AAE
2C17D
37E47
0E8C7
3776B
36BF0
3B957
0488C
0D5D8
03934
32FD3
3DEF3
397FB
02720
3A84A
000F8
3AAE6
01F14
008A0
0C43F
0A9BF
0A097
3905E
0B296
2C602
044C0
3657D
39578
02C17
01236
00AAA
3F194
13897
06937
3DB9C
01D37
02BB1
32528
0992F
066CA
0176D
06CB2
3D82B
36500
36ACD
0314A
37402
3AEAF
099E6
39844
3E798
01948
3D454
0C8D1
09FE3
0534F
338BB
11518
3621B
0714B
003ED
03841
3F9AA
36F96
0C89C
3C286
31D4F
36902
05BD9
06BBC
0CA9A
043BD
078F5
3004B
3195E
2E9F8
01A8F
37044
027DF
00E63
39086
3D8EA
14ABB
038C0
063F9
2D5B6
3346A
00AC7
003A8
2E3BA
09EDD
3E2B8
14415
0BF28
03989
3F488
04977
09648
370A8
02719
04821
318A0
321B1
07DBD
05FC1
37905
39896
085DD
0CA07
03D81
0481C
0277E
3EB44
0666C
3F83B
14425
03C64
023AB
0372D
2B859
3D87E
3F769
01419
2EDA8
3FA36
20601
02F8B
074A8
09C86
01E0B
3D272
38557
00F7B
35D3E
0DBD9
359AD
02E58
3D5DE
286C8
3EE21
2F05C
0D62A
061A4
16360
3D7C4
06B70
3A43E
359D1
05F35
10D8E
3D3F5
3D7C7
1107E
39D97
3216F
04108
01D90
0D3C5
08F4A
1265B
3FF9D
04955
3F138
03C8A
00A23
3E096
0093B
0787A
3462D
3D604
39DAA
3D97B
32961
350BB
33CCF
0430E
10A10
32AA2
3FB42
079B9
3DA3A
0682E
06CD9
37E10
37491
073CE
3FCFA
05F93
3BC49
0FA6E
065F8
39604
3F75B
05FA3
3F051
360EA
38392
3E358
345FD
34E26
3CA10
29D36
06EC3
36631
000B2
39959
05502
3F5EA
12DD9
02845
01A3B
161C9
3AE3E
068CB
05BAD
00DF9
07E8B
3438F
3951E
3A265
0ED71
3DC71
38E0D
39F15
3CC55
0C1C6
0900A
39E14
01727
3C635
0964D
3D23A
0B85F
34059
0B170
2DE01
359A0
03636
3735B
39E79
0B691
3E614
1583E
3E348
0F271
13199
08344
025C8
01901
04351
3F7B1
3E1AF
317FD
38BB8
0BBF4
0509E
3D3DE
36E22
2BF9D
3C48A
2BF3F
02902
0495E
39016
3E0A9
3BBEF
04B9D
3C42A
056C1
27933
04D48
0ABAE
3FDB9
12162
3B190
09BC7
2DBDB
021E9
35FCA
3D4FE
077B3
013DD
3635A
09E5D
042F6
1AE49
09462
024B6
3E5D4
03EE1
344B4
39741
285DB
3D84B
19414
381D9
36FE1
3B643
03CE1
01B2E
350A1
05B0C
05BA6
28EEF
3CF40
050D1
00848
32C1D
07F86
0A250
025A1
06626
0C62F
02B1E
06A0C
00758
0B79E
3C760
3C428
0AD0A
3D816
39B56
3D3B8
06951
3473B
0278E
36400
0D4C2
11E13
3B22F
3BF37
3E0F0
3FA72
07A04
34D28
0CF0E
124AA
30528
31988
0656A
3DF63
0BE1A
02F59
2EDBE
39851
3C69C
35908
0A645
3566C
03B4E
0427F
0FC58
3B3FF
37C5F
3FE73
0187F
02560
334E9
3B00C
3F165
2E6F3
02F1D
0EAC1
3FE1F
07979
00AF7
08539
04C6C
37FCF
34BFE
3FBCA
03A50
067DA
3A4E3
34A43
116B0
3C189
08C8A
3D0B4
34DF9
0683E
02FBB
33BCE
3865F
010CB
05A18
3F0FD
03F8E
061D0
36E2E
059EB
05DD8
025D4
3C904
08B91
3E0A7
0755D
10C90
051EA
3E4A8
3A73E
3C5CF
3D225
3D974
3DE86
3E262
3E581
3E826
3EA77
3EC8A
3EE6F
3F030
3F1D2
3F35B
3F4CC
3F627
3F76C
3F89D
3F9B9
3FAC0
3FBB0
3FC8A
3FD4D
3FDF9
3FE8C
3FF07
3FF6A
3FFB5
3FFE8
00004
00009
3FFF8
3FFD4
3FF9C
3FF54
3FEFD
3FE99
3FE2A
3FDB3
3FD36
3FCB5
3FC34
3FBB4
3FB38
3FAC3
3FA55
3F9F3
3F99C
3F953
3F91A
3F8F0
3F8D7
3F8D0
3F8D9
3F8F4
3F91F
3F95A
3F9A3
3F9F9
3FA5B
3FAC7
3FB3A
3FBB4
3FC30
3FCAE
3FD2A
3FDA3
3FE17
3FE83
3FEE6
3FF3D
3FF88
3FFC6
3FFF4
00013
00022
00022
00011
3FFF2
3FFC5
3FF8B
3FF45
3FEF5
3FE9C
3FE3E
3FDDA
3FD75
3FD0F
3FCAC
3FC4D
3FBF3
3FBA2
3FB5A
3FB1D
3FAEC
3FAC9
3FAB4
3FAAD
3FAB4
3FACA
3FAEE
3FB1F
3FB5C
3FBA4
3FBF5
3FC4E
3FCAD
3FD10
3FD75
3FDDA
3FE3D
3FE9D
3FEF6
3FF47
3FF90
3FFCE
00000
00026
0003E
00048
00045
00034
00016
3FFEC
3FFB6
3FF76
3FF2E
3FEDE
3FE89
3FE30
3FDD6
3FD7C
3FD25
3FCD1
3FC83
3FC3D
3FC00
3FBCD
3FBA6
3FB8A
3FB7C
3FB7A
3FB85
3FB9E
3FBC2
3FBF2
3FC2C
3FC70
3FCBB
3FD0D
3FD63
3FDBC
3FE16
3FE6F
3FEC5
3FF16
3FF61
3FFA5
3FFDF
0000F
00033
0004C
00059
00059
0004C
00033
0000F
3FFE0
3FFA8
3FF67
3FF1F
3FED2
3FE81
3FE2E
3FDDC
3FD8B
3FD3D
3FCF4
3FCB3
3FC79
3FC48
3FC22
3FC07
3FBF7
3FBF4
3FBFC
3FC11
3FC30
3FC5B
3FC8F
3FCCC
3FD11
3FD5B
3FDA9
3FDFB
3FE4D
3FE9E
3FEED
3FF38
3FF7D
3FFBB
3FFF0
0001C
0003E
00054
00060
0005F
00053
0003B
00019
3FFED
3FFB8
3FF7C
3FF39
3FEF1
3FEA5
3FE58
3FE0B
3FDC0
3FD77
3FD34
3FCF7
3FCC2
3FC95
3FC72
3FC59
3FC4B
3FC49
3FC51
3FC65
3FC84
3FCAC
3FCDD
3FD17
3FD57
3FD9C
3FDE6
3FE32
3FE7E
3FEC9
3FF13
3FF57
3FF97
3FFCF
00000
00028
00045
00058
00061
0005E
00051
00039
00017
3FFEC
3FFB9
3FF7F
3FF3F
3FEFB
3FEB3
3FE6B
3FE22
3FDDC
3FD99
3FD5A
3FD22
3FCF1
3FCC9
3FCAA
3FC94
3FC89
3FC89
3FC93
3FCA8
3FCC6
3FCEE
3FD1E
3FD56
3FD93
3FDD5
3FE1B
3FE62
3FEAA
3FEF1
3FF35
3FF74
3FFAF
3FFE2
0000E
00030
0004A
00059
0005F
00059
0004A
00031
0000F
3FFE4
3FFB1
3FF79
3FF3B
3FEF9
3FEB5
3FE70
3FE2C
3FDEA
3FDAC
3FD72
3FD3E
3FD12
3FCEE
3FCD3
3FCC2
3FCBA
3FCBD
3FCC9
3FCDF
3FCFF
3FD27
3FD56
3FD8D
3FDC8
3FE08
3FE4B
3FE8F
3FED2
3FF14
3FF54
3FF8E
3FFC4
3FFF2
00019
00037
0004C
00058
0005A
00051
00040
00025
00002
3FFD6
3FFA4
3FF6D
3FF30
3FEF1
3FEB0
3FE6E
3FE2E
3FDF0
3FDB6
3FD81
3FD52
3FD2A
3FD0B
3FCF4
3FCE7
3FCE3
3FCE8
3FCF7
3FD0F
3FD30
3FD59
3FD88
3FDBE
3FDF8
3FE36
3FE76
3FEB6
3FEF7
3FF35
3FF70
3FFA6
3FFD6
00000
00022
0003C
0004D
00054
00052
00047
00033
00016
3FFF2
3FFC6
3FF94
3FF5D
3FF22
3FEE5
3FEA6
3FE68
3FE2B
3FDF1
3FDBB
3FD8B
3FD60
3FD3D
3FD22
3FD10
3FD06
3FD06
3FD0E
3FD20
3FD3A
3FD5C
3FD86
3FDB5
3FDEA
3FE24
3FE60
3FE9D
3FEDB
3FF18
3FF52
3FF89
3FFBA
3FFE6
0000C
00029
0003E
0004B
0004F
00049
0003B
00025
00006
3FFE0
3FFB3
3FF82
3FF4B
3FF12
3FED6
3FE9A
3FE5F
3FE25
3FDEF
3FDBD
3FD91
3FD6B
3FD4C
3FD36
3FD27
3FD21
3FD25
3FD30
3FD45
3FD61
3FD85
3FDAF
3FDDF
3FE14
3FE4C
3FE86
3FEC1
3FEFC
3FF36
3FF6C
3FF9F
3FFCD
3FFF4
00015
0002E
0003F
00048
00047
0003F
0002E
00015
3FFF4
3FFCD
3FFA0
3FF6E
3FF38
3FF00
3FEC6
3FE8D
3FE54
3FE1E
3FDEB
3FDBD
3FD95
3FD74
3FD59
3FD47
3FD3C
3FD3A
3FD41
3FD50
3FD67
3FD85
3FDAA
3FDD5
3FE06
3FE3A
3FE71
3FEA9
3FEE3
3FF1B
3FF51
3FF84
3FFB3
3FFDD
00000
0001C
00031
0003E
00043
0003F
00033
0001F
00004
3FFE1
3FFB9
3FF8B
3FF59
3FF24
3FEED
3FEB5
3FE7E
3FE48
3FE16
3FDE7
3FDBD
3FD99
3FD7B
3FD65
3FD56
3FD50
3FD52
3FD5C
3FD6D
3FD87
3FDA7
3FDCE
3FDF9
3FE2A
3FE5E
3FE93
3FECB
3FF02
3FF37
3FF6A
3FF9A
3FFC5
3FFEA
0000A
00022
00032
0003B
0003C
00035
00026
0000F
3FFF2
3FFCE
3FFA4
3FF76
3FF44
3FF10
3FEDA
3FEA4
3FE6F
3FE3D
3FE0D
3FDE2
3FDBB
3FD9B
3FD82
3FD70
3FD65
3FD63
3FD68
3FD75
3FD8A
3FDA5
3FDC7
3FDEF
3FE1C
3FE4C
3FE7F
3FEB4
3FEE9
3FF1E
3FF51
3FF81
3FFAD
3FFD5
3FFF6
00011
00025
00032
00037
00034
0002A
00018
3FFFF
3FFDF
3FFB9
3FF8F
3FF61
3FF2F
3FEFC
3FEC7
3FE93
3FE61
3FE31
3FE04
3FDDD
3FDBA
3FD9E
3FD89
3FD7A
3FD74
3FD75
3FD7D
3FD8D
3FDA5
3FDC2
3FDE6
3FE0F
3FE3C
3FE6C
3FE9F
3FED3
3FF06
3FF39
3FF69
3FF96
3FFBF
3FFE2
00000
00017
00027
00030
00031
0002B
0001D
00009
3FFED
3FFCC
3FFA5
3FF7A
3FF4B
3FF1A
3FEE7
3FEB5
3FE83
3FE53
3FE25
3FDFC
3FDD8
3FDB9
3FDA1
3FD8F
3FD85
3FD82
3FD86
3FD92
3FDA5
3FDBF
3FDDF
3FE04
3FE2E
3FE5B
3FE8B
3FEBD
3FEEF
3FF21
3FF51
3FF7F
3FFA9
3FFCE
3FFEE
00008
0001B
00028
0002D
0002A
00021
00010
3FFF9
3FFDB
3FFB8
3FF90
3FF64
3FF35
3FF05
3FED3
3FEA2
3FE72
3FE45
3FE1B
3FDF5
3FDD4
3FDB9
3FDA4
3FD96
3FD90
3FD90
3FD98
3FDA7
3FDBD
3FDD9
3FDFA
3FE21
3FE4B
3FE79
3FEA9
3FED9
3FF0A
3FF3A
3FF68
3FF93
3FFBA
3FFDC
3FFF8
0000E
0001E
00026
00028
00022
00015
00002
3FFE8
3FFC8
3FFA4
3FF7B
3FF4F
3FF20
3FEF0
3FEC0
3FE90
3FE63
3FE38
3FE10
3FDEE
3FDD0
3FDB9
3FDA8
3FD9E
3FD9B
3FD9F
3FDAA
3FDBC
3FDD4
3FDF2
3FE15
3FE3D
3FE68
3FE95
3FEC5
3FEF4
3FF24
3FF52
3FF7D
3FFA5
3FFC9
3FFE7
00000
00013
0001E
00023
00021
00018
00009
3FFF3
3FFD6
3FFB5
3FF8F
3FF66
3FF39
3FF0B
3FEDC
3FEAD
3FE7F
3FE54
3FE2B
3FE07
3FDE8
3FDCE
3FDBA
3FDAD
3FDA6
3FDA7
3FDAE
3FDBC
3FDD0
3FDEB
3FE0B
3FE2F
3FE58
3FE83
3FEB1
3FEDF
3FF0E
3FF3C
3FF68
3FF90
3FFB5
3FFD6
3FFF1
00006
00015
0001E
0001F
0001A
0000E
3FFFB
3FFE3
3FFC4
3FFA1
3FF7A
3FF50
3FF24
3FEF6
3FEC8
3FE9A
3FE6F
3FE45
3FE20
3FDFF
3FDE2
3FDCC
3FDBC
3FDB2
3FDAF
3FDB3
3FDBD
3FDCE
3FDE5
3FE02
3FE23
3FE49
3FE72
3FE9E
3FECB
3FEF9
3FF26
3FF52
3FF7C
3FFA2
3FFC4
3FFE2
3FFF9
0000B
00017
0001B
0001A
00011
00002
3FFED
3FFD2
3FFB2
3FF8E
3FF66
3FF3B
3FF0F
3FEE1
3FEB4
3FE89
3FE5F
3FE38
3FE15
3FDF7
3FDDE
3FDCB
3FDBE
3FDB8
3FDB8
3FDBF
3FDCD
3FDE0
3FDFA
3FE18
3FE3B
3FE62
3FE8C
3FEB8
3FEE5
3FF11
3FF3D
3FF67
3FF8F
3FFB2
3FFD1
3FFEC
00000
0000E
00016
00018
00013
00007
3FFF5
3FFDD
3FFC1
3FF9F
3FF79
3FF51
3FF26
3FEFA
3FECD
3FEA2
3FE78
3FE50
3FE2C
3FE0C
3FDF1
3FDDB
3FDCB
3FDC2
3FDBF
3FDC3
3FDCD
3FDDD
3FDF3
3FE0F
3FE2F
3FE53
3FE7B
3FEA5
3FED1
3FEFD
3FF29
3FF53
3FF7B
3FFA0
3FFC1
3FFDD
3FFF4
00005
00010
00015
00013
0000A
3FFFC
3FFE7
3FFCD
3FFAF
3FF8C
3FF65
3FF3C
3FF11
3FEE5
3FEBA
3FE90
3FE67
3FE42
3FE20
3FE03
3FDEB
3FDD9
3FDCD
3FDC7
3FDC7
3FDCE
3FDDB
3FDEE
3FE06
3FE24
3FE46
3FE6B
3FE94
3FEBE
3FEE9
3FF14
3FF3F
3FF67
3FF8D
3FFB0
3FFCE
3FFE7
3FFFB
00009
00010
00012
0000C
00001
3FFF0
3FFD9
3FFBD
3FF9C
3FF78
3FF50
3FF27
3FEFC
3FED1
3FEA7
3FE7E
3FE58
3FE35
3FE16
3FDFC
3FDE7
3FDD8
3FDCF
3FDCC
3FDD0
3FDD9
3FDE9
3FDFF
3FE1A
3FE39
3FE5C
3FE83
3FEAB
3FED6
3FF00
3FF2B
3FF54
3FF7B
3FF9E
3FFBE
3FFD9
3FFEF
00000
0000B
0000F
0000D
00005
3FFF7
3FFE3
3FFC9
3FFAB
3FF89
3FF64
3FF3C
3FF12
3FEE8
3FEBE
3FE95
3FE6E
3FE4A
3FE29
3FE0D
3FDF6
3FDE4
3FDD8
3FDD2
3FDD3
3FDD9
3FDE6
3FDF8
3FE10
3FE2D
3FE4E
3FE73
3FE9A
3FEC3
3FEED
3FF17
3FF40
3FF68
3FF8C
3FFAE
3FFCB
3FFE3
3FFF6
00004
0000B
0000C
00007
3FFFC
3FFEB
3FFD5
3FFB9
3FF9A
3FF76
3FF50
3FF27
3FEFE
3FED4
3FEAB
3FE83
3FE5E
3FE3C
3FE1E
3FE05
3FDF0
3FDE2
3FDD9
3FDD6
3FDDA
3FDE4
3FDF3
3FE08
3FE22
3FE41
3FE64
3FE89
3FEB1
3FEDA
3FF04
3FF2D
3FF55
3FF7A
3FF9D
3FFBC
3FFD7
3FFEC
3FFFC
00006
0000A
00008
00000
3FFF2
3FFDF
3FFC6
3FFA8
3FF87
3FF63
3FF3B
3FF13
3FEEA
3FEC0
3FE98
3FE72
3FE4F
3FE2F
3FE14
3FDFD
3FDEC
3FDE1
3FDDB
3FDDC
3FDE2
3FDEF
3FE01
3FE19
3FE35
3FE55
3FE79
3FE9F
3FEC7
3FEF0
3FF1A
3FF42
3FF68
3FF8C
3FFAD
3FFC9
3FFE1
3FFF3
00000
00007
00008
00003
3FFF8
3FFE7
3FFD1
3FFB6
3FF97
3FF74
3FF4F
3FF27
3FEFE
3FED6
3FEAD
3FE87
3FE62
3FE41
3FE24
3FE0B
3FDF8
3FDE9
3FDE1
3FDDF
3FDE2
3FDEC
3FDFB
3FE10
3FE2A
3FE48
3FE6A
3FE8E
3FEB5
3FEDE
3FF06
3FF2F
3FF56
3FF7B
3FF9C
3FFBB
3FFD4
3FFE9
3FFF9
00003
00006
00004
3FFFC
3FFEE
3FFDB
3FFC3
3FFA6
3FF85
3FF61
3FF3B
3FF13
3FEEA
3FEC2
3FE9B
3FE76
3FE53
3FE34
3FE19
3FE03
3FDF3
3FDE8
3FDE2
3FDE3
3FDEA
3FDF6
3FE08
3FE1F
3FE3B
3FE5B
3FE7E
3FEA4
3FECB
3FEF4
3FF1C
3FF43
3FF69
3FF8C
3FFAC
3FFC8
3FFDF
3FFF1
3FFFD
00004
00005
3FFFF
3FFF4
3FFE4
3FFCE
3FFB3
3FF95
3FF72
3FF4D
3FF27
3FEFF
3FED6
3FEAF
3FE89
3FE65
3FE45
3FE28
3FE10
3FDFD
3FDEF
3FDE7
3FDE5
3FDE9
3FDF2
3FE01
3FE16
3FE2F
3FE4D
3FE6E
3FE93
3FEB9
3FEE1
3FF09
3FF31
3FF57
3FF7B
3FF9C
3FFBA
3FFD3
3FFE7
3FFF7
00000
00004
00001
3FFF9
3FFEB
3FFD8
3FFC0
3FFA3
3FF83
3FF5F
3FF3A
3FF12
3FEEA
3FEC3
3FE9C
3FE78
3FE56
3FE37
3FE1D
3FE08
3FDF7
3FDED
3FDE8
3FDE8
3FDEF
3FDFC
3FE0E
3FE25
3FE40
3FE60
3FE82
3FEA8
3FECE
3FEF6
3FF1E
3FF45
3FF6A
3FF8C
3FFAC
3FFC7
3FFDD
3FFEF
3FFFB
00001
00002
3FFFD
3FFF2
3FFE1
3FFCB
3FFB1
3FF93
3FF71
3FF4C
3FF26
3FEFE
3FED6
3FEAF
3FE8A
3FE67
3FE47
3FE2B
3FE13
3FE00
3FDF3
3FDEB
3FDE9
3FDED
3FDF7
3FE06
3FE1B
3FE34
3FE51
3FE72
3FE96
3FEBC
3FEE4
3FF0B
3FF32
3FF58
3FF7C
3FF9D
3FFBA
3FFD2
3FFE6
3FFF5
3FFFE
00002
3FFFF
3FFF7
3FFE9
3FFD6
3FFBE
3FFA1
3FF81
3FF5E
3FF38
3FF11
3FEEA
3FEC3
3FE9D
3FE78
3FE57
3FE39
3FE1F
3FE0A
3FDFA
3FDF0
3FDEB
3FDEC
3FDF3
3FE00
3FE11
3FE28
3FE44
3FE63
3FE86
3FEAA
3FED1
3FEF8
3FF20
3FF46
3FF6B
3FF8D
3FFAC
3FFC7
3FFDD
3FFEE
3FFFA
00000
00000
3FFFB
3FFF0
3FFDF
3FFC9
3FFAF
3FF91
3FF6F
3FF4B
3FF24
3FEFD
3FED6
3FEAF
3FE8A
3FE68
3FE48
3FE2C
3FE15
3FE02
3FDF5
3FDEE
3FDEC
3FDF0
3FDFA
3FE09
3FE1E
3FE37
3FE54
3FE75
3FE99
3FEBF
3FEE6
3FF0D
3FF34
3FF59
3FF7D
3FF9D
3FFBA
3FFD2
3FFE6
3FFF4
3FFFD
00000
3FFFE
3FFF5
3FFE7
3FFD4
3FFBC
3FFA0
3FF7F
3FF5C
3FF37
3FF10
3FEE9
3FEC2
3FE9C
3FE78
3FE57
3FE3A
3FE20
3FE0B
3FDFC
3FDF1
3FDED
3FDEE
3FDF5
3FE02
3FE14
3FE2B
3FE46
3FE66
3FE88
3FEAD
3FED3
3FEFA
3FF22
3FF48
3FF6C
3FF8E
3FFAC
3FFC7
3FFDD
3FFEE
3FFF9
3FFFF
3FFFF
3FFFA
3FFEE
3FFDE
3FFC8
3FFAE
3FF8F
3FF6D
3FF49
3FF23
3FEFC
3FED5
3FEAE
3FE8A
3FE67
3FE48
3FE2C
3FE15
3FE03
3FDF6
3FDEF
3FDED
3FDF1
3FDFB
3FE0B
3FE20
3FE39
3FE56
3FE77
3FE9B
3FEC1
3FEE8
3FF0F
3FF36
3FF5B
3FF7E
3FF9E
3FFBB
3FFD3
3FFE6
3FFF4
3FFFD
00000
3FFFD
3FFF4
3FFE6
3FFD3
3FFBB
3FF9E
3FF7E
3FF5B
3FF36
3FF0F
3FEE8
3FEC1
3FE9B
3FE77
3FE56
3FE39
3FE20
3FE0B
3FDFB
3FDF1
3FDED
3FDEF
3FDF6
3FE03
3FE15
3FE2C
3FE48
3FE67
3FE8A
3FEAE
3FED5
3FEFC
3FF23
3FF49
3FF6D
3FF8F
3FFAE
3FFC8
3FFDE
3FFEE
3FFFA
3FFFF
3FFFF
3FFF9
3FFEE
3FFDD
3FFC7
3FFAC
3FF8E
3FF6C
3FF48
3FF22
3FEFA
3FED3
3FEAD
3FE88
3FE66
3FE46
3FE2B
3FE14
3FE02
3FDF5
3FDEE
3FDED
3FDF1
3FDFC
3FE0B
3FE20
3FE3A
3FE57
3FE78
3FE9C
3FEC2
3FEE9
3FF10
3FF37
3FF5C
3FF7F
3FFA0
3FFBC
3FFD4
3FFE7
3FFF5
3FFFE
00000
3FFFD
3FFF4
3FFE6
3FFD2
3FFBA
3FF9D
3FF7D
3FF59
3FF34
3FF0D
3FEE6
3FEBF
3FE99
3FE75
3FE54
3FE37
3FE1E
3FE09
3FDFA
3FDF0
3FDEC
3FDEE
3FDF5
3FE02
3FE15
3FE2C
3FE48
3FE68
3FE8A
3FEAF
3FED6
3FEFD
3FF24
3FF4B
3FF6F
3FF91
3FFAF
3FFC9
3FFDF
3FFF0
3FFFB
00000
00000
3FFFA
3FFEE
3FFDD
3FFC7
3FFAC
3FF8D
3FF6B
3FF46
3FF20
3FEF8
3FED1
3FEAA
3FE86
3FE63
3FE44
3FE28
3FE11
3FE00
3FDF3
3FDEC
3FDEB
3FDF0
3FDFA
3FE0A
3FE1F
3FE39
3FE57
3FE78
3FE9D
3FEC3
3FEEA
3FF11
3FF38
3FF5E
3FF81
3FFA1
3FFBE
3FFD6
3FFE9
3FFF7
3FFFF
00002
3FFFE
3FFF5
3FFE6
3FFD2
3FFBA
3FF9D
3FF7C
3FF58
3FF32
3FF0B
3FEE4
3FEBC
3FE96
3FE72
3FE51
3FE34
3FE1B
3FE06
3FDF7
3FDED
3FDE9
3FDEB
3FDF3
3FE00
3FE13
3FE2B
3FE47
3FE67
3FE8A
3FEAF
3FED6
3FEFE
3FF26
3FF4C
3FF71
3FF93
3FFB1
3FFCB
3FFE1
3FFF2
3FFFD
00002
00001
3FFFB
3FFEF
3FFDD
3FFC7
3FFAC
3FF8C
3FF6A
3FF45
3FF1E
3FEF6
3FECE
3FEA8
3FE82
3FE60
3FE40
3FE25
3FE0E
3FDFC
3FDEF
3FDE8
3FDE8
3FDED
3FDF7
3FE08
3FE1D
3FE37
3FE56
3FE78
3FE9C
3FEC3
3FEEA
3FF12
3FF3A
3FF5F
3FF83
3FFA3
3FFC0
3FFD8
3FFEB
3FFF9
00001
00004
00000
3FFF7
3FFE7
3FFD3
3FFBA
3FF9C
3FF7B
3FF57
3FF31
3FF09
3FEE1
3FEB9
3FE93
3FE6E
3FE4D
3FE2F
3FE16
3FE01
3FDF2
3FDE9
3FDE5
3FDE7
3FDEF
3FDFD
3FE10
3FE28
3FE45
3FE65
3FE89
3FEAF
3FED6
3FEFF
3FF27
3FF4D
3FF72
3FF95
3FFB3
3FFCE
3FFE4
3FFF4
3FFFF
00005
00004
3FFFD
3FFF1
3FFDF
3FFC8
3FFAC
3FF8C
3FF69
3FF43
3FF1C
3FEF4
3FECB
3FEA4
3FE7E
3FE5B
3FE3B
3FE1F
3FE08
3FDF6
3FDEA
3FDE3
3FDE2
3FDE8
3FDF3
3FE03
3FE19
3FE34
3FE53
3FE76
3FE9B
3FEC2
3FEEA
3FF13
3FF3B
3FF61
3FF85
3FFA6
3FFC3
3FFDB
3FFEE
3FFFC
00004
00006
00003
3FFF9
3FFE9
3FFD4
3FFBB
3FF9C
3FF7B
3FF56
3FF2F
3FF06
3FEDE
3FEB5
3FE8E
3FE6A
3FE48
3FE2A
3FE10
3FDFB
3FDEC
3FDE2
3FDDF
3FDE1
3FDE9
3FDF8
3FE0B
3FE24
3FE41
3FE62
3FE87
3FEAD
3FED6
3FEFE
3FF27
3FF4F
3FF74
3FF97
3FFB6
3FFD1
3FFE7
3FFF8
00003
00008
00007
00000
3FFF3
3FFE1
3FFC9
3FFAD
3FF8C
3FF68
3FF42
3FF1A
3FEF0
3FEC7
3FE9F
3FE79
3FE55
3FE35
3FE19
3FE01
3FDEF
3FDE2
3FDDC
3FDDB
3FDE1
3FDEC
3FDFD
3FE14
3FE2F
3FE4F
3FE72
3FE98
3FEC0
3FEEA
3FF13
3FF3B
3FF63
3FF87
3FFA8
3FFC6
3FFDF
3FFF2
00000
00008
0000A
00006
3FFFC
3FFEC
3FFD7
3FFBC
3FF9D
3FF7A
3FF55
3FF2D
3FF04
3FEDA
3FEB1
3FE89
3FE64
3FE41
3FE22
3FE08
3FDF3
3FDE4
3FDDA
3FDD6
3FDD9
3FDE2
3FDF0
3FE05
3FE1E
3FE3C
3FE5E
3FE83
3FEAB
3FED4
3FEFE
3FF27
3FF50
3FF76
3FF9A
3FFB9
3FFD5
3FFEB
3FFFC
00007
0000C
0000B
00004
3FFF6
3FFE3
3FFCB
3FFAE
3FF8C
3FF68
3FF40
3FF17
3FEED
3FEC3
3FE9A
3FE73
3FE4E
3FE2D
3FE10
3FDF8
3FDE6
3FDD9
3FDD3
3FDD2
3FDD8
3FDE4
3FDF6
3FE0D
3FE29
3FE4A
3FE6E
3FE95
3FEBE
3FEE8
3FF12
3FF3C
3FF64
3FF89
3FFAB
3FFC9
3FFE3
3FFF7
00005
0000D
0000F
0000B
00000
3FFEF
3FFD9
3FFBE
3FF9E
3FF7B
3FF54
3FF2B
3FF00
3FED6
3FEAB
3FE83
3FE5C
3FE39
3FE1A
3FDFF
3FDE9
3FDD9
3FDD0
3FDCC
3FDCF
3FDD8
3FDE7
3FDFC
3FE16
3FE35
3FE58
3FE7E
3FEA7
3FED1
3FEFC
3FF27
3FF50
3FF78
3FF9C
3FFBD
3FFD9
3FFF0
00001
0000C
00012
00010
00009
3FFFB
3FFE7
3FFCE
3FFB0
3FF8D
3FF67
3FF3F
3FF14
3FEE9
3FEBE
3FE94
3FE6B
3FE46
3FE24
3FE06
3FDEE
3FDDB
3FDCE
3FDC7
3FDC7
3FDCD
3FDD9
3FDEB
3FE03
3FE20
3FE42
3FE67
3FE90
3FEBA
3FEE5
3FF11
3FF3C
3FF65
3FF8C
3FFAF
3FFCD
3FFE7
3FFFC
0000A
00013
00015
00010
00005
3FFF4
3FFDD
3FFC1
3FFA0
3FF7B
3FF53
3FF29
3FEFD
3FED1
3FEA5
3FE7B
3FE53
3FE2F
3FE0F
3FDF3
3FDDD
3FDCD
3FDC3
3FDBF
3FDC2
3FDCB
3FDDB
3FDF1
3FE0C
3FE2C
3FE50
3FE78
3FEA2
3FECD
3FEFA
3FF26
3FF51
3FF79
3FF9F
3FFC1
3FFDD
3FFF5
00007
00013
00018
00016
0000E
00000
3FFEC
3FFD1
3FFB2
3FF8F
3FF67
3FF3D
3FF11
3FEE5
3FEB8
3FE8C
3FE62
3FE3B
3FE18
3FDFA
3FDE0
3FDCD
3FDBF
3FDB8
3FDB8
3FDBE
3FDCB
3FDDE
3FDF7
3FE15
3FE38
3FE5F
3FE89
3FEB4
3FEE1
3FF0F
3FF3B
3FF66
3FF8E
3FFB2
3FFD2
3FFED
00002
00011
0001A
0001B
00017
0000B
3FFF9
3FFE2
3FFC4
3FFA2
3FF7C
3FF52
3FF26
3FEF9
3FECB
3FE9E
3FE72
3FE49
3FE23
3FE02
3FDE5
3FDCE
3FDBD
3FDB3
3FDAF
3FDB2
3FDBC
3FDCC
3FDE2
3FDFF
3FE20
3FE45
3FE6F
3FE9A
3FEC8
3FEF6
3FF24
3FF50
3FF7A
3FFA1
3FFC4
3FFE3
3FFFB
0000E
0001A
0001F
0001E
00015
00006
3FFF1
3FFD6
3FFB5
3FF90
3FF68
3FF3C
3FF0E
3FEDF
3FEB1
3FE83
3FE58
3FE2F
3FE0B
3FDEB
3FDD0
3FDBC
3FDAE
3FDA7
3FDA6
3FDAD
3FDBA
3FDCE
3FDE8
3FE07
3FE2B
3FE54
3FE7F
3FEAD
3FEDC
3FF0B
3FF39
3FF66
3FF8F
3FFB5
3FFD6
3FFF3
00009
00018
00021
00023
0001E
00013
00000
3FFE7
3FFC9
3FFA5
3FF7D
3FF52
3FF24
3FEF4
3FEC5
3FE95
3FE68
3FE3D
3FE15
3FDF2
3FDD4
3FDBC
3FDAA
3FD9F
3FD9B
3FD9E
3FDA8
3FDB9
3FDD0
3FDEE
3FE10
3FE38
3FE63
3FE90
3FEC0
3FEF0
3FF20
3FF4F
3FF7B
3FFA4
3FFC8
3FFE8
00002
00015
00022
00028
00026
0001E
0000E
3FFF8
3FFDC
3FFBA
3FF93
3FF68
3FF3A
3FF0A
3FED9
3FEA9
3FE79
3FE4B
3FE21
3FDFA
3FDD9
3FDBD
3FDA7
3FD98
3FD90
3FD90
3FD96
3FDA4
3FDB9
3FDD4
3FDF5
3FE1B
3FE45
3FE72
3FEA2
3FED3
3FF05
3FF35
3FF64
3FF90
3FFB8
3FFDB
3FFF9
00010
00021
0002A
0002D
00028
0001B
00008
3FFEE
3FFCE
3FFA9
3FF7F
3FF51
3FF21
3FEEF
3FEBD
3FE8B
3FE5B
3FE2E
3FE04
3FDDF
3FDBF
3FDA5
3FD92
3FD86
3FD82
3FD85
3FD8F
3FDA1
3FDB9
3FDD8
3FDFC
3FE25
3FE53
3FE83
3FEB5
3FEE7
3FF1A
3FF4B
3FF7A
3FFA5
3FFCC
3FFED
00009
0001D
0002B
00031
00030
00027
00017
00000
3FFE2
3FFBF
3FF96
3FF69
3FF39
3FF06
3FED3
3FE9F
3FE6C
3FE3C
3FE0F
3FDE6
3FDC2
3FDA5
3FD8D
3FD7D
3FD75
3FD74
3FD7A
3FD89
3FD9E
3FDBA
3FDDD
3FE04
3FE31
3FE61
3FE93
3FEC7
3FEFC
3FF2F
3FF61
3FF8F
3FFB9
3FFDF
3FFFF
00018
0002A
00034
00037
00032
00025
00011
3FFF6
3FFD5
3FFAD
3FF81
3FF51
3FF1E
3FEE9
3FEB4
3FE7F
3FE4C
3FE1C
3FDEF
3FDC7
3FDA5
3FD8A
3FD75
3FD68
3FD63
3FD65
3FD70
3FD82
3FD9B
3FDBB
3FDE2
3FE0D
3FE3D
3FE6F
3FEA4
3FEDA
3FF10
3FF44
3FF76
3FFA4
3FFCE
3FFF2
0000F
00026
00035
0003C
0003B
00032
00022
0000A
3FFEA
3FFC5
3FF9A
3FF6A
3FF37
3FF02
3FECB
3FE93
3FE5E
3FE2A
3FDF9
3FDCE
3FDA7
3FD87
3FD6D
3FD5C
3FD52
3FD50
3FD56
3FD65
3FD7B
3FD99
3FDBD
3FDE7
3FE16
3FE48
3FE7E
3FEB5
3FEED
3FF24
3FF59
3FF8B
3FFB9
3FFE1
00004
0001F
00033
0003F
00043
0003E
00031
0001C
00000
3FFDD
3FFB3
3FF84
3FF51
3FF1B
3FEE3
3FEA9
3FE71
3FE3A
3FE06
3FDD5
3FDAA
3FD85
3FD67
3FD50
3FD41
3FD3A
3FD3C
3FD47
3FD59
3FD74
3FD95
3FDBD
3FDEB
3FE1E
3FE54
3FE8D
3FEC6
3FF00
3FF38
3FF6E
3FFA0
3FFCD
3FFF4
00015
0002E
0003F
00047
00048
0003F
0002E
00015
3FFF4
3FFCD
3FF9F
3FF6C
3FF36
3FEFC
3FEC1
3FE86
3FE4C
3FE14
3FDDF
3FDAF
3FD85
3FD61
3FD45
3FD30
3FD25
3FD21
3FD27
3FD36
3FD4C
3FD6B
3FD91
3FDBD
3FDEF
3FE25
3FE5F
3FE9A
3FED6
3FF12
3FF4B
3FF82
3FFB3
3FFE0
00006
00025
0003B
00049
0004F
0004B
0003E
00029
0000C
3FFE6
3FFBA
3FF89
3FF52
3FF18
3FEDB
3FE9D
3FE60
3FE24
3FDEA
3FDB5
3FD86
3FD5C
3FD3A
3FD20
3FD0E
3FD06
3FD06
3FD10
3FD22
3FD3D
3FD60
3FD8B
3FDBB
3FDF1
3FE2B
3FE68
3FEA6
3FEE5
3FF22
3FF5D
3FF94
3FFC6
3FFF2
00016
00033
00047
00052
00054
0004D
0003C
00022
00000
3FFD6
3FFA6
3FF70
3FF35
3FEF7
3FEB6
3FE76
3FE36
3FDF8
3FDBE
3FD88
3FD59
3FD30
3FD0F
3FCF7
3FCE8
3FCE3
3FCE7
3FCF4
3FD0B
3FD2A
3FD52
3FD81
3FDB6
3FDF0
3FE2E
3FE6E
3FEB0
3FEF1
3FF30
3FF6D
3FFA4
3FFD6
00002
00025
00040
00051
0005A
00058
0004C
00037
00019
3FFF2
3FFC4
3FF8E
3FF54
3FF14
3FED2
3FE8F
3FE4B
3FE08
3FDC8
3FD8D
3FD56
3FD27
3FCFF
3FCDF
3FCC9
3FCBD
3FCBA
3FCC2
3FCD3
3FCEE
3FD12
3FD3E
3FD72
3FDAC
3FDEA
3FE2C
3FE70
3FEB5
3FEF9
3FF3B
3FF79
3FFB1
3FFE4
0000F
00031
0004A
00059
0005F
00059
0004A
00030
0000E
3FFE2
3FFAF
3FF74
3FF35
3FEF1
3FEAA
3FE62
3FE1B
3FDD5
3FD93
3FD56
3FD1E
3FCEE
3FCC6
3FCA8
3FC93
3FC89
3FC89
3FC94
3FCAA
3FCC9
3FCF1
3FD22
3FD5A
3FD99
3FDDC
3FE22
3FE6B
3FEB3
3FEFB
3FF3F
3FF7F
3FFB9
3FFEC
00017
00039
00051
0005E
00061
00058
00045
00028
00000
3FFCF
3FF97
3FF57
3FF13
3FEC9
3FE7E
3FE32
3FDE6
3FD9C
3FD57
3FD17
3FCDD
3FCAC
3FC84
3FC65
3FC51
3FC49
3FC4B
3FC59
3FC72
3FC95
3FCC2
3FCF7
3FD34
3FD77
3FDC0
3FE0B
3FE58
3FEA5
3FEF1
3FF39
3FF7C
3FFB8
3FFED
00019
0003B
00053
0005F
00060
00054
0003E
0001C
3FFF0
3FFBB
3FF7D
3FF38
3FEED
3FE9E
3FE4D
3FDFB
3FDA9
3FD5B
3FD11
3FCCC
3FC8F
3FC5B
3FC30
3FC11
3FBFC
3FBF4
3FBF7
3FC07
3FC22
3FC48
3FC79
3FCB3
3FCF4
3FD3D
3FD8B
3FDDC
3FE2E
3FE81
3FED2
3FF1F
3FF67
3FFA8
3FFE0
0000F
00033
0004C
00059
00059
0004C
00033
0000F
3FFDF
3FFA5
3FF61
3FF16
3FEC5
3FE6F
3FE16
3FDBC
3FD63
3FD0D
3FCBB
3FC70
3FC2C
3FBF2
3FBC2
3FB9E
3FB85
3FB7A
3FB7C
3FB8A
3FBA6
3FBCD
3FC00
3FC3D
3FC83
3FCD1
3FD25
3FD7C
3FDD6
3FE30
3FE89
3FEDE
3FF2E
3FF76
3FFB6
3FFEC
00016
00034
00045
00048
0003E
00026
00000
3FFCE
3FF90
3FF47
3FEF6
3FE9D
3FE3D
3FDDA
3FD75
3FD10
3FCAD
3FC4E
3FBF5
3FBA4
3FB5C
3FB1F
3FAEE
3FACA
3FAB4
3FAAD
3FAB4
3FAC9
3FAEC
3FB1D
3FB5A
3FBA2
3FBF3
3FC4D
3FCAC
3FD0F
3FD75
3FDDA
3FE3E
3FE9C
3FEF5
3FF45
3FF8B
3FFC5
3FFF2
00011
00022
00022
00013
3FFF4
3FFC6
3FF88
3FF3D
3FEE6
3FE83
3FE17
3FDA3
3FD2A
3FCAE
3FC30
3FBB4
3FB3A
3FAC7
3FA5B
3F9F9
3F9A3
3F95A
3F91F
3F8F4
3F8D9
3F8D0
3F8D7
3F8F0
3F91A
3F953
3F99C
3F9F3
3FA55
3FAC3
3FB38
3FBB4
3FC34
3FCB5
3FD36
3FDB3
3FE2A
3FE99
3FEFD
3FF54
3FF9C
3FFD4
3FFF8
00009
00004
3FFE8
3FFB5
3FF6A
3FF07
3FE8C
3FDF9
3FD4D
3FC8A
3FBB0
3FAC0
3F9B9
3F89D
3F76C
3F627
3F4CC
3F35B
3F1D2
3F030
3EE6F
3EC8A
3EA77
3E826
3E581
3E262
3DE86
3D974
3D225
3C5CF
3A73E
3E4A8
051EA
10C90
0755D
3E0A7
08B91
3C904
025D4
05DD8
059EB
36E2E
061D0
03F8E
3F0FD
05A18
010CB
3865F
33BCE
02FBB
0683E
34DF9
3D0B4
08C8A
3C189
116B0
34A43
3A4E3
067DA
03A50
3FBCA
34BFE
37FCF
04C6C
08539
00AF7
07979
3FE1F
0EAC1
02F1D
2E6F3
3F165
3B00C
334E9
02560
0187F
3FE73
37C5F
3B3FF
0FC58
0427F
03B4E
3566C
0A645
35908
3C69C
39851
2EDBE
02F59
0BE1A
3DF63
0656A
31988
30528
124AA
0CF0E
34D28
07A04
3FA72
3E0F0
3BF37
3B22F
11E13
0D4C2
36400
0278E
3473B
06951
3D3B8
39B56
3D816
0AD0A
3C428
3C760
0B79E
00758
06A0C
02B1E
0C62F
06626
025A1
0A250
07F86
32C1D
00848
050D1
3CF40
28EEF
05BA6
05B0C
350A1
01B2E
03CE1
3B643
36FE1
381D9
19414
3D84B
285DB
39741
344B4
03EE1
3E5D4
024B6
09462
1AE49
042F6
09E5D
3635A
013DD
077B3
3D4FE
35FCA
021E9
2DBDB
09BC7
3B190
12162
3FDB9
0ABAE
04D48
27933
056C1
3C42A
04B9D
3BBEF
3E0A9
39016
0495E
02902
2BF3F
3C48A
2BF9D
36E22
3D3DE
0509E
0BBF4
38BB8
317FD
3E1AF
3F7B1
04351
01901
025C8
08344
13199
0F271
3E348
1583E
3E614
0B691
39E79
3735B
03636
359A0
2DE01
0B170
34059
0B85F
3D23A
0964D
3C635
01727
39E14
0900A
0C1C6
3CC55
39F15
38E0D
3DC71
0ED71
3A265
3951E
3438F
07E8B
00DF9
05BAD
068CB
3AE3E
161C9
01A3B
02845
12DD9
3F5EA
05502
39959
000B2
36631
06EC3
29D36
3CA10
34E26
345FD
3E358
38392
360EA
3F051
05FA3
3F75B
39604
065F8
0FA6E
3BC49
05F93
3FCFA
073CE
37491
37E10
06CD9
0682E
3DA3A
079B9
3FB42
32AA2
10A10
0430E
33CCF
350BB
32961
3D97B
39DAA
3D604
3462D
0787A
0093B
3E096
00A23
03C8A
3F138
04955
3FF9D
1265B
08F4A
0D3C5
01D90
04108
3216F
39D97
1107E
3D7C7
3D3F5
10D8E
05F35
359D1
3A43E
06B70
3D7C4
16360
061A4
0D62A
2F05C
3EE21
286C8
3D5DE
02E58
359AD
0DBD9
35D3E
00F7B
38557
3D272
01E0B
09C86
074A8
02F8B
20601
3FA36
2EDA8
01419
3F769
3D87E
2B859
0372D
023AB
03C64
14425
3F83B
0666C
3EB44
0277E
0481C
03D81
0CA07
085DD
39896
37905
05FC1
07DBD
321B1
318A0
04821
02719
370A8
09648
04977
3F488
03989
0BF28
14415
3E2B8
09EDD
2E3BA
003A8
00AC7
3346A
2D5B6
063F9
038C0
14ABB
3D8EA
39086
00E63
027DF
37044
01A8F
2E9F8
3195E
3004B
078F5
043BD
0CA9A
06BBC
05BD9
36902
31D4F
3C286
0C89C
36F96
3F9AA
03841
003ED
0714B
3621B
11518
338BB
0534F
09FE3
0C8D1
3D454
01948
3E798
39844
099E6
3AEAF
37402
0314A
36ACD
36500
3D82B
06CB2
0176D
066CA
0992F
32528
02BB1
01D37
3DB9C
06937
13897
3F194
00AAA
01236
02C17
39578
3657D
044C0
2C602
0B296
3905E
0A097
0A9BF
0C43F
008A0
01F14
3AAE6
000F8
3A84A
02720
397FB
3DEF3
32FD3
03934
0D5D8
0488C
3B957
36BF0
3776B
0E8C7
37E47
2C17D
38AAE
0A49F
130EC
3F47E
3C4D8
36AA7
3BA32
3E26D
371F9
03FDD
2E535
09A8E
143DF
00690
3760B
09BAC
3CC59
04282
3F2AB
05A70
042B5
0DDDA
38E0C
387AF
35185
01C1E
34F71
0CBB2
39D0C
0321A
3E101
00FA5
394D0
0577F
0456E
3AA1F
3A53B
3E762
3F977
39147
3CC01
35AEC
03A94
350D3
3CE6D
01E7A
0F593
0BE0F
3E2F1
0DBBF
3C89E
1587F
04FDF
02D9B
361C6
06187
040CD
04CDD
092D3
0B524
3F6A3
2D217
3073D
0A9D6
01F1C
02A83
048F5
3E5FB
00FDD
0DD86
31A42
3D9FC
0924A
37EB0
3FE6E
063B0
3582E
34EC4
26222
3D9B4
09814
3FAC0
3B403
04BD0
15A1C
3B88C
30EE2
156B3
3C68D
3D5F9
3A638
01CFF
05187
03DE2
3F479
38ED3
33CCE
00480
37EA8
3B622
3B020
393C1
33B60
0AF39
088CB
00BB6
38560
3C1A8
35632
3E054
3F9D3
2E30F
09CC3
3E902
2A3A7
34FF5
06043
2E0EF
00E56
036D9
2B8E5
0B49D
38D03
00979
0576C
31853
3CB8E
3F936
3C45A
33893
05BBE
3CAAB
3A602
059C2
32A13
3CDA8
09B41
088FB
02025
2FB47
00A63
093FF
3DCF9
36366
2EC94
0A1FC
31529
3D4B0
3B2DA
07697
30F53
06D9A
0371F
3EDEF
3CDC7
353A0
3AB90
2E745
3D874
01376
36D69
3A469
3D60B
090E0
3F969
3936D
372BA
3DF7B
03FAE
00288
3A3A1
3E91D
0429F
3FFBE
0F1DF
3D991
3582F
0145F
104CC
379B0
07412
0633B
021EC
0078B
333DE
09A22
39A39
059AD
001BB
02E3B
04243
08C01
03DA5
3A2E4
01592
06F96
3CAFE
25CCD
089A2
0F031
3F7B3
0914F
3B5F1
32178
0C303
005CE
3E93F
012AD
36B94
08AAE
05ACF
027D0
3E1D8
026FC
01694
0D289
0B858
351AD
06929
31A62
00F77
3F208
06241
02082
3690E
3C046
08C5F
2FDDA
3E18F
3F22F
0CC9E
3A3CC
3767B
07CA1
04330
38C33
363A3
39832
3FA1F
05B64
09907
038B5
326C2
38C80
38F70
0EC29
3E511
0C6A6
0694F
37635
09985
35E06
38F13
3F02B
3BCC5
05E26
39BF3
302A9
3C18E
0C7B0
0E5E0
30932
38BB3
2DFDA
3D01E
023C8
0313D
3EBFC
05BF2
3FEEC
03493
023B5
05FBB
016D7
06199
07104
079D4
304E8
0CD88
00610
3BB20
0741E
0D186
3C00D
3F79B
078E2
03B0A
064DE
02590
020B2
3906A
32CA0
34B46
3E47A
01A96
07388
012BA
3FE8D
33CE1
05192
3F971
05C2A
00B49
3CDE7
0BC7C
38531
3224B
3CBEA
0401E
07A6A
011DE
041DC
3AF87
03732
0AFB1
09970
3C913
3E525
36AEB
016BA
3F45F
363CA
38CE3
3C591
37763
01903
0714C
02E91
3BB28
04BCE
06A6F
3C4D0
33198
03A6A
3F22E
07674
3EE1C
10350
3E0AA
04260
07BA8
36965
2F5CB
3F13C
022C8
352D3
0D8B0
364B7
3AB2D
2F473
09816
39AFD
3C868
367F7
031B4
3B43B
00CD7
0EB0D
02EBB
3F4D5
16C03
0B219
3D2AE
063F2
3A705
2D323
0622E
03D7B
01E02
063BE
38621
055FB
00BD8
02968
087A7
057A1
029D6
374E8
394DE
0992F
3F070
35CA8
00C95
035DE
3DB0D
3BD81
3FA60
3B1FA
126EA
320CC
3F4E4
0677E
07DE1
00920
38D63
024FA
2E5CE
3984D
00289
39DA2
1436B
08E5D
3CB0C
38C3E
332E2
00CB9
11540
2E840
3091D
35D6D
00248
3C002
365F7
1197C
1492B
3A179
0639E
085C9
064F3
37CB4
0A324
03A56
0DD5E
06A97
3E5C5
07D9E
3735B
32D2B
02674
3F637
35B41
051BE
35B5B
3C8E6
0E298
2DB6F
3ED23
3BF90
37FFD
04A66
0136F
3CA3D
05576
070F2
0A051
2CABB
36B32
03095
097E0
3DF36
15207
02EB0
05517
02B18
3A127
33947
3F5B5
01B96
37E6E
06E5C
3601A
38834
35BE1
03550
3BDE3
074E5
3B5E6
3A78D
0C9BF
0DCEA
02830
00AF8
3FCDA
33624
089FF
3918B
0E637
0207A
36C7C
0129C
391B2
3FDA8
07529
3E4DA
39DB0
00807
0E480
063D2
06EAA
04CE3
3D68B
3AE02
384A8
0E24A
3DAC1
08321
3E3E8
3B9D5
38775
3CB23
0C052
3CD2F
3FD16
3CE84
056DA
34C8B
0E112
30534
0209B
36F59
020C8
39E84
002B0
31A95
3AE43
37477
01CA5
042D3
3FB71
06F9C
10B60
3A291
09A7C
3D0DB
3EB5A
3CD2E
39645
39A7A
06636
3B7DD
0C3DA
31CBB
0A359
000D8
3D24B
3ADC3
36F25
02257
01B69
3B4CF
09F9C
01EBC
3E451
0B76E
3BCE5
0287D
3B1EA
3F97A
03701
3EC88
1429C
3B69A
3B894
0B32D
3825C
3EE6E
08D51
05A66
39AB3
3D1D9
01F7C
36C75
3FB39
3BAF7
057AA
05214
0CA39
3B88A
3E10A
388D2
00D17
01E42
3C8C9
39AAF
38AD9
14962
37C08
01019
11F86
33F41
3D14D
3649A
354C2
04807
39699
0275D
3361E
052E6
0D195
3BAC7
3FF07
04E02
3E06E
34C23
38CB6
07A3C
3BC5A
0B491
3A531
02ECD
04EB3
09F3B
0C816
0A36E
0329F
39889
02945
345EF
3C953
39768
37AD3
3DCFC
3AFC3
00A7F
3F944
391BF
3CF34
03B7E
3F743
1F03B
032AF
36567
016A8
008C1
36818
3BF68
3B25C
043B9
36C94
0E842
036E6
06BC3
3AE4D
03B71
2C899
02DB5
3F943
37BE9
033CC
05BBD
2B724
08DA8
07427
3EEF0
0384A
0285A
0A226
3CBBB
3EE97
3F66F
3FA42
3FC74
3FDD5
3FEBE
3FF59
3FFC2
00006
00030
00048
00051
00052
0004C
00041
00035
00028
0001B
0000F
00005
3FFFE
3FFF8
3FFF5
3FFF4
3FFF5
3FFF7
3FFFA
3FFFD
00000
00001
00001
3FFFF
3FFFA
3FFF1
3FFE5
3FFD5
3FFC1
3FFA9
3FF8C
3FF6C
3FF48
3FF22
3FEF8
3FECD
3FEA0
3FE74
3FE47
3FE1C
3FDF3
3FDCE
3FDAC
3FD8E
3FD76
3FD64
3FD59
3FD53
3FD55
3FD5E
3FD6E
3FD85
3FDA2
3FDC5
3FDED
3FE19
3FE49
3FE7C
3FEB1
3FEE6
3FF1B
3FF4E
3FF7E
3FFAB
3FFD3
3FFF6
00012
00028
00036
0003D
0003B
00032
00021
00008
3FFE9
3FFC3
3FF98
3FF68
3FF34
3FEFE
3FEC6
3FE8E
3FE57
3FE22
3FDF0
3FDC2
3FD9A
3FD77
3FD5B
3FD47
3FD3B
3FD37
3FD3B
3FD47
3FD5C
3FD78
3FD9B
3FDC4
3FDF3
3FE26
3FE5D
3FE96
3FED0
3FF0A
3FF43
3FF78
3FFAB
3FFD8
00000
00021
0003B
0004D
00057
00059
00052
00043
0002C
0000E
3FFE8
3FFBD
3FF8D
3FF59
3FF21
3FEE9
3FEAF
3FE77
3FE40
3FE0C
3FDDD
3FDB3
3FD8F
3FD72
3FD5D
3FD50
3FD4B
3FD4E
3FD5A
3FD6E
3FD89
3FDAC
3FDD5
3FE04
3FE37
3FE6D
3FEA6
3FEDF
3FF19
3FF51
3FF86
3FFB8
3FFE5
0000C
0002D
00046
00058
00061
00063
0005B
0004C
00035
00016
3FFF1
3FFC6
3FF96
3FF63
3FF2C
3FEF4
3FEBC
3FE85
3FE4F
3FE1D
3FDEF
3FDC7
3FDA5
3FD89
3FD76
3FD6A
3FD66
3FD6A
3FD77
3FD8C
3FDA7
3FDCA
3FDF3
3FE21
3FE53
3FE89
3FEC0
3FEF8
3FF30
3FF66
3FF99
3FFC9
3FFF3
00018
00036
0004D
0005C
00064
00063
0005A
0004A
00031
00012
3FFED
3FFC2
3FF93
3FF60
3FF2B
3FEF4
3FEBE
3FE88
3FE56
3FE26
3FDFB
3FDD5
3FDB6
3FD9D
3FD8C
3FD82
3FD81
3FD87
3FD96
3FDAB
3FDC8
3FDEB
3FE14
3FE42
3FE73
3FEA7
3FEDD
3FF13
3FF48
3FF7C
3FFAC
3FFD9
00000
00022
0003D
00051
0005D
00062
0005E
00054
00041
00027
00007
3FFE2
3FFB7
3FF88
3FF56
3FF22
3FEEE
3FEB9
3FE87
3FE57
3FE2A
3FE02
3FDE0
3FDC3
3FDAE
3FDA0
3FD99
3FD9A
3FDA3
3FDB3
3FDCB
3FDE9
3FE0C
3FE35
3FE63
3FE93
3FEC6
3FEFA
3FF2E
3FF61
3FF91
3FFBE
3FFE7
0000B
00029
00041
00052
0005B
0005C
00057
00049
00035
0001A
3FFF9
3FFD3
3FFA8
3FF79
3FF48
3FF16
3FEE4
3FEB2
3FE82
3FE54
3FE2B
3FE07
3FDE8
3FDCF
3FDBD
3FDB2
3FDAF
3FDB2
3FDBE
3FDD0
3FDE9
3FE08
3FE2C
3FE56
3FE82
3FEB2
3FEE4
3FF16
3FF47
3FF77
3FFA5
3FFCF
3FFF5
00015
0002F
00043
00051
00057
00055
0004D
0003D
00027
0000A
3FFE8
3FFC1
3FF96
3FF69
3FF39
3FF08
3FED8
3FEA8
3FE7B
3FE51
3FE2B
3FE0A
3FDEE
3FDD9
3FDCB
3FDC3
3FDC3
3FDC9
3FDD7
3FDEB
3FE06
3FE26
3FE4B
3FE74
3FEA1
3FED0
3FF00
3FF30
3FF5F
3FF8C
3FFB7
3FFDE
00000
0001D
00034
00044
0004E
00050
0004C
00041
0002F
00017
3FFF9
3FFD6
3FFAF
3FF84
3FF57
3FF28
3FEF9
3FECB
3FE9E
3FE73
3FE4C
3FE2A
3FE0C
3FDF4
3FDE3
3FDD7
3FDD3
3FDD6
3FDDF
3FDEF
3FE06
3FE22
3FE43
3FE69
3FE92
3FEBE
3FEEC
3FF1A
3FF48
3FF75
3FFA0
3FFC7
3FFEB
0000A
00023
00036
00043
0004A
00049
00042
00034
00020
00006
3FFE7
3FFC3
3FF9C
3FF71
3FF45
3FF17
3FEEA
3FEBE
3FE93
3FE6C
3FE48
3FE28
3FE0E
3FDFA
3FDEC
3FDE4
3FDE3
3FDE8
3FDF4
3FE07
3FE1F
3FE3C
3FE5F
3FE85
3FEAE
3FED9
3FF06
3FF33
3FF5F
3FF8A
3FFB2
3FFD6
3FFF6
00012
00027
00037
00041
00044
00040
00036
00026
00010
3FFF4
3FFD4
3FFB0
3FF88
3FF5E
3FF33
3FF07
3FEDB
3FEB1
3FE89
3FE64
3FE43
3FE27
3FE11
3FE00
3FDF5
3FDF0
3FDF2
3FDFB
3FE09
3FE1E
3FE38
3FE56
3FE79
3FEA0
3FEC9
3FEF3
3FF1F
3FF4A
3FF74
3FF9C
3FFC1
3FFE3
00000
00018
0002A
00037
0003D
0003D
00037
0002A
00017
3FFFF
3FFE2
3FFC1
3FF9C
3FF75
3FF4B
3FF21
3FEF6
3FECC
3FEA4
3FE7F
3FE5D
3FE40
3FE27
3FE13
3FE06
3FDFE
3FDFD
3FE02
3FE0D
3FE1E
3FE34
3FE4F
3FE6F
3FE93
3FEB9
3FEE2
3FF0C
3FF36
3FF60
3FF88
3FFAD
3FFD0
3FFEE
00008
0001D
0002C
00035
00038
00035
0002C
0001D
00008
3FFEE
3FFD0
3FFAE
3FF89
3FF61
3FF38
3FF0F
3FEE6
3FEBE
3FE99
3FE76
3FE57
3FE3C
3FE27
3FE16
3FE0C
3FE08
3FE09
3FE11
3FE1F
3FE32
3FE4A
3FE67
3FE88
3FEAC
3FED2
3FEFA
3FF23
3FF4C
3FF74
3FF9A
3FFBD
3FFDC
3FFF8
0000F
00020
0002C
00032
00032
0002C
00020
0000F
3FFF8
3FFDD
3FFBE
3FF9B
3FF75
3FF4E
3FF26
3FEFE
3FED6
3FEB1
3FE8D
3FE6D
3FE51
3FE3A
3FE27
3FE1A
3FE13
3FE12
3FE16
3FE21
3FE30
3FE46
3FE5F
3FE7E
3FE9F
3FEC4
3FEEA
3FF11
3FF39
3FF61
3FF86
3FFAA
3FFCB
3FFE8
00000
00014
00022
0002B
0002E
0002B
00022
00014
00000
3FFE8
3FFCB
3FFAB
3FF88
3FF62
3FF3C
3FF14
3FEED
3FEC8
3FEA4
3FE83
3FE66
3FE4D
3FE38
3FE29
3FE1F
3FE1B
3FE1C
3FE23
3FE30
3FE42
3FE59
3FE75
3FE94
3FEB6
3FEDB
3FF01
3FF27
3FF4E
3FF74
3FF98
3FFB9
3FFD7
3FFF1
00007
00017
00022
00028
00028
00022
00017
00007
3FFF1
3FFD7
3FFB9
3FF98
3FF75
3FF50
3FF29
3FF03
3FEDE
3FEBA
3FE98
3FE7A
3FE5F
3FE49
3FE37
3FE2B
3FE24
3FE23
3FE27
3FE31
3FE40
3FE54
3FE6D
3FE8A
3FEAA
3FECC
3FEF1
3FF16
3FF3C
3FF62
3FF86
3FFA8
3FFC7
3FFE2
3FFF9
0000C
00019
00022
00024
00022
00019
0000C
3FFF9
3FFE2
3FFC6
3FFA7
3FF86
3FF62
3FF3D
3FF18
3FEF3
3FECF
3FEAD
3FE8D
3FE72
3FE5A
3FE46
3FE37
3FE2E
3FE2A
3FE2C
3FE33
3FE3F
3FE50
3FE66
3FE81
3FE9E
3FEBF
3FEE2
3FF06
3FF2B
3FF50
3FF74
3FF96
3FFB6
3FFD3
3FFEC
00000
00010
0001A
00020
00020
0001A
0000F
3FFFF
3FFEB
3FFD2
3FFB5
3FF95
3FF73
3FF50
3FF2B
3FF07
3FEE3
3FEC1
3FEA1
3FE84
3FE6A
3FE55
3FE44
3FE38
3FE32
3FE31
3FE35
3FE3F
3FE4D
3FE61
3FE78
3FE94
3FEB3
3FED4
3FEF7
3FF1B
3FF3F
3FF63
3FF85
3FFA6
3FFC3
3FFDD
3FFF4
00005
00012
0001A
0001C
0001A
00011
00004
3FFF2
3FFDC
3FFC1
3FFA4
3FF84
3FF61
3FF3E
3FF1A
3FEF6
3FED4
3FEB3
3FE95
3FE7B
3FE64
3FE51
3FE43
3FE3A
3FE37
3FE38
3FE3F
3FE4B
3FE5C
3FE71
3FE8B
3FEA7
3FEC7
3FEE8
3FF0B
3FF2F
3FF52
3FF75
3FF95
3FFB4
3FFCF
3FFE7
3FFFA
00009
00013
00018
00018
00013
00008
3FFF9
3FFE5
3FFCD
3FFB1
3FF92
3FF72
3FF4F
3FF2C
3FF09
3FEE7
3FEC6
3FEA7
3FE8B
3FE73
3FE5E
3FE4F
3FE43
3FE3D
3FE3C
3FE41
3FE4A
3FE58
3FE6B
3FE82
3FE9D
3FEBA
3FEDA
3FEFC
3FF1F
3FF42
3FF64
3FF85
3FFA4
3FFC1
3FFDA
3FFEF
00000
0000C
00013
00016
00013
0000B
3FFFE
3FFEC
3FFD6
3FFBD
3FFA0
3FF81
3FF60
3FF3E
3FF1B
3FEF9
3FED8
3FEB8
3FE9C
3FE82
3FE6C
3FE5A
3FE4D
3FE45
3FE41
3FE43
3FE4A
3FE56
3FE66
3FE7B
3FE93
3FEAF
3FECD
3FEEE
3FF10
3FF32
3FF54
3FF75
3FF95
3FFB2
3FFCD
3FFE3
3FFF6
00004
0000E
00012
00012
0000C
00002
3FFF3
3FFDF
3FFC8
3FFAD
3FF8F
3FF70
3FF4E
3FF2C
3FF0A
3FEE9
3FEC9
3FEAC
3FE91
3FE7A
3FE66
3FE57
3FE4C
3FE47
3FE46
3FE4A
3FE54
3FE62
3FE74
3FE8A
3FEA4
3FEC1
3FEE0
3FF01
3FF23
3FF44
3FF66
3FF86
3FFA4
3FFBF
3FFD7
3FFEB
3FFFC
00007
0000E
00010
0000D
00005
3FFF8
3FFE7
3FFD2
3FFB9
3FF9D
3FF7E
3FF5E
3FF3D
3FF1C
3FEFA
3FEDA
3FEBC
3FEA0
3FE87
3FE72
3FE61
3FE55
3FE4D
3FE4A
3FE4C
3FE53
3FE5E
3FE6E
3FE82
3FE9A
3FEB5
3FED3
3FEF3
3FF14
3FF35
3FF56
3FF76
3FF95
3FFB1
3FFCB
3FFE0
3FFF2
00000
00009
0000D
0000C
00007
3FFFC
3FFEE
3FFDA
3FFC4
3FFA9
3FF8C
3FF6E
3FF4D
3FF2C
3FF0B
3FEEB
3FECC
3FEAF
3FE95
3FE7F
3FE6C
3FE5E
3FE53
3FE4E
3FE4E
3FE52
3FE5B
3FE69
3FE7B
3FE91
3FEAB
3FEC7
3FEE5
3FF05
3FF26
3FF47
3FF67
3FF86
3FFA3
3FFBE
3FFD5
3FFE9
3FFF8
00003
0000A
0000B
00008
00000
3FFF3
3FFE2
3FFCD
3FFB5
3FF9A
3FF7C
3FF5D
3FF3C
3FF1B
3FEFB
3FEDC
3FEBF
3FEA4
3FE8C
3FE77
3FE67
3FE5B
3FE53
3FE51
3FE53
3FE5A
3FE65
3FE75
3FE89
3FEA0
3FEBB
3FED8
3FEF7
3FF17
3FF38
3FF58
3FF77
3FF95
3FFB0
3FFC9
3FFDE
3FFF0
3FFFD
00005
00009
00008
00002
3FFF8
3FFE9
3FFD6
3FFC0
3FFA6
3FF8A
3FF6B
3FF4C
3FF2B
3FF0B
3FEEC
3FECE
3FEB2
3FE99
3FE83
3FE71
3FE63
3FE59
3FE54
3FE54
3FE59
3FE62
3FE70
3FE81
3FE97
3FEB0
3FECC
3FEE9
3FF09
3FF29
3FF49
3FF68
3FF87
3FFA3
3FFBD
3FFD3
3FFE6
3FFF5
00000
00006
00007
00004
3FFFC
3FFEF
3FFDE
3FFCA
3FFB2
3FF97
3FF7A
3FF5B
3FF3B
3FF1B
3FEFB
3FEDD
3FEC0
3FEA6
3FE8F
3FE7B
3FE6B
3FE60
3FE58
3FE56
3FE58
3FE5F
3FE6B
3FE7B
3FE8E
3FEA6
3FEC0
3FEDC
3FEFB
3FF1A
3FF3A
3FF5A
3FF78
3FF95
3FFB0
3FFC8
3FFDD
3FFEE
3FFFA
00002
00006
00004
3FFFF
3FFF4
3FFE5
3FFD3
3FFBC
3FFA3
3FF87
3FF69
3FF4A
3FF2A
3FF0B
3FEEC
3FECF
3FEB3
3FE9B
3FE86
3FE74
3FE67
3FE5D
3FE59
3FE59
3FE5E
3FE67
3FE75
3FE87
3FE9C
3FEB5
3FED0
3FEED
3FF0C
3FF2C
3FF4B
3FF6A
3FF88
3FFA3
3FFBD
3FFD3
3FFE5
3FFF3
3FFFE
00003
00004
00001
3FFF8
3FFEC
3FFDB
3FFC6
3FFAF
3FF94
3FF77
3FF59
3FF3A
3FF1A
3FEFB
3FEDD
3FEC1
3FEA7
3FE91
3FE7E
3FE6E
3FE63
3FE5C
3FE5A
3FE5D
3FE64
3FE70
3FE7F
3FE93
3FEAA
3FEC4
3FEE0
3FEFE
3FF1D
3FF3D
3FF5C
3FF7A
3FF96
3FFB0
3FFC8
3FFDC
3FFEC
3FFF8
00000
00003
00002
3FFFC
3FFF1
3FFE2
3FFD0
3FFBA
3FFA0
3FF85
3FF67
3FF48
3FF29
3FF0A
3FEEC
3FECF
3FEB4
3FE9C
3FE87
3FE76
3FE69
3FE60
3FE5C
3FE5D
3FE62
3FE6B
3FE79
3FE8B
3FEA0
3FEB8
3FED3
3FEF0
3FF0F
3FF2E
3FF4D
3FF6C
3FF89
3FFA4
3FFBD
3FFD2
3FFE4
3FFF2
3FFFC
00001
00002
3FFFE
3FFF6
3FFE9
3FFD8
3FFC4
3FFAC
3FF92
3FF75
3FF57
3FF38
3FF19
3FEFA
3FEDD
3FEC1
3FEA8
3FE92
3FE7F
3FE70
3FE65
3FE5F
3FE5D
3FE60
3FE67
3FE73
3FE83
3FE97
3FEAD
3FEC7
3FEE3
3FF01
3FF20
3FF3F
3FF5D
3FF7B
3FF97
3FFB1
3FFC8
3FFDC
3FFEB
3FFF7
3FFFF
00001
00000
3FFF9
3FFEF
3FFE0
3FFCD
3FFB7
3FF9E
3FF82
3FF65
3FF47
3FF28
3FF09
3FEEB
3FECF
3FEB4
3FE9D
3FE88
3FE78
3FE6B
3FE62
3FE5F
3FE5F
3FE64
3FE6E
3FE7C
3FE8E
3FEA3
3FEBB
3FED6
3FEF3
3FF12
3FF30
3FF4F
3FF6D
3FF8A
3FFA5
3FFBD
3FFD2
3FFE4
3FFF2
3FFFB
00000
00000
3FFFC
3FFF4
3FFE7
3FFD6
3FFC1
3FFAA
3FF8F
3FF73
3FF55
3FF36
3FF18
3FEF9
3FEDC
3FEC1
3FEA8
3FE92
3FE80
3FE71
3FE67
3FE61
3FE5F
3FE62
3FE6A
3FE76
3FE86
3FE99
3FEB0
3FECA
3FEE6
3FF03
3FF22
3FF41
3FF5F
3FF7D
3FF98
3FFB2
3FFC9
3FFDC
3FFEB
3FFF7
3FFFE
00000
3FFFE
3FFF8
3FFED
3FFDE
3FFCB
3FFB5
3FF9C
3FF80
3FF63
3FF45
3FF26
3FF07
3FEEA
3FECE
3FEB4
3FE9C
3FE88
3FE78
3FE6B
3FE63
3FE60
3FE61
3FE66
3FE70
3FE7E
3FE90
3FEA5
3FEBE
3FED9
3FEF6
3FF14
3FF33
3FF51
3FF6F
3FF8C
3FFA6
3FFBE
3FFD3
3FFE4
3FFF2
3FFFB
3FFFF
00000
3FFFB
3FFF2
3FFE5
3FFD4
3FFC0
3FFA8
3FF8D
3FF71
3FF53
3FF35
3FF16
3FEF8
3FEDB
3FEC0
3FEA7
3FE91
3FE7F
3FE71
3FE67
3FE61
3FE60
3FE63
3FE6B
3FE77
3FE87
3FE9B
3FEB2
3FECC
3FEE8
3FF06
3FF24
3FF43
3FF61
3FF7E
3FF9A
3FFB3
3FFCA
3FFDD
3FFEC
3FFF7
3FFFE
00000
3FFFE
3FFF7
3FFEC
3FFDD
3FFCA
3FFB3
3FF9A
3FF7E
3FF61
3FF43
3FF24
3FF06
3FEE8
3FECC
3FEB2
3FE9B
3FE87
3FE77
3FE6B
3FE63
3FE60
3FE61
3FE67
3FE71
3FE7F
3FE91
3FEA7
3FEC0
3FEDB
3FEF8
3FF16
3FF35
3FF53
3FF71
3FF8D
3FFA8
3FFC0
3FFD4
3FFE5
3FFF2
3FFFB
00000
3FFFF
3FFFB
3FFF2
3FFE4
3FFD3
3FFBE
3FFA6
3FF8C
3FF6F
3FF51
3FF33
3FF14
3FEF6
3FED9
3FEBE
3FEA5
3FE90
3FE7E
3FE70
3FE66
3FE61
3FE60
3FE63
3FE6B
3FE78
3FE88
3FE9C
3FEB4
3FECE
3FEEA
3FF07
3FF26
3FF45
3FF63
3FF80
3FF9C
3FFB5
3FFCB
3FFDE
3FFED
3FFF8
3FFFE
00000
3FFFE
3FFF7
3FFEB
3FFDC
3FFC9
3FFB2
3FF98
3FF7D
3FF5F
3FF41
3FF22
3FF03
3FEE6
3FECA
3FEB0
3FE99
3FE86
3FE76
3FE6A
3FE62
3FE5F
3FE61
3FE67
3FE71
3FE80
3FE92
3FEA8
3FEC1
3FEDC
3FEF9
3FF18
3FF36
3FF55
3FF73
3FF8F
3FFAA
3FFC1
3FFD6
3FFE7
3FFF4
3FFFC
00000
00000
3FFFB
3FFF2
3FFE4
3FFD2
3FFBD
3FFA5
3FF8A
3FF6D
3FF4F
3FF30
3FF12
3FEF3
3FED6
3FEBB
3FEA3
3FE8E
3FE7C
3FE6E
3FE64
3FE5F
3FE5F
3FE62
3FE6B
3FE78
3FE88
3FE9D
3FEB4
3FECF
3FEEB
3FF09
3FF28
3FF47
3FF65
3FF82
3FF9E
3FFB7
3FFCD
3FFE0
3FFEF
3FFF9
00000
00001
3FFFF
3FFF7
3FFEB
3FFDC
3FFC8
3FFB1
3FF97
3FF7B
3FF5D
3FF3F
3FF20
3FF01
3FEE3
3FEC7
3FEAD
3FE97
3FE83
3FE73
3FE67
3FE60
3FE5D
3FE5F
3FE65
3FE70
3FE7F
3FE92
3FEA8
3FEC1
3FEDD
3FEFA
3FF19
3FF38
3FF57
3FF75
3FF92
3FFAC
3FFC4
3FFD8
3FFE9
3FFF6
3FFFE
00002
00001
3FFFC
3FFF2
3FFE4
3FFD2
3FFBD
3FFA4
3FF89
3FF6C
3FF4D
3FF2E
3FF0F
3FEF0
3FED3
3FEB8
3FEA0
3FE8B
3FE79
3FE6B
3FE62
3FE5D
3FE5C
3FE60
3FE69
3FE76
3FE87
3FE9C
3FEB4
3FECF
3FEEC
3FF0A
3FF29
3FF48
3FF67
3FF85
3FFA0
3FFBA
3FFD0
3FFE2
3FFF1
3FFFC
00002
00003
00000
3FFF8
3FFEC
3FFDC
3FFC8
3FFB0
3FF96
3FF7A
3FF5C
3FF3D
3FF1D
3FEFE
3FEE0
3FEC4
3FEAA
3FE93
3FE7F
3FE70
3FE64
3FE5D
3FE5A
3FE5C
3FE63
3FE6E
3FE7E
3FE91
3FEA7
3FEC1
3FEDD
3FEFB
3FF1A
3FF3A
3FF59
3FF77
3FF94
3FFAF
3FFC6
3FFDB
3FFEC
3FFF8
00001
00004
00003
3FFFE
3FFF3
3FFE5
3FFD3
3FFBD
3FFA3
3FF88
3FF6A
3FF4B
3FF2C
3FF0C
3FEED
3FED0
3FEB5
3FE9C
3FE87
3FE75
3FE67
3FE5E
3FE59
3FE59
3FE5D
3FE67
3FE74
3FE86
3FE9B
3FEB3
3FECF
3FEEC
3FF0B
3FF2A
3FF4A
3FF69
3FF87
3FFA3
3FFBC
3FFD3
3FFE5
3FFF4
3FFFF
00004
00006
00002
3FFFA
3FFEE
3FFDD
3FFC8
3FFB0
3FF95
3FF78
3FF5A
3FF3A
3FF1A
3FEFB
3FEDC
3FEC0
3FEA6
3FE8E
3FE7B
3FE6B
3FE5F
3FE58
3FE56
3FE58
3FE60
3FE6B
3FE7B
3FE8F
3FEA6
3FEC0
3FEDD
3FEFB
3FF1B
3FF3B
3FF5B
3FF7A
3FF97
3FFB2
3FFCA
3FFDE
3FFEF
3FFFC
00004
00007
00006
00000
3FFF5
3FFE6
3FFD3
3FFBD
3FFA3
3FF87
3FF68
3FF49
3FF29
3FF09
3FEE9
3FECC
3FEB0
3FE97
3FE81
3FE70
3FE62
3FE59
3FE54
3FE54
3FE59
3FE63
3FE71
3FE83
3FE99
3FEB2
3FECE
3FEEC
3FF0B
3FF2B
3FF4C
3FF6B
3FF8A
3FFA6
3FFC0
3FFD6
3FFE9
3FFF8
00002
00008
00009
00005
3FFFD
3FFF0
3FFDE
3FFC9
3FFB0
3FF95
3FF77
3FF58
3FF38
3FF17
3FEF7
3FED8
3FEBB
3FEA0
3FE89
3FE75
3FE65
3FE5A
3FE53
3FE51
3FE53
3FE5B
3FE67
3FE77
3FE8C
3FEA4
3FEBF
3FEDC
3FEFB
3FF1B
3FF3C
3FF5D
3FF7C
3FF9A
3FFB5
3FFCD
3FFE2
3FFF3
00000
00008
0000B
0000A
00003
3FFF8
3FFE9
3FFD5
3FFBE
3FFA3
3FF86
3FF67
3FF47
3FF26
3FF05
3FEE5
3FEC7
3FEAB
3FE91
3FE7B
3FE69
3FE5B
3FE52
3FE4E
3FE4E
3FE53
3FE5E
3FE6C
3FE7F
3FE95
3FEAF
3FECC
3FEEB
3FF0B
3FF2C
3FF4D
3FF6E
3FF8C
3FFA9
3FFC4
3FFDA
3FFEE
3FFFC
00007
0000C
0000D
00009
00000
3FFF2
3FFE0
3FFCB
3FFB1
3FF95
3FF76
3FF56
3FF35
3FF14
3FEF3
3FED3
3FEB5
3FE9A
3FE82
3FE6E
3FE5E
3FE53
3FE4C
3FE4A
3FE4D
3FE55
3FE61
3FE72
3FE87
3FEA0
3FEBC
3FEDA
3FEFA
3FF1C
3FF3D
3FF5E
3FF7E
3FF9D
3FFB9
3FFD2
3FFE7
3FFF8
00005
0000D
00010
0000E
00007
3FFFC
3FFEB
3FFD7
3FFBF
3FFA4
3FF86
3FF66
3FF44
3FF23
3FF01
3FEE0
3FEC1
3FEA4
3FE8A
3FE74
3FE62
3FE54
3FE4A
3FE46
3FE47
3FE4C
3FE57
3FE66
3FE7A
3FE91
3FEAC
3FEC9
3FEE9
3FF0A
3FF2C
3FF4E
3FF70
3FF8F
3FFAD
3FFC8
3FFDF
3FFF3
00002
0000C
00012
00012
0000E
00004
3FFF6
3FFE3
3FFCD
3FFB2
3FF95
3FF75
3FF54
3FF32
3FF10
3FEEE
3FECD
3FEAF
3FE93
3FE7B
3FE66
3FE56
3FE4A
3FE43
3FE41
3FE45
3FE4D
3FE5A
3FE6C
3FE82
3FE9C
3FEB8
3FED8
3FEF9
3FF1B
3FF3E
3FF60
3FF81
3FFA0
3FFBD
3FFD6
3FFEC
3FFFE
0000B
00013
00016
00013
0000C
00000
3FFEF
3FFDA
3FFC1
3FFA4
3FF85
3FF64
3FF42
3FF1F
3FEFC
3FEDA
3FEBA
3FE9D
3FE82
3FE6B
3FE58
3FE4A
3FE41
3FE3C
3FE3D
3FE43
3FE4F
3FE5E
3FE73
3FE8B
3FEA7
3FEC6
3FEE7
3FF09
3FF2C
3FF4F
3FF72
3FF92
3FFB1
3FFCD
3FFE5
3FFF9
00008
00013
00018
00018
00013
00009
3FFFA
3FFE7
3FFCF
3FFB4
3FF95
3FF75
3FF52
3FF2F
3FF0B
3FEE8
3FEC7
3FEA7
3FE8B
3FE71
3FE5C
3FE4B
3FE3F
3FE38
3FE37
3FE3A
3FE43
3FE51
3FE64
3FE7B
3FE95
3FEB3
3FED4
3FEF6
3FF1A
3FF3E
3FF61
3FF84
3FFA4
3FFC1
3FFDC
3FFF2
00004
00011
0001A
0001C
0001A
00012
00005
3FFF4
3FFDD
3FFC3
3FFA6
3FF85
3FF63
3FF3F
3FF1B
3FEF7
3FED4
3FEB3
3FE94
3FE78
3FE61
3FE4D
3FE3F
3FE35
3FE31
3FE32
3FE38
3FE44
3FE55
3FE6A
3FE84
3FEA1
3FEC1
3FEE3
3FF07
3FF2B
3FF50
3FF73
3FF95
3FFB5
3FFD2
3FFEB
3FFFF
0000F
0001A
00020
00020
0001A
00010
00000
3FFEC
3FFD3
3FFB6
3FF96
3FF74
3FF50
3FF2B
3FF06
3FEE2
3FEBF
3FE9E
3FE81
3FE66
3FE50
3FE3F
3FE33
3FE2C
3FE2A
3FE2E
3FE37
3FE46
3FE5A
3FE72
3FE8D
3FEAD
3FECF
3FEF3
3FF18
3FF3D
3FF62
3FF86
3FFA7
3FFC6
3FFE2
3FFF9
0000C
00019
00022
00024
00022
00019
0000C
3FFF9
3FFE2
3FFC7
3FFA8
3FF86
3FF62
3FF3C
3FF16
3FEF1
3FECC
3FEAA
3FE8A
3FE6D
3FE54
3FE40
3FE31
3FE27
3FE23
3FE24
3FE2B
3FE37
3FE49
3FE5F
3FE7A
3FE98
3FEBA
3FEDE
3FF03
3FF29
3FF50
3FF75
3FF98
3FFB9
3FFD7
3FFF1
00007
00017
00022
00028
00028
00022
00017
00007
3FFF1
3FFD7
3FFB9
3FF98
3FF74
3FF4E
3FF27
3FF01
3FEDB
3FEB6
3FE94
3FE75
3FE59
3FE42
3FE30
3FE23
3FE1C
3FE1B
3FE1F
3FE29
3FE38
3FE4D
3FE66
3FE83
3FEA4
3FEC8
3FEED
3FF14
3FF3C
3FF62
3FF88
3FFAB
3FFCB
3FFE8
00000
00014
00022
0002B
0002E
0002B
00022
00014
00000
3FFE8
3FFCB
3FFAA
3FF86
3FF61
3FF39
3FF11
3FEEA
3FEC4
3FE9F
3FE7E
3FE5F
3FE46
3FE30
3FE21
3FE16
3FE12
3FE13
3FE1A
3FE27
3FE3A
3FE51
3FE6D
3FE8D
3FEB1
3FED6
3FEFE
3FF26
3FF4E
3FF75
3FF9B
3FFBE
3FFDD
3FFF8
0000F
00020
0002C
00032
00032
0002C
00020
0000F
3FFF8
3FFDC
3FFBD
3FF9A
3FF74
3FF4C
3FF23
3FEFA
3FED2
3FEAC
3FE88
3FE67
3FE4A
3FE32
3FE1F
3FE11
3FE09
3FE08
3FE0C
3FE16
3FE27
3FE3C
3FE57
3FE76
3FE99
3FEBE
3FEE6
3FF0F
3FF38
3FF61
3FF89
3FFAE
3FFD0
3FFEE
00008
0001D
0002C
00035
00038
00035
0002C
0001D
00008
3FFEE
3FFD0
3FFAD
3FF88
3FF60
3FF36
3FF0C
3FEE2
3FEB9
3FE93
3FE6F
3FE4F
3FE34
3FE1E
3FE0D
3FE02
3FDFD
3FDFE
3FE06
3FE13
3FE27
3FE40
3FE5D
3FE7F
3FEA4
3FECC
3FEF6
3FF21
3FF4B
3FF75
3FF9C
3FFC1
3FFE2
3FFFF
00017
0002A
00037
0003D
0003D
00037
0002A
00018
00000
3FFE3
3FFC1
3FF9C
3FF74
3FF4A
3FF1F
3FEF3
3FEC9
3FEA0
3FE79
3FE56
3FE38
3FE1E
3FE09
3FDFB
3FDF2
3FDF0
3FDF5
3FE00
3FE11
3FE27
3FE43
3FE64
3FE89
3FEB1
3FEDB
3FF07
3FF33
3FF5E
3FF88
3FFB0
3FFD4
3FFF4
00010
00026
00036
00040
00044
00041
00037
00027
00012
3FFF6
3FFD6
3FFB2
3FF8A
3FF5F
3FF33
3FF06
3FED9
3FEAE
3FE85
3FE5F
3FE3C
3FE1F
3FE07
3FDF4
3FDE8
3FDE3
3FDE4
3FDEC
3FDFA
3FE0E
3FE28
3FE48
3FE6C
3FE93
3FEBE
3FEEA
3FF17
3FF45
3FF71
3FF9C
3FFC3
3FFE7
00006
00020
00034
00042
00049
0004A
00043
00036
00023
0000A
3FFEB
3FFC7
3FFA0
3FF75
3FF48
3FF1A
3FEEC
3FEBE
3FE92
3FE69
3FE43
3FE22
3FE06
3FDEF
3FDDF
3FDD6
3FDD3
3FDD7
3FDE3
3FDF4
3FE0C
3FE2A
3FE4C
3FE73
3FE9E
3FECB
3FEF9
3FF28
3FF57
3FF84
3FFAF
3FFD6
3FFF9
00017
0002F
00041
0004C
00050
0004E
00044
00034
0001D
00000
3FFDE
3FFB7
3FF8C
3FF5F
3FF30
3FF00
3FED0
3FEA1
3FE74
3FE4B
3FE26
3FE06
3FDEB
3FDD7
3FDC9
3FDC3
3FDC3
3FDCB
3FDD9
3FDEE
3FE0A
3FE2B
3FE51
3FE7B
3FEA8
3FED8
3FF08
3FF39
3FF69
3FF96
3FFC1
3FFE8
0000A
00027
0003D
0004D
00055
00057
00051
00043
0002F
00015
3FFF5
3FFCF
3FFA5
3FF77
3FF47
3FF16
3FEE4
3FEB2
3FE82
3FE56
3FE2C
3FE08
3FDE9
3FDD0
3FDBE
3FDB2
3FDAF
3FDB2
3FDBD
3FDCF
3FDE8
3FE07
3FE2B
3FE54
3FE82
3FEB2
3FEE4
3FF16
3FF48
3FF79
3FFA8
3FFD3
3FFF9
0001A
00035
00049
00057
0005C
0005B
00052
00041
00029
0000B
3FFE7
3FFBE
3FF91
3FF61
3FF2E
3FEFA
3FEC6
3FE93
3FE63
3FE35
3FE0C
3FDE9
3FDCB
3FDB3
3FDA3
3FD9A
3FD99
3FDA0
3FDAE
3FDC3
3FDE0
3FE02
3FE2A
3FE57
3FE87
3FEB9
3FEEE
3FF22
3FF56
3FF88
3FFB7
3FFE2
00007
00027
00041
00054
0005E
00062
0005D
00051
0003D
00022
00000
3FFD9
3FFAC
3FF7C
3FF48
3FF13
3FEDD
3FEA7
3FE73
3FE42
3FE14
3FDEB
3FDC8
3FDAB
3FD96
3FD87
3FD81
3FD82
3FD8C
3FD9D
3FDB6
3FDD5
3FDFB
3FE26
3FE56
3FE88
3FEBE
3FEF4
3FF2B
3FF60
3FF93
3FFC2
3FFED
00012
00031
0004A
0005A
00063
00064
0005C
0004D
00036
00018
3FFF3
3FFC9
3FF99
3FF66
3FF30
3FEF8
3FEC0
3FE89
3FE53
3FE21
3FDF3
3FDCA
3FDA7
3FD8C
3FD77
3FD6A
3FD66
3FD6A
3FD76
3FD89
3FDA5
3FDC7
3FDEF
3FE1D
3FE4F
3FE85
3FEBC
3FEF4
3FF2C
3FF63
3FF96
3FFC6
3FFF1
00016
00035
0004C
0005B
00063
00061
00058
00046
0002D
0000C
3FFE5
3FFB8
3FF86
3FF51
3FF19
3FEDF
3FEA6
3FE6D
3FE37
3FE04
3FDD5
3FDAC
3FD89
3FD6E
3FD5A
3FD4E
3FD4B
3FD50
3FD5D
3FD72
3FD8F
3FDB3
3FDDD
3FE0C
3FE40
3FE77
3FEAF
3FEE9
3FF21
3FF59
3FF8D
3FFBD
3FFE8
0000E
0002C
00043
00052
00059
00057
0004D
0003B
00021
00000
3FFD8
3FFAB
3FF78
3FF43
3FF0A
3FED0
3FE96
3FE5D
3FE26
3FDF3
3FDC4
3FD9B
3FD78
3FD5C
3FD47
3FD3B
3FD37
3FD3B
3FD47
3FD5B
3FD77
3FD9A
3FDC2
3FDF0
3FE22
3FE57
3FE8E
3FEC6
3FEFE
3FF34
3FF68
3FF98
3FFC3
3FFE9
00008
00021
00032
0003B
0003D
00036
00028
00012
3FFF6
3FFD3
3FFAB
3FF7E
3FF4E
3FF1B
3FEE6
3FEB1
3FE7C
3FE49
3FE19
3FDED
3FDC5
3FDA2
3FD85
3FD6E
3FD5E
3FD55
3FD53
3FD59
3FD64
3FD76
3FD8E
3FDAC
3FDCE
3FDF3
3FE1C
3FE47
3FE74
3FEA0
3FECD
3FEF8
3FF22
3FF48
3FF6C
3FF8C
3FFA9
3FFC1
3FFD5
3FFE5
3FFF1
3FFFA
3FFFF
00001
00001
00000
3FFFD
3FFFA
3FFF7
3FFF5
3FFF4
3FFF5
3FFF8
3FFFE
00005
0000F
0001B
00028
00035
00041
0004C
00052
00051
00048
00030
00006
3FFC2
3FF59
3FEBE
3FDD5
3FC74
3FA42
3F66F
3EE97
3CBBB
0A226
0285A
0384A
3EEF0
07427
08DA8
2B724
05BBD
033CC
37BE9
3F943
02DB5
2C899
03B71
3AE4D
06BC3
036E6
0E842
36C94
043B9
3B25C
3BF68
36818
008C1
016A8
36567
032AF
1F03B
3F743
03B7E
3CF34
391BF
3F944
00A7F
3AFC3
3DCFC
37AD3
39768
3C953
345EF
02945
39889
0329F
0A36E
0C816
09F3B
04EB3
02ECD
3A531
0B491
3BC5A
07A3C
38CB6
34C23
3E06E
04E02
3FF07
3BAC7
0D195
052E6
3361E
0275D
39699
04807
354C2
3649A
3D14D
33F41
11F86
01019
37C08
14962
38AD9
39AAF
3C8C9
01E42
00D17
388D2
3E10A
3B88A
0CA39
05214
057AA
3BAF7
3FB39
36C75
01F7C
3D1D9
39AB3
05A66
08D51
3EE6E
3825C
0B32D
3B894
3B69A
1429C
3EC88
03701
3F97A
3B1EA
0287D
3BCE5
0B76E
3E451
01EBC
09F9C
3B4CF
01B69
02257
36F25
3ADC3
3D24B
000D8
0A359
31CBB
0C3DA
3B7DD
06636
39A7A
39645
3CD2E
3EB5A
3D0DB
09A7C
3A291
10B60
06F9C
3FB71
042D3
01CA5
37477
3AE43
31A95
002B0
39E84
020C8
36F59
0209B
30534
0E112
34C8B
056DA
3CE84
3FD16
3CD2F
0C052
3CB23
38775
3B9D5
3E3E8
08321
3DAC1
0E24A
384A8
3AE02
3D68B
04CE3
06EAA
063D2
0E480
00807
39DB0
3E4DA
07529
3FDA8
391B2
0129C
36C7C
0207A
0E637
3918B
089FF
33624
3FCDA
00AF8
02830
0DCEA
0C9BF
3A78D
3B5E6
074E5
3BDE3
03550
35BE1
38834
3601A
06E5C
37E6E
01B96
3F5B5
33947
3A127
02B18
05517
02EB0
15207
3DF36
097E0
03095
36B32
2CABB
0A051
070F2
05576
3CA3D
0136F
04A66
37FFD
3BF90
3ED23
2DB6F
0E298
3C8E6
35B5B
051BE
35B41
3F637
02674
32D2B
3735B
07D9E
3E5C5
06A97
0DD5E
03A56
0A324
37CB4
064F3
085C9
0639E
3A179
1492B
1197C
365F7
3C002
00248
35D6D
3091D
2E840
11540
00CB9
332E2
38C3E
3CB0C
08E5D
1436B
39DA2
00289
3984D
2E5CE
024FA
38D63
00920
07DE1
0677E
3F4E4
320CC
126EA
3B1FA
3FA60
3BD81
3DB0D
035DE
00C95
35CA8
3F070
0992F
394DE
374E8
029D6
057A1
087A7
02968
00BD8
055FB
38621
063BE
01E02
03D7B
0622E
2D323
3A705
063F2
3D2AE
0B219
16C03
3F4D5
02EBB
0EB0D
00CD7
3B43B
031B4
367F7
3C868
39AFD
09816
2F473
3AB2D
364B7
0D8B0
352D3
022C8
3F13C
2F5CB
36965
07BA8
04260
3E0AA
10350
3EE1C
07674
3F22E
03A6A
33198
3C4D0
06A6F
04BCE
3BB28
02E91
0714C
01903
37763
3C591
38CE3
363CA
3F45F
016BA
36AEB
3E525
3C913
09970
0AFB1
03732
3AF87
041DC
011DE
07A6A
0401E
3CBEA
3224B
38531
0BC7C
3CDE7
00B49
05C2A
3F971
05192
33CE1
3FE8D
012BA
07388
01A96
3E47A
34B46
32CA0
3906A
020B2
02590
064DE
03B0A
078E2
3F79B
3C00D
0D186
0741E
3BB20
00610
0CD88
304E8
079D4
07104
06199
016D7
05FBB
023B5
03493
3FEEC
05BF2
3EBFC
0313D
023C8
3D01E
2DFDA
38BB3
30932
0E5E0
0C7B0
3C18E
302A9
39BF3
05E26
3BCC5
3F02B
38F13
35E06
09985
37635
0694F
0C6A6
3E511
0EC29
38F70
38C80
326C2
038B5
09907
05B64
3FA1F
39832
363A3
38C33
04330
07CA1
3767B
3A3CC
0CC9E
3F22F
3E18F
2FDDA
08C5F
3C046
3690E
02082
06241
3F208
00F77
31A62
06929
351AD
0B858
0D289
01694
026FC
3E1D8
027D0
05ACF
08AAE
36B94
012AD
3E93F
005CE
0C303
32178
3B5F1
0914F
3F7B3
0F031
089A2
25CCD
3CAFE
06F96
01592
3A2E4
03DA5
08C01
04243
02E3B
001BB
059AD
39A39
09A22
333DE
0078B
021EC
0633B
07412
379B0
104CC
0145F
3582F
3D991
0F1DF
3FFBE
0429F
3E91D
3A3A1
00288
03FAE
3DF7B
372BA
3936D
3F969
090E0
3D60B
3A469
36D69
01376
3D874
2E745
3AB90
353A0
3CDC7
3EDEF
0371F
06D9A
30F53
07697
3B2DA
3D4B0
31529
0A1FC
2EC94
36366
3DCF9
093FF
00A63
2FB47
02025
088FB
09B41
3CDA8
32A13
059C2
3A602
3CAAB
05BBE
33893
3C45A
3F936
3CB8E
31853
27889
36EEE
38857
39E34
3FD26
033FC
1A4DC
00084
3C475
006DF
3A91C
3124D
3D03D
3F9EA
3D55B
33842
301E9
2C25E
30EE9
2EFFD
3E44D
3C2C9
3FE41
02750
351EA
02D36
385FE
3C653
2F958
3C836
3E834
16FC6
09EE9
01B30
04953
36013
0884A
3AA02
3EE4C
38C42
39F42
3BE9C
02AA1
08022
375FB
0667A
0633B
3B5D8
0AA9D
3164B
02EE3
0093A
2D75F
09A8D
0515B
3642A
06405
04412
0444B
0049C
352BB
3A83F
35AFD
01DFF
3E30A
03D80
0AD16
121DC
05E86
3ED9F
3D959
32489
38AF9
36A25
06E66
044B1
12FDA
39E5C
3F2E8
3EB94
2E1EB
3949C
3FF1F
1B7E3
34B9C
1366C
3C0DA
3DFE7
1011E
02238
3AAA4
07FE5
3EE96
0CB53
0283E
2EEF8
0DCD7
37C09
09BBA
0A34B
3C722
3A7FA
33442
3595E
091DE
25A47
3A114
34707
098B3
0EFCA
33C41
005E2
0613C
0C918
0A9B4
33642
0222C
0D36D
33EC5
12994
3BD78
05A3F
377A0
3519B
38E31
1035F
005EB
06498
356EA
3C784
381CC
39836
336F2
31774
01A3F
335D2
01573
2E016
08C34
32DD1
0657D
35449
37983
02870
10559
00CEC
0E038
3B467
15808
38415
07B97
36FF7
15683
001E3
02661
083A2
36E55
0C888
2ED48
09A38
043E2
0050E
3D2FA
30933
0F454
0B59D
0AA6C
04C12
0D4C3
3B32D
25B8D
3AC7F
09829
3C92F
025B6
3EB02
31837
0DD8C
06087
34850
0099F
01329
35AA7
36343
09CDA
381BC
04ABD
09237
35072
09487
3AF6A
0AA05
056DA
00FD2
3575A
3173D
018AA
3231B
002BE
12D99
0FE67
3BD26
3337F
05BFE
355B4
02FB6
300B5
06069
2EED6
3C74D
0A349
070A9
3E969
01F6A
0E97C
331F5
0B206
3B1B8
0317B
3C93D
109AD
07C59
03B22
3D9AF
2EB3B
3B738
33631
02608
06134
063C8
0395C
395D0
07DD0
3C8BD
03558
29DA4
39A74
065B3
3B5FB
387D3
3FA5E
099E8
04DC6
0CAB2
3C835
2AA9A
2E168
377BF
105F2
07185
323E5
144F6
2FD48
00B10
10E63
14624
060D4
05A3B
3B988
31EDB
08381
02387
399F6
3546E
07F2C
09A50
11B1A
32E63
3F477
0967E
37F81
0264A
016D8
3D6B3
2FEF5
0E003
3DA87
2FD7A
17E6F
34C7E
3CFFE
09435
00E81
34A91
2E4F7
0AE7A
38473
3DD3F
11EB1
3F7A7
016E9
099E1
3A9E1
0DBA5
136B5
3F553
2C399
0180F
3456C
3BD28
36597
02237
055C9
3E9CD
3E344
3732C
3D802
3A687
31D02
364E5
346C4
00B13
35260
079B4
044CE
075A4
0F50F
3F8EA
359A7
028C3
39E47
2EF57
3DBA6
15EB9
0AF82
075E3
2BD04
1453F
12BF2
3EC09
073A9
367F7
3BB45
00D68
0A0E6
034AB
36D92
0E0BD
019F6
3D20C
389F4
029F7
36BBF
06735
29062
0656F
3EAFB
01819
02A15
3D5F8
2DB85
082FB
00505
019C0
04BEF
372BD
03024
0934E
3D17B
030D7
15BBF
2F7DC
04845
1707A
0D593
09905
3B9D0
30F0B
03854
2D7CB
399D9
0F6BA
35688
0D938
2A3C5
006C6
368FA
384B7
3CDF9
046E0
061E1
3D80C
3CFE7
0499B
3CE1D
37615
01B81
38E5B
0496B
3FA81
01A82
297BD
014B3
0C3C8
39803
34722
3B4E9
0A274
085D7
01361
39E45
3B24B
0EEB4
0D8C4
3E4E1
3DBC0
2DC89
36BD1
30D03
090CE
145A7
3A25E
0BAE4
0CC8A
0188C
32C61
1796F
007D5
3E5C7
398C2
0BCE5
0BB21
3CCCD
29C4B
3EC52
035D4
28D58
10F64
3F6EA
0C4BF
0308D
081AE
3BDAC
08E42
2C56D
3C3FF
398B4
382FC
0092C
01343
03444
35EE8
0C600
3B5E9
38FAF
0D3D2
3EB88
0B158
2E59C
081C6
38A38
04CB9
00004
028F3
38778
0414B
103DC
0032F
3D43F
3E6BB
14F5A
0C855
38FB7
2B57A
32716
310A4
031CC
3D168
373ED
3DDB6
3D609
3E2EC
2F984
0CB22
0BFE1
33667
00939
08F84
3C824
37A73
3474B
1F18C
0C0AA
33AF6
3F6FA
3C6F2
3CC06
0311E
32368
0115F
31980
10191
051D7
04925
0A0C7
0390E
3E198
099B0
3A537
14192
00C8D
31D8E
0D4C4
0D001
2B451
11FB3
2762E
3C324
0F227
3E474
3C3D6
36BFB
36459
0FEDC
3DAAD
02D55
0118C
0DCC9
30325
3E02A
087DE
2CD2E
39920
3D5B7
03D85
01EA4
01396
00D64
0093B
00624
003B3
001B3
00003
3FE94
3FD5A
3FC4E
3FB6E
3FAB5
3FA23
3F9B5
3F96B
3F942
3F93A
3F951
3F985
3F9D4
3FA3C
3FABA
3FB4B
3FBEC
3FC99
3FD4F
3FE0B
3FEC9
3FF85
0003C
000EB
0018F
00224
002A9
0031B
00379
003C0
003F1
0040A
0040C
003F8
003CE
0038F
0033D
002DB
0026A
001EE
00169
000DD
0004F
3FFC1
3FF36
3FEB0
3FE34
3FDC2
3FD5E
3FD09
3FCC5
3FC94
3FC75
3FC69
3FC70
3FC8B
3FCB7
3FCF4
3FD41
3FD9B
3FE00
3FE6F
3FEE4
3FF5D
3FFD7
00050
000C6
00134
0019B
001F6
00244
00285
002B6
002D6
002E6
002E5
002D2
002B0
0027D
0023D
001F0
00198
00138
000D0
00064
3FFF7
3FF89
3FF1E
3FEB8
3FE59
3FE04
3FDB9
3FD7B
3FD4A
3FD28
3FD15
3FD12
3FD1E
3FD38
3FD62
3FD98
3FDDA
3FE27
3FE7D
3FED9
3FF39
3FF9D
00000
00062
000BF
00117
00166
001AC
001E7
00215
00237
0024A
00250
00247
00230
0020C
001DB
0019F
00159
0010B
000B6
0005D
00000
3FFA3
3FF48
3FEEF
3FE9C
3FE50
3FE0C
3FDD2
3FDA4
3FD81
3FD6C
3FD63
3FD68
3FD7A
3FD98
3FDC2
3FDF8
3FE36
3FE7D
3FECA
3FF1C
3FF71
3FFC7
0001C
0006F
000BD
00104
00144
0017B
001A8
001C9
001DF
001E8
001E5
001D6
001BB
00194
00163
00129
000E7
0009F
00051
00001
3FFAF
3FF5E
3FF0F
3FEC4
3FE7E
3FE40
3FE0A
3FDDD
3FDBB
3FDA3
3FD98
3FD98
3FDA4
3FDBB
3FDDC
3FE08
3FE3D
3FE79
3FEBC
3FF03
3FF4E
3FF9B
3FFE7
00031
00078
000BA
000F6
0012A
00155
00177
0018E
0019A
0019B
00191
0017C
0015D
00134
00103
000CA
0008B
00047
3FFFF
3FFB6
3FF6D
3FF25
3FEE0
3FEA0
3FE65
3FE32
3FE06
3FDE4
3FDCC
3FDBE
3FDBA
3FDC1
3FDD3
3FDEE
3FE13
3FE40
3FE74
3FEAF
3FEEE
3FF31
3FF76
3FFBC
00000
00042
0007F
000B8
000E9
00113
00135
0014D
0015B
00160
0015A
0014A
00131
0010F
000E4
000B3
0007B
0003E
3FFFE
3FFBB
3FF78
3FF36
3FEF6
3FEBA
3FE82
3FE51
3FE27
3FE05
3FDEC
3FDDC
3FDD5
3FDD9
3FDE5
3FDFC
3FE1A
3FE41
3FE6F
3FEA3
3FEDC
3FF19
3FF58
3FF98
3FFD7
00014
0004E
00084
000B4
000DD
000FE
00117
00128
0012F
0012C
00121
0010D
000F0
000CB
0009F
0006E
00037
3FFFD
3FFC0
3FF82
3FF44
3FF09
3FED0
3FE9B
3FE6B
3FE42
3FE20
3FE06
3FDF4
3FDEB
3FDEB
3FDF5
3FE06
3FE20
3FE42
3FE6B
3FE99
3FECD
3FF04
3FF3E
3FF79
3FFB4
3FFED
00024
00058
00086
000AE
000D0
000EA
000FC
00105
00106
000FE
000EE
000D6
000B6
0008F
00063
00031
3FFFC
3FFC4
3FF8B
3FF51
3FF19
3FEE2
3FEB0
3FE82
3FE59
3FE37
3FE1C
3FE09
3FDFE
3FDFC
3FE01
3FE0F
3FE25
3FE42
3FE66
3FE90
3FEBF
3FEF1
3FF27
3FF5E
3FF95
3FFCC
00000
00031
0005E
00086
000A8
000C3
000D6
000E2
000E5
000E0
000D4
000C0
000A4
00082
0005A
0002D
3FFFC
3FFC8
3FF93
3FF5D
3FF27
3FEF3
3FEC3
3FE96
3FE6E
3FE4C
3FE30
3FE1C
3FE0F
3FE0A
3FE0D
3FE17
3FE29
3FE42
3FE62
3FE88
3FEB2
3FEE1
3FF12
3FF46
3FF7A
3FFAE
3FFE0
00010
0003B
00063
00084
000A0
000B5
000C2
000C8
000C6
000BD
000AC
00095
00076
00052
0002A
3FFFD
3FFCC
3FF9A
3FF67
3FF34
3FF03
3FED4
3FEA8
3FE81
3FE5F
3FE42
3FE2D
3FE1E
3FE17
3FE17
3FE1E
3FE2D
3FE43
3FE5F
3FE81
3FEA7
3FED2
3FF00
3FF30
3FF62
3FF93
3FFC3
3FFF1
0001C
00043
00065
00081
00097
000A6
000AE
000AF
000A9
0009B
00087
0006C
0004C
00027
3FFFD
3FFD1
3FFA2
3FF71
3FF41
3FF11
3FEE4
3FEB9
3FE92
3FE70
3FE53
3FE3C
3FE2C
3FE23
3FE20
3FE25
3FE31
3FE43
3FE5C
3FE7A
3FE9D
3FEC5
3FEF0
3FF1D
3FF4C
3FF7B
3FFA9
3FFD6
00000
00026
00048
00065
0007C
0008D
00097
0009A
00096
0008C
0007B
00064
00047
00025
3FFFE
3FFD5
3FFA9
3FF7B
3FF4D
3FF1F
3FEF3
3FEC9
3FEA2
3FE80
3FE63
3FE4B
3FE39
3FE2E
3FE29
3FE2C
3FE35
3FE44
3FE59
3FE75
3FE95
3FEB9
3FEE1
3FF0C
3FF38
3FF65
3FF92
3FFBD
3FFE6
0000C
0002E
0004C
00064
00076
00082
00087
00086
0007E
00070
0005C
00042
00023
00000
3FFD9
3FFAF
3FF84
3FF58
3FF2C
3FF01
3FED8
3FEB2
3FE8F
3FE72
3FE59
3FE46
3FE39
3FE32
3FE32
3FE38
3FE45
3FE58
3FE70
3FE8D
3FEAF
3FED4
3FEFC
3FF26
3FF51
3FF7C
3FFA6
3FFCF
3FFF4
00016
00034
0004D
00061
0006E
00076
00077
00071
00066
00055
0003E
00021
00001
3FFDD
3FFB6
3FF8D
3FF62
3FF38
3FF0E
3FEE6
3FEC0
3FE9E
3FE80
3FE66
3FE52
3FE43
3FE3B
3FE38
3FE3C
3FE46
3FE56
3FE6C
3FE86
3FEA5
3FEC8
3FEED
3FF15
3FF3E
3FF68
3FF91
3FFB9
3FFDE
00000
0001E
00038
0004D
0005C
00065
00068
00066
0005D
0004E
0003A
00020
00002
3FFE1
3FFBC
3FF95
3FF6D
3FF44
3FF1B
3FEF4
3FECE
3FEAC
3FE8D
3FE73
3FE5E
3FE4E
3FE43
3FE3F
3FE40
3FE48
3FE55
3FE68
3FE80
3FE9C
3FEBD
3FEE0
3FF06
3FF2D
3FF55
3FF7D
3FFA4
3FFC9
3FFEB
0000A
00024
0003A
0004B
00056
0005B
0005A
00054
00048
00036
0001F
00004
3FFE5
3FFC2
3FF9D
3FF76
3FF4F
3FF27
3FF01
3FEDC
3FEBA
3FE9B
3FE80
3FE69
3FE58
3FE4C
3FE45
3FE45
3FE4A
3FE55
3FE65
3FE7B
3FE94
3FEB2
3FED4
3FEF8
3FF1D
3FF44
3FF6B
3FF91
3FFB5
3FFD7
3FFF6
00012
00029
0003B
00047
0004E
00050
0004C
00042
00032
0001E
00005
3FFE8
3FFC8
3FFA5
3FF80
3FF5A
3FF33
3FF0D
3FEE9
3FEC7
3FEA8
3FE8C
3FE74
3FE62
3FE54
3FE4C
3FE49
3FE4C
3FE55
3FE63
3FE76
3FE8D
3FEA9
3FEC8
3FEEA
3FF0E
3FF34
3FF59
3FF7F
3FFA3
3FFC5
3FFE4
00000
00018
0002B
00039
00042
00046
00044
0003C
0002F
0001D
00006
3FFEC
3FFCD
3FFAC
3FF89
3FF64
3FF3F
3FF1A
3FEF6
3FED4
3FEB4
3FE98
3FE80
3FE6C
3FE5C
3FE53
3FE4E
3FE4F
3FE55
3FE61
3FE72
3FE87
3FEA1
3FEBE
3FEDE
3FF00
3FF24
3FF49
3FF6E
3FF91
3FFB3
3FFD3
3FFEF
00008
0001C
0002C
00037
0003C
0003C
00036
0002C
0001C
00008
3FFEF
3FFD3
3FFB3
3FF92
3FF6E
3FF4A
3FF26
3FF02
3FEE0
3FEC1
3FEA4
3FE8B
3FE76
3FE65
3FE59
3FE53
3FE52
3FE56
3FE60
3FE6E
3FE82
3FE99
3FEB4
3FED3
3FEF3
3FF16
3FF3A
3FF5D
3FF80
3FFA2
3FFC2
3FFDF
3FFF8
0000E
0001F
0002B
00032
00034
00031
00028
0001B
00009
3FFF2
3FFD8
3FFBA
3FF9A
3FF78
3FF55
3FF31
3FF0E
3FEED
3FECD
3FEB0
3FE96
3FE7F
3FE6E
3FE61
3FE58
3FE55
3FE58
3FE5F
3FE6B
3FE7D
3FE92
3FEAB
3FEC8
3FEE7
3FF08
3FF2B
3FF4E
3FF70
3FF92
3FFB2
3FFCF
3FFE9
00000
00012
00020
00029
0002D
0002B
00025
0001A
00009
3FFF5
3FFDC
3FFC1
3FFA2
3FF81
3FF5F
3FF3D
3FF1A
3FEF9
3FED9
3FEBB
3FEA1
3FE89
3FE76
3FE68
3FE5E
3FE59
3FE59
3FE5F
3FE69
3FE78
3FE8C
3FEA3
3FEBE
3FEDC
3FEFB
3FF1D
3FF3F
3FF61
3FF82
3FFA2
3FFC0
3FFDB
3FFF2
00006
00015
00020
00025
00026
00022
00018
0000A
3FFF7
3FFE1
3FFC7
3FFAA
3FF8B
3FF6A
3FF48
3FF26
3FF05
3FEE5
3FEC7
3FEAB
3FE93
3FE7F
3FE6F
3FE64
3FE5D
3FE5C
3FE5F
3FE67
3FE75
3FE86
3FE9C
3FEB5
3FED1
3FEEF
3FF10
3FF31
3FF52
3FF73
3FF93
3FFB1
3FFCD
3FFE5
3FFFA
0000B
00017
0001E
00020
0001E
00017
0000A
3FFFA
3FFE5
3FFCD
3FFB1
3FF93
3FF74
3FF53
3FF32
3FF11
3FEF1
3FED2
3FEB6
3FE9E
3FE88
3FE77
3FE6A
3FE62
3FE5E
3FE60
3FE66
3FE71
3FE81
3FE95
3FEAC
3FEC7
3FEE4
3FF03
3FF23
3FF44
3FF65
3FF85
3FFA3
3FFBF
3FFD8
3FFEE
00000
0000E
00017
0001B
0001A
00015
0000B
3FFFC
3FFE9
3FFD2
3FFB9
3FF9C
3FF7D
3FF5D
3FF3D
3FF1C
3FEFC
3FEDE
3FEC1
3FEA8
3FE91
3FE7F
3FE71
3FE67
3FE62
3FE61
3FE66
3FE6F
3FE7C
3FE8E
3FEA4
3FEBD
3FED9
3FEF7
3FF16
3FF37
3FF57
3FF77
3FF95
3FFB2
3FFCC
3FFE2
3FFF6
00005
0000F
00015
00016
00013
0000A
3FFFE
3FFED
3FFD8
3FFBF
3FFA4
3FF87
3FF68
3FF48
3FF28
3FF08
3FEE9
3FECC
3FEB2
3FE9B
3FE87
3FE77
3FE6C
3FE65
3FE63
3FE65
3FE6D
3FE79
3FE89
3FE9D
3FEB4
3FECE
3FEEB
3FF0A
3FF29
3FF49
3FF69
3FF88
3FFA5
3FFBF
3FFD7
3FFEB
3FFFB
00008
0000F
00012
00011
0000A
3FFFF
3FFF0
3FFDD
3FFC6
3FFAC
3FF90
3FF72
3FF53
3FF33
3FF13
3FEF5
3FED7
3FEBC
3FEA4
3FE8F
3FE7E
3FE71
3FE69
3FE65
3FE66
3FE6B
3FE75
3FE83
3FE96
3FEAC
3FEC5
3FEE0
3FEFE
3FF1D
3FF3C
3FF5C
3FF7A
3FF98
3FFB3
3FFCB
3FFE1
3FFF2
00000
00009
0000E
0000E
0000A
00000
3FFF3
3FFE1
3FFCC
3FFB4
3FF99
3FF7C
3FF5D
3FF3E
3FF1F
3FF00
3FEE3
3FEC7
3FEAE
3FE98
3FE86
3FE77
3FE6D
3FE68
3FE67
3FE6A
3FE72
3FE7F
3FE8F
3FEA4
3FEBB
3FED6
3FEF2
3FF10
3FF2F
3FF4F
3FF6D
3FF8B
3FFA7
3FFC0
3FFD6
3FFE9
3FFF8
00003
0000A
0000B
00009
00001
3FFF6
3FFE6
3FFD2
3FFBB
3FFA2
3FF86
3FF68
3FF49
3FF2A
3FF0B
3FEEE
3FED2
3FEB8
3FEA1
3FE8D
3FE7E
3FE72
3FE6B
3FE68
3FE6A
3FE70
3FE7B
3FE8A
3FE9D
3FEB3
3FECC
3FEE7
3FF05
3FF23
3FF42
3FF60
3FF7E
3FF9A
3FFB5
3FFCC
3FFE0
3FFF0
3FFFD
00005
00008
00008
00002
3FFF8
3FFEA
3FFD8
3FFC3
3FFAA
3FF8F
3FF72
3FF54
3FF35
3FF17
3FEF9
3FEDC
3FEC2
3FEAA
3FE95
3FE84
3FE77
3FE6E
3FE6A
3FE6A
3FE6E
3FE77
3FE85
3FE96
3FEAA
3FEC2
3FEDD
3FEF9
3FF17
3FF35
3FF54
3FF72
3FF8E
3FFA9
3FFC1
3FFD7
3FFE8
3FFF6
00000
00005
00006
00002
3FFFA
3FFEE
3FFDD
3FFC9
3FFB2
3FF98
3FF7C
3FF5F
3FF40
3FF22
3FF04
3FEE7
3FECC
3FEB3
3FE9E
3FE8B
3FE7D
3FE72
3FE6C
3FE6A
3FE6D
3FE74
3FE80
3FE8F
3FEA3
3FEB9
3FED3
3FEEE
3FF0B
3FF29
3FF48
3FF66
3FF83
3FF9E
3FFB7
3FFCD
3FFE0
3FFF0
3FFFB
00002
00004
00002
3FFFC
3FFF1
3FFE2
3FFD0
3FFBA
3FFA1
3FF86
3FF69
3FF4C
3FF2D
3FF0F
3FEF2
3FED6
3FEBD
3FEA6
3FE92
3FE82
3FE76
3FE6F
3FE6B
3FE6C
3FE72
3FE7C
3FE8A
3FE9B
3FEB1
3FEC9
3FEE3
3FF00
3FF1D
3FF3B
3FF59
3FF77
3FF93
3FFAD
3FFC4
3FFD8
3FFE9
3FFF6
3FFFE
00002
00002
3FFFD
3FFF4
3FFE7
3FFD6
3FFC2
3FFAA
3FF90
3FF74
3FF57
3FF39
3FF1B
3FEFD
3FEE1
3FEC7
3FEAF
3FE9A
3FE89
3FE7B
3FE72
3FE6D
3FE6C
3FE70
3FE78
3FE84
3FE95
3FEA8
3FEBF
3FED9
3FEF5
3FF12
3FF2F
3FF4E
3FF6B
3FF87
3FFA2
3FFBA
3FFD0
3FFE2
3FFF0
3FFFA
00000
00001
3FFFF
3FFF7
3FFEC
3FFDC
3FFC9
3FFB3
3FF9A
3FF7E
3FF62
3FF44
3FF26
3FF08
3FEEC
3FED1
3FEB8
3FEA2
3FE8F
3FE80
3FE75
3FE6F
3FE6C
3FE6E
3FE75
3FE80
3FE8E
3FEA1
3FEB6
3FECF
3FEEA
3FF06
3FF24
3FF42
3FF5F
3FF7C
3FF97
3FFB1
3FFC7
3FFDA
3FFEA
3FFF6
3FFFD
00001
3FFFF
3FFFA
3FFF0
3FFE2
3FFD0
3FFBB
3FFA3
3FF89
3FF6C
3FF4F
3FF31
3FF13
3FEF6
3FEDB
3FEC1
3FEAA
3FE96
3FE86
3FE79
3FE71
3FE6D
3FE6D
3FE72
3FE7B
3FE88
3FE99
3FEAE
3FEC5
3FEDF
3FEFB
3FF18
3FF36
3FF54
3FF71
3FF8D
3FFA7
3FFBE
3FFD3
3FFE4
3FFF1
3FFFA
3FFFF
00000
3FFFC
3FFF4
3FFE7
3FFD7
3FFC3
3FFAC
3FF93
3FF77
3FF5A
3FF3D
3FF1F
3FF02
3FEE5
3FECB
3FEB3
3FE9E
3FE8C
3FE7E
3FE74
3FE6E
3FE6D
3FE70
3FE77
3FE83
3FE92
3FEA6
3FEBC
3FED5
3FEF0
3FF0D
3FF2A
3FF48
3FF66
3FF82
3FF9D
3FFB5
3FFCB
3FFDE
3FFEC
3FFF7
3FFFE
00000
3FFFE
3FFF7
3FFEC
3FFDE
3FFCB
3FFB5
3FF9D
3FF82
3FF66
3FF48
3FF2A
3FF0D
3FEF0
3FED5
3FEBC
3FEA6
3FE92
3FE83
3FE77
3FE70
3FE6D
3FE6E
3FE74
3FE7E
3FE8C
3FE9E
3FEB3
3FECB
3FEE5
3FF02
3FF1F
3FF3D
3FF5A
3FF77
3FF93
3FFAC
3FFC3
3FFD7
3FFE7
3FFF4
3FFFC
00000
3FFFF
3FFFA
3FFF1
3FFE4
3FFD3
3FFBE
3FFA7
3FF8D
3FF71
3FF54
3FF36
3FF18
3FEFB
3FEDF
3FEC5
3FEAE
3FE99
3FE88
3FE7B
3FE72
3FE6D
3FE6D
3FE71
3FE79
3FE86
3FE96
3FEAA
3FEC1
3FEDB
3FEF6
3FF13
3FF31
3FF4F
3FF6C
3FF89
3FFA3
3FFBB
3FFD0
3FFE2
3FFF0
3FFFA
3FFFF
00001
3FFFD
3FFF6
3FFEA
3FFDA
3FFC7
3FFB1
3FF97
3FF7C
3FF5F
3FF42
3FF24
3FF06
3FEEA
3FECF
3FEB6
3FEA1
3FE8E
3FE80
3FE75
3FE6E
3FE6C
3FE6F
3FE75
3FE80
3FE8F
3FEA2
3FEB8
3FED1
3FEEC
3FF08
3FF26
3FF44
3FF62
3FF7E
3FF9A
3FFB3
3FFC9
3FFDC
3FFEC
3FFF7
3FFFF
00001
00000
3FFFA
3FFF0
3FFE2
3FFD0
3FFBA
3FFA2
3FF87
3FF6B
3FF4E
3FF2F
3FF12
3FEF5
3FED9
3FEBF
3FEA8
3FE95
3FE84
3FE78
3FE70
3FE6C
3FE6D
3FE72
3FE7B
3FE89
3FE9A
3FEAF
3FEC7
3FEE1
3FEFD
3FF1B
3FF39
3FF57
3FF74
3FF90
3FFAA
3FFC2
3FFD6
3FFE7
3FFF4
3FFFD
00002
00002
3FFFE
3FFF6
3FFE9
3FFD8
3FFC4
3FFAD
3FF93
3FF77
3FF59
3FF3B
3FF1D
3FF00
3FEE3
3FEC9
3FEB1
3FE9B
3FE8A
3FE7C
3FE72
3FE6C
3FE6B
3FE6F
3FE76
3FE82
3FE92
3FEA6
3FEBD
3FED6
3FEF2
3FF0F
3FF2D
3FF4C
3FF69
3FF86
3FFA1
3FFBA
3FFD0
3FFE2
3FFF1
3FFFC
00002
00004
00002
3FFFB
3FFF0
3FFE0
3FFCD
3FFB7
3FF9E
3FF83
3FF66
3FF48
3FF29
3FF0B
3FEEE
3FED3
3FEB9
3FEA3
3FE8F
3FE80
3FE74
3FE6D
3FE6A
3FE6C
3FE72
3FE7D
3FE8B
3FE9E
3FEB3
3FECC
3FEE7
3FF04
3FF22
3FF40
3FF5F
3FF7C
3FF98
3FFB2
3FFC9
3FFDD
3FFEE
3FFFA
00002
00006
00005
00000
3FFF6
3FFE8
3FFD7
3FFC1
3FFA9
3FF8E
3FF72
3FF54
3FF35
3FF17
3FEF9
3FEDD
3FEC2
3FEAA
3FE96
3FE85
3FE77
3FE6E
3FE6A
3FE6A
3FE6E
3FE77
3FE84
3FE95
3FEAA
3FEC2
3FEDC
3FEF9
3FF17
3FF35
3FF54
3FF72
3FF8F
3FFAA
3FFC3
3FFD8
3FFEA
3FFF8
00002
00008
00008
00005
3FFFD
3FFF0
3FFE0
3FFCC
3FFB5
3FF9A
3FF7E
3FF60
3FF42
3FF23
3FF05
3FEE7
3FECC
3FEB3
3FE9D
3FE8A
3FE7B
3FE70
3FE6A
3FE68
3FE6B
3FE72
3FE7E
3FE8D
3FEA1
3FEB8
3FED2
3FEEE
3FF0B
3FF2A
3FF49
3FF68
3FF86
3FFA2
3FFBB
3FFD2
3FFE6
3FFF6
00001
00009
0000B
0000A
00003
3FFF8
3FFE9
3FFD6
3FFC0
3FFA7
3FF8B
3FF6D
3FF4F
3FF2F
3FF10
3FEF2
3FED6
3FEBB
3FEA4
3FE8F
3FE7F
3FE72
3FE6A
3FE67
3FE68
3FE6D
3FE77
3FE86
3FE98
3FEAE
3FEC7
3FEE3
3FF00
3FF1F
3FF3E
3FF5D
3FF7C
3FF99
3FFB4
3FFCC
3FFE1
3FFF3
00000
0000A
0000E
0000E
00009
00000
3FFF2
3FFE1
3FFCB
3FFB3
3FF98
3FF7A
3FF5C
3FF3C
3FF1D
3FEFE
3FEE0
3FEC5
3FEAC
3FE96
3FE83
3FE75
3FE6B
3FE66
3FE65
3FE69
3FE71
3FE7E
3FE8F
3FEA4
3FEBC
3FED7
3FEF5
3FF13
3FF33
3FF53
3FF72
3FF90
3FFAC
3FFC6
3FFDD
3FFF0
3FFFF
0000A
00011
00012
0000F
00008
3FFFB
3FFEB
3FFD7
3FFBF
3FFA5
3FF88
3FF69
3FF49
3FF29
3FF0A
3FEEB
3FECE
3FEB4
3FE9D
3FE89
3FE79
3FE6D
3FE65
3FE63
3FE65
3FE6C
3FE77
3FE87
3FE9B
3FEB2
3FECC
3FEE9
3FF08
3FF28
3FF48
3FF68
3FF87
3FFA4
3FFBF
3FFD8
3FFED
3FFFE
0000A
00013
00016
00015
0000F
00005
3FFF6
3FFE2
3FFCC
3FFB2
3FF95
3FF77
3FF57
3FF37
3FF16
3FEF7
3FED9
3FEBD
3FEA4
3FE8E
3FE7C
3FE6F
3FE66
3FE61
3FE62
3FE67
3FE71
3FE7F
3FE91
3FEA8
3FEC1
3FEDE
3FEFC
3FF1C
3FF3D
3FF5D
3FF7D
3FF9C
3FFB9
3FFD2
3FFE9
3FFFC
0000B
00015
0001A
0001B
00017
0000E
00000
3FFEE
3FFD8
3FFBF
3FFA3
3FF85
3FF65
3FF44
3FF23
3FF03
3FEE4
3FEC7
3FEAC
3FE95
3FE81
3FE71
3FE66
3FE60
3FE5E
3FE62
3FE6A
3FE77
3FE88
3FE9E
3FEB6
3FED2
3FEF1
3FF11
3FF32
3FF53
3FF74
3FF93
3FFB1
3FFCD
3FFE5
3FFFA
0000A
00017
0001E
00020
0001E
00017
0000B
3FFFA
3FFE5
3FFCD
3FFB1
3FF93
3FF73
3FF52
3FF31
3FF10
3FEEF
3FED1
3FEB5
3FE9C
3FE86
3FE75
3FE67
3FE5F
3FE5C
3FE5D
3FE64
3FE6F
3FE7F
3FE93
3FEAB
3FEC7
3FEE5
3FF05
3FF26
3FF48
3FF6A
3FF8B
3FFAA
3FFC7
3FFE1
3FFF7
0000A
00018
00022
00026
00025
00020
00015
00006
3FFF2
3FFDB
3FFC0
3FFA2
3FF82
3FF61
3FF3F
3FF1D
3FEFB
3FEDC
3FEBE
3FEA3
3FE8C
3FE78
3FE69
3FE5F
3FE59
3FE59
3FE5E
3FE68
3FE76
3FE89
3FEA1
3FEBB
3FED9
3FEF9
3FF1A
3FF3D
3FF5F
3FF81
3FFA2
3FFC1
3FFDC
3FFF5
00009
0001A
00025
0002B
0002D
00029
00020
00012
00000
3FFE9
3FFCF
3FFB2
3FF92
3FF70
3FF4E
3FF2B
3FF08
3FEE7
3FEC8
3FEAB
3FE92
3FE7D
3FE6B
3FE5F
3FE58
3FE55
3FE58
3FE61
3FE6E
3FE7F
3FE96
3FEB0
3FECD
3FEED
3FF0E
3FF31
3FF55
3FF78
3FF9A
3FFBA
3FFD8
3FFF2
00009
0001B
00028
00031
00034
00032
0002B
0001F
0000E
3FFF8
3FFDF
3FFC2
3FFA2
3FF80
3FF5D
3FF3A
3FF16
3FEF3
3FED3
3FEB4
3FE99
3FE82
3FE6E
3FE60
3FE56
3FE52
3FE53
3FE59
3FE65
3FE76
3FE8B
3FEA4
3FEC1
3FEE0
3FF02
3FF26
3FF4A
3FF6E
3FF92
3FFB3
3FFD3
3FFEF
00008
0001C
0002C
00036
0003C
0003C
00037
0002C
0001C
00008
3FFEF
3FFD3
3FFB3
3FF91
3FF6E
3FF49
3FF24
3FF00
3FEDE
3FEBE
3FEA1
3FE87
3FE72
3FE61
3FE55
3FE4F
3FE4E
3FE53
3FE5C
3FE6C
3FE80
3FE98
3FEB4
3FED4
3FEF6
3FF1A
3FF3F
3FF64
3FF89
3FFAC
3FFCD
3FFEC
00006
0001D
0002F
0003C
00044
00046
00042
00039
0002B
00018
00000
3FFE4
3FFC5
3FFA3
3FF7F
3FF59
3FF34
3FF0E
3FEEA
3FEC8
3FEA9
3FE8D
3FE76
3FE63
3FE55
3FE4C
3FE49
3FE4C
3FE54
3FE62
3FE74
3FE8C
3FEA8
3FEC7
3FEE9
3FF0D
3FF33
3FF5A
3FF80
3FFA5
3FFC8
3FFE8
00005
0001E
00032
00042
0004C
00050
0004E
00047
0003B
00029
00012
3FFF6
3FFD7
3FFB5
3FF91
3FF6B
3FF44
3FF1D
3FEF8
3FED4
3FEB2
3FE94
3FE7B
3FE65
3FE55
3FE4A
3FE45
3FE45
3FE4C
3FE58
3FE69
3FE80
3FE9B
3FEBA
3FEDC
3FF01
3FF27
3FF4F
3FF76
3FF9D
3FFC2
3FFE5
00004
0001F
00036
00048
00054
0005A
0005B
00056
0004B
0003A
00024
0000A
3FFEB
3FFC9
3FFA4
3FF7D
3FF55
3FF2D
3FF06
3FEE0
3FEBD
3FE9C
3FE80
3FE68
3FE55
3FE48
3FE40
3FE3F
3FE43
3FE4E
3FE5E
3FE73
3FE8D
3FEAC
3FECE
3FEF4
3FF1B
3FF44
3FF6D
3FF95
3FFBC
3FFE1
00002
00020
0003A
0004E
0005D
00066
00068
00065
0005C
0004D
00038
0001E
00000
3FFDE
3FFB9
3FF91
3FF68
3FF3E
3FF15
3FEED
3FEC8
3FEA5
3FE86
3FE6C
3FE56
3FE46
3FE3C
3FE38
3FE3B
3FE43
3FE52
3FE66
3FE80
3FE9E
3FEC0
3FEE6
3FF0E
3FF38
3FF62
3FF8D
3FFB6
3FFDD
00001
00021
0003E
00055
00066
00071
00077
00076
0006E
00061
0004D
00034
00016
3FFF4
3FFCF
3FFA6
3FF7C
3FF51
3FF26
3FEFC
3FED4
3FEAF
3FE8D
3FE70
3FE58
3FE45
3FE38
3FE32
3FE32
3FE39
3FE46
3FE59
3FE72
3FE8F
3FEB2
3FED8
3FF01
3FF2C
3FF58
3FF84
3FFAF
3FFD9
00000
00023
00042
0005C
00070
0007E
00086
00087
00082
00076
00064
0004C
0002E
0000C
3FFE6
3FFBD
3FF92
3FF65
3FF38
3FF0C
3FEE1
3FEB9
3FE95
3FE75
3FE59
3FE44
3FE35
3FE2C
3FE29
3FE2E
3FE39
3FE4B
3FE63
3FE80
3FEA2
3FEC9
3FEF3
3FF1F
3FF4D
3FF7B
3FFA9
3FFD5
3FFFE
00025
00047
00064
0007B
0008C
00096
0009A
00097
0008D
0007C
00065
00048
00026
00000
3FFD6
3FFA9
3FF7B
3FF4C
3FF1D
3FEF0
3FEC5
3FE9D
3FE7A
3FE5C
3FE43
3FE31
3FE25
3FE20
3FE23
3FE2C
3FE3C
3FE53
3FE70
3FE92
3FEB9
3FEE4
3FF11
3FF41
3FF71
3FFA2
3FFD1
3FFFD
00027
0004C
0006C
00087
0009B
000A9
000AF
000AE
000A6
00097
00081
00065
00043
0001C
3FFF1
3FFC3
3FF93
3FF62
3FF30
3FF00
3FED2
3FEA7
3FE81
3FE5F
3FE43
3FE2D
3FE1E
3FE17
3FE17
3FE1E
3FE2D
3FE42
3FE5F
3FE81
3FEA8
3FED4
3FF03
3FF34
3FF67
3FF9A
3FFCC
3FFFD
0002A
00052
00076
00095
000AC
000BD
000C6
000C8
000C2
000B5
000A0
00084
00063
0003B
00010
3FFE0
3FFAE
3FF7A
3FF46
3FF12
3FEE1
3FEB2
3FE88
3FE62
3FE42
3FE29
3FE17
3FE0D
3FE0A
3FE0F
3FE1C
3FE30
3FE4C
3FE6E
3FE96
3FEC3
3FEF3
3FF27
3FF5D
3FF93
3FFC8
3FFFC
0002D
0005A
00082
000A4
000C0
000D4
000E0
000E5
000E2
000D6
000C3
000A8
00086
0005E
00031
00000
3FFCC
3FF95
3FF5E
3FF27
3FEF1
3FEBF
3FE90
3FE66
3FE42
3FE25
3FE0F
3FE01
3FDFC
3FDFE
3FE09
3FE1C
3FE37
3FE59
3FE82
3FEB0
3FEE2
3FF19
3FF51
3FF8B
3FFC4
3FFFC
00031
00063
0008F
000B6
000D6
000EE
000FE
00106
00105
000FC
000EA
000D0
000AE
00086
00058
00024
3FFED
3FFB4
3FF79
3FF3E
3FF04
3FECD
3FE99
3FE6B
3FE42
3FE20
3FE06
3FDF5
3FDEB
3FDEB
3FDF4
3FE06
3FE20
3FE42
3FE6B
3FE9B
3FED0
3FF09
3FF44
3FF82
3FFC0
3FFFD
00037
0006E
0009F
000CB
000F0
0010D
00121
0012C
0012F
00128
00117
000FE
000DD
000B4
00084
0004E
00014
3FFD7
3FF98
3FF58
3FF19
3FEDC
3FEA3
3FE6F
3FE41
3FE1A
3FDFC
3FDE5
3FDD9
3FDD5
3FDDC
3FDEC
3FE05
3FE27
3FE51
3FE82
3FEBA
3FEF6
3FF36
3FF78
3FFBB
3FFFE
0003E
0007B
000B3
000E4
0010F
00131
0014A
0015A
00160
0015B
0014D
00135
00113
000E9
000B8
0007F
00042
00000
3FFBC
3FF76
3FF31
3FEEE
3FEAF
3FE74
3FE40
3FE13
3FDEE
3FDD3
3FDC1
3FDBA
3FDBE
3FDCC
3FDE4
3FE06
3FE32
3FE65
3FEA0
3FEE0
3FF25
3FF6D
3FFB6
3FFFF
00047
0008B
000CA
00103
00134
0015D
0017C
00191
0019B
0019A
0018E
00177
00155
0012A
000F6
000BA
00078
00031
3FFE7
3FF9B
3FF4E
3FF03
3FEBC
3FE79
3FE3D
3FE08
3FDDC
3FDBB
3FDA4
3FD98
3FD98
3FDA3
3FDBB
3FDDD
3FE0A
3FE40
3FE7E
3FEC4
3FF0F
3FF5E
3FFAF
00001
00051
0009F
000E7
00129
00163
00194
001BB
001D6
001E5
001E8
001DF
001C9
001A8
0017B
00144
00104
000BD
0006F
0001C
3FFC7
3FF71
3FF1C
3FECA
3FE7D
3FE36
3FDF8
3FDC2
3FD98
3FD7A
3FD68
3FD63
3FD6C
3FD81
3FDA4
3FDD2
3FE0C
3FE50
3FE9C
3FEEF
3FF48
3FFA3
00000
0005D
000B6
0010B
00159
0019F
001DB
0020C
00230
00247
00250
0024A
00237
00215
001E7
001AC
00166
00117
000BF
00062
00000
3FF9D
3FF39
3FED9
3FE7D
3FE27
3FDDA
3FD98
3FD62
3FD38
3FD1E
3FD12
3FD15
3FD28
3FD4A
3FD7B
3FDB9
3FE04
3FE59
3FEB8
3FF1E
3FF89
3FFF7
00064
000D0
00138
00198
001F0
0023D
0027D
002B0
002D2
002E5
002E6
002D6
002B6
00285
00244
001F6
0019B
00134
000C6
00050
3FFD7
3FF5D
3FEE4
3FE6F
3FE00
3FD9B
3FD41
3FCF4
3FCB7
3FC8B
3FC70
3FC69
3FC75
3FC94
3FCC5
3FD09
3FD5E
3FDC2
3FE34
3FEB0
3FF36
3FFC1
0004F
000DD
00169
001EE
0026A
002DB
0033D
0038F
003CE
003F8
0040C
0040A
003F1
003C0
00379
0031B
002A9
00224
0018F
000EB
0003C
3FF85
3FEC9
3FE0B
3FD4F
3FC99
3FBEC
3FB4B
3FABA
3FA3C
3F9D4
3F985
3F951
3F93A
3F942
3F96B
3F9B5
3FA23
3FAB5
3FB6E
3FC4E
3FD5A
3FE94
00003
001B3
003B3
00624
0093B
00D64
01396
01EA4
03D85
3D5B7
39920
2CD2E
087DE
3E02A
30325
0DCC9
0118C
02D55
3DAAD
0FEDC
36459
36BFB
3C3D6
3E474
0F227
3C324
2762E
11FB3
2B451
0D001
0D4C4
31D8E
00C8D
14192
3A537
099B0
3E198
0390E
0A0C7
04925
051D7
10191
31980
0115F
32368
0311E
3CC06
3C6F2
3F6FA
33AF6
0C0AA
1F18C
3474B
37A73
3C824
08F84
00939
33667
0BFE1
0CB22
2F984
3E2EC
3D609
3DDB6
373ED
3D168
031CC
310A4
32716
2B57A
38FB7
0C855
14F5A
3E6BB
3D43F
0032F
103DC
0414B
38778
028F3
00004
04CB9
38A38
081C6
2E59C
0B158
3EB88
0D3D2
38FAF
3B5E9
0C600
35EE8
03444
01343
0092C
382FC
398B4
3C3FF
2C56D
08E42
3BDAC
081AE
0308D
0C4BF
3F6EA
10F64
28D58
035D4
3EC52
29C4B
3CCCD
0BB21
0BCE5
398C2
3E5C7
007D5
1796F
32C61
0188C
0CC8A
0BAE4
3A25E
145A7
090CE
30D03
36BD1
2DC89
3DBC0
3E4E1
0D8C4
0EEB4
3B24B
39E45
01361
085D7
0A274
3B4E9
34722
39803
0C3C8
014B3
297BD
01A82
3FA81
0496B
38E5B
01B81
37615
3CE1D
0499B
3CFE7
3D80C
061E1
046E0
3CDF9
384B7
368FA
006C6
2A3C5
0D938
35688
0F6BA
399D9
2D7CB
03854
30F0B
3B9D0
09905
0D593
1707A
04845
2F7DC
15BBF
030D7
3D17B
0934E
03024
372BD
04BEF
019C0
00505
082FB
2DB85
3D5F8
02A15
01819
3EAFB
0656F
29062
06735
36BBF
029F7
389F4
3D20C
019F6
0E0BD
36D92
034AB
0A0E6
00D68
3BB45
367F7
073A9
3EC09
12BF2
1453F
2BD04
075E3
0AF82
15EB9
3DBA6
2EF57
39E47
028C3
359A7
3F8EA
0F50F
075A4
044CE
079B4
35260
00B13
346C4
364E5
31D02
3A687
3D802
3732C
3E344
3E9CD
055C9
02237
36597
3BD28
3456C
0180F
2C399
3F553
136B5
0DBA5
3A9E1
099E1
016E9
3F7A7
11EB1
3DD3F
38473
0AE7A
2E4F7
34A91
00E81
09435
3CFFE
34C7E
17E6F
2FD7A
3DA87
0E003
2FEF5
3D6B3
016D8
0264A
37F81
0967E
3F477
32E63
11B1A
09A50
07F2C
3546E
399F6
02387
08381
31EDB
3B988
05A3B
060D4
14624
10E63
00B10
2FD48
144F6
323E5
07185
105F2
377BF
2E168
2AA9A
3C835
0CAB2
04DC6
099E8
3FA5E
387D3
3B5FB
065B3
39A74
29DA4
03558
3C8BD
07DD0
395D0
0395C
063C8
06134
02608
33631
3B738
2EB3B
3D9AF
03B22
07C59
109AD
3C93D
0317B
3B1B8
0B206
331F5
0E97C
01F6A
3E969
070A9
0A349
3C74D
2EED6
06069
300B5
02FB6
355B4
05BFE
3337F
3BD26
0FE67
12D99
002BE
3231B
018AA
3173D
3575A
00FD2
056DA
0AA05
3AF6A
09487
35072
09237
04ABD
381BC
09CDA
36343
35AA7
01329
0099F
34850
06087
0DD8C
31837
3EB02
025B6
3C92F
09829
3AC7F
25B8D
3B32D
0D4C3
04C12
0AA6C
0B59D
0F454
30933
3D2FA
0050E
043E2
09A38
2ED48
0C888
36E55
083A2
02661
001E3
15683
36FF7
07B97
38415
15808
3B467
0E038
00CEC
10559
02870
37983
35449
0657D
32DD1
08C34
2E016
01573
335D2
01A3F
31774
336F2
39836
381CC
3C784
356EA
06498
005EB
1035F
38E31
3519B
377A0
05A3F
3BD78
12994
33EC5
0D36D
0222C
33642
0A9B4
0C918
0613C
005E2
33C41
0EFCA
098B3
34707
3A114
25A47
091DE
3595E
33442
3A7FA
3C722
0A34B
09BBA
37C09
0DCD7
2EEF8
0283E
0CB53
3EE96
07FE5
3AAA4
02238
1011E
3DFE7
3C0DA
1366C
34B9C
1B7E3
3FF1F
3949C
2E1EB
3EB94
3F2E8
39E5C
12FDA
044B1
06E66
36A25
38AF9
32489
3D959
3ED9F
05E86
121DC
0AD16
03D80
3E30A
01DFF
35AFD
3A83F
352BB
0049C
0444B
04412
06405
3642A
0515B
09A8D
2D75F
0093A
02EE3
3164B
0AA9D
3B5D8
0633B
0667A
375FB
08022
02AA1
3BE9C
39F42
38C42
3EE4C
3AA02
0884A
36013
04953
01B30
09EE9
16FC6
3E834
3C836
2F958
3C653
385FE
02D36
351EA
02750
3FE41
3C2C9
3E44D
2EFFD
30EE9
2C25E
301E9
33842
3D55B
3F9EA
3D03D
3124D
3A91C
006DF
3C475
00084
1A4DC
033FC
3FD26
39E34
38857
36EEE
0CCB7
04B72
3D5DB
3B879
27D4A
360E6
3035C
37DC9
39244
38029
09D79
25E63
38901
04836
2EAEF
15CF3
3A24D
08EA2
01125
390B4
3F80B
057B6
2D3FC
2DCCE
3C224
35CF4
03E08
0C236
340C1
0D46D
3B0B1
09BCC
32612
3CEE3
0A73A
3F912
0945E
0D482
3603D
042A2
36D3D
2E636
05E6F
2E916
27D3E
0B2DD
00E35
01F65
0972F
34C71
3A952
3C95B
006AD
063C5
0A6D5
0C447
388FA
0C0CC
3D6CC
0BE8C
30599
00168
33FDE
04B5E
3F590
3C65B
3BF84
3AC6D
0E20B
00069
090D3
09300
0483C
2E2FC
3C238
1102C
3BC60
01413
03D0F
38574
37CD7
3AB28
02624
3EA50
3C522
039A4
00885
145AA
3A134
35C4C
36994
06E1C
3B28B
1C8D4
0194A
3B701
0EAC9
0D80A
27CC5
0BAC3
32CC2
3EE9C
3D01A
38942
06639
36111
105FA
179EB
37769
33A12
3965C
027B8
3253A
39FB0
38BA5
3378F
09824
103A6
06098
3ED12
3A00B
3FEE5
11CC1
02294
05AA4
3B35E
02D01
31A4A
04FD2
03721
3AD3A
383F2
29ADB
0CA7B
003A5
3C798
2BA01
3DC5E
01933
3EFAC
0DB63
3CB2D
3991E
09119
06CBF
24762
0967B
0663A
3C7F7
38EB9
315E7
01837
03B9B
3EFD2
39F91
084D1
279CD
0ABB4
3E981
0EF75
04897
34D13
114F3
316CB
07550
0FAA3
101B9
0EBF6
0385D
036E0
3A7F5
0C146
029DC
280BE
3A64D
3FEF0
34DA0
006D0
3AFDB
12ED5
3CCAB
1C73C
02920
3F693
071DA
37CD1
38604
3F485
03B22
33325
2EECC
38465
178A7
11252
375B9
3E8B1
3D98B
11506
33FA8
2DC69
026F2
3D73D
3547F
0689B
01E62
377B3
36FF6
34056
0B265
3825D
31621
3D64B
00564
0FBB4
046B0
37EAA
0AE36
2BC89
393B1
3F519
36905
0250C
0A19D
373CB
0F24D
39E7D
05F15
01C65
3F231
08AC0
0750B
162C4
02147
31628
2E6CA
03B23
00270
3CD56
3492B
0D284
02263
0781A
10388
3CF4F
3DAF7
01DEA
0C87C
316F5
33E58
35859
06F46
01CF7
07ECD
00AC0
01198
342E7
3BA2B
0A45C
3B28B
3F601
080CD
064D3
2C461
39422
3DEEA
06232
3AF37
0B77A
03C57
00B08
05577
34D3D
37D5C
0A25A
0662E
3BCEC
009AD
08B58
393B0
06407
11DCD
06C92
05BD0
3F9B0
35199
322C9
3D81D
395C0
3D767
3620B
2D305
04339
12545
31ECA
0B425
034CB
0062B
3C59D
10B4B
3F3A0
2BADC
199D2
02836
3ED4B
2D666
384A8
3F6AC
33F9F
05B7E
37EA3
38B6E
0402F
3CA78
0B60A
3B4D4
39519
371F5
34AB4
021FD
032DA
01FC0
3EA71
003AF
356C5
10EBE
092AC
0C5AA
3C29B
09BA4
09A45
3FEE2
32716
084D0
35F63
1C460
305EE
32176
07532
01404
38AFB
0F60C
3A298
0122D
0AFE4
118E0
3834B
3703A
39F96
05D7B
37638
3C3A7
39EF6
35501
3BCDD
09409
04BE1
0662A
39DC5
3D5EC
383D6
0C4BD
08CA5
06431
05616
2FF2A
0671D
283E7
0B8AF
2FF52
11242
3D926
00755
030F2
07DA4
3578C
09461
09077
2B9E9
3CBB9
3FD71
04E0E
0E7C3
3D84B
2EDF0
08DA4
33006
3EC59
385AA
3896A
398BB
3CC91
39E61
3F35C
3B2C6
39F67
1A052
38383
00C32
08A1E
3BD43
34D88
3F0B9
072E5
09164
0C2E7
3A898
01E38
3569D
044E2
07107
18E3A
39B9C
079F2
37E90
3B146
08F93
0234C
04CD8
28CD9
3D4DD
0A65C
01797
3A030
01CD4
014AD
04F35
3093F
29A91
0D6E4
0E29B
3B9C4
02481
2E7AF
043CA
3CB42
036D4
01A56
3A67E
3E1D3
03805
36438
01208
38759
13DCA
3677D
3CA30
02BB5
3AED5
3F1B6
0C570
001C0
0C041
03353
0F4EE
36129
08EB1
0029A
3EA44
341A8
0951E
3E14A
34D0A
331FA
031E2
0945C
3F642
3D761
3B838
37C83
2CD15
073ED
3E654
061F9
3C2B4
0E3E4
01149
3D62F
37A34
3DC50
35A5B
3995D
0CD0B
39602
11C2C
3EE57
2E8EE
13AFB
07D7A
3A145
03AF9
0024F
3DE47
2D9A2
2E9FF
048BC
144D4
339DF
06F92
098D1
07B3E
00DD8
28780
11AEA
3BA76
3C4F5
3EA03
010D7
02F1C
362F8
0A2A6
1046C
31004
38D5A
3A572
07E04
01BB8
34053
01E2F
372B1
2FA80
0ED15
06190
36E41
0734F
016DB
0196E
017FD
0163E
01476
012AD
010E3
00F16
00D4A
00B82
009C0
00809
00661
004CF
00355
001F8
000BC
3FFA4
3FEB3
3FDEB
3FD4D
3FCDB
3FC94
3FC77
3FC82
3FCB4
3FD0A
3FD80
3FE12
3FEBC
3FF79
00045
0011A
001F4
002CC
003A0
00469
00523
005CB
0065E
006D8
00738
0077B
007A0
007A8
00793
00761
00714
006AF
00632
005A3
00503
00457
003A2
002E8
0022D
00175
000C4
0001E
3FF85
3FEFD
3FE88
3FE28
3FDDE
3FDAD
3FD94
3FD93
3FDAA
3FDD8
3FE1B
3FE72
3FEDA
3FF51
3FFD3
0005D
000ED
0017E
0020E
0029A
0031D
00397
00402
0045F
004AA
004E2
00507
00516
00511
004F8
004CB
0048C
0043B
003DC
00370
002F9
0027A
001F7
00171
000ED
0006B
3FFF1
3FF7F
3FF18
3FEBE
3FE74
3FE39
3FE10
3FDFA
3FDF5
3FE02
3FE21
3FE51
3FE90
3FEDC
3FF35
3FF97
00000
0006E
000DF
0014F
001BD
00225
00286
002DE
0032A
00369
0039A
003BB
003CC
003CD
003BE
003A0
00372
00336
002EE
0029B
00240
001DD
00176
0010C
000A2
0003A
3FFD7
3FF7A
3FF25
3FEDB
3FE9C
3FE6B
3FE47
3FE31
3FE2A
3FE32
3FE49
3FE6D
3FE9D
3FEDA
3FF20
3FF6F
3FFC4
0001E
0007B
000D8
00133
0018B
001DD
00227
00269
002A0
002CB
002EA
002FC
00300
002F7
002E1
002BE
0028F
00255
00212
001C8
00177
00121
000C9
00070
00019
3FFC5
3FF76
3FF2D
3FEED
3FEB6
3FE8A
3FE69
3FE55
3FE4C
3FE50
3FE61
3FE7D
3FEA5
3FED6
3FF10
3FF52
3FF9A
3FFE6
00035
00084
000D3
0011F
00166
001A7
001E2
00213
0023B
00258
0026A
00270
0026B
0025A
0023F
00219
001EA
001B2
00173
0012E
000E5
0009A
0004D
00002
3FFB8
3FF73
3FF33
3FEF9
3FEC8
3FEA0
3FE81
3FE6D
3FE64
3FE65
3FE72
3FE88
3FEA9
3FED2
3FF03
3FF3C
3FF79
3FFBB
00000
00046
0008B
000CE
0010E
00148
0017D
001AA
001CF
001EB
001FD
00205
00203
001F6
001E0
001C1
00199
0016A
00134
000F8
000B9
00076
00033
3FFF0
3FFAF
3FF71
3FF37
3FF03
3FED6
3FEB0
3FE94
3FE80
3FE76
3FE75
3FE7E
3FE90
3FEAB
3FECE
3FEF9
3FF2A
3FF60
3FF9A
3FFD7
00015
00053
0008F
000C9
000FE
0012F
00159
0017B
00196
001A8
001B2
001B2
001A9
00197
0017D
0015B
00132
00103
000CE
00096
0005B
0001F
3FFE3
3FFA8
3FF6F
3FF3B
3FF0B
3FEE1
3FEBE
3FEA2
3FE8F
3FE83
3FE81
3FE87
3FE96
3FEAD
3FECB
3FEF0
3FF1B
3FF4B
3FF7F
3FFB5
3FFED
00025
0005D
00091
000C3
000F0
00117
00138
00152
00165
0016F
00171
0016B
0015D
00147
00129
00106
000DC
000AD
0007B
00046
00010
3FFD9
3FFA3
3FF6F
3FF3E
3FF12
3FEEA
3FEC9
3FEAE
3FE9B
3FE8F
3FE8B
3FE8F
3FE9A
3FEAE
3FEC8
3FEE8
3FF0E
3FF39
3FF68
3FF99
3FFCC
00000
00033
00064
00092
000BC
000E2
00101
0011B
0012D
00138
0013C
00138
0012D
0011A
00101
000E2
000BD
00093
00066
00035
00004
3FFD1
3FF9F
3FF6F
3FF42
3FF18
3FEF2
3FED2
3FEB8
3FEA5
3FE98
3FE93
3FE95
3FE9E
3FEAE
3FEC5
3FEE2
3FF04
3FF2A
3FF55
3FF82
3FFB1
3FFE0
00010
0003D
00069
00091
000B4
000D3
000EC
000FF
0010B
00110
0010E
00105
000F6
000E0
000C4
000A3
0007D
00054
00028
3FFFA
3FFCC
3FF9D
3FF70
3FF45
3FF1E
3FEFA
3FEDB
3FEC1
3FEAE
3FEA1
3FE9A
3FE9A
3FEA1
3FEAF
3FEC3
3FEDC
3FEFB
3FF1E
3FF44
3FF6E
3FF99
3FFC5
3FFF1
0001D
00046
0006C
0008E
000AC
000C4
000D7
000E4
000EA
000EA
000E4
000D7
000C4
000AB
0008E
0006C
00046
0001D
3FFF3
3FFC8
3FF9C
3FF72
3FF49
3FF23
3FF01
3FEE3
3FECA
3FEB6
3FEA8
3FEA1
3FE9F
3FEA4
3FEAF
3FEC0
3FED7
3FEF3
3FF12
3FF36
3FF5C
3FF84
3FFAE
3FFD7
00000
00027
0004C
0006D
0008A
000A2
000B5
000C3
000CA
000CC
000C7
000BC
000AC
00096
0007C
0005D
0003A
00015
3FFED
3FFC5
3FF9C
3FF74
3FF4D
3FF29
3FF07
3FEEA
3FED1
3FEBD
3FEAF
3FEA6
3FEA4
3FEA7
3FEB0
3FEBF
3FED3
3FEEC
3FF09
3FF29
3FF4D
3FF72
3FF99
3FFC0
3FFE7
0000C
0002F
00050
0006C
00084
00098
000A6
000AE
000B1
000AE
000A6
00098
00084
0006C
00050
00030
0000E
3FFE9
3FFC3
3FF9C
3FF76
3FF51
3FF2E
3FF0E
3FEF1
3FED8
3FEC4
3FEB6
3FEAC
3FEA8
3FEAA
3FEB1
3FEBD
3FECF
3FEE5
3FF00
3FF1E
3FF3F
3FF62
3FF87
3FFAC
3FFD1
3FFF4
00016
00036
00052
0006A
0007D
0008C
00096
0009A
00099
00092
00086
00075
0005F
00046
00028
00008
3FFE5
3FFC2
3FF9D
3FF79
3FF55
3FF33
3FF14
3FEF8
3FEDF
3FECB
3FEBC
3FEB1
3FEAC
3FEAC
3FEB2
3FEBC
3FECC
3FEE0
3FEF8
3FF14
3FF33
3FF54
3FF76
3FF99
3FFBD
3FFDF
00000
0001F
0003A
00052
00066
00075
00080
00085
00086
00081
00076
00068
00054
0003D
00021
00003
3FFE3
3FFC1
3FF9E
3FF7B
3FF59
3FF39
3FF1A
3FEFE
3FEE6
3FED1
3FEC1
3FEB6
3FEB0
3FEAF
3FEB2
3FEBB
3FEC9
3FEDB
3FEF1
3FF0B
3FF28
3FF47
3FF67
3FF89
3FFAB
3FFCC
3FFEC
0000A
00025
0003D
00051
00061
0006C
00073
00074
00071
00069
0005C
0004A
00035
0001C
00000
3FFE1
3FFC1
3FFA0
3FF7F
3FF5E
3FF3E
3FF20
3FF05
3FEEC
3FED8
3FEC7
3FEBB
3FEB4
3FEB1
3FEB4
3FEBB
3FEC7
3FED7
3FEEB
3FF03
3FF1E
3FF3B
3FF5A
3FF7A
3FF9A
3FFBA
3FFD9
3FFF7
00012
0002A
0003E
0004F
0005B
00062
00065
00063
0005D
00051
00042
0002E
00017
3FFFD
3FFE0
3FFC2
3FFA2
3FF82
3FF62
3FF43
3FF26
3FF0B
3FEF3
3FEDE
3FECD
3FEC0
3FEB8
3FEB4
3FEB5
3FEBA
3FEC5
3FED3
3FEE5
3FEFB
3FF14
3FF30
3FF4D
3FF6C
3FF8B
3FFAA
3FFC9
3FFE5
00000
00018
0002D
0003E
0004B
00053
00057
00057
00052
00048
0003A
00028
00013
3FFFB
3FFE0
3FFC3
3FFA4
3FF86
3FF67
3FF49
3FF2C
3FF11
3FEF9
3FEE4
3FED2
3FEC5
3FEBB
3FEB7
3FEB6
3FEBA
3FEC3
3FED0
3FEE0
3FEF5
3FF0C
3FF26
3FF42
3FF5F
3FF7D
3FF9C
3FFB9
3FFD5
3FFF0
00008
0001D
0002E
0003C
00045
0004B
0004B
00048
00040
00033
00023
00010
3FFF9
3FFDF
3FFC4
3FFA7
3FF89
3FF6B
3FF4E
3FF32
3FF17
3FEFF
3FEEA
3FED8
3FECA
3FEBF
3FEB9
3FEB8
3FEBA
3FEC2
3FECD
3FEDC
3FEEF
3FF04
3FF1D
3FF37
3FF54
3FF71
3FF8E
3FFAB
3FFC6
3FFE1
3FFF9
0000E
00020
0002E
00039
0003F
00041
0003F
00038
0002D
0001F
0000D
3FFF8
3FFE0
3FFC5
3FFAA
3FF8D
3FF70
3FF53
3FF38
3FF1D
3FF05
3FEF0
3FEDD
3FECE
3FEC3
3FEBC
3FEB9
3FEBB
3FEC1
3FECA
3FED8
3FEE9
3FEFD
3FF14
3FF2E
3FF49
3FF65
3FF81
3FF9D
3FFB9
3FFD3
3FFEB
00000
00012
00022
0002D
00034
00037
00036
00031
00028
0001B
0000A
3FFF7
3FFE0
3FFC7
3FFAD
3FF91
3FF75
3FF59
3FF3E
3FF24
3FF0B
3FEF6
3FEE3
3FED3
3FEC7
3FEBF
3FEBB
3FEBC
3FEC0
3FEC8
3FED4
3FEE4
3FEF7
3FF0D
3FF25
3FF3E
3FF59
3FF75
3FF91
3FFAC
3FFC5
3FFDD
3FFF3
00006
00016
00022
0002A
0002F
0002F
0002B
00023
00018
00008
3FFF6
3FFE1
3FFC9
3FFB0
3FF95
3FF7A
3FF5E
3FF44
3FF2A
3FF12
3FEFC
3FEE8
3FED8
3FECC
3FEC3
3FEBD
3FEBC
3FEBF
3FEC6
3FED1
3FEDF
3FEF1
3FF05
3FF1C
3FF35
3FF4F
3FF6A
3FF85
3FF9F
3FFB9
3FFD1
3FFE7
3FFFA
0000B
00017
00021
00026
00028
00025
0001F
00015
00007
3FFF6
3FFE2
3FFCB
3FFB3
3FF99
3FF7F
3FF64
3FF4A
3FF30
3FF18
3FF02
3FEEE
3FEDD
3FED0
3FEC6
3FEC0
3FEBE
3FEBF
3FEC5
3FECE
3FEDB
3FEEC
3FEFF
3FF14
3FF2C
3FF45
3FF5F
3FF7A
3FF94
3FFAD
3FFC5
3FFDB
3FFEF
00000
0000E
00018
0001E
00021
00020
0001B
00012
00005
3FFF6
3FFE3
3FFCE
3FFB7
3FF9E
3FF84
3FF6A
3FF50
3FF36
3FF1E
3FF08
3FEF4
3FEE2
3FED4
3FEC9
3FEC2
3FEBF
3FEBF
3FEC4
3FECC
3FED8
3FEE7
3FEF9
3FF0D
3FF24
3FF3C
3FF55
3FF6F
3FF89
3FFA2
3FFBA
3FFD0
3FFE5
3FFF6
00004
00010
00017
0001B
0001B
00017
0000F
00004
3FFF6
3FFE4
3FFD0
3FFBA
3FFA2
3FF89
3FF6F
3FF56
3FF3C
3FF24
3FF0E
3FEF9
3FEE8
3FED9
3FECD
3FEC5
3FEC0
3FEC0
3FEC3
3FECA
3FED4
3FEE2
3FEF3
3FF06
3FF1C
3FF33
3FF4C
3FF65
3FF7F
3FF98
3FFB0
3FFC6
3FFDA
3FFEC
3FFFC
00008
00010
00015
00016
00014
0000D
00003
3FFF6
3FFE6
3FFD3
3FFBE
3FFA7
3FF8E
3FF75
3FF5C
3FF43
3FF2B
3FF14
3FEFF
3FEED
3FEDD
3FED1
3FEC8
3FEC2
3FEC0
3FEC2
3FEC8
3FED1
3FEDE
3FEED
3FF00
3FF14
3FF2B
3FF43
3FF5C
3FF75
3FF8D
3FFA5
3FFBC
3FFD1
3FFE3
3FFF3
00000
00009
0000F
00012
00010
0000B
00003
3FFF7
3FFE7
3FFD6
3FFC1
3FFAB
3FF93
3FF7B
3FF62
3FF49
3FF31
3FF1A
3FF05
3FEF2
3FEE2
3FED5
3FECB
3FEC4
3FEC1
3FEC2
3FEC7
3FECF
3FEDA
3FEE8
3FEFA
3FF0D
3FF23
3FF3A
3FF52
3FF6B
3FF84
3FF9C
3FFB2
3FFC8
3FFDB
3FFEB
3FFF9
00003
0000A
0000D
0000D
00009
00002
3FFF7
3FFE9
3FFD8
3FFC5
3FFB0
3FF99
3FF81
3FF68
3FF50
3FF38
3FF21
3FF0B
3FEF8
3FEE7
3FED9
3FECE
3FEC7
3FEC3
3FEC2
3FEC5
3FECC
3FED6
3FEE4
3FEF4
3FF07
3FF1C
3FF32
3FF4A
3FF62
3FF7A
3FF92
3FFA9
3FFBF
3FFD2
3FFE3
3FFF2
3FFFD
00005
00009
0000A
00008
00001
3FFF8
3FFEB
3FFDB
3FFC9
3FFB4
3FF9E
3FF87
3FF6F
3FF56
3FF3E
3FF27
3FF12
3FEFE
3FEEC
3FEDD
3FED2
3FEC9
3FEC4
3FEC3
3FEC5
3FECA
3FED3
3FEDF
3FEEF
3FF00
3FF14
3FF2A
3FF41
3FF59
3FF71
3FF89
3FFA0
3FFB6
3FFCA
3FFDC
3FFEB
3FFF7
00000
00006
00008
00006
00001
3FFF8
3FFED
3FFDE
3FFCD
3FFB9
3FFA4
3FF8D
3FF75
3FF5D
3FF45
3FF2E
3FF18
3FF04
3FEF2
3FEE2
3FED5
3FECC
3FEC6
3FEC3
3FEC4
3FEC8
3FED0
3FEDB
3FEEA
3FEFA
3FF0E
3FF23
3FF39
3FF51
3FF69
3FF80
3FF98
3FFAE
3FFC2
3FFD4
3FFE4
3FFF1
3FFFB
00002
00005
00005
00001
3FFF9
3FFEF
3FFE1
3FFD1
3FFBE
3FFA9
3FF93
3FF7B
3FF64
3FF4C
3FF35
3FF1E
3FF0A
3FEF7
3FEE7
3FED9
3FECF
3FEC8
3FEC4
3FEC4
3FEC7
3FECE
3FED8
3FEE5
3FEF5
3FF07
3FF1C
3FF32
3FF49
3FF60
3FF78
3FF8F
3FFA5
3FFBA
3FFCD
3FFDE
3FFEC
3FFF7
3FFFE
00002
00003
00000
3FFFA
3FFF1
3FFE4
3FFD5
3FFC3
3FFAF
3FF99
3FF82
3FF6A
3FF53
3FF3B
3FF25
3FF10
3FEFD
3FEEC
3FEDD
3FED2
3FECA
3FEC5
3FEC4
3FEC6
3FECC
3FED4
3FEE1
3FEF0
3FF01
3FF15
3FF2A
3FF41
3FF58
3FF70
3FF87
3FF9E
3FFB3
3FFC6
3FFD7
3FFE6
3FFF2
3FFFB
00000
00002
00000
3FFFB
3FFF3
3FFE7
3FFD9
3FFC7
3FFB4
3FF9F
3FF89
3FF71
3FF5A
3FF42
3FF2C
3FF16
3FF03
3FEF1
3FEE2
3FED5
3FECC
3FEC6
3FEC4
3FEC5
3FECA
3FED1
3FEDD
3FEEB
3FEFB
3FF0E
3FF23
3FF39
3FF50
3FF68
3FF7F
3FF96
3FFAB
3FFBF
3FFD1
3FFE1
3FFEE
3FFF7
3FFFE
00001
00000
3FFFC
3FFF5
3FFEA
3FFDD
3FFCC
3FFBA
3FFA5
3FF8F
3FF78
3FF61
3FF4A
3FF33
3FF1D
3FF09
3FEF6
3FEE6
3FED9
3FECF
3FEC8
3FEC5
3FEC4
3FEC8
3FECF
3FED9
3FEE6
3FEF6
3FF08
3FF1C
3FF32
3FF49
3FF60
3FF77
3FF8E
3FFA4
3FFB9
3FFCB
3FFDC
3FFE9
3FFF4
3FFFB
3FFFF
00000
3FFFD
3FFF7
3FFED
3FFE1
3FFD1
3FFC0
3FFAC
3FF96
3FF80
3FF68
3FF51
3FF3A
3FF24
3FF0F
3FEFC
3FEEB
3FEDD
3FED2
3FECA
3FEC5
3FEC4
3FEC6
3FECC
3FED5
3FEE1
3FEF0
3FF02
3FF15
3FF2B
3FF41
3FF58
3FF70
3FF87
3FF9D
3FFB2
3FFC5
3FFD6
3FFE5
3FFF1
3FFF9
3FFFE
00000
3FFFE
3FFF9
3FFF1
3FFE5
3FFD6
3FFC5
3FFB2
3FF9D
3FF87
3FF70
3FF58
3FF41
3FF2B
3FF15
3FF02
3FEF0
3FEE1
3FED5
3FECC
3FEC6
3FEC4
3FEC5
3FECA
3FED2
3FEDD
3FEEB
3FEFC
3FF0F
3FF24
3FF3A
3FF51
3FF68
3FF80
3FF96
3FFAC
3FFC0
3FFD1
3FFE1
3FFED
3FFF7
3FFFD
00000
3FFFF
3FFFB
3FFF4
3FFE9
3FFDC
3FFCB
3FFB9
3FFA4
3FF8E
3FF77
3FF60
3FF49
3FF32
3FF1C
3FF08
3FEF6
3FEE6
3FED9
3FECF
3FEC8
3FEC4
3FEC5
3FEC8
3FECF
3FED9
3FEE6
3FEF6
3FF09
3FF1D
3FF33
3FF4A
3FF61
3FF78
3FF8F
3FFA5
3FFBA
3FFCC
3FFDD
3FFEA
3FFF5
3FFFC
00000
00001
3FFFE
3FFF7
3FFEE
3FFE1
3FFD1
3FFBF
3FFAB
3FF96
3FF7F
3FF68
3FF50
3FF39
3FF23
3FF0E
3FEFB
3FEEB
3FEDD
3FED1
3FECA
3FEC5
3FEC4
3FEC6
3FECC
3FED5
3FEE2
3FEF1
3FF03
3FF16
3FF2C
3FF42
3FF5A
3FF71
3FF89
3FF9F
3FFB4
3FFC7
3FFD9
3FFE7
3FFF3
3FFFB
00000
00002
00000
3FFFB
3FFF2
3FFE6
3FFD7
3FFC6
3FFB3
3FF9E
3FF87
3FF70
3FF58
3FF41
3FF2A
3FF15
3FF01
3FEF0
3FEE1
3FED4
3FECC
3FEC6
3FEC4
3FEC5
3FECA
3FED2
3FEDD
3FEEC
3FEFD
3FF10
3FF25
3FF3B
3FF53
3FF6A
3FF82
3FF99
3FFAF
3FFC3
3FFD5
3FFE4
3FFF1
3FFFA
00000
00003
00002
3FFFE
3FFF7
3FFEC
3FFDE
3FFCD
3FFBA
3FFA5
3FF8F
3FF78
3FF60
3FF49
3FF32
3FF1C
3FF07
3FEF5
3FEE5
3FED8
3FECE
3FEC7
3FEC4
3FEC4
3FEC8
3FECF
3FED9
3FEE7
3FEF7
3FF0A
3FF1E
3FF35
3FF4C
3FF64
3FF7B
3FF93
3FFA9
3FFBE
3FFD1
3FFE1
3FFEF
3FFF9
00001
00005
00005
00002
3FFFB
3FFF1
3FFE4
3FFD4
3FFC2
3FFAE
3FF98
3FF80
3FF69
3FF51
3FF39
3FF23
3FF0E
3FEFA
3FEEA
3FEDB
3FED0
3FEC8
3FEC4
3FEC3
3FEC6
3FECC
3FED5
3FEE2
3FEF2
3FF04
3FF18
3FF2E
3FF45
3FF5D
3FF75
3FF8D
3FFA4
3FFB9
3FFCD
3FFDE
3FFED
3FFF8
00001
00006
00008
00006
00000
3FFF7
3FFEB
3FFDC
3FFCA
3FFB6
3FFA0
3FF89
3FF71
3FF59
3FF41
3FF2A
3FF14
3FF00
3FEEF
3FEDF
3FED3
3FECA
3FEC5
3FEC3
3FEC4
3FEC9
3FED2
3FEDD
3FEEC
3FEFE
3FF12
3FF27
3FF3E
3FF56
3FF6F
3FF87
3FF9E
3FFB4
3FFC9
3FFDB
3FFEB
3FFF8
00001
00008
0000A
00009
00005
3FFFD
3FFF2
3FFE3
3FFD2
3FFBF
3FFA9
3FF92
3FF7A
3FF62
3FF4A
3FF32
3FF1C
3FF07
3FEF4
3FEE4
3FED6
3FECC
3FEC5
3FEC2
3FEC3
3FEC7
3FECE
3FED9
3FEE7
3FEF8
3FF0B
3FF21
3FF38
3FF50
3FF68
3FF81
3FF99
3FFB0
3FFC5
3FFD8
3FFE9
3FFF7
00002
00009
0000D
0000D
0000A
00003
3FFF9
3FFEB
3FFDB
3FFC8
3FFB2
3FF9C
3FF84
3FF6B
3FF52
3FF3A
3FF23
3FF0D
3FEFA
3FEE8
3FEDA
3FECF
3FEC7
3FEC2
3FEC1
3FEC4
3FECB
3FED5
3FEE2
3FEF2
3FF05
3FF1A
3FF31
3FF49
3FF62
3FF7B
3FF93
3FFAB
3FFC1
3FFD6
3FFE7
3FFF7
00003
0000B
00010
00012
0000F
00009
00000
3FFF3
3FFE3
3FFD1
3FFBC
3FFA5
3FF8D
3FF75
3FF5C
3FF43
3FF2B
3FF14
3FF00
3FEED
3FEDE
3FED1
3FEC8
3FEC2
3FEC0
3FEC2
3FEC8
3FED1
3FEDD
3FEED
3FEFF
3FF14
3FF2B
3FF43
3FF5C
3FF75
3FF8E
3FFA7
3FFBE
3FFD3
3FFE6
3FFF6
00003
0000D
00014
00016
00015
00010
00008
3FFFC
3FFEC
3FFDA
3FFC6
3FFB0
3FF98
3FF7F
3FF65
3FF4C
3FF33
3FF1C
3FF06
3FEF3
3FEE2
3FED4
3FECA
3FEC3
3FEC0
3FEC0
3FEC5
3FECD
3FED9
3FEE8
3FEF9
3FF0E
3FF24
3FF3C
3FF56
3FF6F
3FF89
3FFA2
3FFBA
3FFD0
3FFE4
3FFF6
00004
0000F
00017
0001B
0001B
00017
00010
00004
3FFF6
3FFE5
3FFD0
3FFBA
3FFA2
3FF89
3FF6F
3FF55
3FF3C
3FF24
3FF0D
3FEF9
3FEE7
3FED8
3FECC
3FEC4
3FEBF
3FEBF
3FEC2
3FEC9
3FED4
3FEE2
3FEF4
3FF08
3FF1E
3FF36
3FF50
3FF6A
3FF84
3FF9E
3FFB7
3FFCE
3FFE3
3FFF6
00005
00012
0001B
00020
00021
0001E
00018
0000E
00000
3FFEF
3FFDB
3FFC5
3FFAD
3FF94
3FF7A
3FF5F
3FF45
3FF2C
3FF14
3FEFF
3FEEC
3FEDB
3FECE
3FEC5
3FEBF
3FEBE
3FEC0
3FEC6
3FED0
3FEDD
3FEEE
3FF02
3FF18
3FF30
3FF4A
3FF64
3FF7F
3FF99
3FFB3
3FFCB
3FFE2
3FFF6
00007
00015
0001F
00025
00028
00026
00021
00017
0000B
3FFFA
3FFE7
3FFD1
3FFB9
3FF9F
3FF85
3FF6A
3FF4F
3FF35
3FF1C
3FF05
3FEF1
3FEDF
3FED1
3FEC6
3FEBF
3FEBC
3FEBD
3FEC3
3FECC
3FED8
3FEE8
3FEFC
3FF12
3FF2A
3FF44
3FF5E
3FF7A
3FF95
3FFB0
3FFC9
3FFE1
3FFF6
00008
00018
00023
0002B
0002F
0002F
0002A
00022
00016
00006
3FFF3
3FFDD
3FFC5
3FFAC
3FF91
3FF75
3FF59
3FF3E
3FF25
3FF0D
3FEF7
3FEE4
3FED4
3FEC8
3FEC0
3FEBC
3FEBB
3FEBF
3FEC7
3FED3
3FEE3
3FEF6
3FF0B
3FF24
3FF3E
3FF59
3FF75
3FF91
3FFAD
3FFC7
3FFE0
3FFF7
0000A
0001B
00028
00031
00036
00037
00034
0002D
00022
00012
00000
3FFEB
3FFD3
3FFB9
3FF9D
3FF81
3FF65
3FF49
3FF2E
3FF14
3FEFD
3FEE9
3FED8
3FECA
3FEC1
3FEBB
3FEB9
3FEBC
3FEC3
3FECE
3FEDD
3FEF0
3FF05
3FF1D
3FF38
3FF53
3FF70
3FF8D
3FFAA
3FFC5
3FFE0
3FFF8
0000D
0001F
0002D
00038
0003F
00041
0003F
00039
0002E
00020
0000E
3FFF9
3FFE1
3FFC6
3FFAB
3FF8E
3FF71
3FF54
3FF37
3FF1D
3FF04
3FEEF
3FEDC
3FECD
3FEC2
3FEBA
3FEB8
3FEB9
3FEBF
3FECA
3FED8
3FEEA
3FEFF
3FF17
3FF32
3FF4E
3FF6B
3FF89
3FFA7
3FFC4
3FFDF
3FFF9
00010
00023
00033
00040
00048
0004B
0004B
00045
0003C
0002E
0001D
00008
3FFF0
3FFD5
3FFB9
3FF9C
3FF7D
3FF5F
3FF42
3FF26
3FF0C
3FEF5
3FEE0
3FED0
3FEC3
3FEBA
3FEB6
3FEB7
3FEBB
3FEC5
3FED2
3FEE4
3FEF9
3FF11
3FF2C
3FF49
3FF67
3FF86
3FFA4
3FFC3
3FFE0
3FFFB
00013
00028
0003A
00048
00052
00057
00057
00053
0004B
0003E
0002D
00018
00000
3FFE5
3FFC9
3FFAA
3FF8B
3FF6C
3FF4D
3FF30
3FF14
3FEFB
3FEE5
3FED3
3FEC5
3FEBA
3FEB5
3FEB4
3FEB8
3FEC0
3FECD
3FEDE
3FEF3
3FF0B
3FF26
3FF43
3FF62
3FF82
3FFA2
3FFC2
3FFE0
3FFFD
00017
0002E
00042
00051
0005D
00063
00065
00062
0005B
0004F
0003E
0002A
00012
3FFF7
3FFD9
3FFBA
3FF9A
3FF7A
3FF5A
3FF3B
3FF1E
3FF03
3FEEB
3FED7
3FEC7
3FEBB
3FEB4
3FEB1
3FEB4
3FEBB
3FEC7
3FED8
3FEEC
3FF05
3FF20
3FF3E
3FF5E
3FF7F
3FFA0
3FFC1
3FFE1
00000
0001C
00035
0004A
0005C
00069
00071
00074
00073
0006C
00061
00051
0003D
00025
0000A
3FFEC
3FFCC
3FFAB
3FF89
3FF67
3FF47
3FF28
3FF0B
3FEF1
3FEDB
3FEC9
3FEBB
3FEB2
3FEAF
3FEB0
3FEB6
3FEC1
3FED1
3FEE6
3FEFE
3FF1A
3FF39
3FF59
3FF7B
3FF9E
3FFC1
3FFE3
00003
00021
0003D
00054
00068
00076
00081
00086
00085
00080
00075
00066
00052
0003A
0001F
00000
3FFDF
3FFBD
3FF99
3FF76
3FF54
3FF33
3FF14
3FEF8
3FEE0
3FECC
3FEBC
3FEB2
3FEAC
3FEAC
3FEB1
3FEBC
3FECB
3FEDF
3FEF8
3FF14
3FF33
3FF55
3FF79
3FF9D
3FFC2
3FFE5
00008
00028
00046
0005F
00075
00086
00092
00099
0009A
00096
0008C
0007D
0006A
00052
00036
00016
3FFF4
3FFD1
3FFAC
3FF87
3FF62
3FF3F
3FF1E
3FF00
3FEE5
3FECF
3FEBD
3FEB1
3FEAA
3FEA8
3FEAC
3FEB6
3FEC4
3FED8
3FEF1
3FF0E
3FF2E
3FF51
3FF76
3FF9C
3FFC3
3FFE9
0000E
00030
00050
0006C
00084
00098
000A6
000AE
000B1
000AE
000A6
00098
00084
0006C
00050
0002F
0000C
3FFE7
3FFC0
3FF99
3FF72
3FF4D
3FF29
3FF09
3FEEC
3FED3
3FEBF
3FEB0
3FEA7
3FEA4
3FEA6
3FEAF
3FEBD
3FED1
3FEEA
3FF07
3FF29
3FF4D
3FF74
3FF9C
3FFC5
3FFED
00015
0003A
0005D
0007C
00096
000AC
000BC
000C7
000CC
000CA
000C3
000B5
000A2
0008A
0006D
0004C
00027
00000
3FFD7
3FFAE
3FF84
3FF5C
3FF36
3FF12
3FEF3
3FED7
3FEC0
3FEAF
3FEA4
3FE9F
3FEA1
3FEA8
3FEB6
3FECA
3FEE3
3FF01
3FF23
3FF49
3FF72
3FF9C
3FFC8
3FFF3
0001D
00046
0006C
0008E
000AB
000C4
000D7
000E4
000EA
000EA
000E4
000D7
000C4
000AC
0008E
0006C
00046
0001D
3FFF1
3FFC5
3FF99
3FF6E
3FF44
3FF1E
3FEFB
3FEDC
3FEC3
3FEAF
3FEA1
3FE9A
3FE9A
3FEA1
3FEAE
3FEC1
3FEDB
3FEFA
3FF1E
3FF45
3FF70
3FF9D
3FFCC
3FFFA
00028
00054
0007D
000A3
000C4
000E0
000F6
00105
0010E
00110
0010B
000FF
000EC
000D3
000B4
00091
00069
0003D
00010
3FFE0
3FFB1
3FF82
3FF55
3FF2A
3FF04
3FEE2
3FEC5
3FEAE
3FE9E
3FE95
3FE93
3FE98
3FEA5
3FEB8
3FED2
3FEF2
3FF18
3FF42
3FF6F
3FF9F
3FFD1
00004
00035
00066
00093
000BD
000E2
00101
0011A
0012D
00138
0013C
00138
0012D
0011B
00101
000E2
000BC
00092
00064
00033
00000
3FFCC
3FF99
3FF68
3FF39
3FF0E
3FEE8
3FEC8
3FEAE
3FE9A
3FE8F
3FE8B
3FE8F
3FE9B
3FEAE
3FEC9
3FEEA
3FF12
3FF3E
3FF6F
3FFA3
3FFD9
00010
00046
0007B
000AD
000DC
00106
00129
00147
0015D
0016B
00171
0016F
00165
00152
00138
00117
000F0
000C3
00091
0005D
00025
3FFED
3FFB5
3FF7F
3FF4B
3FF1B
3FEF0
3FECB
3FEAD
3FE96
3FE87
3FE81
3FE83
3FE8F
3FEA2
3FEBE
3FEE1
3FF0B
3FF3B
3FF6F
3FFA8
3FFE3
0001F
0005B
00096
000CE
00103
00132
0015B
0017D
00197
001A9
001B2
001B2
001A8
00196
0017B
00159
0012F
000FE
000C9
0008F
00053
00015
3FFD7
3FF9A
3FF60
3FF2A
3FEF9
3FECE
3FEAB
3FE90
3FE7E
3FE75
3FE76
3FE80
3FE94
3FEB0
3FED6
3FF03
3FF37
3FF71
3FFAF
3FFF0
00033
00076
000B9
000F8
00134
0016A
00199
001C1
001E0
001F6
00203
00205
001FD
001EB
001CF
001AA
0017D
00148
0010E
000CE
0008B
00046
00000
3FFBB
3FF79
3FF3C
3FF03
3FED2
3FEA9
3FE88
3FE72
3FE65
3FE64
3FE6D
3FE81
3FEA0
3FEC8
3FEF9
3FF33
3FF73
3FFB8
00002
0004D
0009A
000E5
0012E
00173
001B2
001EA
00219
0023F
0025A
0026B
00270
0026A
00258
0023B
00213
001E2
001A7
00166
0011F
000D3
00084
00035
3FFE6
3FF9A
3FF52
3FF10
3FED6
3FEA5
3FE7D
3FE61
3FE50
3FE4C
3FE55
3FE69
3FE8A
3FEB6
3FEED
3FF2D
3FF76
3FFC5
00019
00070
000C9
00121
00177
001C8
00212
00255
0028F
002BE
002E1
002F7
00300
002FC
002EA
002CB
002A0
00269
00227
001DD
0018B
00133
000D8
0007B
0001E
3FFC4
3FF6F
3FF20
3FEDA
3FE9D
3FE6D
3FE49
3FE32
3FE2A
3FE31
3FE47
3FE6B
3FE9C
3FEDB
3FF25
3FF7A
3FFD7
0003A
000A2
0010C
00176
001DD
00240
0029B
002EE
00336
00372
003A0
003BE
003CD
003CC
003BB
0039A
00369
0032A
002DE
00286
00225
001BD
0014F
000DF
0006E
00000
3FF97
3FF35
3FEDC
3FE90
3FE51
3FE21
3FE02
3FDF5
3FDFA
3FE10
3FE39
3FE74
3FEBE
3FF18
3FF7F
3FFF1
0006B
000ED
00171
001F7
0027A
002F9
00370
003DC
0043B
0048C
004CB
004F8
00511
00516
00507
004E2
004AA
0045F
00402
00397
0031D
0029A
0020E
0017E
000ED
0005D
3FFD3
3FF51
3FEDA
3FE72
3FE1B
3FDD8
3FDAA
3FD93
3FD94
3FDAD
3FDDE
3FE28
3FE88
3FEFD
3FF85
0001E
000C4
00175
0022D
002E8
003A2
00457
00503
005A3
00632
006AF
00714
00761
00793
007A8
007A0
0077B
00738
006D8
0065E
005CB
00523
00469
003A0
002CC
001F4
0011A
00045
3FF79
3FEBC
3FE12
3FD80
3FD0A
3FCB4
3FC82
3FC77
3FC94
3FCDB
3FD4D
3FDEB
3FEB3
3FFA4
000BC
001F8
00355
004CF
00661
00809
009C0
00B82
00D4A
00F16
010E3
012AD
01476
0163E
017FD
0196E
016DB
0734F
36E41
06190
0ED15
2FA80
372B1
01E2F
34053
01BB8
07E04
3A572
38D5A
31004
1046C
0A2A6
362F8
02F1C
010D7
3EA03
3C4F5
3BA76
11AEA
28780
00DD8
07B3E
098D1
06F92
339DF
144D4
048BC
2E9FF
2D9A2
3DE47
0024F
03AF9
3A145
07D7A
13AFB
2E8EE
3EE57
11C2C
39602
0CD0B
3995D
35A5B
3DC50
37A34
3D62F
01149
0E3E4
3C2B4
061F9
3E654
073ED
2CD15
37C83
3B838
3D761
3F642
0945C
031E2
331FA
34D0A
3E14A
0951E
341A8
3EA44
0029A
08EB1
36129
0F4EE
03353
0C041
001C0
0C570
3F1B6
3AED5
02BB5
3CA30
3677D
13DCA
38759
01208
36438
03805
3E1D3
3A67E
01A56
036D4
3CB42
043CA
2E7AF
02481
3B9C4
0E29B
0D6E4
29A91
3093F
04F35
014AD
01CD4
3A030
01797
0A65C
3D4DD
28CD9
04CD8
0234C
08F93
3B146
37E90
079F2
39B9C
18E3A
07107
044E2
3569D
01E38
3A898
0C2E7
09164
072E5
3F0B9
34D88
3BD43
08A1E
00C32
38383
1A052
39F67
3B2C6
3F35C
39E61
3CC91
398BB
3896A
385AA
3EC59
33006
08DA4
2EDF0
3D84B
0E7C3
04E0E
3FD71
3CBB9
2B9E9
09077
09461
3578C
07DA4
030F2
00755
3D926
11242
2FF52
0B8AF
283E7
0671D
2FF2A
05616
06431
08CA5
0C4BD
383D6
3D5EC
39DC5
0662A
04BE1
09409
3BCDD
35501
39EF6
3C3A7
37638
05D7B
39F96
3703A
3834B
118E0
0AFE4
0122D
3A298
0F60C
38AFB
01404
07532
32176
305EE
1C460
35F63
084D0
32716
3FEE2
09A45
09BA4
3C29B
0C5AA
092AC
10EBE
356C5
003AF
3EA71
01FC0
032DA
021FD
34AB4
371F5
39519
3B4D4
0B60A
3CA78
0402F
38B6E
37EA3
05B7E
33F9F
3F6AC
384A8
2D666
3ED4B
02836
199D2
2BADC
3F3A0
10B4B
3C59D
0062B
034CB
0B425
31ECA
12545
04339
2D305
3620B
3D767
395C0
3D81D
322C9
35199
3F9B0
05BD0
06C92
11DCD
06407
393B0
08B58
009AD
3BCEC
0662E
0A25A
37D5C
34D3D
05577
00B08
03C57
0B77A
3AF37
06232
3DEEA
39422
2C461
064D3
080CD
3F601
3B28B
0A45C
3BA2B
342E7
01198
00AC0
07ECD
01CF7
06F46
35859
33E58
316F5
0C87C
01DEA
3DAF7
3CF4F
10388
0781A
02263
0D284
3492B
3CD56
00270
03B23
2E6CA
31628
02147
162C4
0750B
08AC0
3F231
01C65
05F15
39E7D
0F24D
373CB
0A19D
0250C
36905
3F519
393B1
2BC89
0AE36
37EAA
046B0
0FBB4
00564
3D64B
31621
3825D
0B265
34056
36FF6
377B3
01E62
0689B
3547F
3D73D
026F2
2DC69
33FA8
11506
3D98B
3E8B1
375B9
11252
178A7
38465
2EECC
33325
03B22
3F485
38604
37CD1
071DA
3F693
02920
1C73C
3CCAB
12ED5
3AFDB
006D0
34DA0
3FEF0
3A64D
280BE
029DC
0C146
3A7F5
036E0
0385D
0EBF6
101B9
0FAA3
07550
316CB
114F3
34D13
04897
0EF75
3E981
0ABB4
279CD
084D1
39F91
3EFD2
03B9B
01837
315E7
38EB9
3C7F7
0663A
0967B
24762
06CBF
09119
3991E
3CB2D
0DB63
3EFAC
01933
3DC5E
2BA01
3C798
003A5
0CA7B
29ADB
383F2
3AD3A
03721
04FD2
31A4A
02D01
3B35E
05AA4
02294
11CC1
3FEE5
3A00B
3ED12
06098
103A6
09824
3378F
38BA5
39FB0
3253A
027B8
3965C
33A12
37769
179EB
105FA
36111
06639
38942
3D01A
3EE9C
32CC2
0BAC3
27CC5
0D80A
0EAC9
3B701
0194A
1C8D4
3B28B
06E1C
36994
35C4C
3A134
145AA
00885
039A4
3C522
3EA50
02624
3AB28
37CD7
38574
03D0F
01413
3BC60
1102C
3C238
2E2FC
0483C
09300
090D3
00069
0E20B
3AC6D
3BF84
3C65B
3F590
04B5E
33FDE
00168
30599
0BE8C
3D6CC
0C0CC
388FA
0C447
0A6D5
063C5
006AD
3C95B
3A952
34C71
0972F
01F65
00E35
0B2DD
27D3E
2E916
05E6F
2E636
36D3D
042A2
3603D
0D482
0945E
3F912
0A73A
3CEE3
32612
09BCC
3B0B1
0D46D
340C1
0C236
03E08
35CF4
3C224
2DCCE
2D3FC
057B6
3F80B
390B4
01125
08EA2
3A24D
15CF3
2EAEF
04836
38901
25E63
09D79
38029
39244
37DC9
3035C
360E6
27D4A
3B879
3D5DB
04B72
39973
11616
3087B
29471
2DD6D
3A770
09AE9
06872
36D35
3BF6D
07049
252FC
3BA8D
08C66
0CA58
14721
0C7EC
3C5F4
0325F
24448
03A5A
3C360
3F373
2F164
3ED28
05E31
0AE4D
3F235
30B2E
2EDF7
00C8A
2D933
3A20A
3FECF
2A16F
2E3B2
3E102
048D3
044FE
39BFF
32A4A
0328D
2E48C
026F8
3642D
02BC0
0A48F
0ECCF
0BCCA
36D8C
06088
004C5
3FEEF
30C3B
02268
0F671
28714
01BB5
0F1F2
058CA
04131
36A23
308C5
357A5
02A0C
0DD3C
0E36F
0D554
34D1D
0CC0F
3E83E
0E582
07982
36AE6
3C48B
3694B
3C8FB
00BE7
0E451
3D1F3
3D054
0EBAE
0018B
079E4
3EB44
359C2
343BC
3C18B
0713B
37701
38E5B
0F73E
070FE
10C5B
0301E
14B4D
30F38
0574A
3BAFD
3E463
03A4C
3CB24
3A76A
0A859
08F4B
2F48F
3E01F
3DD70
326E9
0AEDE
37ED1
01745
387D5
0B66D
3C2DE
08138
353BB
33BE2
3B294
08DF1
01BAC
17261
017BC
04225
00919
299A9
3559B
03312
3DA00
3A5AC
32034
3F15F
2959B
3CB0F
050C4
3C740
0DB46
014EB
3F95D
0D24E
0455B
0E1E5
04C98
0ED56
3BEEA
3AE77
3964A
2F8D6
3CBB1
38198
36762
02C29
38F55
0825A
3C697
32605
34490
09436
042AD
1153D
3FAD4
0EBA7
02537
38844
3B83C
0287C
075F5
048B8
3D9A7
3C68E
07DB2
34736
11301
3C1AB
0307C
33C2A
0D7D9
046F1
3E6F0
0B15A
377F6
0B376
3EAD5
3EBE2
3D758
3B44E
0C865
36A4A
3C20F
3B677
3068B
33FB4
0ABC0
1942C
0385B
37C2A
3E04A
1FFCF
3B06B
3FE56
3BC5D
0D530
38F08
364B4
350BB
3D91D
37EDC
2F93B
03227
39DAB
0792F
0271A
328ED
0D99E
36563
267F0
3DE51
02B74
0097E
07CF2
04865
3413A
0CD17
0486B
0CF42
03180
0AC12
2F45F
3D4D0
12D38
37D52
3EED8
04367
0C69C
3BE45
07C8D
3C583
3A8A9
3B603
3FD66
10724
3AB14
04608
3815C
03180
34988
00EAB
3AFFE
37020
3E2E9
3C030
332EA
00EDD
09D22
05FC1
3725D
02BC3
371B5
3DEB7
3C4F1
0E403
38073
3656B
037DE
0905E
01D80
0A048
0C7E5
3AE7F
01DB7
376A8
115E0
3DC94
31FFF
3CE36
0B98E
3A4BB
3983E
3B096
1395A
06387
3EDCA
35095
00B47
06849
04A92
394E3
3B85A
35841
3D9AC
0B554
0016A
0980C
001B8
3BDDD
3B296
3A5DF
03891
04D25
33024
398C5
042EA
04B22
07244
0EBAE
31C87
0283E
3B5B7
13DC9
3DBDF
071FD
0CC90
389AA
07E0C
3E2E3
0007B
07CFE
3A07F
3ECD1
39451
026BC
02C47
2D860
32924
3EF78
3B219
3EEF1
34E79
383C7
03B23
035FD
3845E
105AE
3481B
06310
3157C
29C2C
3894B
3A0C7
11A5E
0CF1A
06E57
0452A
09742
39045
3E1D9
3FC2F
04588
05823
0005C
042C5
0646A
0E81B
3107C
30B68
076EF
1424F
03456
35BAC
09E71
023D5
06E01
30ACB
0582A
316AB
0B0BD
3BD7A
07289
33C48
3A059
3BB79
3C3B3
34356
08C0B
38369
0E4D6
05D56
3EDCE
3D3E0
0579D
08C8F
0D547
0302F
3E88E
38B13
2E028
02C01
02A55
076D2
3C592
3B6A5
3CC77
39745
3A5B7
08331
08524
029D5
35E9F
11861
37B63
2E5E2
0A1CE
0FF7A
322D0
3FD79
056E0
3E9F6
34C8C
102B2
0899B
074C6
355FF
3B5AC
05550
3BF2F
3DB09
3BDFB
04B4E
2AA66
03159
3BBDE
01666
07EDF
3D08A
3773E
36A29
05DF0
3BD14
3FCAF
1326D
05A8B
03600
05E2B
2F342
0E5EE
3EEDD
3A03C
3C91F
358D8
00EF0
0DC40
3D35D
34F6B
10235
0039E
30608
01239
360E5
012F3
11DC8
3C72B
0A125
30189
395A7
0D143
0B352
366B8
0355F
03353
3D8BA
10D63
02163
316E7
0D21C
03B28
050DA
304DB
30E2D
300AE
3A8D4
369F5
021A6
094B8
14989
366C2
024B6
3FF2F
005D7
3F69F
2FDDC
06C8B
0C1CA
374A5
01C6D
07B19
30D4F
0496C
01DD5
032AB
0B19A
016DD
13532
33C45
3A6EE
3237C
0F5FF
3A193
07881
3F84A
16845
06645
3BDD2
3EF3D
335CE
3E58D
3A051
00167
01AF5
0F3FF
08AB3
0951E
315DB
3E0DE
0B00F
3D5C7
02FD1
3280F
03E08
3A17B
358A4
0B4F3
3EF9A
38A5D
001BE
3FCAC
3F6A7
3F3DC
3F21E
3F0ED
3F017
3EF87
3EF31
3EF0C
3EF13
3EF43
3EF97
3F00C
3F09F
3F14D
3F212
3F2EB
3F3D5
3F4CC
3F5CD
3F6D3
3F7DD
3F8E6
3F9EB
3FAE8
3FBDB
3FCC1
3FD97
3FE5B
3FF0B
3FFA6
00029
00095
000E7
00122
00143
0014D
00140
0011E
000E7
0009F
00047
3FFE1
3FF71
3FEF8
3FE7B
3FDFA
3FD7A
3FCFD
3FC85
3FC16
3FBB0
3FB57
3FB0B
3FACF
3FAA3
3FA89
3FA7F
3FA88
3FAA1
3FACB
3FB05
3FB4C
3FBA1
3FC00
3FC69
3FCD8
3FD4C
3FDC2
3FE38
3FEAC
3FF1B
3FF83
3FFE2
00037
00081
000BC
000EA
00109
00118
00118
00109
000EB
000BF
00087
00044
3FFF7
3FFA2
3FF48
3FEE9
3FE89
3FE29
3FDCB
3FD72
3FD1F
3FCD4
3FC92
3FC5B
3FC31
3FC13
3FC03
3FC01
3FC0C
3FC24
3FC4A
3FC7B
3FCB7
3FCFD
3FD4B
3FD9F
3FDF7
3FE52
3FEAE
3FF09
3FF61
3FFB4
00000
00044
0007F
000AF
000D3
000EB
000F7
000F5
000E8
000CD
000A8
00077
0003E
3FFFC
3FFB3
3FF65
3FF14
3FEC1
3FE6F
3FE1E
3FDD2
3FD8A
3FD4A
3FD12
3FCE4
3FCC0
3FCA7
3FC9A
3FC98
3FCA3
3FCB9
3FCDB
3FD06
3FD3C
3FD79
3FDBD
3FE07
3FE54
3FEA3
3FEF3
3FF42
3FF8D
3FFD4
00015
0004E
0007F
000A6
000C3
000D5
000DC
000D7
000C7
000AC
00087
00059
00023
3FFE6
3FFA3
3FF5C
3FF12
3FEC7
3FE7E
3FE36
3FDF2
3FDB4
3FD7C
3FD4C
3FD25
3FD07
3FCF4
3FCEC
3FCEE
3FCFB
3FD12
3FD34
3FD5E
3FD91
3FDCB
3FE0A
3FE4E
3FE95
3FEDD
3FF25
3FF6B
3FFAE
3FFEC
00025
00056
0007F
0009F
000B5
000C1
000C3
000BA
000A7
0008B
00065
00038
00003
3FFC8
3FF89
3FF46
3FF02
3FEBE
3FE7A
3FE39
3FDFD
3FDC6
3FD95
3FD6C
3FD4B
3FD34
3FD26
3FD23
3FD29
3FD39
3FD52
3FD75
3FD9F
3FDD1
3FE09
3FE45
3FE85
3FEC8
3FF0A
3FF4C
3FF8C
3FFC9
00000
00031
0005C
0007E
00097
000A8
000AE
000AB
0009F
00089
0006B
00044
00016
3FFE2
3FFA9
3FF6D
3FF2E
3FEED
3FEAE
3FE70
3FE35
3FDFE
3FDCD
3FDA3
3FD80
3FD66
3FD54
3FD4C
3FD4C
3FD57
3FD6A
3FD86
3FDA9
3FDD5
3FE06
3FE3C
3FE77
3FEB4
3FEF2
3FF31
3FF6E
3FFA8
3FFDE
00010
0003B
0005F
0007B
0008F
0009A
0009C
00094
00084
0006C
0004B
00023
3FFF5
3FFC2
3FF8B
3FF50
3FF14
3FED7
3FE9C
3FE63
3FE2D
3FDFC
3FDD1
3FDAC
3FD8F
3FD7A
3FD6E
3FD6A
3FD6F
3FD7D
3FD93
3FDB1
3FDD7
3FE02
3FE33
3FE69
3FEA1
3FEDC
3FF17
3FF52
3FF8A
3FFC0
3FFF1
0001D
00042
00061
00077
00086
0008C
00089
0007E
0006B
0004F
0002D
00004
3FFD6
3FFA3
3FF6D
3FF34
3FEFB
3FEC2
3FE8A
3FE55
3FE25
3FDF9
3FDD3
3FDB4
3FD9C
3FD8C
3FD84
3FD85
3FD8E
3FD9F
3FDB8
3FDD8
3FDFF
3FE2B
3FE5C
3FE91
3FEC7
3FF00
3FF38
3FF6E
3FFA3
3FFD4
00000
00027
00047
00060
00072
0007B
0007D
00076
00067
00051
00033
0000F
3FFE6
3FFB7
3FF85
3FF50
3FF19
3FEE3
3FEAD
3FE79
3FE49
3FE1C
3FDF5
3FDD4
3FDBA
3FDA7
3FD9C
3FD99
3FD9E
3FDAA
3FDBF
3FDDA
3FDFC
3FE24
3FE51
3FE81
3FEB5
3FEEA
3FF20
3FF55
3FF88
3FFB8
3FFE5
0000D
0002E
0004A
0005E
0006B
00070
0006E
00063
00051
00038
00018
3FFF3
3FFC8
3FF9A
3FF68
3FF34
3FF00
3FECC
3FE99
3FE69
3FE3D
3FE15
3FDF2
3FDD6
3FDC1
3FDB2
3FDAC
3FDAD
3FDB5
3FDC5
3FDDC
3FDFA
3FE1E
3FE46
3FE73
3FEA3
3FED6
3FF09
3FF3D
3FF6F
3FF9F
3FFCB
3FFF4
00017
00034
0004B
0005B
00063
00064
0005E
00050
0003B
0001F
3FFFE
3FFD7
3FFAC
3FF7D
3FF4C
3FF1A
3FEE8
3FEB6
3FE87
3FE5A
3FE32
3FE0E
3FDF0
3FDD8
3FDC7
3FDBD
3FDBB
3FDC0
3FDCC
3FDDF
3FDF9
3FE18
3FE3D
3FE67
3FE94
3FEC3
3FEF4
3FF26
3FF57
3FF86
3FFB3
3FFDC
00000
0001F
00038
0004A
00056
0005A
00057
0004D
0003C
00024
00006
3FFE3
3FFBC
3FF90
3FF62
3FF32
3FF02
3FED1
3FEA3
3FE76
3FE4D
3FE28
3FE09
3FDEF
3FDDB
3FDCF
3FDC9
3FDCA
3FDD3
3FDE2
3FDF8
3FE14
3FE35
3FE5B
3FE85
3FEB2
3FEE1
3FF11
3FF40
3FF6F
3FF9B
3FFC5
3FFEA
0000A
00025
0003A
00048
0004F
00050
00049
0003C
00028
0000E
3FFEE
3FFCA
3FFA1
3FF76
3FF48
3FF19
3FEEA
3FEBC
3FE90
3FE67
3FE41
3FE20
3FE05
3FDEF
3FDE0
3FDD7
3FDD5
3FDDA
3FDE6
3FDF8
3FE10
3FE2E
3FE51
3FE78
3FEA2
3FECF
3FEFD
3FF2B
3FF59
3FF85
3FFAE
3FFD4
3FFF6
00012
00029
0003A
00044
00048
00045
0003B
0002A
00013
3FFF7
3FFD6
3FFB1
3FF88
3FF5C
3FF2F
3FF02
3FED5
3FEA9
3FE7F
3FE59
3FE37
3FE1A
3FE02
3FDF0
3FDE5
3FDE0
3FDE1
3FDEA
3FDF9
3FE0E
3FE28
3FE48
3FE6C
3FE94
3FEBE
3FEEA
3FF17
3FF44
3FF6F
3FF99
3FFBF
3FFE2
00000
00019
0002C
00039
0003F
0003F
00038
0002B
00018
3FFFF
3FFE1
3FFBE
3FF98
3FF6F
3FF44
3FF18
3FEEB
3FEC0
3FE97
3FE70
3FE4D
3FE2E
3FE15
3FE01
3FDF3
3FDEB
3FDEA
3FDEF
3FDFA
3FE0C
3FE23
3FE40
3FE61
3FE86
3FEAE
3FED8
3FF04
3FF30
3FF5B
3FF84
3FFAB
3FFCE
3FFEE
00008
0001D
0002D
00036
00039
00035
0002B
0001B
00005
3FFEA
3FFCA
3FFA7
3FF80
3FF57
3FF2C
3FF01
3FED6
3FEAD
3FE86
3FE62
3FE42
3FE27
3FE11
3FE01
3FDF6
3FDF2
3FDF4
3FDFD
3FE0B
3FE1F
3FE39
3FE57
3FE7A
3FEA0
3FEC8
3FEF2
3FF1C
3FF47
3FF70
3FF97
3FFBB
3FFDC
3FFF8
0000F
00020
0002C
00032
00031
0002A
0001D
0000A
3FFF2
3FFD5
3FFB4
3FF90
3FF68
3FF3F
3FF15
3FEEC
3FEC3
3FE9B
3FE77
3FE56
3FE39
3FE21
3FE0F
3FE02
3FDFB
3FDFA
3FE00
3FE0B
3FE1C
3FE33
3FE4F
3FE6F
3FE92
3FEB8
3FEE1
3FF0A
3FF33
3FF5C
3FF83
3FFA8
3FFCA
3FFE7
00000
00014
00022
0002A
0002C
00028
0001E
0000E
3FFF9
3FFDF
3FFC0
3FF9E
3FF79
3FF51
3FF29
3FF00
3FED7
3FEB0
3FE8B
3FE69
3FE4B
3FE32
3FE1D
3FE0E
3FE04
3FE01
3FE03
3FE0C
3FE1A
3FE2E
3FE47
3FE64
3FE86
3FEAA
3FED0
3FEF8
3FF21
3FF49
3FF71
3FF96
3FFB8
3FFD7
3FFF1
00007
00017
00022
00026
00025
0001E
00011
3FFFF
3FFE7
3FFCB
3FFAB
3FF88
3FF62
3FF3B
3FF13
3FEEB
3FEC4
3FE9F
3FE7C
3FE5D
3FE42
3FE2B
3FE1A
3FE0E
3FE08
3FE08
3FE0E
3FE19
3FE2A
3FE40
3FE5B
3FE7A
3FE9C
3FEC1
3FEE8
3FF0F
3FF37
3FF5E
3FF83
3FFA6
3FFC6
3FFE2
3FFF9
0000C
00019
00020
00022
0001D
00013
00004
3FFEF
3FFD5
3FFB8
3FF96
3FF72
3FF4D
3FF25
3FEFE
3FED7
3FEB2
3FE8F
3FE6E
3FE52
3FE3A
3FE26
3FE18
3FE10
3FE0D
3FE10
3FE19
3FE27
3FE3A
3FE53
3FE6F
3FE8F
3FEB2
3FED8
3FEFE
3FF25
3FF4C
3FF71
3FF95
3FFB6
3FFD3
3FFEC
00000
0000F
00019
0001D
0001B
00014
00007
3FFF5
3FFDE
3FFC3
3FFA4
3FF82
3FF5D
3FF37
3FF10
3FEEA
3FEC5
3FEA1
3FE80
3FE62
3FE48
3FE33
3FE23
3FE18
3FE13
3FE13
3FE19
3FE25
3FE36
3FE4B
3FE65
3FE83
3FEA5
3FEC8
3FEEE
3FF14
3FF3A
3FF60
3FF84
3FFA5
3FFC3
3FFDE
3FFF4
00005
00011
00018
00019
00014
0000A
3FFFA
3FFE6
3FFCD
3FFB0
3FF90
3FF6D
3FF48
3FF22
3FEFC
3FED7
3FEB3
3FE91
3FE72
3FE57
3FE40
3FE2E
3FE21
3FE19
3FE17
3FE1A
3FE23
3FE31
3FE45
3FE5D
3FE78
3FE98
3FEBA
3FEDE
3FF03
3FF29
3FF4E
3FF72
3FF95
3FFB4
3FFD0
3FFE7
3FFFB
00009
00012
00015
00013
0000C
3FFFF
3FFED
3FFD6
3FFBB
3FF9D
3FF7C
3FF58
3FF33
3FF0E
3FEE9
3FEC5
3FEA2
3FE83
3FE66
3FE4E
3FE39
3FE2A
3FE20
3FE1B
3FE1C
3FE23
3FE2E
3FE3F
3FE55
3FE6E
3FE8C
3FEAC
3FECF
3FEF3
3FF18
3FF3D
3FF62
3FF84
3FFA4
3FFC1
3FFDB
3FFF0
00000
0000B
00011
00011
0000C
00002
3FFF2
3FFDE
3FFC6
3FFA9
3FF8A
3FF68
3FF44
3FF1F
3FEFA
3FED6
3FEB3
3FE93
3FE75
3FE5B
3FE45
3FE34
3FE28
3FE21
3FE1F
3FE23
3FE2C
3FE3A
3FE4D
3FE65
3FE80
3FE9F
3FEC0
3FEE4
3FF08
3FF2D
3FF51
3FF74
3FF95
3FFB3
3FFCE
3FFE4
3FFF7
00004
0000C
0000F
0000C
00004
3FFF7
3FFE5
3FFCF
3FFB5
3FF97
3FF76
3FF54
3FF30
3FF0B
3FEE7
3FEC4
3FEA3
3FE84
3FE69
3FE51
3FE3E
3FE30
3FE26
3FE22
3FE24
3FE2A
3FE36
3FE47
3FE5C
3FE76
3FE93
3FEB3
3FED5
3FEF8
3FF1C
3FF40
3FF64
3FF85
3FFA4
3FFC0
3FFD8
3FFED
3FFFC
00006
0000C
0000C
00006
3FFFB
3FFEC
3FFD8
3FFBF
3FFA3
3FF84
3FF63
3FF40
3FF1C
3FEF8
3FED5
3FEB3
3FE93
3FE77
3FE5E
3FE49
3FE38
3FE2D
3FE27
3FE25
3FE2A
3FE33
3FE42
3FE55
3FE6C
3FE87
3FEA5
3FEC6
3FEE9
3FF0C
3FF30
3FF53
3FF75
3FF95
3FFB2
3FFCC
3FFE2
3FFF3
00000
00008
0000A
00007
3FFFF
3FFF1
3FFDF
3FFC9
3FFAF
3FF91
3FF71
3FF4F
3FF2C
3FF08
3FEE5
3FEC3
3FEA3
3FE85
3FE6B
3FE54
3FE42
3FE34
3FE2B
3FE28
3FE2A
3FE31
3FE3D
3FE4E
3FE63
3FE7C
3FE99
3FEB8
3FEDA
3FEFD
3FF20
3FF43
3FF66
3FF86
3FFA4
3FFC0
3FFD7
3FFEA
3FFF9
00003
00007
00007
00001
3FFF6
3FFE6
3FFD2
3FFBA
3FF9E
3FF7F
3FF5E
3FF3C
3FF19
3FEF5
3FED3
3FEB2
3FE94
3FE78
3FE60
3FE4B
3FE3C
3FE31
3FE2B
3FE2B
3FE2F
3FE39
3FE48
3FE5B
3FE72
3FE8D
3FEAB
3FECB
3FEED
3FF10
3FF33
3FF56
3FF77
3FF96
3FFB3
3FFCC
3FFE1
3FFF1
3FFFD
00004
00006
00002
3FFFA
3FFEC
3FFDA
3FFC4
3FFAA
3FF8D
3FF6D
3FF4B
3FF29
3FF06
3FEE3
3FEC2
3FEA2
3FE85
3FE6C
3FE56
3FE44
3FE37
3FE2F
3FE2C
3FE2F
3FE36
3FE42
3FE53
3FE69
3FE82
3FE9E
3FEBD
3FEDE
3FF01
3FF24
3FF46
3FF68
3FF88
3FFA5
3FFC0
3FFD6
3FFE9
3FFF7
00000
00004
00003
3FFFD
3FFF2
3FFE2
3FFCD
3FFB5
3FF99
3FF7B
3FF5A
3FF38
3FF16
3FEF3
3FED1
3FEB1
3FE93
3FE78
3FE60
3FE4D
3FE3E
3FE34
3FE2F
3FE2F
3FE34
3FE3E
3FE4C
3FE60
3FE77
3FE92
3FEB0
3FED0
3FEF2
3FF14
3FF37
3FF59
3FF79
3FF98
3FFB3
3FFCC
3FFE0
3FFF0
3FFFB
00002
00003
3FFFF
3FFF6
3FFE8
3FFD6
3FFC0
3FFA6
3FF88
3FF69
3FF48
3FF25
3FF03
3FEE1
3FEC0
3FEA1
3FE85
3FE6C
3FE56
3FE45
3FE39
3FE32
3FE2F
3FE32
3FE3A
3FE46
3FE58
3FE6D
3FE86
3FEA3
3FEC2
3FEE3
3FF05
3FF27
3FF49
3FF6A
3FF8A
3FFA7
3FFC0
3FFD6
3FFE8
3FFF6
3FFFE
00002
00000
3FFFA
3FFEE
3FFDE
3FFC9
3FFB1
3FF95
3FF77
3FF57
3FF35
3FF12
3FEF0
3FECF
3FEAF
3FE92
3FE77
3FE60
3FE4E
3FE3F
3FE36
3FE31
3FE31
3FE37
3FE41
3FE50
3FE64
3FE7B
3FE96
3FEB4
3FED4
3FEF5
3FF18
3FF3A
3FF5C
3FF7C
3FF9A
3FFB5
3FFCC
3FFE0
3FFEF
3FFFA
00000
00001
3FFFC
3FFF3
3FFE5
3FFD2
3FFBC
3FFA2
3FF85
3FF65
3FF44
3FF22
3FF00
3FEDE
3FEBE
3FE9F
3FE83
3FE6B
3FE56
3FE46
3FE3A
3FE33
3FE31
3FE34
3FE3D
3FE4A
3FE5B
3FE71
3FE8A
3FEA7
3FEC6
3FEE6
3FF08
3FF2B
3FF4C
3FF6D
3FF8C
3FFA8
3FFC2
3FFD7
3FFE9
3FFF5
3FFFD
00000
3FFFE
3FFF7
3FFEB
3FFDB
3FFC6
3FFAE
3FF92
3FF73
3FF53
3FF31
3FF0F
3FEED
3FECC
3FEAD
3FE90
3FE76
3FE60
3FE4D
3FE3F
3FE36
3FE32
3FE33
3FE39
3FE44
3FE53
3FE67
3FE7F
3FE9A
3FEB8
3FED8
3FEF9
3FF1B
3FF3D
3FF5F
3FF7E
3FF9C
3FFB6
3FFCE
3FFE1
3FFF0
3FFFA
3FFFF
00000
3FFFB
3FFF1
3FFE3
3FFD0
3FFB9
3FF9F
3FF81
3FF62
3FF41
3FF1F
3FEFC
3FEDB
3FEBB
3FE9D
3FE81
3FE69
3FE55
3FE45
3FE3A
3FE34
3FE32
3FE36
3FE3E
3FE4C
3FE5E
3FE74
3FE8D
3FEAA
3FEC9
3FEEA
3FF0C
3FF2E
3FF50
3FF70
3FF8F
3FFAB
3FFC4
3FFD9
3FFEA
3FFF6
3FFFD
00000
3FFFD
3FFF6
3FFEA
3FFD9
3FFC4
3FFAB
3FF8F
3FF70
3FF50
3FF2E
3FF0C
3FEEA
3FEC9
3FEAA
3FE8D
3FE74
3FE5E
3FE4C
3FE3E
3FE36
3FE32
3FE34
3FE3A
3FE45
3FE55
3FE69
3FE81
3FE9D
3FEBB
3FEDB
3FEFC
3FF1F
3FF41
3FF62
3FF81
3FF9F
3FFB9
3FFD0
3FFE3
3FFF1
3FFFB
00000
3FFFF
3FFFA
3FFF0
3FFE1
3FFCE
3FFB6
3FF9C
3FF7E
3FF5F
3FF3D
3FF1B
3FEF9
3FED8
3FEB8
3FE9A
3FE7F
3FE67
3FE53
3FE44
3FE39
3FE33
3FE32
3FE36
3FE3F
3FE4D
3FE60
3FE76
3FE90
3FEAD
3FECC
3FEED
3FF0F
3FF31
3FF53
3FF73
3FF92
3FFAE
3FFC6
3FFDB
3FFEB
3FFF7
3FFFE
00000
3FFFD
3FFF5
3FFE9
3FFD7
3FFC2
3FFA8
3FF8C
3FF6D
3FF4C
3FF2B
3FF08
3FEE6
3FEC6
3FEA7
3FE8A
3FE71
3FE5B
3FE4A
3FE3D
3FE34
3FE31
3FE33
3FE3A
3FE46
3FE56
3FE6B
3FE83
3FE9F
3FEBE
3FEDE
3FF00
3FF22
3FF44
3FF65
3FF85
3FFA2
3FFBC
3FFD2
3FFE5
3FFF3
3FFFC
00001
00000
3FFFA
3FFEF
3FFE0
3FFCC
3FFB5
3FF9A
3FF7C
3FF5C
3FF3A
3FF18
3FEF5
3FED4
3FEB4
3FE96
3FE7B
3FE64
3FE50
3FE41
3FE37
3FE31
3FE31
3FE36
3FE3F
3FE4E
3FE60
3FE77
3FE92
3FEAF
3FECF
3FEF0
3FF12
3FF35
3FF57
3FF77
3FF95
3FFB1
3FFC9
3FFDE
3FFEE
3FFFA
00000
00002
3FFFE
3FFF6
3FFE8
3FFD6
3FFC0
3FFA7
3FF8A
3FF6A
3FF49
3FF27
3FF05
3FEE3
3FEC2
3FEA3
3FE86
3FE6D
3FE58
3FE46
3FE3A
3FE32
3FE2F
3FE32
3FE39
3FE45
3FE56
3FE6C
3FE85
3FEA1
3FEC0
3FEE1
3FF03
3FF25
3FF48
3FF69
3FF88
3FFA6
3FFC0
3FFD6
3FFE8
3FFF6
3FFFF
00003
00002
3FFFB
3FFF0
3FFE0
3FFCC
3FFB3
3FF98
3FF79
3FF59
3FF37
3FF14
3FEF2
3FED0
3FEB0
3FE92
3FE77
3FE60
3FE4C
3FE3E
3FE34
3FE2F
3FE2F
3FE34
3FE3E
3FE4D
3FE60
3FE78
3FE93
3FEB1
3FED1
3FEF3
3FF16
3FF38
3FF5A
3FF7B
3FF99
3FFB5
3FFCD
3FFE2
3FFF2
3FFFD
00003
00004
00000
3FFF7
3FFE9
3FFD6
3FFC0
3FFA5
3FF88
3FF68
3FF46
3FF24
3FF01
3FEDE
3FEBD
3FE9E
3FE82
3FE69
3FE53
3FE42
3FE36
3FE2F
3FE2C
3FE2F
3FE37
3FE44
3FE56
3FE6C
3FE85
3FEA2
3FEC2
3FEE3
3FF06
3FF29
3FF4B
3FF6D
3FF8D
3FFAA
3FFC4
3FFDA
3FFEC
3FFFA
00002
00006
00004
3FFFD
3FFF1
3FFE1
3FFCC
3FFB3
3FF96
3FF77
3FF56
3FF33
3FF10
3FEED
3FECB
3FEAB
3FE8D
3FE72
3FE5B
3FE48
3FE39
3FE2F
3FE2B
3FE2B
3FE31
3FE3C
3FE4B
3FE60
3FE78
3FE94
3FEB2
3FED3
3FEF5
3FF19
3FF3C
3FF5E
3FF7F
3FF9E
3FFBA
3FFD2
3FFE6
3FFF6
00001
00007
00007
00003
3FFF9
3FFEA
3FFD7
3FFC0
3FFA4
3FF86
3FF66
3FF43
3FF20
3FEFD
3FEDA
3FEB8
3FE99
3FE7C
3FE63
3FE4E
3FE3D
3FE31
3FE2A
3FE28
3FE2B
3FE34
3FE42
3FE54
3FE6B
3FE85
3FEA3
3FEC3
3FEE5
3FF08
3FF2C
3FF4F
3FF71
3FF91
3FFAF
3FFC9
3FFDF
3FFF1
3FFFF
00007
0000A
00008
00000
3FFF3
3FFE2
3FFCC
3FFB2
3FF95
3FF75
3FF53
3FF30
3FF0C
3FEE9
3FEC6
3FEA5
3FE87
3FE6C
3FE55
3FE42
3FE33
3FE2A
3FE25
3FE27
3FE2D
3FE38
3FE49
3FE5E
3FE77
3FE93
3FEB3
3FED5
3FEF8
3FF1C
3FF40
3FF63
3FF84
3FFA3
3FFBF
3FFD8
3FFEC
3FFFB
00006
0000C
0000C
00006
3FFFC
3FFED
3FFD8
3FFC0
3FFA4
3FF85
3FF64
3FF40
3FF1C
3FEF8
3FED5
3FEB3
3FE93
3FE76
3FE5C
3FE47
3FE36
3FE2A
3FE24
3FE22
3FE26
3FE30
3FE3E
3FE51
3FE69
3FE84
3FEA3
3FEC4
3FEE7
3FF0B
3FF30
3FF54
3FF76
3FF97
3FFB5
3FFCF
3FFE5
3FFF7
00004
0000C
0000F
0000C
00004
3FFF7
3FFE4
3FFCE
3FFB3
3FF95
3FF74
3FF51
3FF2D
3FF08
3FEE4
3FEC0
3FE9F
3FE80
3FE65
3FE4D
3FE3A
3FE2C
3FE23
3FE1F
3FE21
3FE28
3FE34
3FE45
3FE5B
3FE75
3FE93
3FEB3
3FED6
3FEFA
3FF1F
3FF44
3FF68
3FF8A
3FFA9
3FFC6
3FFDE
3FFF2
00002
0000C
00011
00011
0000B
00000
3FFF0
3FFDB
3FFC1
3FFA4
3FF84
3FF62
3FF3D
3FF18
3FEF3
3FECF
3FEAC
3FE8C
3FE6E
3FE55
3FE3F
3FE2E
3FE23
3FE1C
3FE1B
3FE20
3FE2A
3FE39
3FE4E
3FE66
3FE83
3FEA2
3FEC5
3FEE9
3FF0E
3FF33
3FF58
3FF7C
3FF9D
3FFBB
3FFD6
3FFED
3FFFF
0000C
00013
00015
00012
00009
3FFFB
3FFE7
3FFD0
3FFB4
3FF95
3FF72
3FF4E
3FF29
3FF03
3FEDE
3FEBA
3FE98
3FE78
3FE5D
3FE45
3FE31
3FE23
3FE1A
3FE17
3FE19
3FE21
3FE2E
3FE40
3FE57
3FE72
3FE91
3FEB3
3FED7
3FEFC
3FF22
3FF48
3FF6D
3FF90
3FFB0
3FFCD
3FFE6
3FFFA
0000A
00014
00019
00018
00011
00005
3FFF4
3FFDE
3FFC3
3FFA5
3FF84
3FF60
3FF3A
3FF14
3FEEE
3FEC8
3FEA5
3FE83
3FE65
3FE4B
3FE36
3FE25
3FE19
3FE13
3FE13
3FE18
3FE23
3FE33
3FE48
3FE62
3FE80
3FEA1
3FEC5
3FEEA
3FF10
3FF37
3FF5D
3FF82
3FFA4
3FFC3
3FFDE
3FFF5
00007
00014
0001B
0001D
00019
0000F
00000
3FFEC
3FFD3
3FFB6
3FF95
3FF71
3FF4C
3FF25
3FEFE
3FED8
3FEB2
3FE8F
3FE6F
3FE53
3FE3A
3FE27
3FE19
3FE10
3FE0D
3FE10
3FE18
3FE26
3FE3A
3FE52
3FE6E
3FE8F
3FEB2
3FED7
3FEFE
3FF25
3FF4D
3FF72
3FF96
3FFB8
3FFD5
3FFEF
00004
00013
0001D
00022
00020
00019
0000C
3FFF9
3FFE2
3FFC6
3FFA6
3FF83
3FF5E
3FF37
3FF0F
3FEE8
3FEC1
3FE9C
3FE7A
3FE5B
3FE40
3FE2A
3FE19
3FE0E
3FE08
3FE08
3FE0E
3FE1A
3FE2B
3FE42
3FE5D
3FE7C
3FE9F
3FEC4
3FEEB
3FF13
3FF3B
3FF62
3FF88
3FFAB
3FFCB
3FFE7
3FFFF
00011
0001E
00025
00026
00022
00017
00007
3FFF1
3FFD7
3FFB8
3FF96
3FF71
3FF49
3FF21
3FEF8
3FED0
3FEAA
3FE86
3FE64
3FE47
3FE2E
3FE1A
3FE0C
3FE03
3FE01
3FE04
3FE0E
3FE1D
3FE32
3FE4B
3FE69
3FE8B
3FEB0
3FED7
3FF00
3FF29
3FF51
3FF79
3FF9E
3FFC0
3FFDF
3FFF9
0000E
0001E
00028
0002C
0002A
00022
00014
00000
3FFE7
3FFCA
3FFA8
3FF83
3FF5C
3FF33
3FF0A
3FEE1
3FEB8
3FE92
3FE6F
3FE4F
3FE33
3FE1C
3FE0B
3FE00
3FDFA
3FDFB
3FE02
3FE0F
3FE21
3FE39
3FE56
3FE77
3FE9B
3FEC3
3FEEC
3FF15
3FF3F
3FF68
3FF90
3FFB4
3FFD5
3FFF2
0000A
0001D
0002A
00031
00032
0002C
00020
0000F
3FFF8
3FFDC
3FFBB
3FF97
3FF70
3FF47
3FF1C
3FEF2
3FEC8
3FEA0
3FE7A
3FE57
3FE39
3FE1F
3FE0B
3FDFD
3FDF4
3FDF2
3FDF6
3FE01
3FE11
3FE27
3FE42
3FE62
3FE86
3FEAD
3FED6
3FF01
3FF2C
3FF57
3FF80
3FFA7
3FFCA
3FFEA
00005
0001B
0002B
00035
00039
00036
0002D
0001D
00008
3FFEE
3FFCE
3FFAB
3FF84
3FF5B
3FF30
3FF04
3FED8
3FEAE
3FE86
3FE61
3FE40
3FE23
3FE0C
3FDFA
3FDEF
3FDEA
3FDEB
3FDF3
3FE01
3FE15
3FE2E
3FE4D
3FE70
3FE97
3FEC0
3FEEB
3FF18
3FF44
3FF6F
3FF98
3FFBE
3FFE1
3FFFF
00018
0002B
00038
0003F
0003F
00039
0002C
00019
00000
3FFE2
3FFBF
3FF99
3FF6F
3FF44
3FF17
3FEEA
3FEBE
3FE94
3FE6C
3FE48
3FE28
3FE0E
3FDF9
3FDEA
3FDE1
3FDE0
3FDE5
3FDF0
3FE02
3FE1A
3FE37
3FE59
3FE7F
3FEA9
3FED5
3FF02
3FF2F
3FF5C
3FF88
3FFB1
3FFD6
3FFF7
00013
0002A
0003B
00045
00048
00044
0003A
00029
00012
3FFF6
3FFD4
3FFAE
3FF85
3FF59
3FF2B
3FEFD
3FECF
3FEA2
3FE78
3FE51
3FE2E
3FE10
3FDF8
3FDE6
3FDDA
3FDD5
3FDD7
3FDE0
3FDEF
3FE05
3FE20
3FE41
3FE67
3FE90
3FEBC
3FEEA
3FF19
3FF48
3FF76
3FFA1
3FFCA
3FFEE
0000E
00028
0003C
00049
00050
0004F
00048
0003A
00025
0000A
3FFEA
3FFC5
3FF9B
3FF6F
3FF40
3FF11
3FEE1
3FEB2
3FE85
3FE5B
3FE35
3FE14
3FDF8
3FDE2
3FDD3
3FDCA
3FDC9
3FDCF
3FDDB
3FDEF
3FE09
3FE28
3FE4D
3FE76
3FEA3
3FED1
3FF02
3FF32
3FF62
3FF90
3FFBC
3FFE3
00006
00024
0003C
0004D
00057
0005A
00056
0004A
00038
0001F
00000
3FFDC
3FFB3
3FF86
3FF57
3FF26
3FEF4
3FEC3
3FE94
3FE67
3FE3D
3FE18
3FDF9
3FDDF
3FDCC
3FDC0
3FDBB
3FDBD
3FDC7
3FDD8
3FDF0
3FE0E
3FE32
3FE5A
3FE87
3FEB6
3FEE8
3FF1A
3FF4C
3FF7D
3FFAC
3FFD7
3FFFE
0001F
0003B
00050
0005E
00064
00063
0005B
0004B
00034
00017
3FFF4
3FFCB
3FF9F
3FF6F
3FF3D
3FF09
3FED6
3FEA3
3FE73
3FE46
3FE1E
3FDFA
3FDDC
3FDC5
3FDB5
3FDAD
3FDAC
3FDB2
3FDC1
3FDD6
3FDF2
3FE15
3FE3D
3FE69
3FE99
3FECC
3FF00
3FF34
3FF68
3FF9A
3FFC8
3FFF3
00018
00038
00051
00063
0006E
00070
0006B
0005E
0004A
0002E
0000D
3FFE5
3FFB8
3FF88
3FF55
3FF20
3FEEA
3FEB5
3FE81
3FE51
3FE24
3FDFC
3FDDA
3FDBF
3FDAA
3FD9E
3FD99
3FD9C
3FDA7
3FDBA
3FDD4
3FDF5
3FE1C
3FE49
3FE79
3FEAD
3FEE3
3FF19
3FF50
3FF85
3FFB7
3FFE6
0000F
00033
00051
00067
00076
0007D
0007B
00072
00060
00047
00027
00000
3FFD4
3FFA3
3FF6E
3FF38
3FF00
3FEC7
3FE91
3FE5C
3FE2B
3FDFF
3FDD8
3FDB8
3FD9F
3FD8E
3FD85
3FD84
3FD8C
3FD9C
3FDB4
3FDD3
3FDF9
3FE25
3FE55
3FE8A
3FEC2
3FEFB
3FF34
3FF6D
3FFA3
3FFD6
00004
0002D
0004F
0006B
0007E
00089
0008C
00086
00077
00061
00042
0001D
3FFF1
3FFC0
3FF8A
3FF52
3FF17
3FEDC
3FEA1
3FE69
3FE33
3FE02
3FDD7
3FDB1
3FD93
3FD7D
3FD6F
3FD6A
3FD6E
3FD7A
3FD8F
3FDAC
3FDD1
3FDFC
3FE2D
3FE63
3FE9C
3FED7
3FF14
3FF50
3FF8B
3FFC2
3FFF5
00023
0004B
0006C
00084
00094
0009C
0009A
0008F
0007B
0005F
0003B
00010
3FFDE
3FFA8
3FF6E
3FF31
3FEF2
3FEB4
3FE77
3FE3C
3FE06
3FDD5
3FDA9
3FD86
3FD6A
3FD57
3FD4C
3FD4C
3FD54
3FD66
3FD80
3FDA3
3FDCD
3FDFE
3FE35
3FE70
3FEAE
3FEED
3FF2E
3FF6D
3FFA9
3FFE2
00016
00044
0006B
00089
0009F
000AB
000AE
000A8
00097
0007E
0005C
00031
00000
3FFC9
3FF8C
3FF4C
3FF0A
3FEC8
3FE85
3FE45
3FE09
3FDD1
3FD9F
3FD75
3FD52
3FD39
3FD29
3FD23
3FD26
3FD34
3FD4B
3FD6C
3FD95
3FDC6
3FDFD
3FE39
3FE7A
3FEBE
3FF02
3FF46
3FF89
3FFC8
00003
00038
00065
0008B
000A7
000BA
000C3
000C1
000B5
0009F
0007F
00056
00025
3FFEC
3FFAE
3FF6B
3FF25
3FEDD
3FE95
3FE4E
3FE0A
3FDCB
3FD91
3FD5E
3FD34
3FD12
3FCFB
3FCEE
3FCEC
3FCF4
3FD07
3FD25
3FD4C
3FD7C
3FDB4
3FDF2
3FE36
3FE7E
3FEC7
3FF12
3FF5C
3FFA3
3FFE6
00023
00059
00087
000AC
000C7
000D7
000DC
000D5
000C3
000A6
0007F
0004E
00015
3FFD4
3FF8D
3FF42
3FEF3
3FEA3
3FE54
3FE07
3FDBD
3FD79
3FD3C
3FD06
3FCDB
3FCB9
3FCA3
3FC98
3FC9A
3FCA7
3FCC0
3FCE4
3FD12
3FD4A
3FD8A
3FDD2
3FE1E
3FE6F
3FEC1
3FF14
3FF65
3FFB3
3FFFC
0003E
00077
000A8
000CD
000E8
000F5
000F7
000EB
000D3
000AF
0007F
00044
00000
3FFB4
3FF61
3FF09
3FEAE
3FE52
3FDF7
3FD9F
3FD4B
3FCFD
3FCB7
3FC7B
3FC4A
3FC24
3FC0C
3FC01
3FC03
3FC13
3FC31
3FC5B
3FC92
3FCD4
3FD1F
3FD72
3FDCB
3FE29
3FE89
3FEE9
3FF48
3FFA2
3FFF7
00044
00087
000BF
000EB
00109
00118
00118
00109
000EA
000BC
00081
00037
3FFE2
3FF83
3FF1B
3FEAC
3FE38
3FDC2
3FD4C
3FCD8
3FC69
3FC00
3FBA1
3FB4C
3FB05
3FACB
3FAA1
3FA88
3FA7F
3FA89
3FAA3
3FACF
3FB0B
3FB57
3FBB0
3FC16
3FC85
3FCFD
3FD7A
3FDFA
3FE7B
3FEF8
3FF71
3FFE1
00047
0009F
000E7
0011E
00140
0014D
00143
00122
000E7
00095
00029
3FFA6
3FF0B
3FE5B
3FD97
3FCC1
3FBDB
3FAE8
3F9EB
3F8E6
3F7DD
3F6D3
3F5CD
3F4CC
3F3D5
3F2EB
3F212
3F14D
3F09F
3F00C
3EF97
3EF43
3EF13
3EF0C
3EF31
3EF87
3F017
3F0ED
3F21E
3F3DC
3F6A7
3FCAC
001BE
38A5D
3EF9A
0B4F3
358A4
3A17B
03E08
3280F
02FD1
3D5C7
0B00F
3E0DE
315DB
0951E
08AB3
0F3FF
01AF5
00167
3A051
3E58D
335CE
3EF3D
3BDD2
06645
16845
3F84A
07881
3A193
0F5FF
3237C
3A6EE
33C45
13532
016DD
0B19A
032AB
01DD5
0496C
30D4F
07B19
01C6D
374A5
0C1CA
06C8B
2FDDC
3F69F
005D7
3FF2F
024B6
366C2
14989
094B8
021A6
369F5
3A8D4
300AE
30E2D
304DB
050DA
03B28
0D21C
316E7
02163
10D63
3D8BA
03353
0355F
366B8
0B352
0D143
395A7
30189
0A125
3C72B
11DC8
012F3
360E5
01239
30608
0039E
10235
34F6B
3D35D
0DC40
00EF0
358D8
3C91F
3A03C
3EEDD
0E5EE
2F342
05E2B
03600
05A8B
1326D
3FCAF
3BD14
05DF0
36A29
3773E
3D08A
07EDF
01666
3BBDE
03159
2AA66
04B4E
3BDFB
3DB09
3BF2F
05550
3B5AC
355FF
074C6
0899B
102B2
34C8C
3E9F6
056E0
3FD79
322D0
0FF7A
0A1CE
2E5E2
37B63
11861
35E9F
029D5
08524
08331
3A5B7
39745
3CC77
3B6A5
3C592
076D2
02A55
02C01
2E028
38B13
3E88E
0302F
0D547
08C8F
0579D
3D3E0
3EDCE
05D56
0E4D6
38369
08C0B
34356
3C3B3
3BB79
3A059
33C48
07289
3BD7A
0B0BD
316AB
0582A
30ACB
06E01
023D5
09E71
35BAC
03456
1424F
076EF
30B68
3107C
0E81B
0646A
042C5
0005C
05823
04588
3FC2F
3E1D9
39045
09742
0452A
06E57
0CF1A
11A5E
3A0C7
3894B
29C2C
3157C
06310
3481B
105AE
3845E
035FD
03B23
383C7
34E79
3EEF1
3B219
3EF78
32924
2D860
02C47
026BC
39451
3ECD1
3A07F
07CFE
0007B
3E2E3
07E0C
389AA
0CC90
071FD
3DBDF
13DC9
3B5B7
0283E
31C87
0EBAE
07244
04B22
042EA
398C5
33024
04D25
03891
3A5DF
3B296
3BDDD
001B8
0980C
0016A
0B554
3D9AC
35841
3B85A
394E3
04A92
06849
00B47
35095
3EDCA
06387
1395A
3B096
3983E
3A4BB
0B98E
3CE36
31FFF
3DC94
115E0
376A8
01DB7
3AE7F
0C7E5
0A048
01D80
0905E
037DE
3656B
38073
0E403
3C4F1
3DEB7
371B5
02BC3
3725D
05FC1
09D22
00EDD
332EA
3C030
3E2E9
37020
3AFFE
00EAB
34988
03180
3815C
04608
3AB14
10724
3FD66
3B603
3A8A9
3C583
07C8D
3BE45
0C69C
04367
3EED8
37D52
12D38
3D4D0
2F45F
0AC12
03180
0CF42
0486B
0CD17
3413A
04865
07CF2
0097E
02B74
3DE51
267F0
36563
0D99E
328ED
0271A
0792F
39DAB
03227
2F93B
37EDC
3D91D
350BB
364B4
38F08
0D530
3BC5D
3FE56
3B06B
1FFCF
3E04A
37C2A
0385B
1942C
0ABC0
33FB4
3068B
3B677
3C20F
36A4A
0C865
3B44E
3D758
3EBE2
3EAD5
0B376
377F6
0B15A
3E6F0
046F1
0D7D9
33C2A
0307C
3C1AB
11301
34736
07DB2
3C68E
3D9A7
048B8
075F5
0287C
3B83C
38844
02537
0EBA7
3FAD4
1153D
042AD
09436
34490
32605
3C697
0825A
38F55
02C29
36762
38198
3CBB1
2F8D6
3964A
3AE77
3BEEA
0ED56
04C98
0E1E5
0455B
0D24E
3F95D
014EB
0DB46
3C740
050C4
3CB0F
2959B
3F15F
32034
3A5AC
3DA00
03312
3559B
299A9
00919
04225
017BC
17261
01BAC
08DF1
3B294
33BE2
353BB
08138
3C2DE
0B66D
387D5
01745
37ED1
0AEDE
326E9
3DD70
3E01F
2F48F
08F4B
0A859
3A76A
3CB24
03A4C
3E463
3BAFD
0574A
30F38
14B4D
0301E
10C5B
070FE
0F73E
38E5B
37701
0713B
3C18B
343BC
359C2
3EB44
079E4
0018B
0EBAE
3D054
3D1F3
0E451
00BE7
3C8FB
3694B
3C48B
36AE6
07982
0E582
3E83E
0CC0F
34D1D
0D554
0E36F
0DD3C
02A0C
357A5
308C5
36A23
04131
058CA
0F1F2
01BB5
28714
0F671
02268
30C3B
3FEEF
004C5
06088
36D8C
0BCCA
0ECCF
0A48F
02BC0
3642D
026F8
2E48C
0328D
32A4A
39BFF
044FE
048D3
3E102
2E3B2
2A16F
3FECF
3A20A
2D933
00C8A
2EDF7
30B2E
3F235
0AE4D
05E31
3ED28
2F164
3F373
3C360
03A5A
24448
0325F
3C5F4
0C7EC
14721
0CA58
08C66
3BA8D
252FC
07049
3BF6D
36D35
06872
09AE9
3A770
2DD6D
29471
3087B
11616
35392
10716
2E120
35E5E
0AF3F
385BE
10DBB
00B7B
2E9E1
3ABD0
3EFB0
27376
039EE
02BB9
3CA70
020A8
00A0D
1088D
37F3C
29977
0303C
2C44F
3776D
2F8EC
0474D
086FB
3C091
34198
0EB38
354FA
38CED
33077
3E8A8
09C99
33CED
30DD6
36905
393E1
08405
3A29C
36EF0
3E955
38979
31E27
0D0B6
00A82
06ED2
3E761
3E830
0C689
3C5AC
3DAE0
014BC
08090
017E9
05EC3
2DB33
366EF
0B4C8
08068
0457A
3ABCC
04BA0
31B87
11704
1167F
100A6
3B989
392DB
0BA2E
3850D
022E0
3BEE0
36A26
03210
3F6E5
0C294
0C8F5
021B9
3E75E
321C0
051E5
11E2E
04D5F
3A100
3EAAF
01B96
2DE7B
08687
30919
395CA
1C71F
08BE1
08D1D
3A880
07A0A
2B67F
3A1B4
3BD5C
04BD9
0A56A
3BEDF
3B087
3F65D
0E932
37CC1
0070D
37966
2FF24
34BA9
2BE20
0CE5A
05565
10712
3D26C
36C74
08A1E
2DA56
02C6E
02B4A
3A921
0A14E
0DCA1
0A035
00056
2F075
35A88
38841
33BC9
37682
070FF
051F1
305C6
01227
02F95
00EA3
1444B
35640
05B09
02227
013A4
071E3
0A832
3412E
0F568
0AAB5
32352
3FAE8
10127
3DDF1
0BB8D
34D0D
29128
05C2F
05026
308E2
39051
30F92
0604E
0F3EA
07732
0EF67
0DBC3
34C4B
2D91E
03C3D
3C22D
0124D
0B6F7
3C034
0A351
39495
01CD3
3EAA1
2E7AD
3CF96
040D9
086F7
01667
15738
01AF5
35F72
0101E
04A59
014E2
393CF
39BAB
3E2BA
02395
3BF11
3B7F3
38C5D
04A1A
09150
08646
3E9EE
0CC8F
04FCF
2D256
04602
33A2F
0766F
3985E
3A4E4
0E352
039B2
012ED
2B569
2D138
39582
3D992
10BA8
3F84B
07F38
3C3B3
347CC
367EA
00DAB
10488
02342
0B3DB
3CBEF
01A6E
3E5DA
098E2
3B71D
0F0CA
370BE
0CC34
3E8F7
317E0
2BB5B
3B3E5
01A93
04025
0D10C
302F0
314A4
3725B
3BF8B
1A17A
014A5
2FA5A
0AB75
07FDF
0088F
09F73
114C6
3AE0E
3A8F6
38B71
36526
10B01
06E83
3F6F6
03B7D
3C9B3
394CF
0071A
36254
0462C
006F9
09ED8
32421
04664
39BC7
11FB5
01B7E
07726
38A9E
3B350
01034
0CED2
0A057
3B4A3
3EF42
03569
3E333
28A29
029EB
08101
3BA05
3D2EF
03459
08D22
05D52
3D100
33DFA
0020D
35CEA
38A5D
2EA3E
026E3
37808
2FCE1
3EA32
36121
0849C
08047
0D23F
02FE1
09A65
38016
3E507
0FD9B
05AD7
06213
34535
11375
06E75
004AF
0001A
369A3
0A8E7
068DD
05F1F
02AFE
33304
39EFE
02BD8
0366F
02721
2B660
3AAA1
0C1EA
3A4AE
3E896
32539
3D696
3FFB5
37A2F
311A8
08221
35635
06339
0E052
3A766
396E7
00785
01181
1747A
39EBA
03652
3FB82
3B364
00FC5
17023
3EBC2
3BE05
035D5
0CF03
02D9A
00ED3
3B589
3F51E
3AAD6
023EC
3F987
39758
09316
330EE
38464
276FD
03DF1
3ED39
05C43
04718
0BC6E
1CF11
3C9D1
38E6A
0636E
03424
0A6B0
3D033
31020
3B36B
03077
3D555
3551A
05213
36C30
011A0
05904
3F3BB
383F8
03AF5
040F1
3598D
03045
321B0
049DF
00C11
385DC
3C9D2
3DC34
0042F
00424
02BA2
3FF3A
35F5A
0C1AE
117E6
33741
39CBC
0229A
026C3
0B66D
0B952
04809
39C38
0835B
301C7
3CA53
06839
3DEB4
3337E
3D016
0A005
00875
00963
33CCC
04ECE
047CF
3673F
02911
0DE96
0FE4C
04A60
04069
08DCB
2A4DB
08ACB
32B15
3CB25
116B5
3C3F9
3DB53
0320B
36CE0
3EEF0
32863
3EAE2
3DC94
00259
031CE
37FBD
3137A
076D7
08123
0859D
080C0
2EF34
35AED
0A7DA
3B4C2
01C80
04617
13855
394A6
065C9
0C975
38859
0FBD6
0207A
024E3
3A457
07D6B
376C2
00D72
2BAB3
0364E
39BDC
10BE7
37211
39AD7
3AA67
01ECC
017BC
33C2C
3D75B
10147
38B70
39819
0BE78
3BF5C
3E3C9
2937A
004C5
0ADA9
0B2EA
195F1
38F29
3AC27
363CC
3D213
07A32
02D4C
3E1A3
3ACDE
067C3
34A0A
35841
30F28
0B1DA
03395
07210
3A0C2
0EA2E
0CB00
0789B
39289
018FB
3D00E
341D5
03DD4
335C5
02C60
04D20
09978
00D56
0724C
03410
11555
375FB
3BAE6
3CEBF
3D886
3DE82
3E2A5
3E5C2
3E83F
3EA53
3EC22
3EDBF
3EF38
3F097
3F1E2
3F31D
3F449
3F56A
3F680
3F78A
3F88A
3F97E
3FA66
3FB41
3FC0E
3FCCD
3FD7B
3FE18
3FEA3
3FF1C
3FF82
3FFD4
00013
0003E
00056
0005A
0004D
0002F
00001
3FFC4
3FF7B
3FF26
3FEC9
3FE64
3FDFA
3FD8E
3FD22
3FCB7
3FC50
3FBEF
3FB96
3FB47
3FB03
3FACB
3FAA1
3FA85
3FA78
3FA7A
3FA8B
3FAAB
3FAD9
3FB15
3FB5C
3FBAE
3FC09
3FC6C
3FCD4
3FD3F
3FDAC
3FE19
3FE82
3FEE7
3FF46
3FF9C
3FFE9
0002A
0005F
00087
000A2
000AE
000AC
0009C
0007E
00054
0001F
3FFDF
3FF97
3FF47
3FEF1
3FE98
3FE3E
3FDE3
3FD8B
3FD37
3FCE9
3FCA3
3FC65
3FC32
3FC09
3FBEE
3FBDE
3FBDC
3FBE7
3FBFF
3FC22
3FC52
3FC8C
3FCCF
3FD19
3FD6A
3FDC0
3FE19
3FE72
3FECA
3FF20
3FF71
3FFBC
00000
0003B
0006B
00090
000AA
000B7
000B8
000AD
00096
00073
00046
0000F
3FFD0
3FF8A
3FF3F
3FEF0
3FE9F
3FE4E
3FDFF
3FDB2
3FD6B
3FD2A
3FCF2
3FCC2
3FC9C
3FC81
3FC71
3FC6D
3FC75
3FC88
3FCA7
3FCD0
3FD02
3FD3D
3FD7F
3FDC7
3FE13
3FE62
3FEB1
3FF00
3FF4C
3FF95
3FFD7
00013
00047
00071
00091
000A7
000B1
000B1
000A5
0008E
0006D
00042
0000E
3FFD4
3FF93
3FF4D
3FF04
3FEBA
3FE70
3FE27
3FDE2
3FDA1
3FD67
3FD33
3FD09
3FCE8
3FCD0
3FCC4
3FCC2
3FCCB
3FCDF
3FCFC
3FD24
3FD54
3FD8B
3FDC9
3FE0C
3FE52
3FE9A
3FEE3
3FF2B
3FF71
3FFB2
3FFEE
00023
00050
00074
0008F
000A0
000A6
000A2
00094
0007C
0005A
00030
3FFFE
3FFC5
3FF87
3FF45
3FF01
3FEBC
3FE77
3FE34
3FDF4
3FDBA
3FD85
3FD58
3FD33
3FD17
3FD04
3FCFC
3FCFD
3FD09
3FD1E
3FD3D
3FD64
3FD93
3FDC9
3FE04
3FE44
3FE86
3FECA
3FF0E
3FF50
3FF8F
3FFCA
00000
0002F
00056
00075
0008A
00097
00099
00091
00080
00066
00043
00018
3FFE7
3FFB0
3FF74
3FF35
3FEF4
3FEB3
3FE72
3FE35
3FDFB
3FDC6
3FD97
3FD6F
3FD4F
3FD38
3FD2A
3FD26
3FD2B
3FD3A
3FD51
3FD71
3FD99
3FDC8
3FDFD
3FE37
3FE74
3FEB3
3FEF3
3FF32
3FF70
3FFAA
3FFDF
0000F
00039
0005A
00074
00084
0008B
0008A
0007F
0006B
0004E
0002A
3FFFF
3FFCD
3FF97
3FF5D
3FF20
3FEE3
3FEA5
3FE69
3FE30
3FDFB
3FDCB
3FDA1
3FD7F
3FD65
3FD52
3FD49
3FD49
3FD52
3FD63
3FD7D
3FD9F
3FDC8
3FDF7
3FE2B
3FE63
3FE9E
3FEDA
3FF17
3FF52
3FF8B
3FFC1
3FFF1
0001C
00040
0005C
00070
0007C
0007F
00079
0006B
00054
00035
00010
3FFE4
3FFB3
3FF7D
3FF45
3FF0A
3FED0
3FE95
3FE5D
3FE29
3FDF8
3FDCD
3FDA9
3FD8C
3FD76
3FD69
3FD64
3FD67
3FD74
3FD88
3FDA4
3FDC8
3FDF2
3FE21
3FE54
3FE8B
3FEC4
3FEFE
3FF37
3FF6F
3FFA4
3FFD4
00000
00026
00045
0005C
0006C
00073
00072
00068
00056
0003D
0001C
3FFF5
3FFC9
3FF98
3FF63
3FF2C
3FEF4
3FEBC
3FE85
3FE51
3FE21
3FDF5
3FDCF
3FDAF
3FD96
3FD85
3FD7C
3FD7C
3FD83
3FD93
3FDAA
3FDC8
3FDED
3FE18
3FE47
3FE7A
3FEB0
3FEE7
3FF1E
3FF54
3FF88
3FFB9
3FFE5
0000C
0002D
00048
0005A
00065
00068
00063
00056
00041
00026
00003
3FFDB
3FFAE
3FF7D
3FF49
3FF14
3FEDE
3FEA9
3FE75
3FE45
3FE18
3FDF1
3FDCF
3FDB4
3FDA0
3FD94
3FD8F
3FD92
3FD9D
3FDB0
3FDCA
3FDEA
3FE10
3FE3B
3FE6B
3FE9D
3FED1
3FF06
3FF3B
3FF6E
3FF9F
3FFCC
3FFF4
00017
00033
00049
00057
0005E
0005D
00054
00043
0002C
0000E
3FFEA
3FFC1
3FF94
3FF63
3FF30
3FEFD
3FEC9
3FE96
3FE66
3FE39
3FE11
3FDEE
3FDD0
3FDB9
3FDAA
3FDA1
3FDA1
3FDA8
3FDB6
3FDCC
3FDE8
3FE0A
3FE31
3FE5D
3FE8C
3FEBD
3FEF0
3FF23
3FF55
3FF86
3FFB3
3FFDC
00000
0001E
00037
00048
00052
00055
00050
00044
00030
00016
3FFF7
3FFD1
3FFA7
3FF7A
3FF4A
3FF18
3FEE6
3FEB5
3FE85
3FE58
3FE2F
3FE0A
3FDEB
3FDD2
3FDBF
3FDB4
3FDAF
3FDB2
3FDBD
3FDCE
3FDE6
3FE04
3FE28
3FE50
3FE7C
3FEAB
3FEDC
3FF0D
3FF3E
3FF6E
3FF9B
3FFC5
3FFEA
0000A
00024
00038
00046
0004C
0004A
00042
00033
0001D
00001
3FFDF
3FFB8
3FF8E
3FF61
3FF31
3FF01
3FED1
3FEA2
3FE75
3FE4B
3FE25
3FE04
3FDE9
3FDD4
3FDC5
3FDBE
3FDBD
3FDC4
3FDD2
3FDE6
3FE00
3FE20
3FE45
3FE6E
3FE9A
3FEC9
3FEF8
3FF28
3FF57
3FF84
3FFAE
3FFD4
3FFF6
00012
00029
00039
00042
00044
0003F
00034
00021
00009
3FFEB
3FFC7
3FFA0
3FF75
3FF48
3FF1A
3FEEB
3FEBC
3FE90
3FE65
3FE3F
3FE1D
3FDFF
3FDE8
3FDD7
3FDCC
3FDC9
3FDCC
3FDD6
3FDE6
3FDFD
3FE1A
3FE3B
3FE61
3FE8B
3FEB7
3FEE5
3FF13
3FF41
3FF6E
3FF98
3FFBF
3FFE2
00000
00019
0002B
00037
0003D
0003B
00033
00024
0000F
3FFF4
3FFD5
3FFB0
3FF88
3FF5D
3FF30
3FF03
3FED5
3FEA9
3FE7F
3FE58
3FE34
3FE15
3FDFC
3FDE8
3FDDB
3FDD4
3FDD4
3FDDA
3FDE8
3FDFB
3FE14
3FE33
3FE56
3FE7C
3FEA6
3FED2
3FEFF
3FF2C
3FF58
3FF83
3FFAA
3FFCE
3FFEE
00008
0001D
0002C
00034
00036
00031
00026
00014
3FFFD
3FFE0
3FFBE
3FF99
3FF70
3FF46
3FF1A
3FEED
3FEC1
3FE97
3FE6F
3FE4B
3FE2B
3FE0F
3FDFA
3FDEA
3FDE0
3FDDD
3FDE0
3FDEA
3FDFA
3FE10
3FE2B
3FE4B
3FE6F
3FE97
3FEC1
3FEEC
3FF18
3FF44
3FF6E
3FF96
3FFBB
3FFDB
3FFF8
0000F
00020
0002B
00030
0002E
00026
00018
00003
3FFEA
3FFCB
3FFA8
3FF82
3FF59
3FF2F
3FF03
3FED8
3FEAE
3FE86
3FE61
3FE40
3FE23
3FE0B
3FDF8
3FDEC
3FDE6
3FDE6
3FDED
3FDFA
3FE0C
3FE24
3FE42
3FE63
3FE88
3FEB0
3FEDA
3FF05
3FF30
3FF5A
3FF82
3FFA7
3FFC9
3FFE7
00000
00014
00021
00029
0002A
00025
0001A
00009
3FFF2
3FFD6
3FFB6
3FF92
3FF6C
3FF43
3FF19
3FEEE
3FEC4
3FE9C
3FE77
3FE54
3FE36
3FE1C
3FE07
3FDF9
3FDF0
3FDED
3FDF0
3FDFA
3FE0A
3FE1F
3FE39
3FE58
3FE7B
3FEA1
3FEC9
3FEF2
3FF1C
3FF46
3FF6E
3FF94
3FFB7
3FFD6
3FFF1
00007
00017
00021
00025
00023
0001B
0000D
3FFF9
3FFE0
3FFC3
3FFA1
3FF7D
3FF55
3FF2D
3FF03
3FEDA
3FEB2
3FE8C
3FE68
3FE49
3FE2D
3FE17
3FE05
3FDFA
3FDF4
3FDF5
3FDFC
3FE08
3FE1B
3FE32
3FE4E
3FE6F
3FE92
3FEB9
3FEE1
3FF0A
3FF33
3FF5B
3FF81
3FFA5
3FFC5
3FFE2
3FFF9
0000C
00018
0001F
00020
0001B
00010
3FFFF
3FFE9
3FFCE
3FFAF
3FF8C
3FF67
3FF40
3FF17
3FEEE
3FEC6
3FEA0
3FE7C
3FE5B
3FE3E
3FE26
3FE12
3FE05
3FDFC
3FDFA
3FDFE
3FE08
3FE17
3FE2C
3FE45
3FE63
3FE85
3FEAA
3FED0
3FEF8
3FF20
3FF48
3FF6F
3FF93
3FFB5
3FFD2
3FFEC
00000
0000F
00019
0001C
0001A
00012
00004
3FFF0
3FFD8
3FFBB
3FF9B
3FF77
3FF51
3FF2A
3FF02
3FEDB
3FEB4
3FE8F
3FE6E
3FE4F
3FE35
3FE20
3FE10
3FE05
3FE00
3FE01
3FE08
3FE15
3FE27
3FE3E
3FE59
3FE78
3FE9B
3FEC0
3FEE7
3FF0F
3FF36
3FF5D
3FF81
3FFA4
3FFC3
3FFDD
3FFF4
00005
00011
00017
00018
00012
00007
3FFF7
3FFE1
3FFC7
3FFA8
3FF87
3FF62
3FF3C
3FF15
3FEEE
3FEC7
3FEA3
3FE80
3FE60
3FE45
3FE2E
3FE1B
3FE0E
3FE07
3FE05
3FE09
3FE13
3FE22
3FE37
3FE50
3FE6D
3FE8E
3FEB1
3FED6
3FEFD
3FF24
3FF4B
3FF70
3FF93
3FFB3
3FFCF
3FFE7
3FFFB
00009
00012
00015
00012
0000A
3FFFC
3FFE9
3FFD1
3FFB5
3FF95
3FF72
3FF4E
3FF28
3FF01
3FEDB
3FEB5
3FE92
3FE72
3FE55
3FE3C
3FE27
3FE18
3FE0E
3FE0A
3FE0B
3FE12
3FE1F
3FE31
3FE47
3FE62
3FE81
3FEA3
3FEC7
3FEEC
3FF13
3FF39
3FF5E
3FF82
3FFA3
3FFC0
3FFDA
3FFF0
00000
0000B
00011
00011
0000B
00000
3FFEF
3FFDA
3FFC0
3FFA2
3FF82
3FF5E
3FF39
3FF13
3FEED
3FEC8
3FEA4
3FE83
3FE64
3FE4A
3FE34
3FE22
3FE16
3FE0F
3FE0E
3FE12
3FE1C
3FE2B
3FE40
3FE58
3FE75
3FE95
3FEB8
3FEDC
3FF02
3FF28
3FF4D
3FF71
3FF93
3FFB2
3FFCD
3FFE4
3FFF6
00004
0000C
0000E
0000B
00003
3FFF5
3FFE2
3FFCB
3FFAF
3FF90
3FF6E
3FF4A
3FF25
3FEFF
3FEDA
3FEB6
3FE94
3FE74
3FE58
3FE40
3FE2D
3FE1E
3FE15
3FE11
3FE13
3FE1A
3FE27
3FE39
3FE4F
3FE6A
3FE88
3FEA9
3FECC
3FEF1
3FF17
3FF3C
3FF60
3FF82
3FFA2
3FFBF
3FFD8
3FFEC
3FFFC
00006
0000B
0000B
00005
3FFFA
3FFE9
3FFD4
3FFBA
3FF9D
3FF7D
3FF5A
3FF36
3FF11
3FEEC
3FEC7
3FEA5
3FE84
3FE67
3FE4D
3FE38
3FE27
3FE1C
3FE16
3FE15
3FE1A
3FE24
3FE33
3FE47
3FE5F
3FE7C
3FE9B
3FEBD
3FEE1
3FF06
3FF2B
3FF4F
3FF72
3FF93
3FFB1
3FFCB
3FFE2
3FFF3
00000
00007
00009
00006
3FFFD
3FFEF
3FFDC
3FFC5
3FFAA
3FF8B
3FF6A
3FF47
3FF22
3FEFD
3FED9
3FEB6
3FE95
3FE76
3FE5B
3FE44
3FE31
3FE23
3FE1B
3FE17
3FE1A
3FE21
3FE2E
3FE40
3FE56
3FE70
3FE8E
3FEAF
3FED1
3FEF5
3FF1A
3FF3F
3FF62
3FF83
3FFA3
3FFBE
3FFD6
3FFEA
3FFF9
00003
00007
00006
00000
3FFF4
3FFE4
3FFCF
3FFB6
3FF99
3FF79
3FF57
3FF33
3FF0F
3FEEA
3FEC7
3FEA5
3FE85
3FE69
3FE50
3FE3B
3FE2B
3FE21
3FE1B
3FE1B
3FE20
3FE2A
3FE39
3FE4D
3FE66
3FE82
3FEA1
3FEC2
3FEE5
3FF0A
3FF2E
3FF52
3FF74
3FF94
3FFB1
3FFCB
3FFE0
3FFF1
3FFFD
00004
00006
00002
3FFF9
3FFEB
3FFD8
3FFC0
3FFA5
3FF87
3FF66
3FF43
3FF1F
3FEFB
3FED8
3FEB5
3FE95
3FE77
3FE5D
3FE46
3FE34
3FE27
3FE1F
3FE1C
3FE1F
3FE27
3FE34
3FE45
3FE5C
3FE76
3FE93
3FEB4
3FED6
3FEF9
3FF1D
3FF41
3FF64
3FF85
3FFA3
3FFBE
3FFD6
3FFE9
3FFF7
00000
00004
00003
3FFFC
3FFF0
3FFE0
3FFCA
3FFB1
3FF95
3FF75
3FF53
3FF30
3FF0C
3FEE8
3FEC5
3FEA4
3FE85
3FE69
3FE51
3FE3D
3FE2E
3FE24
3FE1F
3FE1F
3FE24
3FE2F
3FE3E
3FE52
3FE6B
3FE86
3FEA5
3FEC7
3FEE9
3FF0D
3FF31
3FF54
3FF76
3FF95
3FFB1
3FFCA
3FFDF
3FFF0
3FFFB
00002
00003
3FFFE
3FFF5
3FFE7
3FFD4
3FFBC
3FFA1
3FF83
3FF63
3FF40
3FF1D
3FEF9
3FED6
3FEB4
3FE94
3FE77
3FE5D
3FE47
3FE36
3FE29
3FE22
3FE1F
3FE22
3FE2B
3FE38
3FE4A
3FE60
3FE7A
3FE98
3FEB8
3FEDA
3FEFD
3FF21
3FF44
3FF66
3FF87
3FFA4
3FFBF
3FFD5
3FFE8
3FFF6
3FFFE
00002
00000
3FFF9
3FFED
3FFDC
3FFC7
3FFAE
3FF91
3FF71
3FF50
3FF2D
3FF09
3FEE6
3FEC4
3FEA3
3FE85
3FE69
3FE52
3FE3E
3FE30
3FE26
3FE21
3FE22
3FE27
3FE32
3FE42
3FE56
3FE6F
3FE8B
3FEA9
3FECB
3FEED
3FF11
3FF34
3FF57
3FF78
3FF97
3FFB3
3FFCB
3FFDF
3FFEF
3FFFA
00000
00001
3FFFC
3FFF2
3FFE4
3FFD0
3FFB9
3FF9E
3FF80
3FF5F
3FF3D
3FF1A
3FEF6
3FED3
3FEB2
3FE93
3FE76
3FE5D
3FE47
3FE37
3FE2B
3FE23
3FE22
3FE25
3FE2E
3FE3B
3FE4D
3FE64
3FE7E
3FE9B
3FEBC
3FEDD
3FF00
3FF24
3FF47
3FF69
3FF89
3FFA6
3FFC0
3FFD6
3FFE8
3FFF5
3FFFD
00000
3FFFE
3FFF7
3FFEB
3FFD9
3FFC4
3FFAA
3FF8E
3FF6E
3FF4D
3FF2A
3FF07
3FEE3
3FEC1
3FEA1
3FE83
3FE68
3FE51
3FE3E
3FE30
3FE27
3FE22
3FE23
3FE2A
3FE35
3FE45
3FE59
3FE72
3FE8E
3FEAD
3FECE
3FEF0
3FF14
3FF37
3FF59
3FF7A
3FF99
3FFB4
3FFCC
3FFE0
3FFEF
3FFFA
3FFFF
00000
3FFFB
3FFF0
3FFE2
3FFCE
3FFB6
3FF9B
3FF7D
3FF5C
3FF3A
3FF17
3FEF4
3FED1
3FEB0
3FE91
3FE74
3FE5C
3FE47
3FE36
3FE2B
3FE24
3FE23
3FE26
3FE2F
3FE3D
3FE50
3FE66
3FE81
3FE9F
3FEBF
3FEE1
3FF04
3FF27
3FF4A
3FF6B
3FF8B
3FFA8
3FFC2
3FFD7
3FFE9
3FFF6
3FFFD
00000
3FFFD
3FFF6
3FFE9
3FFD7
3FFC2
3FFA8
3FF8B
3FF6B
3FF4A
3FF27
3FF04
3FEE1
3FEBF
3FE9F
3FE81
3FE66
3FE50
3FE3D
3FE2F
3FE26
3FE23
3FE24
3FE2B
3FE36
3FE47
3FE5C
3FE74
3FE91
3FEB0
3FED1
3FEF4
3FF17
3FF3A
3FF5C
3FF7D
3FF9B
3FFB6
3FFCE
3FFE2
3FFF0
3FFFB
00000
3FFFF
3FFFA
3FFEF
3FFE0
3FFCC
3FFB4
3FF99
3FF7A
3FF59
3FF37
3FF14
3FEF0
3FECE
3FEAD
3FE8E
3FE72
3FE59
3FE45
3FE35
3FE2A
3FE23
3FE22
3FE27
3FE30
3FE3E
3FE51
3FE68
3FE83
3FEA1
3FEC1
3FEE3
3FF07
3FF2A
3FF4D
3FF6E
3FF8E
3FFAA
3FFC4
3FFD9
3FFEB
3FFF7
3FFFE
00000
3FFFD
3FFF5
3FFE8
3FFD6
3FFC0
3FFA6
3FF89
3FF69
3FF47
3FF24
3FF00
3FEDD
3FEBC
3FE9B
3FE7E
3FE64
3FE4D
3FE3B
3FE2E
3FE25
3FE22
3FE23
3FE2B
3FE37
3FE47
3FE5D
3FE76
3FE93
3FEB2
3FED3
3FEF6
3FF1A
3FF3D
3FF5F
3FF80
3FF9E
3FFB9
3FFD0
3FFE4
3FFF2
3FFFC
00001
00000
3FFFA
3FFEF
3FFDF
3FFCB
3FFB3
3FF97
3FF78
3FF57
3FF34
3FF11
3FEED
3FECB
3FEA9
3FE8B
3FE6F
3FE56
3FE42
3FE32
3FE27
3FE22
3FE21
3FE26
3FE30
3FE3E
3FE52
3FE69
3FE85
3FEA3
3FEC4
3FEE6
3FF09
3FF2D
3FF50
3FF71
3FF91
3FFAE
3FFC7
3FFDC
3FFED
3FFF9
00000
00002
3FFFE
3FFF6
3FFE8
3FFD5
3FFBF
3FFA4
3FF87
3FF66
3FF44
3FF21
3FEFD
3FEDA
3FEB8
3FE98
3FE7A
3FE60
3FE4A
3FE38
3FE2B
3FE22
3FE1F
3FE22
3FE29
3FE36
3FE47
3FE5D
3FE77
3FE94
3FEB4
3FED6
3FEF9
3FF1D
3FF40
3FF63
3FF83
3FFA1
3FFBC
3FFD4
3FFE7
3FFF5
3FFFE
00003
00002
3FFFB
3FFF0
3FFDF
3FFCA
3FFB1
3FF95
3FF76
3FF54
3FF31
3FF0D
3FEE9
3FEC7
3FEA5
3FE86
3FE6B
3FE52
3FE3E
3FE2F
3FE24
3FE1F
3FE1F
3FE24
3FE2E
3FE3D
3FE51
3FE69
3FE85
3FEA4
3FEC5
3FEE8
3FF0C
3FF30
3FF53
3FF75
3FF95
3FFB1
3FFCA
3FFE0
3FFF0
3FFFC
00003
00004
00000
3FFF7
3FFE9
3FFD6
3FFBE
3FFA3
3FF85
3FF64
3FF41
3FF1D
3FEF9
3FED6
3FEB4
3FE93
3FE76
3FE5C
3FE45
3FE34
3FE27
3FE1F
3FE1C
3FE1F
3FE27
3FE34
3FE46
3FE5D
3FE77
3FE95
3FEB5
3FED8
3FEFB
3FF1F
3FF43
3FF66
3FF87
3FFA5
3FFC0
3FFD8
3FFEB
3FFF9
00002
00006
00004
3FFFD
3FFF1
3FFE0
3FFCB
3FFB1
3FF94
3FF74
3FF52
3FF2E
3FF0A
3FEE5
3FEC2
3FEA1
3FE82
3FE66
3FE4D
3FE39
3FE2A
3FE20
3FE1B
3FE1B
3FE21
3FE2B
3FE3B
3FE50
3FE69
3FE85
3FEA5
3FEC7
3FEEA
3FF0F
3FF33
3FF57
3FF79
3FF99
3FFB6
3FFCF
3FFE4
3FFF4
00000
00006
00007
00003
3FFF9
3FFEA
3FFD6
3FFBE
3FFA3
3FF83
3FF62
3FF3F
3FF1A
3FEF5
3FED1
3FEAF
3FE8E
3FE70
3FE56
3FE40
3FE2E
3FE21
3FE1A
3FE17
3FE1B
3FE23
3FE31
3FE44
3FE5B
3FE76
3FE95
3FEB6
3FED9
3FEFD
3FF22
3FF47
3FF6A
3FF8B
3FFAA
3FFC5
3FFDC
3FFEF
3FFFD
00006
00009
00007
00000
3FFF3
3FFE2
3FFCB
3FFB1
3FF93
3FF72
3FF4F
3FF2B
3FF06
3FEE1
3FEBD
3FE9B
3FE7C
3FE5F
3FE47
3FE33
3FE24
3FE1A
3FE15
3FE16
3FE1C
3FE27
3FE38
3FE4D
3FE67
3FE84
3FEA5
3FEC7
3FEEC
3FF11
3FF36
3FF5A
3FF7D
3FF9D
3FFBA
3FFD4
3FFE9
3FFFA
00005
0000B
0000B
00006
3FFFC
3FFEC
3FFD8
3FFBF
3FFA2
3FF82
3FF60
3FF3C
3FF17
3FEF1
3FECC
3FEA9
3FE88
3FE6A
3FE4F
3FE39
3FE27
3FE1A
3FE13
3FE11
3FE15
3FE1E
3FE2D
3FE40
3FE58
3FE74
3FE94
3FEB6
3FEDA
3FEFF
3FF25
3FF4A
3FF6E
3FF90
3FFAF
3FFCB
3FFE2
3FFF5
00003
0000B
0000E
0000C
00004
3FFF6
3FFE4
3FFCD
3FFB2
3FF93
3FF71
3FF4D
3FF28
3FF02
3FEDC
3FEB8
3FE95
3FE75
3FE58
3FE40
3FE2B
3FE1C
3FE12
3FE0E
3FE0F
3FE16
3FE22
3FE34
3FE4A
3FE64
3FE83
3FEA4
3FEC8
3FEED
3FF13
3FF39
3FF5E
3FF82
3FFA2
3FFC0
3FFDA
3FFEF
00000
0000B
00011
00011
0000B
00000
3FFF0
3FFDA
3FFC0
3FFA3
3FF82
3FF5E
3FF39
3FF13
3FEEC
3FEC7
3FEA3
3FE81
3FE62
3FE47
3FE31
3FE1F
3FE12
3FE0B
3FE0A
3FE0E
3FE18
3FE27
3FE3C
3FE55
3FE72
3FE92
3FEB5
3FEDB
3FF01
3FF28
3FF4E
3FF72
3FF95
3FFB5
3FFD1
3FFE9
3FFFC
0000A
00012
00015
00012
00009
3FFFB
3FFE7
3FFCF
3FFB3
3FF93
3FF70
3FF4B
3FF24
3FEFD
3FED6
3FEB1
3FE8E
3FE6D
3FE50
3FE37
3FE22
3FE13
3FE09
3FE05
3FE07
3FE0E
3FE1B
3FE2E
3FE45
3FE60
3FE80
3FEA3
3FEC7
3FEEE
3FF15
3FF3C
3FF62
3FF87
3FFA8
3FFC7
3FFE1
3FFF7
00007
00012
00018
00017
00011
00005
3FFF4
3FFDD
3FFC3
3FFA4
3FF81
3FF5D
3FF36
3FF0F
3FEE7
3FEC0
3FE9B
3FE78
3FE59
3FE3E
3FE27
3FE15
3FE08
3FE01
3FE00
3FE05
3FE10
3FE20
3FE35
3FE4F
3FE6E
3FE8F
3FEB4
3FEDB
3FF02
3FF2A
3FF51
3FF77
3FF9B
3FFBB
3FFD8
3FFF0
00004
00012
0001A
0001C
00019
0000F
00000
3FFEC
3FFD2
3FFB5
3FF93
3FF6F
3FF48
3FF20
3FEF8
3FED0
3FEAA
3FE85
3FE63
3FE45
3FE2C
3FE17
3FE08
3FDFE
3FDFA
3FDFC
3FE05
3FE12
3FE26
3FE3E
3FE5B
3FE7C
3FEA0
3FEC6
3FEEE
3FF17
3FF40
3FF67
3FF8C
3FFAF
3FFCE
3FFE9
3FFFF
00010
0001B
00020
0001F
00018
0000C
3FFF9
3FFE2
3FFC5
3FFA5
3FF81
3FF5B
3FF33
3FF0A
3FEE1
3FEB9
3FE92
3FE6F
3FE4E
3FE32
3FE1B
3FE08
3FDFC
3FDF5
3FDF4
3FDFA
3FE05
3FE17
3FE2D
3FE49
3FE68
3FE8C
3FEB2
3FEDA
3FF03
3FF2D
3FF55
3FF7D
3FFA1
3FFC3
3FFE0
3FFF9
0000D
0001B
00023
00025
00021
00017
00007
3FFF1
3FFD6
3FFB7
3FF94
3FF6E
3FF46
3FF1C
3FEF2
3FEC9
3FEA1
3FE7B
3FE58
3FE39
3FE1F
3FE0A
3FDFA
3FDF0
3FDED
3FDF0
3FDF9
3FE07
3FE1C
3FE36
3FE54
3FE77
3FE9C
3FEC4
3FEEE
3FF19
3FF43
3FF6C
3FF92
3FFB6
3FFD6
3FFF2
00009
0001A
00025
0002A
00029
00021
00014
00000
3FFE7
3FFC9
3FFA7
3FF82
3FF5A
3FF30
3FF05
3FEDA
3FEB0
3FE88
3FE63
3FE42
3FE24
3FE0C
3FDFA
3FDED
3FDE6
3FDE6
3FDEC
3FDF8
3FE0B
3FE23
3FE40
3FE61
3FE86
3FEAE
3FED8
3FF03
3FF2F
3FF59
3FF82
3FFA8
3FFCB
3FFEA
00003
00018
00026
0002E
00030
0002B
00020
0000F
3FFF8
3FFDB
3FFBB
3FF96
3FF6E
3FF44
3FF18
3FEEC
3FEC1
3FE97
3FE6F
3FE4B
3FE2B
3FE10
3FDFA
3FDEA
3FDE0
3FDDD
3FDE0
3FDEA
3FDFA
3FE0F
3FE2B
3FE4B
3FE6F
3FE97
3FEC1
3FEED
3FF1A
3FF46
3FF70
3FF99
3FFBE
3FFE0
3FFFD
00014
00026
00031
00036
00034
0002C
0001D
00008
3FFEE
3FFCE
3FFAA
3FF83
3FF58
3FF2C
3FEFF
3FED2
3FEA6
3FE7C
3FE56
3FE33
3FE14
3FDFB
3FDE8
3FDDA
3FDD4
3FDD4
3FDDB
3FDE8
3FDFC
3FE15
3FE34
3FE58
3FE7F
3FEA9
3FED5
3FF03
3FF30
3FF5D
3FF88
3FFB0
3FFD5
3FFF4
0000F
00024
00033
0003B
0003D
00037
0002B
00019
00000
3FFE2
3FFBF
3FF98
3FF6E
3FF41
3FF13
3FEE5
3FEB7
3FE8B
3FE61
3FE3B
3FE1A
3FDFD
3FDE6
3FDD6
3FDCC
3FDC9
3FDCC
3FDD7
3FDE8
3FDFF
3FE1D
3FE3F
3FE65
3FE90
3FEBC
3FEEB
3FF1A
3FF48
3FF75
3FFA0
3FFC7
3FFEB
00009
00021
00034
0003F
00044
00042
00039
00029
00012
3FFF6
3FFD4
3FFAE
3FF84
3FF57
3FF28
3FEF8
3FEC9
3FE9A
3FE6E
3FE45
3FE20
3FE00
3FDE6
3FDD2
3FDC4
3FDBD
3FDBE
3FDC5
3FDD4
3FDE9
3FE04
3FE25
3FE4B
3FE75
3FEA2
3FED1
3FF01
3FF31
3FF61
3FF8E
3FFB8
3FFDF
00001
0001D
00033
00042
0004A
0004C
00046
00038
00024
0000A
3FFEA
3FFC5
3FF9B
3FF6E
3FF3E
3FF0D
3FEDC
3FEAB
3FE7C
3FE50
3FE28
3FE04
3FDE6
3FDCE
3FDBD
3FDB2
3FDAF
3FDB4
3FDBF
3FDD2
3FDEB
3FE0A
3FE2F
3FE58
3FE85
3FEB5
3FEE6
3FF18
3FF4A
3FF7A
3FFA7
3FFD1
3FFF7
00016
00030
00044
00050
00055
00052
00048
00037
0001E
00000
3FFDC
3FFB3
3FF86
3FF55
3FF23
3FEF0
3FEBD
3FE8C
3FE5D
3FE31
3FE0A
3FDE8
3FDCC
3FDB6
3FDA8
3FDA1
3FDA1
3FDAA
3FDB9
3FDD0
3FDEE
3FE11
3FE39
3FE66
3FE96
3FEC9
3FEFD
3FF30
3FF63
3FF94
3FFC1
3FFEA
0000E
0002C
00043
00054
0005D
0005E
00057
00049
00033
00017
3FFF4
3FFCC
3FF9F
3FF6E
3FF3B
3FF06
3FED1
3FE9D
3FE6B
3FE3B
3FE10
3FDEA
3FDCA
3FDB0
3FD9D
3FD92
3FD8F
3FD94
3FDA0
3FDB4
3FDCF
3FDF1
3FE18
3FE45
3FE75
3FEA9
3FEDE
3FF14
3FF49
3FF7D
3FFAE
3FFDB
00003
00026
00041
00056
00063
00068
00065
0005A
00048
0002D
0000C
3FFE5
3FFB9
3FF88
3FF54
3FF1E
3FEE7
3FEB0
3FE7A
3FE47
3FE18
3FDED
3FDC8
3FDAA
3FD93
3FD83
3FD7C
3FD7C
3FD85
3FD96
3FDAF
3FDCF
3FDF5
3FE21
3FE51
3FE85
3FEBC
3FEF4
3FF2C
3FF63
3FF98
3FFC9
3FFF5
0001C
0003D
00056
00068
00072
00073
0006C
0005C
00045
00026
00000
3FFD4
3FFA4
3FF6F
3FF37
3FEFE
3FEC4
3FE8B
3FE54
3FE21
3FDF2
3FDC8
3FDA4
3FD88
3FD74
3FD67
3FD64
3FD69
3FD76
3FD8C
3FDA9
3FDCD
3FDF8
3FE29
3FE5D
3FE95
3FED0
3FF0A
3FF45
3FF7D
3FFB3
3FFE4
00010
00035
00054
0006B
00079
0007F
0007C
00070
0005C
00040
0001C
3FFF1
3FFC1
3FF8B
3FF52
3FF17
3FEDA
3FE9E
3FE63
3FE2B
3FDF7
3FDC8
3FD9F
3FD7D
3FD63
3FD52
3FD49
3FD49
3FD52
3FD65
3FD7F
3FDA1
3FDCB
3FDFB
3FE30
3FE69
3FEA5
3FEE3
3FF20
3FF5D
3FF97
3FFCD
3FFFF
0002A
0004E
0006B
0007F
0008A
0008B
00084
00074
0005A
00039
0000F
3FFDF
3FFAA
3FF70
3FF32
3FEF3
3FEB3
3FE74
3FE37
3FDFD
3FDC8
3FD99
3FD71
3FD51
3FD3A
3FD2B
3FD26
3FD2A
3FD38
3FD4F
3FD6F
3FD97
3FDC6
3FDFB
3FE35
3FE72
3FEB3
3FEF4
3FF35
3FF74
3FFB0
3FFE7
00018
00043
00066
00080
00091
00099
00097
0008A
00075
00056
0002F
00000
3FFCA
3FF8F
3FF50
3FF0E
3FECA
3FE86
3FE44
3FE04
3FDC9
3FD93
3FD64
3FD3D
3FD1E
3FD09
3FCFD
3FCFC
3FD04
3FD17
3FD33
3FD58
3FD85
3FDBA
3FDF4
3FE34
3FE77
3FEBC
3FF01
3FF45
3FF87
3FFC5
3FFFE
00030
0005A
0007C
00094
000A2
000A6
000A0
0008F
00074
00050
00023
3FFEE
3FFB2
3FF71
3FF2B
3FEE3
3FE9A
3FE52
3FE0C
3FDC9
3FD8B
3FD54
3FD24
3FCFC
3FCDF
3FCCB
3FCC2
3FCC4
3FCD0
3FCE8
3FD09
3FD33
3FD67
3FDA1
3FDE2
3FE27
3FE70
3FEBA
3FF04
3FF4D
3FF93
3FFD4
0000E
00042
0006D
0008E
000A5
000B1
000B1
000A7
00091
00071
00047
00013
3FFD7
3FF95
3FF4C
3FF00
3FEB1
3FE62
3FE13
3FDC7
3FD7F
3FD3D
3FD02
3FCD0
3FCA7
3FC88
3FC75
3FC6D
3FC71
3FC81
3FC9C
3FCC2
3FCF2
3FD2A
3FD6B
3FDB2
3FDFF
3FE4E
3FE9F
3FEF0
3FF3F
3FF8A
3FFD0
0000F
00046
00073
00096
000AD
000B8
000B7
000AA
00090
0006B
0003B
00000
3FFBC
3FF71
3FF20
3FECA
3FE72
3FE19
3FDC0
3FD6A
3FD19
3FCCF
3FC8C
3FC52
3FC22
3FBFF
3FBE7
3FBDC
3FBDE
3FBEE
3FC09
3FC32
3FC65
3FCA3
3FCE9
3FD37
3FD8B
3FDE3
3FE3E
3FE98
3FEF1
3FF47
3FF97
3FFDF
0001F
00054
0007E
0009C
000AC
000AE
000A2
00087
0005F
0002A
3FFE9
3FF9C
3FF46
3FEE7
3FE82
3FE19
3FDAC
3FD3F
3FCD4
3FC6C
3FC09
3FBAE
3FB5C
3FB15
3FAD9
3FAAB
3FA8B
3FA7A
3FA78
3FA85
3FAA1
3FACB
3FB03
3FB47
3FB96
3FBEF
3FC50
3FCB7
3FD22
3FD8E
3FDFA
3FE64
3FEC9
3FF26
3FF7B
3FFC4
00001
0002F
0004D
0005A
00056
0003E
00013
3FFD4
3FF82
3FF1C
3FEA3
3FE18
3FD7B
3FCCD
3FC0E
3FB41
3FA66
3F97E
3F88A
3F78A
3F680
3F56A
3F449
3F31D
3F1E2
3F097
3EF38
3EDBF
3EC22
3EA53
3E83F
3E5C2
3E2A5
3DE82
3D886
3CEBF
3BAE6
375FB
11555
03410
0724C
00D56
09978
04D20
02C60
335C5
03DD4
341D5
3D00E
018FB
39289
0789B
0CB00
0EA2E
3A0C2
07210
03395
0B1DA
30F28
35841
34A0A
067C3
3ACDE
3E1A3
02D4C
07A32
3D213
363CC
3AC27
38F29
195F1
0B2EA
0ADA9
004C5
2937A
3E3C9
3BF5C
0BE78
39819
38B70
10147
3D75B
33C2C
017BC
01ECC
3AA67
39AD7
37211
10BE7
39BDC
0364E
2BAB3
00D72
376C2
07D6B
3A457
024E3
0207A
0FBD6
38859
0C975
065C9
394A6
13855
04617
01C80
3B4C2
0A7DA
35AED
2EF34
080C0
0859D
08123
076D7
3137A
37FBD
031CE
00259
3DC94
3EAE2
32863
3EEF0
36CE0
0320B
3DB53
3C3F9
116B5
3CB25
32B15
08ACB
2A4DB
08DCB
04069
04A60
0FE4C
0DE96
02911
3673F
047CF
04ECE
33CCC
00963
00875
0A005
3D016
3337E
3DEB4
06839
3CA53
301C7
0835B
39C38
04809
0B952
0B66D
026C3
0229A
39CBC
33741
117E6
0C1AE
35F5A
3FF3A
02BA2
00424
0042F
3DC34
3C9D2
385DC
00C11
049DF
321B0
03045
3598D
040F1
03AF5
383F8
3F3BB
05904
011A0
36C30
05213
3551A
3D555
03077
3B36B
31020
3D033
0A6B0
03424
0636E
38E6A
3C9D1
1CF11
0BC6E
04718
05C43
3ED39
03DF1
276FD
38464
330EE
09316
39758
3F987
023EC
3AAD6
3F51E
3B589
00ED3
02D9A
0CF03
035D5
3BE05
3EBC2
17023
00FC5
3B364
3FB82
03652
39EBA
1747A
01181
00785
396E7
3A766
0E052
06339
35635
08221
311A8
37A2F
3FFB5
3D696
32539
3E896
3A4AE
0C1EA
3AAA1
2B660
02721
0366F
02BD8
39EFE
33304
02AFE
05F1F
068DD
0A8E7
369A3
0001A
004AF
06E75
11375
34535
06213
05AD7
0FD9B
3E507
38016
09A65
02FE1
0D23F
08047
0849C
36121
3EA32
2FCE1
37808
026E3
2EA3E
38A5D
35CEA
0020D
33DFA
3D100
05D52
08D22
03459
3D2EF
3BA05
08101
029EB
28A29
3E333
03569
3EF42
3B4A3
0A057
0CED2
01034
3B350
38A9E
07726
01B7E
11FB5
39BC7
04664
32421
09ED8
006F9
0462C
36254
0071A
394CF
3C9B3
03B7D
3F6F6
06E83
10B01
36526
38B71
3A8F6
3AE0E
114C6
09F73
0088F
07FDF
0AB75
2FA5A
014A5
1A17A
3BF8B
3725B
314A4
302F0
0D10C
04025
01A93
3B3E5
2BB5B
317E0
3E8F7
0CC34
370BE
0F0CA
3B71D
098E2
3E5DA
01A6E
3CBEF
0B3DB
02342
10488
00DAB
367EA
347CC
3C3B3
07F38
3F84B
10BA8
3D992
39582
2D138
2B569
012ED
039B2
0E352
3A4E4
3985E
0766F
33A2F
04602
2D256
04FCF
0CC8F
3E9EE
08646
09150
04A1A
38C5D
3B7F3
3BF11
02395
3E2BA
39BAB
393CF
014E2
04A59
0101E
35F72
01AF5
15738
01667
086F7
040D9
3CF96
2E7AD
3EAA1
01CD3
39495
0A351
3C034
0B6F7
0124D
3C22D
03C3D
2D91E
34C4B
0DBC3
0EF67
07732
0F3EA
0604E
30F92
39051
308E2
05026
05C2F
29128
34D0D
0BB8D
3DDF1
10127
3FAE8
32352
0AAB5
0F568
3412E
0A832
071E3
013A4
02227
05B09
35640
1444B
00EA3
02F95
01227
305C6
051F1
070FF
37682
33BC9
38841
35A88
2F075
00056
0A035
0DCA1
0A14E
3A921
02B4A
02C6E
2DA56
08A1E
36C74
3D26C
10712
05565
0CE5A
2BE20
34BA9
2FF24
37966
0070D
37CC1
0E932
3F65D
3B087
3BEDF
0A56A
04BD9
3BD5C
3A1B4
2B67F
07A0A
3A880
08D1D
08BE1
1C71F
395CA
30919
08687
2DE7B
01B96
3EAAF
3A100
04D5F
11E2E
051E5
321C0
3E75E
021B9
0C8F5
0C294
3F6E5
03210
36A26
3BEE0
022E0
3850D
0BA2E
392DB
3B989
100A6
1167F
11704
31B87
04BA0
3ABCC
0457A
08068
0B4C8
366EF
2DB33
05EC3
017E9
08090
014BC
3DAE0
3C5AC
0C689
3E830
3E761
06ED2
00A82
0D0B6
31E27
38979
3E955
36EF0
3A29C
08405
393E1
36905
30DD6
33CED
09C99
3E8A8
33077
38CED
354FA
0EB38
34198
3C091
086FB
0474D
2F8EC
3776D
2C44F
0303C
29977
37F3C
1088D
00A0D
020A8
3CA70
02BB9
039EE
27376
3EFB0
3ABD0
2E9E1
00B7B
10DBB
385BE
0AF3F
35E5E
2E120
10716
36537
0041F
02611
3FC51
03E54
3835A
3B6C0
01ABB
3EBBB
3EC33
3EDDC
006C7
3E83F
015C5
39797
3C7E4
39F5A
3BAE7
03BC2
395C8
2D0BF
018A4
39EDD
06B2E
01218
01FEF
0012E
3B0DF
3FA78
3F17B
3F80A
3F39B
3F748
3F418
3FA65
3F6D1
01DFB
3F51A
0073A
3E603
3E72A
3F9CD
3F557
3E632
3ED13
3AEE3
3F633
019BA
3A49F
3384C
1054A
0611D
3E19D
01593
3936F
02E26
048A7
00B30
01F9D
001E8
01845
3C4D0
004B8
06CD1
3F282
3D663
01513
3F9C2
0364D
02294
3D2A6
00ABD
07493
3FB7B
01654
3E603
3E506
01716
00FC8
37299
3E18B
02E9B
3C6F1
38B25
3F85A
39724
0C1FB
0463E
3D56D
0202F
1000E
3ED6E
01DDB
3DB65
3EBF6
3FBE6
3FFDC
3BC5C
3F481
3FAF6
004D4
03041
3D892
3F80E
3CE9C
3DEC5
0652E
001E9
3E03D
00CA7
01195
01048
02F09
3B864
3F840
3C9BE
00585
0500F
009E4
05C20
3B9C1
3EBEE
3E67C
00078
341A4
3E8B6
3FD72
3F7EC
00AB7
3EECB
001C0
3DA4E
3EFDE
02555
3FF40
3F51A
00907
00D7E
014B5
03B79
37895
3DA28
02039
3F990
02ADE
3E17D
3DAE3
3F4EC
3D1E0
0701F
020DA
3F6F4
01495
020A3
0292A
09567
36E8B
3A5F5
04A93
0038A
003B6
3FB85
3F4B0
3F830
3DC3F
02B9A
01C72
3F50A
0086A
0271E
0169C
04C27
007A7
04094
3BC22
3DFC8
00842
3F839
00C3D
3F160
3CC98
3F28C
3A9CF
06741
02E68
013C3
01AF0
34F51
01F9E
083C8
3F0CC
03C5B
394AE
3BF43
0245C
3F533
0235F
3F86B
02945
3D886
3EB1E
3D0FC
3CD8B
038B9
3FE27
02278
3FDC8
00DFE
006AB
03DC8
3A28B
3D574
017DF
002A5
39F5F
02464
0AA75
3E0E9
04C6A
37913
3D79B
39A5F
3D482
01C96
3D1B3
37A42
0200A
00840
3F269
3DE73
096CB
0216A
081B6
00785
3FC19
01B71
03D0D
3B0D7
3DEDB
000F6
3F5B5
0988D
3E33C
3F154
3D95B
3CD05
0120A
00A05
3720F
3D746
3EF51
3F124
05956
3893F
38F78
006E2
3D013
0875A
011C1
120E7
3D72B
3CDB8
3FBF1
3F15F
007F0
3FCD3
03581
01314
02C5E
01B33
0633A
3D245
3E592
00E29
3F7D4
07C05
01BCF
3FF84
01CCB
03648
3FCAB
011C2
3EB6B
00812
3526D
3CE2E
35CEF
3E4B0
3A91D
0021E
3CAEB
039A0
3F913
03B1E
3F5B1
3D85C
3E4C9
3BD96
3FA61
3CE13
03BD6
00371
0228B
00132
00690
000B7
02234
3D144
3D403
02109
3FEE2
053AD
01450
03CBE
01086
049AF
3D08B
3E805
018EE
00D5D
3E467
007A5
3F177
023CB
05306
3EFE0
02FD8
3844C
3E1AC
38170
3DF59
3F0C5
3CE19
37D33
04907
00FBF
01EE3
00C92
01FC4
00E82
0499E
3E9B8
3D1B5
0241C
00D5B
01D30
0147F
025B5
020F9
06738
016B8
06CC9
3ABC3
3DF84
007F5
0017C
3CB7C
3FB67
3D856
01497
01493
00A58
01436
3EE3F
0058E
39206
3FC03
3F478
3FE72
3E70F
02752
01E79
3DE0B
3FDF5
02063
01091
083A7
3C948
3D1C5
3F630
3E2D1
03342
00A18
3A080
00DF2
06CCD
3E597
0291D
3A01E
3C92E
00130
3ED5E
39391
3E95D
3C888
00572
000EC
3FBD8
3FBFB
00A82
002F5
3C557
3FCD3
3D4DE
011CC
3EE60
03F27
023D2
01497
01727
0D8F4
008DA
3DA8A
02240
0010B
042C4
033F6
3C6B8
3FB23
2E37F
3FB63
3BD13
00479
3AC02
07FF5
0158A
0BC4A
03BAD
393A6
02F07
03526
0194B
01F21
011BA
02159
3A8E2
3F083
3E570
3DF1C
34605
06983
052F9
3E034
3F588
0536D
0198C
06C63
005A6
3FA74
0192C
02757
3E60B
009AE
396DC
3E623
3E227
3E46E
39E23
02D6A
01959
00AE0
01CBC
38AFA
3F466
3FA35
01195
050BE
3F37E
04CDD
35795
3C46C
3C588
3DD5E
3F9F6
3E10B
3D1EC
000B0
0024D
3DF69
3E51A
064A9
00E94
00079
01AD3
063BD
3C487
3DCBE
3FD60
3E0E8
0EDE3
02493
3C8D1
040DD
0AE67
3A575
3C8BE
0278F
0050E
03866
0124E
03370
00F59
03B82
3E696
00961
3D65B
3F989
39A25
3E7DE
3756A
03342
09FC8
391BD
3CC96
3F64D
3F12E
0318C
00CB4
02482
02A24
0AE36
38EAA
3DFAA
3ED38
3F5FD
3F4CD
3F4CF
3F4FD
3F536
3F573
3F5B3
3F5F8
3F643
3F695
3F6EE
3F74F
3F7B6
3F825
3F89A
3F915
3F994
3FA17
3FA9C
3FB23
3FBA9
3FC2E
3FCB1
3FD2F
3FDA9
3FE1C
3FE87
3FEEA
3FF44
3FF93
3FFD8
00012
00040
00063
00079
00085
00085
0007B
00067
0004A
00025
3FFFA
3FFC8
3FF91
3FF58
3FF1C
3FEDF
3FEA3
3FE69
3FE32
3FDFF
3FDD1
3FDA9
3FD87
3FD6E
3FD5B
3FD52
3FD50
3FD57
3FD65
3FD7C
3FD99
3FDBD
3FDE8
3FE16
3FE49
3FE7F
3FEB7
3FEF0
3FF28
3FF60
3FF94
3FFC5
3FFF2
0001A
0003C
00057
0006C
00079
0007F
0007E
00075
00066
00050
00034
00013
3FFEE
3FFC5
3FF99
3FF6C
3FF3E
3FF10
3FEE3
3FEB9
3FE92
3FE6F
3FE50
3FE37
3FE23
3FE16
3FE0F
3FE0F
3FE16
3FE22
3FE35
3FE4E
3FE6B
3FE8D
3FEB3
3FEDC
3FF07
3FF33
3FF5F
3FF8A
3FFB4
3FFDC
00000
00020
0003C
00052
00063
0006E
00073
00072
0006A
0005D
0004A
00033
00016
3FFF6
3FFD3
3FFAE
3FF86
3FF5F
3FF37
3FF11
3FEEC
3FECA
3FEAC
3FE91
3FE7B
3FE6B
3FE5F
3FE59
3FE59
3FE5F
3FE6A
3FE7B
3FE91
3FEAB
3FEC8
3FEEA
3FF0D
3FF33
3FF59
3FF7F
3FFA5
3FFC9
3FFEB
0000A
00025
0003C
0004F
0005C
00064
00067
00064
0005C
0004F
0003D
00026
0000C
3FFEE
3FFCE
3FFAC
3FF88
3FF64
3FF41
3FF1E
3FEFE
3FEE0
3FEC5
3FEAF
3FE9C
3FE8E
3FE86
3FE82
3FE83
3FE8A
3FE96
3FEA6
3FEBB
3FED4
3FEF0
3FF0E
3FF2F
3FF51
3FF74
3FF97
3FFB9
3FFD9
3FFF7
00012
00029
0003D
0004C
00056
0005C
0005C
00057
0004E
00040
0002E
00018
3FFFE
3FFE2
3FFC3
3FFA3
3FF82
3FF61
3FF40
3FF21
3FF04
3FEEA
3FED2
3FEBF
3FEB0
3FEA5
3FE9E
3FE9D
3FEA0
3FEA8
3FEB5
3FEC6
3FEDA
3FEF2
3FF0D
3FF2B
3FF4A
3FF6A
3FF8A
3FFAA
3FFC8
3FFE5
00000
00018
0002C
0003C
00048
00050
00053
00051
0004B
00040
00031
0001E
00008
3FFEF
3FFD3
3FFB6
3FF98
3FF79
3FF5A
3FF3C
3FF20
3FF06
3FEEE
3FEDA
3FEC9
3FEBD
3FEB4
3FEB1
3FEB1
3FEB6
3FEC0
3FECE
3FEDF
3FEF4
3FF0C
3FF26
3FF42
3FF60
3FF7E
3FF9C
3FFBA
3FFD6
3FFF0
00008
0001C
0002D
0003B
00044
00049
0004A
00046
0003E
00032
00022
0000F
3FFF9
3FFE0
3FFC5
3FFA9
3FF8C
3FF6F
3FF52
3FF36
3FF1D
3FF05
3FEF0
3FEDF
3FED1
3FEC7
3FEC1
3FEC0
3FEC2
3FEC9
3FED4
3FEE3
3FEF5
3FF0A
3FF22
3FF3C
3FF57
3FF73
3FF90
3FFAC
3FFC7
3FFE1
3FFF9
0000E
00020
0002E
00039
00040
00043
00041
0003C
00032
00025
00014
00000
3FFEA
3FFD1
3FFB7
3FF9C
3FF80
3FF64
3FF4A
3FF30
3FF19
3FF04
3FEF2
3FEE3
3FED7
3FED0
3FECC
3FECD
3FED1
3FEDA
3FEE6
3FEF6
3FF08
3FF1E
3FF35
3FF4F
3FF69
3FF84
3FFA0
3FFBA
3FFD3
3FFEB
00000
00013
00022
0002E
00036
0003B
0003C
00038
00031
00026
00018
00006
3FFF2
3FFDB
3FFC3
3FFA9
3FF8F
3FF75
3FF5B
3FF42
3FF2A
3FF15
3FF02
3FEF3
3FEE6
3FEDD
3FED8
3FED6
3FED9
3FEDF
3FEE9
3FEF6
3FF07
3FF1A
3FF30
3FF47
3FF60
3FF7A
3FF94
3FFAD
3FFC6
3FFDE
3FFF3
00006
00016
00023
0002D
00033
00036
00034
0002F
00026
0001A
0000B
3FFF8
3FFE4
3FFCD
3FFB5
3FF9C
3FF83
3FF6A
3FF51
3FF3A
3FF25
3FF12
3FF01
3FEF4
3FEE9
3FEE3
3FEDF
3FEE0
3FEE4
3FEEC
3FEF7
3FF06
3FF17
3FF2B
3FF41
3FF58
3FF70
3FF89
3FFA2
3FFBA
3FFD1
3FFE7
3FFFA
0000B
00019
00024
0002B
0002F
00030
0002D
00026
0001B
0000E
3FFFE
3FFEB
3FFD6
3FFC0
3FFA8
3FF90
3FF78
3FF60
3FF49
3FF33
3FF20
3FF0F
3FF00
3FEF5
3FEED
3FEE8
3FEE7
3FEE9
3FEEF
3FEF9
3FF05
3FF15
3FF26
3FF3A
3FF50
3FF67
3FF7F
3FF97
3FFAF
3FFC5
3FFDB
3FFEF
00000
0000F
0001B
00024
00029
0002B
0002A
00025
0001C
00011
00002
3FFF1
3FFDE
3FFC9
3FFB3
3FF9C
3FF84
3FF6D
3FF56
3FF41
3FF2D
3FF1B
3FF0C
3FF00
3FEF7
3FEF0
3FEEE
3FEEE
3FEF3
3FEFA
3FF05
3FF12
3FF23
3FF35
3FF49
3FF5F
3FF76
3FF8D
3FFA4
3FFBA
3FFD0
3FFE3
3FFF5
00005
00012
0001C
00023
00026
00026
00023
0001C
00013
00006
3FFF7
3FFE5
3FFD1
3FFBC
3FFA6
3FF90
3FF79
3FF63
3FF4E
3FF3A
3FF28
3FF18
3FF0A
3FF00
3FEF9
3FEF4
3FEF4
3FEF6
3FEFC
3FF05
3FF11
3FF1F
3FF30
3FF43
3FF57
3FF6D
3FF83
3FF99
3FFAF
3FFC5
3FFD9
3FFEB
3FFFB
00009
00014
0001C
00021
00022
00021
0001C
00014
00009
3FFFB
3FFEB
3FFD9
3FFC5
3FFB0
3FF9A
3FF84
3FF6F
3FF5A
3FF46
3FF33
3FF23
3FF15
3FF09
3FF01
3FEFB
3FEF9
3FEFA
3FEFE
3FF05
3FF0F
3FF1C
3FF2C
3FF3D
3FF50
3FF65
3FF7A
3FF90
3FFA5
3FFBA
3FFCE
3FFE1
3FFF2
00000
0000C
00015
0001B
0001E
0001E
0001B
00014
0000B
3FFFF
3FFF0
3FFE0
3FFCD
3FFB9
3FFA4
3FF8F
3FF7A
3FF65
3FF51
3FF3E
3FF2D
3FF1F
3FF12
3FF09
3FF02
3FEFE
3FEFE
3FF00
3FF06
3FF0F
3FF1A
3FF28
3FF38
3FF4A
3FF5D
3FF71
3FF86
3FF9C
3FFB0
3FFC4
3FFD7
3FFE8
3FFF7
00004
0000E
00015
0001A
0001B
00019
00014
0000D
00002
3FFF5
3FFE6
3FFD4
3FFC2
3FFAE
3FF99
3FF84
3FF70
3FF5C
3FF49
3FF38
3FF28
3FF1B
3FF11
3FF09
3FF04
3FF02
3FF03
3FF07
3FF0E
3FF18
3FF24
3FF33
3FF44
3FF56
3FF69
3FF7E
3FF92
3FFA7
3FFBB
3FFCD
3FFDF
3FFEE
3FFFC
00007
00010
00015
00018
00017
00014
0000E
00005
3FFF9
3FFEB
3FFDB
3FFC9
3FFB6
3FFA2
3FF8E
3FF7A
3FF66
3FF53
3FF42
3FF32
3FF24
3FF18
3FF10
3FF09
3FF06
3FF06
3FF08
3FF0E
3FF16
3FF21
3FF2F
3FF3E
3FF4F
3FF62
3FF75
3FF89
3FF9D
3FFB1
3FFC4
3FFD6
3FFE6
3FFF4
00000
00009
00010
00014
00015
00013
0000E
00007
3FFFC
3FFF0
3FFE1
3FFD0
3FFBE
3FFAB
3FF98
3FF84
3FF70
3FF5D
3FF4C
3FF3B
3FF2D
3FF20
3FF16
3FF0F
3FF0B
3FF09
3FF0A
3FF0E
3FF15
3FF1F
3FF2B
3FF39
3FF49
3FF5B
3FF6D
3FF81
3FF94
3FFA8
3FFBB
3FFCD
3FFDD
3FFEC
3FFF9
00003
0000B
00010
00012
00012
0000E
00008
3FFFF
3FFF4
3FFE6
3FFD7
3FFC6
3FFB4
3FFA1
3FF8D
3FF7A
3FF67
3FF55
3FF44
3FF35
3FF28
3FF1D
3FF15
3FF0F
3FF0C
3FF0C
3FF0F
3FF15
3FF1D
3FF28
3FF35
3FF44
3FF54
3FF66
3FF79
3FF8C
3FF9F
3FFB2
3FFC4
3FFD5
3FFE4
3FFF2
3FFFD
00006
0000C
0000F
00010
0000E
00009
00001
3FFF7
3FFEB
3FFDD
3FFCD
3FFBB
3FFA9
3FF96
3FF83
3FF70
3FF5E
3FF4D
3FF3E
3FF30
3FF24
3FF1B
3FF14
3FF10
3FF0F
3FF10
3FF15
3FF1C
3FF25
3FF31
3FF3F
3FF4E
3FF5F
3FF71
3FF84
3FF96
3FFA9
3FFBB
3FFCC
3FFDC
3FFEA
3FFF6
00000
00007
0000C
0000E
0000D
0000A
00003
3FFFA
3FFEF
3FFE2
3FFD3
3FFC3
3FFB1
3FF9F
3FF8C
3FF79
3FF67
3FF56
3FF46
3FF38
3FF2B
3FF21
3FF19
3FF14
3FF12
3FF12
3FF15
3FF1A
3FF23
3FF2D
3FF3A
3FF48
3FF58
3FF6A
3FF7C
3FF8E
3FFA1
3FFB3
3FFC4
3FFD4
3FFE3
3FFF0
3FFFA
00002
00008
0000B
0000C
0000A
00005
3FFFD
3FFF3
3FFE7
3FFD9
3FFC9
3FFB9
3FFA7
3FF95
3FF82
3FF70
3FF5F
3FF4F
3FF40
3FF33
3FF28
3FF1F
3FF18
3FF15
3FF14
3FF15
3FF1A
3FF21
3FF2A
3FF35
3FF43
3FF52
3FF63
3FF74
3FF86
3FF98
3FFAA
3FFBC
3FFCC
3FFDB
3FFE9
3FFF4
3FFFD
00004
00009
0000A
00009
00005
3FFFF
3FFF6
3FFEC
3FFDF
3FFD0
3FFC0
3FFAF
3FF9D
3FF8B
3FF79
3FF67
3FF57
3FF48
3FF3A
3FF2E
3FF24
3FF1D
3FF18
3FF16
3FF16
3FF19
3FF1F
3FF27
3FF32
3FF3E
3FF4C
3FF5C
3FF6D
3FF7E
3FF90
3FFA2
3FFB4
3FFC4
3FFD4
3FFE2
3FFEE
3FFF8
00000
00005
00008
00008
00006
00001
3FFF9
3FFF0
3FFE4
3FFD6
3FFC7
3FFB6
3FFA5
3FF93
3FF81
3FF70
3FF5F
3FF4F
3FF41
3FF35
3FF2A
3FF22
3FF1C
3FF18
3FF18
3FF1A
3FF1E
3FF25
3FF2E
3FF3A
3FF47
3FF56
3FF66
3FF77
3FF88
3FF9A
3FFAC
3FFBC
3FFCC
3FFDB
3FFE8
3FFF3
3FFFB
00002
00006
00007
00006
00002
3FFFC
3FFF3
3FFE8
3FFDB
3FFCD
3FFBD
3FFAD
3FF9B
3FF8A
3FF78
3FF67
3FF57
3FF48
3FF3B
3FF30
3FF27
3FF20
3FF1B
3FF19
3FF1A
3FF1D
3FF23
3FF2B
3FF35
3FF42
3FF50
3FF5F
3FF70
3FF81
3FF92
3FFA4
3FFB5
3FFC5
3FFD4
3FFE1
3FFED
3FFF7
3FFFE
00003
00006
00006
00003
3FFFE
3FFF6
3FFEC
3FFE1
3FFD3
3FFC4
3FFB4
3FFA3
3FF92
3FF80
3FF6F
3FF5F
3FF50
3FF42
3FF36
3FF2C
3FF24
3FF1E
3FF1B
3FF1B
3FF1D
3FF21
3FF28
3FF32
3FF3D
3FF4A
3FF59
3FF69
3FF79
3FF8A
3FF9C
3FFAD
3FFBD
3FFCD
3FFDB
3FFE7
3FFF2
3FFFA
00000
00004
00005
00003
3FFFF
3FFF9
3FFF0
3FFE5
3FFD9
3FFCA
3FFBB
3FFAB
3FF9A
3FF88
3FF77
3FF67
3FF57
3FF49
3FF3C
3FF31
3FF28
3FF22
3FF1E
3FF1C
3FF1D
3FF20
3FF26
3FF2E
3FF39
3FF45
3FF53
3FF62
3FF72
3FF83
3FF94
3FFA5
3FFB6
3FFC5
3FFD4
3FFE1
3FFEC
3FFF6
3FFFD
00001
00004
00003
00000
3FFFB
3FFF4
3FFEA
3FFDE
3FFD1
3FFC2
3FFB2
3FFA1
3FF90
3FF7F
3FF6F
3FF5F
3FF50
3FF43
3FF37
3FF2D
3FF26
3FF20
3FF1E
3FF1D
3FF20
3FF24
3FF2B
3FF35
3FF40
3FF4D
3FF5B
3FF6B
3FF7B
3FF8C
3FF9D
3FFAE
3FFBE
3FFCD
3FFDB
3FFE7
3FFF1
3FFF9
3FFFF
00002
00003
00001
3FFFD
3FFF6
3FFEE
3FFE3
3FFD6
3FFC8
3FFB9
3FFA9
3FF98
3FF87
3FF76
3FF66
3FF57
3FF49
3FF3D
3FF32
3FF2A
3FF23
3FF1F
3FF1E
3FF1F
3FF23
3FF29
3FF31
3FF3B
3FF47
3FF55
3FF64
3FF74
3FF85
3FF96
3FFA6
3FFB7
3FFC6
3FFD4
3FFE1
3FFEC
3FFF5
3FFFC
00000
00002
00001
3FFFE
3FFF9
3FFF1
3FFE7
3FFDC
3FFCE
3FFC0
3FFB0
3FF9F
3FF8F
3FF7E
3FF6E
3FF5E
3FF50
3FF43
3FF37
3FF2E
3FF27
3FF22
3FF1F
3FF1F
3FF22
3FF27
3FF2E
3FF37
3FF42
3FF4F
3FF5E
3FF6D
3FF7D
3FF8E
3FF9F
3FFAF
3FFBF
3FFCE
3FFDB
3FFE7
3FFF1
3FFF8
3FFFE
00001
00001
3FFFF
3FFFB
3FFF4
3FFEC
3FFE1
3FFD4
3FFC6
3FFB7
3FFA7
3FF96
3FF86
3FF75
3FF65
3FF56
3FF49
3FF3D
3FF32
3FF2A
3FF24
3FF21
3FF20
3FF21
3FF25
3FF2B
3FF33
3FF3D
3FF4A
3FF57
3FF66
3FF76
3FF87
3FF97
3FFA8
3FFB8
3FFC7
3FFD5
3FFE1
3FFEC
3FFF5
3FFFB
3FFFF
00001
00000
3FFFD
3FFF7
3FFEF
3FFE6
3FFDA
3FFCC
3FFBE
3FFAE
3FF9E
3FF8D
3FF7D
3FF6D
3FF5D
3FF4F
3FF42
3FF37
3FF2E
3FF27
3FF23
3FF20
3FF21
3FF23
3FF28
3FF30
3FF39
3FF44
3FF51
3FF60
3FF6F
3FF7F
3FF90
3FFA0
3FFB1
3FFC0
3FFCF
3FFDC
3FFE7
3FFF1
3FFF8
3FFFD
00000
00000
3FFFE
3FFFA
3FFF3
3FFEA
3FFDF
3FFD2
3FFC4
3FFB5
3FFA5
3FF95
3FF84
3FF74
3FF64
3FF56
3FF48
3FF3C
3FF32
3FF2A
3FF25
3FF21
3FF21
3FF22
3FF26
3FF2C
3FF35
3FF3F
3FF4C
3FF59
3FF68
3FF78
3FF88
3FF99
3FFA9
3FFB9
3FFC8
3FFD6
3FFE2
3FFEC
3FFF5
3FFFB
3FFFF
00000
3FFFF
3FFFC
3FFF6
3FFEE
3FFE4
3FFD8
3FFCB
3FFBC
3FFAC
3FF9C
3FF8C
3FF7B
3FF6B
3FF5C
3FF4E
3FF42
3FF37
3FF2E
3FF27
3FF23
3FF21
3FF21
3FF24
3FF29
3FF31
3FF3A
3FF46
3FF53
3FF61
3FF71
3FF81
3FF92
3FFA2
3FFB2
3FFC1
3FFD0
3FFDC
3FFE8
3FFF1
3FFF8
3FFFD
00000
00000
3FFFD
3FFF9
3FFF2
3FFE9
3FFDE
3FFD1
3FFC3
3FFB4
3FFA4
3FF93
3FF83
3FF72
3FF63
3FF54
3FF47
3FF3C
3FF32
3FF2A
3FF25
3FF22
3FF21
3FF23
3FF27
3FF2D
3FF36
3FF41
3FF4D
3FF5B
3FF6A
3FF7A
3FF8A
3FF9B
3FFAB
3FFBB
3FFC9
3FFD7
3FFE3
3FFED
3FFF5
3FFFB
3FFFF
00000
3FFFF
3FFFB
3FFF5
3FFED
3FFE3
3FFD7
3FFC9
3FFBB
3FFAB
3FF9B
3FF8A
3FF7A
3FF6A
3FF5B
3FF4D
3FF41
3FF36
3FF2D
3FF27
3FF23
3FF21
3FF22
3FF25
3FF2A
3FF32
3FF3C
3FF47
3FF54
3FF63
3FF72
3FF83
3FF93
3FFA4
3FFB4
3FFC3
3FFD1
3FFDE
3FFE9
3FFF2
3FFF9
3FFFD
00000
00000
3FFFD
3FFF8
3FFF1
3FFE8
3FFDC
3FFD0
3FFC1
3FFB2
3FFA2
3FF92
3FF81
3FF71
3FF61
3FF53
3FF46
3FF3A
3FF31
3FF29
3FF24
3FF21
3FF21
3FF23
3FF27
3FF2E
3FF37
3FF42
3FF4E
3FF5C
3FF6B
3FF7B
3FF8C
3FF9C
3FFAC
3FFBC
3FFCB
3FFD8
3FFE4
3FFEE
3FFF6
3FFFC
3FFFF
00000
3FFFF
3FFFB
3FFF5
3FFEC
3FFE2
3FFD6
3FFC8
3FFB9
3FFA9
3FF99
3FF88
3FF78
3FF68
3FF59
3FF4C
3FF3F
3FF35
3FF2C
3FF26
3FF22
3FF21
3FF21
3FF25
3FF2A
3FF32
3FF3C
3FF48
3FF56
3FF64
3FF74
3FF84
3FF95
3FFA5
3FFB5
3FFC4
3FFD2
3FFDF
3FFEA
3FFF3
3FFFA
3FFFE
00000
00000
3FFFD
3FFF8
3FFF1
3FFE7
3FFDC
3FFCF
3FFC0
3FFB1
3FFA0
3FF90
3FF7F
3FF6F
3FF60
3FF51
3FF44
3FF39
3FF30
3FF28
3FF23
3FF21
3FF20
3FF23
3FF27
3FF2E
3FF37
3FF42
3FF4F
3FF5D
3FF6D
3FF7D
3FF8D
3FF9E
3FFAE
3FFBE
3FFCC
3FFDA
3FFE6
3FFEF
3FFF7
3FFFD
00000
00001
3FFFF
3FFFB
3FFF5
3FFEC
3FFE1
3FFD5
3FFC7
3FFB8
3FFA8
3FF97
3FF87
3FF76
3FF66
3FF57
3FF4A
3FF3D
3FF33
3FF2B
3FF25
3FF21
3FF20
3FF21
3FF24
3FF2A
3FF32
3FF3D
3FF49
3FF56
3FF65
3FF75
3FF86
3FF96
3FFA7
3FFB7
3FFC6
3FFD4
3FFE1
3FFEC
3FFF4
3FFFB
3FFFF
00001
00001
3FFFE
3FFF8
3FFF1
3FFE7
3FFDB
3FFCE
3FFBF
3FFAF
3FF9F
3FF8E
3FF7D
3FF6D
3FF5E
3FF4F
3FF42
3FF37
3FF2E
3FF27
3FF22
3FF1F
3FF1F
3FF22
3FF27
3FF2E
3FF37
3FF43
3FF50
3FF5E
3FF6E
3FF7E
3FF8F
3FF9F
3FFB0
3FFC0
3FFCE
3FFDC
3FFE7
3FFF1
3FFF9
3FFFE
00001
00002
00000
3FFFC
3FFF5
3FFEC
3FFE1
3FFD4
3FFC6
3FFB7
3FFA6
3FF96
3FF85
3FF74
3FF64
3FF55
3FF47
3FF3B
3FF31
3FF29
3FF23
3FF1F
3FF1E
3FF1F
3FF23
3FF2A
3FF32
3FF3D
3FF49
3FF57
3FF66
3FF76
3FF87
3FF98
3FFA9
3FFB9
3FFC8
3FFD6
3FFE3
3FFEE
3FFF6
3FFFD
00001
00003
00002
3FFFF
3FFF9
3FFF1
3FFE7
3FFDB
3FFCD
3FFBE
3FFAE
3FF9D
3FF8C
3FF7B
3FF6B
3FF5B
3FF4D
3FF40
3FF35
3FF2B
3FF24
3FF20
3FF1D
3FF1E
3FF20
3FF26
3FF2D
3FF37
3FF43
3FF50
3FF5F
3FF6F
3FF7F
3FF90
3FFA1
3FFB2
3FFC2
3FFD1
3FFDE
3FFEA
3FFF4
3FFFB
00000
00003
00004
00001
3FFFD
3FFF6
3FFEC
3FFE1
3FFD4
3FFC5
3FFB6
3FFA5
3FF94
3FF83
3FF72
3FF62
3FF53
3FF45
3FF39
3FF2E
3FF26
3FF20
3FF1D
3FF1C
3FF1E
3FF22
3FF28
3FF31
3FF3C
3FF49
3FF57
3FF67
3FF77
3FF88
3FF9A
3FFAB
3FFBB
3FFCA
3FFD9
3FFE5
3FFF0
3FFF9
3FFFF
00003
00005
00004
00000
3FFFA
3FFF2
3FFE7
3FFDB
3FFCD
3FFBD
3FFAD
3FF9C
3FF8A
3FF79
3FF69
3FF59
3FF4A
3FF3D
3FF32
3FF28
3FF21
3FF1D
3FF1B
3FF1B
3FF1E
3FF24
3FF2C
3FF36
3FF42
3FF50
3FF5F
3FF6F
3FF80
3FF92
3FFA3
3FFB4
3FFC4
3FFD3
3FFE1
3FFEC
3FFF6
3FFFE
00003
00006
00006
00003
3FFFE
3FFF7
3FFED
3FFE1
3FFD4
3FFC5
3FFB5
3FFA4
3FF92
3FF81
3FF70
3FF5F
3FF50
3FF42
3FF35
3FF2B
3FF23
3FF1D
3FF1A
3FF19
3FF1B
3FF20
3FF27
3FF30
3FF3B
3FF48
3FF57
3FF67
3FF78
3FF8A
3FF9B
3FFAD
3FFBD
3FFCD
3FFDB
3FFE8
3FFF3
3FFFC
00002
00006
00007
00006
00002
3FFFB
3FFF3
3FFE8
3FFDB
3FFCC
3FFBC
3FFAC
3FF9A
3FF88
3FF77
3FF66
3FF56
3FF47
3FF3A
3FF2E
3FF25
3FF1E
3FF1A
3FF18
3FF18
3FF1C
3FF22
3FF2A
3FF35
3FF41
3FF4F
3FF5F
3FF70
3FF81
3FF93
3FFA5
3FFB6
3FFC7
3FFD6
3FFE4
3FFF0
3FFF9
00001
00006
00008
00008
00005
00000
3FFF8
3FFEE
3FFE2
3FFD4
3FFC4
3FFB4
3FFA2
3FF90
3FF7E
3FF6D
3FF5C
3FF4C
3FF3E
3FF32
3FF27
3FF1F
3FF19
3FF16
3FF16
3FF18
3FF1D
3FF24
3FF2E
3FF3A
3FF48
3FF57
3FF67
3FF79
3FF8B
3FF9D
3FFAF
3FFC0
3FFD0
3FFDF
3FFEC
3FFF6
3FFFF
00005
00009
0000A
00009
00004
3FFFD
3FFF4
3FFE9
3FFDB
3FFCC
3FFBC
3FFAA
3FF98
3FF86
3FF74
3FF63
3FF52
3FF43
3FF35
3FF2A
3FF21
3FF1A
3FF15
3FF14
3FF15
3FF18
3FF1F
3FF28
3FF33
3FF40
3FF4F
3FF5F
3FF70
3FF82
3FF95
3FFA7
3FFB9
3FFC9
3FFD9
3FFE7
3FFF3
3FFFD
00005
0000A
0000C
0000B
00008
00002
3FFFA
3FFF0
3FFE3
3FFD4
3FFC4
3FFB3
3FFA1
3FF8E
3FF7C
3FF6A
3FF58
3FF48
3FF3A
3FF2D
3FF23
3FF1A
3FF15
3FF12
3FF12
3FF14
3FF19
3FF21
3FF2B
3FF38
3FF46
3FF56
3FF67
3FF79
3FF8C
3FF9F
3FFB1
3FFC3
3FFD3
3FFE2
3FFEF
3FFFA
00003
0000A
0000D
0000E
0000C
00007
00000
3FFF6
3FFEA
3FFDC
3FFCC
3FFBB
3FFA9
3FF96
3FF84
3FF71
3FF5F
3FF4E
3FF3F
3FF31
3FF25
3FF1C
3FF15
3FF10
3FF0F
3FF10
3FF14
3FF1B
3FF24
3FF30
3FF3E
3FF4D
3FF5E
3FF70
3FF83
3FF96
3FFA9
3FFBB
3FFCD
3FFDD
3FFEB
3FFF7
00001
00009
0000E
00010
0000F
0000C
00006
3FFFD
3FFF2
3FFE4
3FFD5
3FFC4
3FFB2
3FF9F
3FF8C
3FF79
3FF66
3FF54
3FF44
3FF35
3FF28
3FF1D
3FF15
3FF0F
3FF0C
3FF0C
3FF0F
3FF15
3FF1D
3FF28
3FF35
3FF44
3FF55
3FF67
3FF7A
3FF8D
3FFA1
3FFB4
3FFC6
3FFD7
3FFE6
3FFF4
3FFFF
00008
0000E
00012
00012
00010
0000B
00003
3FFF9
3FFEC
3FFDD
3FFCD
3FFBB
3FFA8
3FF94
3FF81
3FF6D
3FF5B
3FF49
3FF39
3FF2B
3FF1F
3FF15
3FF0E
3FF0A
3FF09
3FF0B
3FF0F
3FF16
3FF20
3FF2D
3FF3B
3FF4C
3FF5D
3FF70
3FF84
3FF98
3FFAB
3FFBE
3FFD0
3FFE1
3FFF0
3FFFC
00007
0000E
00013
00015
00014
00010
00009
00000
3FFF4
3FFE6
3FFD6
3FFC4
3FFB1
3FF9D
3FF89
3FF75
3FF62
3FF4F
3FF3E
3FF2F
3FF21
3FF16
3FF0E
3FF08
3FF06
3FF06
3FF09
3FF10
3FF18
3FF24
3FF32
3FF42
3FF53
3FF66
3FF7A
3FF8E
3FFA2
3FFB6
3FFC9
3FFDB
3FFEB
3FFF9
00005
0000E
00014
00017
00018
00015
00010
00007
3FFFC
3FFEE
3FFDF
3FFCD
3FFBB
3FFA7
3FF92
3FF7E
3FF69
3FF56
3FF44
3FF33
3FF24
3FF18
3FF0E
3FF07
3FF03
3FF02
3FF04
3FF09
3FF11
3FF1B
3FF28
3FF38
3FF49
3FF5C
3FF70
3FF84
3FF99
3FFAE
3FFC2
3FFD4
3FFE6
3FFF5
00002
0000D
00014
00019
0001B
0001A
00015
0000E
00004
3FFF7
3FFE8
3FFD7
3FFC4
3FFB0
3FF9C
3FF86
3FF71
3FF5D
3FF4A
3FF38
3FF28
3FF1A
3FF0F
3FF06
3FF00
3FEFE
3FEFE
3FF02
3FF09
3FF12
3FF1F
3FF2D
3FF3E
3FF51
3FF65
3FF7A
3FF8F
3FFA4
3FFB9
3FFCD
3FFE0
3FFF0
3FFFF
0000B
00014
0001B
0001E
0001E
0001B
00015
0000C
00000
3FFF2
3FFE1
3FFCE
3FFBA
3FFA5
3FF90
3FF7A
3FF65
3FF50
3FF3D
3FF2C
3FF1C
3FF0F
3FF05
3FEFE
3FEFA
3FEF9
3FEFB
3FF01
3FF09
3FF15
3FF23
3FF33
3FF46
3FF5A
3FF6F
3FF84
3FF9A
3FFB0
3FFC5
3FFD9
3FFEB
3FFFB
00009
00014
0001C
00021
00022
00021
0001C
00014
00009
3FFFB
3FFEB
3FFD9
3FFC5
3FFAF
3FF99
3FF83
3FF6D
3FF57
3FF43
3FF30
3FF1F
3FF11
3FF05
3FEFC
3FEF6
3FEF4
3FEF4
3FEF9
3FF00
3FF0A
3FF18
3FF28
3FF3A
3FF4E
3FF63
3FF79
3FF90
3FFA6
3FFBC
3FFD1
3FFE5
3FFF7
00006
00013
0001C
00023
00026
00026
00023
0001C
00012
00005
3FFF5
3FFE3
3FFD0
3FFBA
3FFA4
3FF8D
3FF76
3FF5F
3FF49
3FF35
3FF23
3FF12
3FF05
3FEFA
3FEF3
3FEEE
3FEEE
3FEF0
3FEF7
3FF00
3FF0C
3FF1B
3FF2D
3FF41
3FF56
3FF6D
3FF84
3FF9C
3FFB3
3FFC9
3FFDE
3FFF1
00002
00011
0001C
00025
0002A
0002B
00029
00024
0001B
0000F
00000
3FFEF
3FFDB
3FFC5
3FFAF
3FF97
3FF7F
3FF67
3FF50
3FF3A
3FF26
3FF15
3FF05
3FEF9
3FEEF
3FEE9
3FEE7
3FEE8
3FEED
3FEF5
3FF00
3FF0F
3FF20
3FF33
3FF49
3FF60
3FF78
3FF90
3FFA8
3FFC0
3FFD6
3FFEB
3FFFE
0000E
0001B
00026
0002D
00030
0002F
0002B
00024
00019
0000B
3FFFA
3FFE7
3FFD1
3FFBA
3FFA2
3FF89
3FF70
3FF58
3FF41
3FF2B
3FF17
3FF06
3FEF7
3FEEC
3FEE4
3FEE0
3FEDF
3FEE3
3FEE9
3FEF4
3FF01
3FF12
3FF25
3FF3A
3FF51
3FF6A
3FF83
3FF9C
3FFB5
3FFCD
3FFE4
3FFF8
0000B
0001A
00026
0002F
00034
00036
00033
0002D
00023
00016
00006
3FFF3
3FFDE
3FFC6
3FFAD
3FF94
3FF7A
3FF60
3FF47
3FF30
3FF1A
3FF07
3FEF6
3FEE9
3FEDF
3FED9
3FED6
3FED8
3FEDD
3FEE6
3FEF3
3FF02
3FF15
3FF2A
3FF42
3FF5B
3FF75
3FF8F
3FFA9
3FFC3
3FFDB
3FFF2
00006
00018
00026
00031
00038
0003C
0003B
00036
0002E
00022
00013
00000
3FFEB
3FFD3
3FFBA
3FFA0
3FF84
3FF69
3FF4F
3FF35
3FF1E
3FF08
3FEF6
3FEE6
3FEDA
3FED1
3FECD
3FECC
3FED0
3FED7
3FEE3
3FEF2
3FF04
3FF19
3FF30
3FF4A
3FF64
3FF80
3FF9C
3FFB7
3FFD1
3FFEA
00000
00014
00025
00032
0003C
00041
00043
00040
00039
0002E
00020
0000E
3FFF9
3FFE1
3FFC7
3FFAC
3FF90
3FF73
3FF57
3FF3C
3FF22
3FF0A
3FEF5
3FEE3
3FED4
3FEC9
3FEC2
3FEC0
3FEC1
3FEC7
3FED1
3FEDF
3FEF0
3FF05
3FF1D
3FF36
3FF52
3FF6F
3FF8C
3FFA9
3FFC5
3FFE0
3FFF9
0000F
00022
00032
0003E
00046
0004A
00049
00044
0003B
0002D
0001C
00008
3FFF0
3FFD6
3FFBA
3FF9C
3FF7E
3FF60
3FF42
3FF26
3FF0C
3FEF4
3FEDF
3FECE
3FEC0
3FEB6
3FEB1
3FEB1
3FEB4
3FEBD
3FEC9
3FEDA
3FEEE
3FF06
3FF20
3FF3C
3FF5A
3FF79
3FF98
3FFB6
3FFD3
3FFEF
00008
0001E
00031
00040
0004B
00051
00053
00050
00048
0003C
0002C
00018
00000
3FFE5
3FFC8
3FFAA
3FF8A
3FF6A
3FF4A
3FF2B
3FF0D
3FEF2
3FEDA
3FEC6
3FEB5
3FEA8
3FEA0
3FE9D
3FE9E
3FEA5
3FEB0
3FEBF
3FED2
3FEEA
3FF04
3FF21
3FF40
3FF61
3FF82
3FFA3
3FFC3
3FFE2
3FFFE
00018
0002E
00040
0004E
00057
0005C
0005C
00056
0004C
0003D
00029
00012
3FFF7
3FFD9
3FFB9
3FF97
3FF74
3FF51
3FF2F
3FF0E
3FEF0
3FED4
3FEBB
3FEA6
3FE96
3FE8A
3FE83
3FE82
3FE86
3FE8E
3FE9C
3FEAF
3FEC5
3FEE0
3FEFE
3FF1E
3FF41
3FF64
3FF88
3FFAC
3FFCE
3FFEE
0000C
00026
0003D
0004F
0005C
00064
00067
00064
0005C
0004F
0003C
00025
0000A
3FFEB
3FFC9
3FFA5
3FF7F
3FF59
3FF33
3FF0D
3FEEA
3FEC8
3FEAB
3FE91
3FE7B
3FE6A
3FE5F
3FE59
3FE59
3FE5F
3FE6B
3FE7B
3FE91
3FEAC
3FECA
3FEEC
3FF11
3FF37
3FF5F
3FF86
3FFAE
3FFD3
3FFF6
00016
00033
0004A
0005D
0006A
00072
00073
0006E
00063
00052
0003C
00020
00000
3FFDC
3FFB4
3FF8A
3FF5F
3FF33
3FF07
3FEDC
3FEB3
3FE8D
3FE6B
3FE4E
3FE35
3FE22
3FE16
3FE0F
3FE0F
3FE16
3FE23
3FE37
3FE50
3FE6F
3FE92
3FEB9
3FEE3
3FF10
3FF3E
3FF6C
3FF99
3FFC5
3FFEE
00013
00034
00050
00066
00075
0007E
0007F
00079
0006C
00057
0003C
0001A
3FFF2
3FFC5
3FF94
3FF60
3FF28
3FEF0
3FEB7
3FE7F
3FE49
3FE16
3FDE8
3FDBD
3FD99
3FD7C
3FD65
3FD57
3FD50
3FD52
3FD5B
3FD6E
3FD87
3FDA9
3FDD1
3FDFF
3FE32
3FE69
3FEA3
3FEDF
3FF1C
3FF58
3FF91
3FFC8
3FFFA
00025
0004A
00067
0007B
00085
00085
00079
00063
00040
00012
3FFD8
3FF93
3FF44
3FEEA
3FE87
3FE1C
3FDA9
3FD2F
3FCB1
3FC2E
3FBA9
3FB23
3FA9C
3FA17
3F994
3F915
3F89A
3F825
3F7B6
3F74F
3F6EE
3F695
3F643
3F5F8
3F5B3
3F573
3F536
3F4FD
3F4CF
3F4CD
3F5FD
3ED38
3DFAA
38EAA
0AE36
02A24
02482
00CB4
0318C
3F12E
3F64D
3CC96
391BD
09FC8
03342
3756A
3E7DE
39A25
3F989
3D65B
00961
3E696
03B82
00F59
03370
0124E
03866
0050E
0278F
3C8BE
3A575
0AE67
040DD
3C8D1
02493
0EDE3
3E0E8
3FD60
3DCBE
3C487
063BD
01AD3
00079
00E94
064A9
3E51A
3DF69
0024D
000B0
3D1EC
3E10B
3F9F6
3DD5E
3C588
3C46C
35795
04CDD
3F37E
050BE
01195
3FA35
3F466
38AFA
01CBC
00AE0
01959
02D6A
39E23
3E46E
3E227
3E623
396DC
009AE
3E60B
02757
0192C
3FA74
005A6
06C63
0198C
0536D
3F588
3E034
052F9
06983
34605
3DF1C
3E570
3F083
3A8E2
02159
011BA
01F21
0194B
03526
02F07
393A6
03BAD
0BC4A
0158A
07FF5
3AC02
00479
3BD13
3FB63
2E37F
3FB23
3C6B8
033F6
042C4
0010B
02240
3DA8A
008DA
0D8F4
01727
01497
023D2
03F27
3EE60
011CC
3D4DE
3FCD3
3C557
002F5
00A82
3FBFB
3FBD8
000EC
00572
3C888
3E95D
39391
3ED5E
00130
3C92E
3A01E
0291D
3E597
06CCD
00DF2
3A080
00A18
03342
3E2D1
3F630
3D1C5
3C948
083A7
01091
02063
3FDF5
3DE0B
01E79
02752
3E70F
3FE72
3F478
3FC03
39206
0058E
3EE3F
01436
00A58
01493
01497
3D856
3FB67
3CB7C
0017C
007F5
3DF84
3ABC3
06CC9
016B8
06738
020F9
025B5
0147F
01D30
00D5B
0241C
3D1B5
3E9B8
0499E
00E82
01FC4
00C92
01EE3
00FBF
04907
37D33
3CE19
3F0C5
3DF59
38170
3E1AC
3844C
02FD8
3EFE0
05306
023CB
3F177
007A5
3E467
00D5D
018EE
3E805
3D08B
049AF
01086
03CBE
01450
053AD
3FEE2
02109
3D403
3D144
02234
000B7
00690
00132
0228B
00371
03BD6
3CE13
3FA61
3BD96
3E4C9
3D85C
3F5B1
03B1E
3F913
039A0
3CAEB
0021E
3A91D
3E4B0
35CEF
3CE2E
3526D
00812
3EB6B
011C2
3FCAB
03648
01CCB
3FF84
01BCF
07C05
3F7D4
00E29
3E592
3D245
0633A
01B33
02C5E
01314
03581
3FCD3
007F0
3F15F
3FBF1
3CDB8
3D72B
120E7
011C1
0875A
3D013
006E2
38F78
3893F
05956
3F124
3EF51
3D746
3720F
00A05
0120A
3CD05
3D95B
3F154
3E33C
0988D
3F5B5
000F6
3DEDB
3B0D7
03D0D
01B71
3FC19
00785
081B6
0216A
096CB
3DE73
3F269
00840
0200A
37A42
3D1B3
01C96
3D482
39A5F
3D79B
37913
04C6A
3E0E9
0AA75
02464
39F5F
002A5
017DF
3D574
3A28B
03DC8
006AB
00DFE
3FDC8
02278
3FE27
038B9
3CD8B
3D0FC
3EB1E
3D886
02945
3F86B
0235F
3F533
0245C
3BF43
394AE
03C5B
3F0CC
083C8
01F9E
34F51
01AF0
013C3
02E68
06741
3A9CF
3F28C
3CC98
3F160
00C3D
3F839
00842
3DFC8
3BC22
04094
007A7
04C27
0169C
0271E
0086A
3F50A
01C72
02B9A
3DC3F
3F830
3F4B0
3FB85
003B6
0038A
04A93
3A5F5
36E8B
09567
0292A
020A3
01495
3F6F4
020DA
0701F
3D1E0
3F4EC
3DAE3
3E17D
02ADE
3F990
02039
3DA28
37895
03B79
014B5
00D7E
00907
3F51A
3FF40
02555
3EFDE
3DA4E
001C0
3EECB
00AB7
3F7EC
3FD72
3E8B6
341A4
00078
3E67C
3EBEE
3B9C1
05C20
009E4
0500F
00585
3C9BE
3F840
3B864
02F09
01048
01195
00CA7
3E03D
001E9
0652E
3DEC5
3CE9C
3F80E
3D892
03041
004D4
3FAF6
3F481
3BC5C
3FFDC
3FBE6
3EBF6
3DB65
01DDB
3ED6E
1000E
0202F
3D56D
0463E
0C1FB
39724
3F85A
38B25
3C6F1
02E9B
3E18B
37299
00FC8
01716
3E506
3E603
01654
3FB7B
07493
00ABD
3D2A6
02294
0364D
3F9C2
01513
3D663
3F282
06CD1
004B8
3C4D0
01845
001E8
01F9D
00B30
048A7
02E26
3936F
01593
3E19D
0611D
1054A
3384C
3A49F
019BA
3F633
3AEE3
3ED13
3E632
3F557
3F9CD
3E72A
3E603
0073A
3F51A
01DFB
3F6D1
3FA65
3F418
3F748
3F39B
3F80A
3F17B
3FA78
3B0DF
0012E
01FEF
01218
06B2E
39EDD
018A4
2D0BF
395C8
03BC2
3BAE7
39F5A
3C7E4
39797
015C5
3E83F
006C7
3EDDC
3EC33
3EBBB
01ABB
3B6C0
3835A
03E54
3FC51
02611
0041F
37F88
2BD27
36B8B
038EE
06D2B
37B06
3F2C5
2FDE0
256FC
2D9FD
36487
2D518
2E5E3
3E359
05DDD
0F331
0A183
0556A
3BCF8
02723
0E850
09A31
36DAB
3C06B
3B692
09057
360E9
3C141
318B7
09536
39716
3969F
36AF7
09FAD
03916
3EEF6
07E63
3CCFF
3E658
3D93C
33575
35AA4
0EDF0
33DF8
3B8C7
04EE9
3B990
331A1
3854A
0771B
3B802
3F3D6
338FF
0F7FA
173B0
0C32A
36823
3E5C1
01B77
32055
0BD24
31E6F
006EC
03C50
0081F
0834A
3CE45
39623
34488
0CDE7
0115E
3FE75
08DE6
2F126
08689
2FD50
05599
0BB88
06130
37854
3D0DA
14C30
2FBF0
05E96
3D63E
3CCCF
3BB45
0DE82
078CA
04F4C
00225
013FB
3C1D3
0EE26
38470
0ABDD
3AC34
36392
3FA33
380BC
3763C
11D9E
101B5
3C3A4
38D2F
00CEB
35762
03FEA
32E26
0FAED
383C3
0A107
09890
00D7F
0356F
2CB04
3E9CE
0A4F4
0316E
092F0
01E97
01E99
27534
0CBE2
33E7A
3B4A7
30684
308CD
0D92E
3B28E
05E88
34E61
3BB3C
3B9F5
0988F
3D11F
38DE4
3540B
01A9D
3E416
3ECDB
3A5ED
05F5F
1103D
04B02
38741
389F5
33851
3B6A3
14064
06B44
06A88
02511
069B0
37C62
0FB3A
31583
05858
02BB9
0175E
35322
2D3A1
0DE04
0012D
348B1
04EB8
3F54F
08F65
0187D
3E61D
13E80
001A9
3D9F5
3B2BD
04FC8
3FF08
36BE2
0CA19
09897
001E8
3AC1A
0EB8A
2D17A
0DCFF
3CD25
3CB2A
3F883
09D9A
3AD56
17293
00A1C
31258
054C0
04422
38FE9
29A64
04B42
0C229
05DD1
386DE
37059
0AE7B
38E89
38F65
2BCE3
307BF
3C6D8
00B3D
2D57A
0A930
05B12
30178
0690F
000B4
0AA93
07314
01E83
38036
3C793
04210
012D2
0349E
32E9E
16342
38532
3C42D
04FE0
07FA9
3ECD7
3029C
05F1B
0969A
3CBE6
033F8
0BD32
08A2F
301A8
3D685
38B40
04723
3E847
395C3
0DBFD
26B70
05AC1
09E2B
3987C
3EF43
3D602
3E6EC
15765
0C778
3AEF2
3C677
3DB28
3DBCE
34FA5
137D8
3E6B5
3597F
02AC0
0143D
10C07
3954B
31192
073FE
3756C
3C82E
319BE
303F8
01A2A
3A055
0C5A6
05BF9
03EDC
0D27D
1457D
1D358
07F92
3F4F0
029BB
00A0F
1180D
355AD
279CD
3E840
36C98
00131
3D6DD
026D9
0D0ED
34FC2
34F10
2EF90
3944B
2F59D
3B837
332B6
09D21
3F91D
38F6B
3C52D
3E761
0E65F
3E381
2CC0B
0A172
3D6C3
3F628
35A0D
0F76A
0F16C
3DA97
038AE
043AF
09C09
3FB32
3DB41
3CAA8
040C2
023FE
021F4
05538
07F9E
323EF
1247C
012E9
3631C
3DFE0
367D3
29340
2ADA6
39EE5
117C3
3E42F
00003
066D9
046F9
0177F
16A75
0C656
3FA95
00509
0C5ED
2C1AD
15DF3
30D54
00DE9
01E7E
032DA
0285A
1661A
3EFA1
30DC7
36A43
3C37D
33993
3C24D
09ACA
3283F
3EB15
06280
05B61
3B4E5
3A186
3FD93
3084D
065BD
01D8D
01758
07397
3F240
0B621
3235C
380BB
03A65
03772
1450C
0C157
33367
3A8F2
31C6B
3A5E0
30EFD
3CD5D
28631
01B40
3CD72
07B2F
038E4
3F4AA
1134A
1CE5E
13A05
07BDE
00CF6
05AB4
01B08
3BF5E
2AE05
3CFEB
31464
3AF1C
33463
01161
3A188
3FE24
00717
0A1C3
01B9E
35DE5
2EC25
0FAB4
35D10
03CCB
03943
01082
0E750
33F06
03A2B
04314
05C2D
02D88
04C6B
039B3
08075
2DD7B
033A8
3DBCD
02077
3B658
0E0A6
0E52D
3ED51
36805
34B2F
3E6FE
00CF6
0EBEA
363C1
3AB78
05C1D
01C2A
00296
08DF1
2EFC9
2679E
2EFF5
03E45
02D63
009AA
3A26F
0C79E
13941
0848D
01341
01C2E
3A357
057A0
11DFF
30BD3
082D4
37C66
3FC82
0ADAD
3166B
16687
010DB
3AC47
3111D
37166
05FDC
399A1
39E03
38C8B
024DA
3D595
00095
32ABA
11840
2B987
08402
34929
3E51C
36A2C
3E111
18D1E
3FBF0
2F474
3C6D5
3FD91
01F77
0CF17
2E8DC
0A5DD
3B1BA
0C7AD
073EA
398E8
16FEF
06C95
12A6E
06E97
3A96B
3D89F
0BDC0
2FA30
378E7
2B317
01409
00295
031C4
058BB
26C0C
0D52F
3FBE0
01CE5
3E339
0376D
2CBC6
3850F
38861
0A298
0E2C7
3EB4F
0082A
00CDE
00D8C
00D00
00BFA
00ABE
00969
0080B
006AC
00555
0040A
002CF
001A8
0009A
3FFA5
3FECE
3FE16
3FD7F
3FD09
3FCB5
3FC83
3FC71
3FC80
3FCAC
3FCF4
3FD54
3FDCB
3FE54
3FEEC
3FF8F
00039
000E7
00193
0023C
002DC
00371
003F8
0046E
004D0
0051E
00556
00577
00580
00573
0054F
00516
004CA
0046C
003FF
00385
00301
00276
001E7
00157
000C9
00041
3FFC0
3FF4A
3FEE0
3FE85
3FE3A
3FE00
3FDD9
3FDC5
3FDC3
3FDD3
3FDF6
3FE28
3FE69
3FEB8
3FF11
3FF74
3FFDC
00049
000B6
00123
0018C
001EE
00248
00299
002DD
00313
0033B
00354
0035D
00356
00340
0031B
002E8
002A8
0025D
00208
001AC
0014B
000E6
00080
0001C
3FFBB
3FF5F
3FF0A
3FEBF
3FE7E
3FE49
3FE21
3FE07
3FDFA
3FDFC
3FE0B
3FE28
3FE51
3FE86
3FEC4
3FF0B
3FF58
3FFAB
00000
00056
000AB
000FE
0014B
00192
001D0
00205
00230
0024E
00261
00267
00260
0024D
0022E
00203
001CF
00191
0014C
00101
000B1
0005F
0000C
3FFBA
3FF6B
3FF21
3FEDD
3FEA0
3FE6D
3FE43
3FE24
3FE10
3FE08
3FE0B
3FE1B
3FE35
3FE59
3FE87
3FEBE
3FEFB
3FF3E
3FF85
3FFCF
00019
00062
000A8
000EA
00127
0015C
00189
001AD
001C7
001D6
001DA
001D4
001C3
001A7
00182
00154
0011E
000E1
000A0
0005A
00013
3FFCB
3FF83
3FF3F
3FEFE
3FEC3
3FE8E
3FE61
3FE3D
3FE23
3FE12
3FE0C
3FE10
3FE1E
3FE36
3FE58
3FE81
3FEB2
3FEEA
3FF26
3FF66
3FFA7
3FFEA
0002C
0006B
000A6
000DD
0010D
00135
00156
0016D
0017B
0017F
0017A
0016A
00152
00130
00107
000D7
000A0
00065
00026
3FFE6
3FFA5
3FF64
3FF26
3FEEB
3FEB5
3FE86
3FE5D
3FE3C
3FE24
3FE14
3FE0F
3FE12
3FE1F
3FE35
3FE53
3FE79
3FEA5
3FED8
3FF0F
3FF4A
3FF86
3FFC3
00000
0003A
00072
000A4
000D1
000F7
00116
0012C
0013A
0013F
0013B
0012D
00118
000FA
000D4
000A8
00077
00040
00007
3FFCB
3FF8F
3FF53
3FF19
3FEE3
3FEB0
3FE84
3FE5D
3FE3E
3FE26
3FE17
3FE11
3FE13
3FE1E
3FE32
3FE4D
3FE70
3FE99
3FEC7
3FEFA
3FF31
3FF69
3FFA2
3FFDB
00012
00046
00076
000A1
000C6
000E4
000FA
00108
0010E
0010C
00101
000EE
000D3
000B1
00089
0005B
00029
3FFF3
3FFBC
3FF84
3FF4B
3FF15
3FEE1
3FEB1
3FE86
3FE61
3FE42
3FE2B
3FE1C
3FE14
3FE15
3FE1E
3FE2F
3FE47
3FE67
3FE8C
3FEB8
3FEE7
3FF1A
3FF4F
3FF85
3FFBB
3FFEF
00021
0004F
00079
0009D
000BA
000D1
000E0
000E7
000E7
000DE
000CE
000B6
00097
00073
00048
0001A
3FFE8
3FFB4
3FF7F
3FF49
3FF15
3FEE4
3FEB5
3FE8C
3FE67
3FE49
3FE31
3FE21
3FE18
3FE17
3FE1E
3FE2D
3FE42
3FE5F
3FE81
3FEA9
3FED5
3FF05
3FF37
3FF6A
3FF9E
3FFD0
00000
0002D
00056
00079
00097
000AE
000BF
000C7
000C9
000C2
000B5
000A0
00084
00063
0003C
00011
3FFE2
3FFB1
3FF7E
3FF4B
3FF19
3FEE9
3FEBC
3FE93
3FE6F
3FE51
3FE39
3FE27
3FE1D
3FE1A
3FE1F
3FE2B
3FE3E
3FE57
3FE77
3FE9C
3FEC5
3FEF2
3FF21
3FF52
3FF83
3FFB4
3FFE2
0000E
00036
0005A
00078
00090
000A2
000AC
000AF
000AB
000A0
0008E
00076
00057
00033
0000B
3FFDF
3FFB1
3FF80
3FF50
3FF20
3FEF1
3FEC5
3FE9D
3FE79
3FE5A
3FE41
3FE2F
3FE23
3FE1E
3FE21
3FE2A
3FE3A
3FE51
3FE6E
3FE90
3FEB6
3FEE0
3FF0D
3FF3C
3FF6B
3FF9A
3FFC7
3FFF2
0001A
0003E
0005C
00075
00088
00094
00099
00098
0008F
00080
0006A
0004E
0002D
00008
3FFDF
3FFB3
3FF85
3FF56
3FF28
3FEFA
3FECF
3FEA7
3FE83
3FE64
3FE4A
3FE37
3FE29
3FE23
3FE23
3FE2A
3FE38
3FE4C
3FE66
3FE85
3FEA8
3FED0
3FEFA
3FF27
3FF54
3FF82
3FFAE
3FFD9
00000
00024
00043
0005D
00071
0007E
00086
00086
00080
00073
00060
00047
00029
00006
3FFE0
3FFB6
3FF8A
3FF5E
3FF31
3FF04
3FEDA
3FEB2
3FE8E
3FE6F
3FE54
3FE3F
3FE30
3FE28
3FE26
3FE2B
3FE36
3FE47
3FE5E
3FE7B
3FE9C
3FEC1
3FEE9
3FF14
3FF3F
3FF6B
3FF97
3FFC1
3FFE8
0000C
0002B
00046
0005B
0006B
00074
00076
00073
00068
00058
00042
00026
00006
3FFE2
3FFBB
3FF91
3FF66
3FF3A
3FF0F
3FEE6
3FEBE
3FE9A
3FE7A
3FE5E
3FE48
3FE38
3FE2E
3FE2A
3FE2C
3FE35
3FE43
3FE58
3FE72
3FE91
3FEB3
3FED9
3FF02
3FF2C
3FF57
3FF81
3FFAA
3FFD1
3FFF5
00015
00031
00047
00058
00063
00068
00067
0005F
00051
0003D
00025
00007
3FFE5
3FFC0
3FF98
3FF6F
3FF45
3FF1A
3FEF1
3FECA
3FEA6
3FE86
3FE69
3FE52
3FE40
3FE34
3FE2E
3FE2E
3FE34
3FE41
3FE53
3FE6A
3FE86
3FEA7
3FECB
3FEF1
3FF1A
3FF43
3FF6C
3FF95
3FFBB
3FFDF
00000
0001C
00034
00047
00054
0005A
0005B
00056
0004B
0003A
00023
00008
3FFE8
3FFC5
3FFA0
3FF78
3FF4F
3FF26
3FEFE
3FED7
3FEB3
3FE92
3FE75
3FE5C
3FE49
3FE3B
3FE33
3FE31
3FE35
3FE3F
3FE4E
3FE63
3FE7D
3FE9B
3FEBD
3FEE2
3FF08
3FF30
3FF59
3FF80
3FFA7
3FFCB
3FFEC
00009
00022
00036
00045
0004D
00050
0004D
00045
00036
00022
00009
3FFEC
3FFCB
3FFA7
3FF81
3FF5A
3FF32
3FF0A
3FEE4
3FEBF
3FE9E
3FE80
3FE66
3FE52
3FE42
3FE38
3FE34
3FE36
3FE3D
3FE4B
3FE5D
3FE75
3FE90
3FEB0
3FED3
3FEF8
3FF1F
3FF46
3FF6D
3FF93
3FFB7
3FFD9
3FFF7
00011
00026
00036
00041
00046
00045
0003F
00033
00021
0000B
3FFF0
3FFD1
3FFAF
3FF8A
3FF64
3FF3D
3FF16
3FEF0
3FECC
3FEAA
3FE8C
3FE71
3FE5B
3FE4A
3FE3E
3FE38
3FE38
3FE3D
3FE48
3FE58
3FE6D
3FE87
3FEA4
3FEC5
3FEE9
3FF0E
3FF34
3FF5B
3FF81
3FFA5
3FFC6
3FFE5
00000
00017
00028
00035
0003C
0003D
00039
0002F
00020
0000C
3FFF3
3FFD6
3FFB6
3FF93
3FF6F
3FF49
3FF23
3FEFD
3FED9
3FEB7
3FE98
3FE7C
3FE65
3FE52
3FE45
3FE3D
3FE3A
3FE3D
3FE46
3FE54
3FE66
3FE7E
3FE9A
3FEB9
3FEDB
3FEFF
3FF24
3FF49
3FF6F
3FF93
3FFB5
3FFD4
3FFF0
00007
0001B
00029
00032
00035
00033
0002C
0001F
0000D
3FFF7
3FFDC
3FFBE
3FF9C
3FF79
3FF54
3FF2F
3FF0A
3FEE6
3FEC4
3FEA4
3FE88
3FE6F
3FE5B
3FE4C
3FE42
3FE3D
3FE3E
3FE44
3FE50
3FE61
3FE76
3FE90
3FEAD
3FECD
3FEF0
3FF14
3FF38
3FF5D
3FF81
3FFA3
3FFC3
3FFE0
3FFF9
0000D
0001D
00028
0002E
0002E
00028
0001E
0000E
3FFFA
3FFE1
3FFC5
3FFA5
3FF83
3FF60
3FF3B
3FF17
3FEF3
3FED0
3FEB0
3FE93
3FE7A
3FE64
3FE53
3FE48
3FE41
3FE40
3FE44
3FE4D
3FE5C
3FE6F
3FE86
3FEA2
3FEC0
3FEE2
3FF04
3FF28
3FF4D
3FF70
3FF92
3FFB3
3FFD0
3FFEA
00000
00012
0001E
00026
00028
00025
0001C
0000F
3FFFD
3FFE6
3FFCB
3FFAE
3FF8D
3FF6B
3FF47
3FF23
3FF00
3FEDD
3FEBD
3FE9F
3FE84
3FE6E
3FE5B
3FE4E
3FE45
3FE42
3FE44
3FE4B
3FE57
3FE69
3FE7E
3FE98
3FEB5
3FED4
3FEF6
3FF19
3FF3C
3FF60
3FF82
3FFA3
3FFC1
3FFDC
3FFF3
00006
00014
0001E
00022
00021
0001B
0000F
3FFFF
3FFEB
3FFD2
3FFB6
3FF97
3FF76
3FF53
3FF30
3FF0D
3FEEA
3FEC9
3FEAB
3FE8F
3FE78
3FE64
3FE55
3FE4A
3FE45
3FE45
3FE4A
3FE54
3FE63
3FE77
3FE8E
3FEA9
3FEC7
3FEE8
3FF0A
3FF2D
3FF50
3FF72
3FF93
3FFB2
3FFCD
3FFE6
3FFFA
0000A
00015
0001C
0001D
00019
0000F
00001
3FFEF
3FFD8
3FFBE
3FFA0
3FF80
3FF5F
3FF3C
3FF19
3FEF7
3FED6
3FEB7
3FE9B
3FE82
3FE6D
3FE5C
3FE50
3FE48
3FE46
3FE49
3FE51
3FE5E
3FE70
3FE85
3FE9F
3FEBC
3FEDB
3FEFC
3FF1E
3FF40
3FF62
3FF83
3FFA3
3FFBF
3FFD9
3FFEE
00000
0000D
00015
00018
00016
0000F
00003
3FFF3
3FFDE
3FFC5
3FFA9
3FF8B
3FF6A
3FF48
3FF26
3FF04
3FEE3
3FEC3
3FEA6
3FE8C
3FE76
3FE63
3FE56
3FE4C
3FE48
3FE49
3FE4F
3FE5A
3FE6A
3FE7D
3FE95
3FEB0
3FECE
3FEEE
3FF0F
3FF31
3FF53
3FF74
3FF94
3FFB1
3FFCC
3FFE3
3FFF6
00004
0000E
00013
00013
0000E
00005
3FFF6
3FFE3
3FFCC
3FFB2
3FF95
3FF75
3FF54
3FF33
3FF11
3FEF0
3FED0
3FEB2
3FE97
3FE7F
3FE6C
3FE5C
3FE51
3FE4B
3FE4A
3FE4E
3FE57
3FE64
3FE76
3FE8C
3FEA6
3FEC2
3FEE1
3FF01
3FF23
3FF44
3FF65
3FF85
3FFA3
3FFBF
3FFD7
3FFEB
3FFFC
00007
0000E
00010
0000D
00006
3FFF9
3FFE8
3FFD3
3FFBA
3FF9E
3FF80
3FF60
3FF3F
3FF1D
3FEFC
3FEDC
3FEBE
3FEA2
3FE89
3FE74
3FE63
3FE56
3FE4E
3FE4B
3FE4D
3FE54
3FE60
3FE70
3FE84
3FE9C
3FEB7
3FED4
3FEF4
3FF14
3FF36
3FF57
3FF77
3FF95
3FFB2
3FFCB
3FFE1
3FFF3
00000
00009
0000D
0000C
00006
3FFFC
3FFED
3FFD9
3FFC2
3FFA8
3FF8B
3FF6C
3FF4B
3FF2A
3FF09
3FEE9
3FECA
3FEAD
3FE94
3FE7D
3FE6B
3FE5C
3FE52
3FE4D
3FE4D
3FE52
3FE5C
3FE6A
3FE7C
3FE92
3FEAC
3FEC8
3FEE7
3FF07
3FF28
3FF48
3FF69
3FF88
3FFA5
3FFBF
3FFD6
3FFE9
3FFF8
00003
00009
0000A
00006
3FFFE
3FFF1
3FFDF
3FFCA
3FFB1
3FF95
3FF77
3FF57
3FF37
3FF16
3FEF6
3FED6
3FEB9
3FE9E
3FE87
3FE73
3FE63
3FE57
3FE50
3FE4E
3FE51
3FE58
3FE64
3FE75
3FE89
3FEA2
3FEBD
3FEDA
3FEF9
3FF1A
3FF3A
3FF5B
3FF7A
3FF98
3FFB3
3FFCB
3FFE0
3FFF0
3FFFD
00005
00008
00006
3FFFF
3FFF4
3FFE5
3FFD1
3FFBA
3FF9F
3FF82
3FF63
3FF43
3FF23
3FF02
3FEE3
3FEC5
3FEA9
3FE90
3FE7B
3FE69
3FE5C
3FE53
3FE4F
3FE50
3FE56
3FE60
3FE6F
3FE81
3FE98
3FEB2
3FECE
3FEEC
3FF0C
3FF2C
3FF4D
3FF6C
3FF8B
3FFA7
3FFC0
3FFD6
3FFE8
3FFF6
00000
00005
00005
00001
3FFF7
3FFEA
3FFD8
3FFC2
3FFA9
3FF8D
3FF6F
3FF50
3FF2F
3FF0F
3FEEF
3FED1
3FEB4
3FE9B
3FE84
3FE71
3FE62
3FE57
3FE51
3FE50
3FE54
3FE5C
3FE69
3FE7A
3FE8F
3FEA7
3FEC2
3FEE0
3FEFF
3FF1F
3FF3F
3FF5F
3FF7D
3FF9A
3FFB5
3FFCC
3FFE0
3FFEF
3FFFB
00002
00004
00001
3FFFA
3FFEE
3FFDE
3FFCA
3FFB2
3FF98
3FF7B
3FF5C
3FF3C
3FF1C
3FEFC
3FEDD
3FEC0
3FEA5
3FE8D
3FE79
3FE68
3FE5C
3FE54
3FE51
3FE52
3FE59
3FE64
3FE73
3FE86
3FE9D
3FEB7
3FED3
3FEF2
3FF11
3FF31
3FF51
3FF70
3FF8E
3FFA9
3FFC2
3FFD7
3FFE8
3FFF5
3FFFE
00002
00002
3FFFC
3FFF2
3FFE4
3FFD1
3FFBB
3FFA2
3FF86
3FF68
3FF49
3FF29
3FF09
3FEE9
3FECC
3FEB0
3FE97
3FE81
3FE6F
3FE61
3FE57
3FE52
3FE52
3FE56
3FE5F
3FE6D
3FE7E
3FE94
3FEAC
3FEC8
3FEE5
3FF04
3FF24
3FF44
3FF63
3FF81
3FF9E
3FFB7
3FFCE
3FFE1
3FFEF
3FFFA
00000
00001
3FFFE
3FFF6
3FFE9
3FFD8
3FFC4
3FFAC
3FF91
3FF74
3FF55
3FF35
3FF15
3FEF6
3FED8
3FEBB
3FEA1
3FE8A
3FE76
3FE66
3FE5B
3FE54
3FE52
3FE54
3FE5B
3FE67
3FE77
3FE8B
3FEA2
3FEBC
3FED9
3FEF7
3FF17
3FF37
3FF56
3FF75
3FF92
3FFAD
3FFC4
3FFD9
3FFE9
3FFF5
3FFFD
00001
3FFFF
3FFF9
3FFEE
3FFDF
3FFCC
3FFB5
3FF9C
3FF80
3FF61
3FF42
3FF22
3FF03
3FEE4
3FEC6
3FEAB
3FE93
3FE7E
3FE6D
3FE5F
3FE57
3FE52
3FE53
3FE58
3FE62
3FE70
3FE82
3FE98
3FEB1
3FECD
3FEEB
3FF0A
3FF2A
3FF49
3FF68
3FF86
3FFA2
3FFBB
3FFD0
3FFE2
3FFF1
3FFFA
3FFFF
00000
3FFFB
3FFF3
3FFE5
3FFD4
3FFBF
3FFA6
3FF8B
3FF6E
3FF4F
3FF2F
3FF0F
3FEF0
3FED2
3FEB6
3FE9D
3FE86
3FE73
3FE64
3FE5A
3FE54
3FE52
3FE56
3FE5E
3FE6A
3FE7B
3FE8F
3FEA7
3FEC1
3FEDE
3FEFD
3FF1C
3FF3C
3FF5C
3FF7A
3FF96
3FFB1
3FFC8
3FFDB
3FFEB
3FFF7
3FFFE
00000
3FFFE
3FFF7
3FFEB
3FFDB
3FFC8
3FFB1
3FF96
3FF7A
3FF5C
3FF3C
3FF1C
3FEFD
3FEDE
3FEC1
3FEA7
3FE8F
3FE7B
3FE6A
3FE5E
3FE56
3FE52
3FE54
3FE5A
3FE64
3FE73
3FE86
3FE9D
3FEB6
3FED2
3FEF0
3FF0F
3FF2F
3FF4F
3FF6E
3FF8B
3FFA6
3FFBF
3FFD4
3FFE5
3FFF3
3FFFB
00000
3FFFF
3FFFA
3FFF1
3FFE2
3FFD0
3FFBB
3FFA2
3FF86
3FF68
3FF49
3FF2A
3FF0A
3FEEB
3FECD
3FEB1
3FE98
3FE82
3FE70
3FE62
3FE58
3FE53
3FE52
3FE57
3FE5F
3FE6D
3FE7E
3FE93
3FEAB
3FEC6
3FEE4
3FF03
3FF22
3FF42
3FF61
3FF80
3FF9C
3FFB5
3FFCC
3FFDF
3FFEE
3FFF9
3FFFF
00001
3FFFD
3FFF5
3FFE9
3FFD9
3FFC4
3FFAD
3FF92
3FF75
3FF56
3FF37
3FF17
3FEF7
3FED9
3FEBC
3FEA2
3FE8B
3FE77
3FE67
3FE5B
3FE54
3FE52
3FE54
3FE5B
3FE66
3FE76
3FE8A
3FEA1
3FEBB
3FED8
3FEF6
3FF15
3FF35
3FF55
3FF74
3FF91
3FFAC
3FFC4
3FFD8
3FFE9
3FFF6
3FFFE
00001
00000
3FFFA
3FFEF
3FFE1
3FFCE
3FFB7
3FF9E
3FF81
3FF63
3FF44
3FF24
3FF04
3FEE5
3FEC8
3FEAC
3FE94
3FE7E
3FE6D
3FE5F
3FE56
3FE52
3FE52
3FE57
3FE61
3FE6F
3FE81
3FE97
3FEB0
3FECC
3FEE9
3FF09
3FF29
3FF49
3FF68
3FF86
3FFA2
3FFBB
3FFD1
3FFE4
3FFF2
3FFFC
00002
00002
3FFFE
3FFF5
3FFE8
3FFD7
3FFC2
3FFA9
3FF8E
3FF70
3FF51
3FF31
3FF11
3FEF2
3FED3
3FEB7
3FE9D
3FE86
3FE73
3FE64
3FE59
3FE52
3FE51
3FE54
3FE5C
3FE68
3FE79
3FE8D
3FEA5
3FEC0
3FEDD
3FEFC
3FF1C
3FF3C
3FF5C
3FF7B
3FF98
3FFB2
3FFCA
3FFDE
3FFEE
3FFFA
00001
00004
00002
3FFFB
3FFEF
3FFE0
3FFCC
3FFB5
3FF9A
3FF7D
3FF5F
3FF3F
3FF1F
3FEFF
3FEE0
3FEC2
3FEA7
3FE8F
3FE7A
3FE69
3FE5C
3FE54
3FE50
3FE51
3FE57
3FE62
3FE71
3FE84
3FE9B
3FEB4
3FED1
3FEEF
3FF0F
3FF2F
3FF50
3FF6F
3FF8D
3FFA9
3FFC2
3FFD8
3FFEA
3FFF7
00001
00005
00005
00000
3FFF6
3FFE8
3FFD6
3FFC0
3FFA7
3FF8B
3FF6C
3FF4D
3FF2C
3FF0C
3FEEC
3FECE
3FEB2
3FE98
3FE81
3FE6F
3FE60
3FE56
3FE50
3FE4F
3FE53
3FE5C
3FE69
3FE7B
3FE90
3FEA9
3FEC5
3FEE3
3FF02
3FF23
3FF43
3FF63
3FF82
3FF9F
3FFBA
3FFD1
3FFE5
3FFF4
3FFFF
00006
00008
00005
3FFFD
3FFF0
3FFE0
3FFCB
3FFB3
3FF98
3FF7A
3FF5B
3FF3A
3FF1A
3FEF9
3FEDA
3FEBD
3FEA2
3FE89
3FE75
3FE64
3FE58
3FE51
3FE4E
3FE50
3FE57
3FE63
3FE73
3FE87
3FE9E
3FEB9
3FED6
3FEF6
3FF16
3FF37
3FF57
3FF77
3FF95
3FFB1
3FFCA
3FFDF
3FFF1
3FFFE
00006
0000A
00009
00003
3FFF8
3FFE9
3FFD6
3FFBF
3FFA5
3FF88
3FF69
3FF48
3FF28
3FF07
3FEE7
3FEC8
3FEAC
3FE92
3FE7C
3FE6A
3FE5C
3FE52
3FE4D
3FE4D
3FE52
3FE5C
3FE6B
3FE7D
3FE94
3FEAD
3FECA
3FEE9
3FF09
3FF2A
3FF4B
3FF6C
3FF8B
3FFA8
3FFC2
3FFD9
3FFED
3FFFC
00006
0000C
0000D
00009
00000
3FFF3
3FFE1
3FFCB
3FFB2
3FF95
3FF77
3FF57
3FF36
3FF14
3FEF4
3FED4
3FEB7
3FE9C
3FE84
3FE70
3FE60
3FE54
3FE4D
3FE4B
3FE4E
3FE56
3FE63
3FE74
3FE89
3FEA2
3FEBE
3FEDC
3FEFC
3FF1D
3FF3F
3FF60
3FF80
3FF9E
3FFBA
3FFD3
3FFE8
3FFF9
00006
0000D
00010
0000E
00007
3FFFC
3FFEB
3FFD7
3FFBF
3FFA3
3FF85
3FF65
3FF44
3FF23
3FF01
3FEE1
3FEC2
3FEA6
3FE8C
3FE76
3FE64
3FE57
3FE4E
3FE4A
3FE4B
3FE51
3FE5C
3FE6C
3FE7F
3FE97
3FEB2
3FED0
3FEF0
3FF11
3FF33
3FF54
3FF75
3FF95
3FFB2
3FFCC
3FFE3
3FFF6
00005
0000E
00013
00013
0000E
00004
3FFF6
3FFE3
3FFCC
3FFB1
3FF94
3FF74
3FF53
3FF31
3FF0F
3FEEE
3FECE
3FEB0
3FE95
3FE7D
3FE6A
3FE5A
3FE4F
3FE49
3FE48
3FE4C
3FE56
3FE63
3FE76
3FE8C
3FEA6
3FEC3
3FEE3
3FF04
3FF26
3FF48
3FF6A
3FF8B
3FFA9
3FFC5
3FFDE
3FFF3
00003
0000F
00016
00018
00015
0000D
00000
3FFEE
3FFD9
3FFBF
3FFA3
3FF83
3FF62
3FF40
3FF1E
3FEFC
3FEDB
3FEBC
3FE9F
3FE85
3FE70
3FE5E
3FE51
3FE49
3FE46
3FE48
3FE50
3FE5C
3FE6D
3FE82
3FE9B
3FEB7
3FED6
3FEF7
3FF19
3FF3C
3FF5F
3FF80
3FFA0
3FFBE
3FFD8
3FFEF
00001
0000F
00019
0001D
0001C
00015
0000A
3FFFA
3FFE6
3FFCD
3FFB2
3FF93
3FF72
3FF50
3FF2D
3FF0A
3FEE8
3FEC7
3FEA9
3FE8E
3FE77
3FE63
3FE54
3FE4A
3FE45
3FE45
3FE4A
3FE55
3FE64
3FE78
3FE8F
3FEAB
3FEC9
3FEEA
3FF0D
3FF30
3FF53
3FF76
3FF97
3FFB6
3FFD2
3FFEB
3FFFF
0000F
0001B
00021
00022
0001E
00014
00006
3FFF3
3FFDC
3FFC1
3FFA3
3FF82
3FF60
3FF3C
3FF19
3FEF6
3FED4
3FEB5
3FE98
3FE7E
3FE69
3FE57
3FE4B
3FE44
3FE42
3FE45
3FE4E
3FE5B
3FE6E
3FE84
3FE9F
3FEBD
3FEDD
3FF00
3FF23
3FF47
3FF6B
3FF8D
3FFAE
3FFCB
3FFE6
3FFFD
0000F
0001C
00025
00028
00026
0001E
00012
00000
3FFEA
3FFD0
3FFB3
3FF92
3FF70
3FF4D
3FF28
3FF04
3FEE2
3FEC0
3FEA2
3FE86
3FE6F
3FE5C
3FE4D
3FE44
3FE40
3FE41
3FE48
3FE53
3FE64
3FE7A
3FE93
3FEB0
3FED0
3FEF3
3FF17
3FF3B
3FF60
3FF83
3FFA5
3FFC5
3FFE1
3FFFA
0000E
0001E
00028
0002E
0002E
00028
0001D
0000D
3FFF9
3FFE0
3FFC3
3FFA3
3FF81
3FF5D
3FF38
3FF14
3FEF0
3FECD
3FEAD
3FE90
3FE76
3FE61
3FE50
3FE44
3FE3E
3FE3D
3FE42
3FE4C
3FE5B
3FE6F
3FE88
3FEA4
3FEC4
3FEE6
3FF0A
3FF2F
3FF54
3FF79
3FF9C
3FFBE
3FFDC
3FFF7
0000D
0001F
0002C
00033
00035
00032
00029
0001B
00007
3FFF0
3FFD4
3FFB5
3FF93
3FF6F
3FF49
3FF24
3FEFF
3FEDB
3FEB9
3FE9A
3FE7E
3FE66
3FE54
3FE46
3FE3D
3FE3A
3FE3D
3FE45
3FE52
3FE65
3FE7C
3FE98
3FEB7
3FED9
3FEFD
3FF23
3FF49
3FF6F
3FF93
3FFB6
3FFD6
3FFF3
0000C
00020
0002F
00039
0003D
0003C
00035
00028
00017
00000
3FFE5
3FFC6
3FFA5
3FF81
3FF5B
3FF34
3FF0E
3FEE9
3FEC5
3FEA4
3FE87
3FE6D
3FE58
3FE48
3FE3D
3FE38
3FE38
3FE3E
3FE4A
3FE5B
3FE71
3FE8C
3FEAA
3FECC
3FEF0
3FF16
3FF3D
3FF64
3FF8A
3FFAF
3FFD1
3FFF0
0000B
00021
00033
0003F
00045
00046
00041
00036
00026
00011
3FFF7
3FFD9
3FFB7
3FF93
3FF6D
3FF46
3FF1F
3FEF8
3FED3
3FEB0
3FE90
3FE75
3FE5D
3FE4B
3FE3D
3FE36
3FE34
3FE38
3FE42
3FE52
3FE66
3FE80
3FE9E
3FEBF
3FEE4
3FF0A
3FF32
3FF5A
3FF81
3FFA7
3FFCB
3FFEC
00009
00022
00036
00045
0004D
00050
0004D
00045
00036
00022
00009
3FFEC
3FFCB
3FFA7
3FF80
3FF59
3FF30
3FF08
3FEE2
3FEBD
3FE9B
3FE7D
3FE63
3FE4E
3FE3F
3FE35
3FE31
3FE33
3FE3B
3FE49
3FE5C
3FE75
3FE92
3FEB3
3FED7
3FEFE
3FF26
3FF4F
3FF78
3FFA0
3FFC5
3FFE8
00008
00023
0003A
0004B
00056
0005B
0005A
00054
00047
00034
0001C
00000
3FFDF
3FFBB
3FF95
3FF6C
3FF43
3FF1A
3FEF1
3FECB
3FEA7
3FE86
3FE6A
3FE53
3FE41
3FE34
3FE2E
3FE2E
3FE34
3FE40
3FE52
3FE69
3FE86
3FEA6
3FECA
3FEF1
3FF1A
3FF45
3FF6F
3FF98
3FFC0
3FFE5
00007
00025
0003D
00051
0005F
00067
00068
00063
00058
00047
00031
00015
3FFF5
3FFD1
3FFAA
3FF81
3FF57
3FF2C
3FF02
3FED9
3FEB3
3FE91
3FE72
3FE58
3FE43
3FE35
3FE2C
3FE2A
3FE2E
3FE38
3FE48
3FE5E
3FE7A
3FE9A
3FEBE
3FEE6
3FF0F
3FF3A
3FF66
3FF91
3FFBB
3FFE2
00006
00026
00042
00058
00068
00073
00076
00074
0006B
0005B
00046
0002B
0000C
3FFE8
3FFC1
3FF97
3FF6B
3FF3F
3FF14
3FEE9
3FEC1
3FE9C
3FE7B
3FE5E
3FE47
3FE36
3FE2B
3FE26
3FE28
3FE30
3FE3F
3FE54
3FE6F
3FE8E
3FEB2
3FEDA
3FF04
3FF31
3FF5E
3FF8A
3FFB6
3FFE0
00006
00029
00047
00060
00073
00080
00086
00086
0007E
00071
0005D
00043
00024
00000
3FFD9
3FFAE
3FF82
3FF54
3FF27
3FEFA
3FED0
3FEA8
3FE85
3FE66
3FE4C
3FE38
3FE2A
3FE23
3FE23
3FE29
3FE37
3FE4A
3FE64
3FE83
3FEA7
3FECF
3FEFA
3FF28
3FF56
3FF85
3FFB3
3FFDF
00008
0002D
0004E
0006A
00080
0008F
00098
00099
00094
00088
00075
0005C
0003E
0001A
3FFF2
3FFC7
3FF9A
3FF6B
3FF3C
3FF0D
3FEE0
3FEB6
3FE90
3FE6E
3FE51
3FE3A
3FE2A
3FE21
3FE1E
3FE23
3FE2F
3FE41
3FE5A
3FE79
3FE9D
3FEC5
3FEF1
3FF20
3FF50
3FF80
3FFB1
3FFDF
0000B
00033
00057
00076
0008E
000A0
000AB
000AF
000AC
000A2
00090
00078
0005A
00036
0000E
3FFE2
3FFB4
3FF83
3FF52
3FF21
3FEF2
3FEC5
3FE9C
3FE77
3FE57
3FE3E
3FE2B
3FE1F
3FE1A
3FE1D
3FE27
3FE39
3FE51
3FE6F
3FE93
3FEBC
3FEE9
3FF19
3FF4B
3FF7E
3FFB1
3FFE2
00011
0003C
00063
00084
000A0
000B5
000C2
000C9
000C7
000BF
000AE
00097
00079
00056
0002D
00000
3FFD0
3FF9E
3FF6A
3FF37
3FF05
3FED5
3FEA9
3FE81
3FE5F
3FE42
3FE2D
3FE1E
3FE17
3FE18
3FE21
3FE31
3FE49
3FE67
3FE8C
3FEB5
3FEE4
3FF15
3FF49
3FF7F
3FFB4
3FFE8
0001A
00048
00073
00097
000B6
000CE
000DE
000E7
000E7
000E0
000D1
000BA
0009D
00079
0004F
00021
3FFEF
3FFBB
3FF85
3FF4F
3FF1A
3FEE7
3FEB8
3FE8C
3FE67
3FE47
3FE2F
3FE1E
3FE15
3FE14
3FE1C
3FE2B
3FE42
3FE61
3FE86
3FEB1
3FEE1
3FF15
3FF4B
3FF84
3FFBC
3FFF3
00029
0005B
00089
000B1
000D3
000EE
00101
0010C
0010E
00108
000FA
000E4
000C6
000A1
00076
00046
00012
3FFDB
3FFA2
3FF69
3FF31
3FEFA
3FEC7
3FE99
3FE70
3FE4D
3FE32
3FE1E
3FE13
3FE11
3FE17
3FE26
3FE3E
3FE5D
3FE84
3FEB0
3FEE3
3FF19
3FF53
3FF8F
3FFCB
00007
00040
00077
000A8
000D4
000FA
00118
0012D
0013B
0013F
0013A
0012C
00116
000F7
000D1
000A4
00072
0003A
00000
3FFC3
3FF86
3FF4A
3FF0F
3FED8
3FEA5
3FE79
3FE53
3FE35
3FE1F
3FE12
3FE0F
3FE14
3FE24
3FE3C
3FE5D
3FE86
3FEB5
3FEEB
3FF26
3FF64
3FFA5
3FFE6
00026
00065
000A0
000D7
00107
00130
00152
0016A
0017A
0017F
0017B
0016D
00156
00135
0010D
000DD
000A6
0006B
0002C
3FFEA
3FFA7
3FF66
3FF26
3FEEA
3FEB2
3FE81
3FE58
3FE36
3FE1E
3FE10
3FE0C
3FE12
3FE23
3FE3D
3FE61
3FE8E
3FEC3
3FEFE
3FF3F
3FF83
3FFCB
00013
0005A
000A0
000E1
0011E
00154
00182
001A7
001C3
001D4
001DA
001D6
001C7
001AD
00189
0015C
00127
000EA
000A8
00062
00019
3FFCF
3FF85
3FF3E
3FEFB
3FEBE
3FE87
3FE59
3FE35
3FE1B
3FE0B
3FE08
3FE10
3FE24
3FE43
3FE6D
3FEA0
3FEDD
3FF21
3FF6B
3FFBA
0000C
0005F
000B1
00101
0014C
00191
001CF
00203
0022E
0024D
00260
00267
00261
0024E
00230
00205
001D0
00192
0014B
000FE
000AB
00056
00000
3FFAB
3FF58
3FF0B
3FEC4
3FE86
3FE51
3FE28
3FE0B
3FDFC
3FDFA
3FE07
3FE21
3FE49
3FE7E
3FEBF
3FF0A
3FF5F
3FFBB
0001C
00080
000E6
0014B
001AC
00208
0025D
002A8
002E8
0031B
00340
00356
0035D
00354
0033B
00313
002DD
00299
00248
001EE
0018C
00123
000B6
00049
3FFDC
3FF74
3FF11
3FEB8
3FE69
3FE28
3FDF6
3FDD3
3FDC3
3FDC5
3FDD9
3FE00
3FE3A
3FE85
3FEE0
3FF4A
3FFC0
00041
000C9
00157
001E7
00276
00301
00385
003FF
0046C
004CA
00516
0054F
00573
00580
00577
00556
0051E
004D0
0046E
003F8
00371
002DC
0023C
00193
000E7
00039
3FF8F
3FEEC
3FE54
3FDCB
3FD54
3FCF4
3FCAC
3FC80
3FC71
3FC83
3FCB5
3FD09
3FD7F
3FE16
3FECE
3FFA5
0009A
001A8
002CF
0040A
00555
006AC
0080B
00969
00ABE
00BFA
00D00
00D8C
00CDE
0082A
3EB4F
0E2C7
0A298
38861
3850F
2CBC6
0376D
3E339
01CE5
3FBE0
0D52F
26C0C
058BB
031C4
00295
01409
2B317
378E7
2FA30
0BDC0
3D89F
3A96B
06E97
12A6E
06C95
16FEF
398E8
073EA
0C7AD
3B1BA
0A5DD
2E8DC
0CF17
01F77
3FD91
3C6D5
2F474
3FBF0
18D1E
3E111
36A2C
3E51C
34929
08402
2B987
11840
32ABA
00095
3D595
024DA
38C8B
39E03
399A1
05FDC
37166
3111D
3AC47
010DB
16687
3166B
0ADAD
3FC82
37C66
082D4
30BD3
11DFF
057A0
3A357
01C2E
01341
0848D
13941
0C79E
3A26F
009AA
02D63
03E45
2EFF5
2679E
2EFC9
08DF1
00296
01C2A
05C1D
3AB78
363C1
0EBEA
00CF6
3E6FE
34B2F
36805
3ED51
0E52D
0E0A6
3B658
02077
3DBCD
033A8
2DD7B
08075
039B3
04C6B
02D88
05C2D
04314
03A2B
33F06
0E750
01082
03943
03CCB
35D10
0FAB4
2EC25
35DE5
01B9E
0A1C3
00717
3FE24
3A188
01161
33463
3AF1C
31464
3CFEB
2AE05
3BF5E
01B08
05AB4
00CF6
07BDE
13A05
1CE5E
1134A
3F4AA
038E4
07B2F
3CD72
01B40
28631
3CD5D
30EFD
3A5E0
31C6B
3A8F2
33367
0C157
1450C
03772
03A65
380BB
3235C
0B621
3F240
07397
01758
01D8D
065BD
3084D
3FD93
3A186
3B4E5
05B61
06280
3EB15
3283F
09ACA
3C24D
33993
3C37D
36A43
30DC7
3EFA1
1661A
0285A
032DA
01E7E
00DE9
30D54
15DF3
2C1AD
0C5ED
00509
3FA95
0C656
16A75
0177F
046F9
066D9
00003
3E42F
117C3
39EE5
2ADA6
29340
367D3
3DFE0
3631C
012E9
1247C
323EF
07F9E
05538
021F4
023FE
040C2
3CAA8
3DB41
3FB32
09C09
043AF
038AE
3DA97
0F16C
0F76A
35A0D
3F628
3D6C3
0A172
2CC0B
3E381
0E65F
3E761
3C52D
38F6B
3F91D
09D21
332B6
3B837
2F59D
3944B
2EF90
34F10
34FC2
0D0ED
026D9
3D6DD
00131
36C98
3E840
279CD
355AD
1180D
00A0F
029BB
3F4F0
07F92
1D358
1457D
0D27D
03EDC
05BF9
0C5A6
3A055
01A2A
303F8
319BE
3C82E
3756C
073FE
31192
3954B
10C07
0143D
02AC0
3597F
3E6B5
137D8
34FA5
3DBCE
3DB28
3C677
3AEF2
0C778
15765
3E6EC
3D602
3EF43
3987C
09E2B
05AC1
26B70
0DBFD
395C3
3E847
04723
38B40
3D685
301A8
08A2F
0BD32
033F8
3CBE6
0969A
05F1B
3029C
3ECD7
07FA9
04FE0
3C42D
38532
16342
32E9E
0349E
012D2
04210
3C793
38036
01E83
07314
0AA93
000B4
0690F
30178
05B12
0A930
2D57A
00B3D
3C6D8
307BF
2BCE3
38F65
38E89
0AE7B
37059
386DE
05DD1
0C229
04B42
29A64
38FE9
04422
054C0
31258
00A1C
17293
3AD56
09D9A
3F883
3CB2A
3CD25
0DCFF
2D17A
0EB8A
3AC1A
001E8
09897
0CA19
36BE2
3FF08
04FC8
3B2BD
3D9F5
001A9
13E80
3E61D
0187D
08F65
3F54F
04EB8
348B1
0012D
0DE04
2D3A1
35322
0175E
02BB9
05858
31583
0FB3A
37C62
069B0
02511
06A88
06B44
14064
3B6A3
33851
389F5
38741
04B02
1103D
05F5F
3A5ED
3ECDB
3E416
01A9D
3540B
38DE4
3D11F
0988F
3B9F5
3BB3C
34E61
05E88
3B28E
0D92E
308CD
30684
3B4A7
33E7A
0CBE2
27534
01E99
01E97
092F0
0316E
0A4F4
3E9CE
2CB04
0356F
00D7F
09890
0A107
383C3
0FAED
32E26
03FEA
35762
00CEB
38D2F
3C3A4
101B5
11D9E
3763C
380BC
3FA33
36392
3AC34
0ABDD
38470
0EE26
3C1D3
013FB
00225
04F4C
078CA
0DE82
3BB45
3CCCF
3D63E
05E96
2FBF0
14C30
3D0DA
37854
06130
0BB88
05599
2FD50
08689
2F126
08DE6
3FE75
0115E
0CDE7
34488
39623
3CE45
0834A
0081F
03C50
006EC
31E6F
0BD24
32055
01B77
3E5C1
36823
0C32A
173B0
0F7FA
338FF
3F3D6
3B802
0771B
3854A
331A1
3B990
04EE9
3B8C7
33DF8
0EDF0
35AA4
33575
3D93C
3E658
3CCFF
07E63
3EEF6
03916
09FAD
36AF7
3969F
39716
09536
318B7
3C141
360E9
09057
3B692
3C06B
36DAB
09A31
0E850
02723
3BCF8
0556A
0A183
0F331
05DDD
3E359
2E5E3
2D518
36487
2D9FD
256FC
2FDE0
3F2C5
37B06
06D2B
038EE
36B8B
2BD27
003E4
3EADF
3FDB0
3DBA6
3D9AB
3F8BB
00741
3489C
3B30C
029C1
39859
2BC2D
029FE
3C25D
04423
008D0
3F9C7
3EF7A
3E344
3DA23
399A9
3F538
3BC84
0320D
00316
3EBBA
3EF35
0B21F
3D572
3D4ED
3B82E
3664E
077E0
01120
3F7A6
3ED2C
36AC5
3E4E2
39BC2
017B6
003F0
3E9D5
3E1C3
052A0
0090D
3EEC2
0156E
07A29
3B74F
3DC5D
3DE9B
3E59A
3EBB5
3ED92
3EE99
00431
09B5F
34065
2F901
0E7B6
02352
0619C
00FCA
005CF
3DB77
3271C
08667
03BCA
02CE5
0135B
0B1ED
03899
028B5
0224B
3DE8C
085FF
0BB95
363FE
3F6AA
38D2A
3E81C
34F74
01B87
015B8
00F50
0109B
00FB4
0150E
3D1E0
0016F
3CFA6
015EF
019F4
00FF6
02032
3EE76
01168
36ABD
3ECFC
3E2C1
3F9F9
3F00D
3FB1B
3DD60
0502B
017A7
061A5
02939
0BAC5
3F1F0
0018A
3F6D5
3EB85
031FA
014CC
3D38A
00135
00A7E
3FBBD
3F84E
3FA6E
3F523
3F25D
3EAA6
3C80F
3BD5D
28B21
00418
34478
0ADA8
04A33
017B9
00B3D
0CFF5
01895
3D3C6
019A5
3FC53
022D0
01844
3EC3D
3F5A9
3E6A6
3D406
2F6FA
00D7E
3692F
0B8D1
0671A
3F01A
01549
0141C
0111B
0043A
014C0
02021
3F7CA
009DA
3CC1D
3E7D9
3FE7A
3E046
39B5C
3F0D7
3CA7E
3DE93
37B27
164FF
05696
033C7
02DCA
05FD2
00D18
03427
3E95B
01BDD
37909
3D4B3
06747
3E8E8
3E410
3D61A
3858B
0711A
02AC2
01831
01684
00B6A
01313
0060C
01FD8
0298F
00428
00B3B
0359B
02301
2EEBE
0274B
068DE
00298
02400
3E7DC
3F34B
03B07
01229
23EEE
01077
01334
006E9
00771
00158
002A2
3EB08
3F496
1109C
3D0B1
33A9B
040B4
017D3
00A77
006A2
3F4C6
3F78B
2C5A6
00AD8
0195B
3F3BE
3EFAE
015B7
00F2F
3F2AE
00969
06073
013B6
05D1F
3DB1B
3E384
0213E
01137
0116E
00ED3
3C71F
00CD5
3B64D
068C6
07667
3DB27
014E1
3F5CA
01278
01BED
0126F
00703
01A48
013A6
01702
01918
3C272
3F694
00D10
3E831
3C13B
3FE40
3E0A6
3FBCE
3D984
05312
3EFEF
0068D
3CCB8
3C874
38BA0
300EC
119B0
02ADC
09872
01D5A
00B44
00C05
02AE7
3D957
3DEA1
3F84F
3D7FB
108C7
02B79
01BF9
02646
0318B
046C4
0A945
3309B
3F66C
2A766
3C836
3D040
3F244
3FB13
3F755
3F46D
02A4F
02BDE
2F446
3E36A
3F9D0
3EA38
3CB0D
015B5
00370
3F48B
3E740
0A99C
00163
38496
01037
3E51A
01ACE
3F6FB
041C1
01835
01146
00D07
017A9
3FF3E
3EAD6
01AD4
009C5
02211
01811
3C8F9
00561
3D8EC
02053
02497
017B9
02C4B
3E342
00B23
04D74
03059
0C437
007C7
0622C
3C2ED
00B28
39745
3DBA8
3EE9E
3E49B
39B90
007E6
3F2E4
00C9D
00214
00E46
008C9
0093C
01553
062D8
017A7
0C53E
2FA42
34387
0A2B4
001C7
3EFF5
3EF82
3E3B9
0064A
04372
3997B
3D399
3AF1A
3CC1B
3F448
3D0EC
3A41D
3E8E3
3D7B4
3DEA4
3B456
09FD9
01ABD
057A0
00C41
0197B
3FD58
3FC45
00933
0064F
004E4
00516
0CC8C
00D61
00CC0
01C62
04E0B
3BD80
3FA89
39B44
3D987
3FBA2
3DD72
3CEBD
3D80E
3BC54
3CEAF
36A9E
1C420
04E16
3E2E1
00428
3962C
0349A
3FF5C
04076
02384
00474
00BC0
3A2E0
00BC2
0084D
00853
008A2
00AE9
02054
353DD
3CDB5
03A71
3AD6E
2D294
056F3
3F2D0
05A5F
0289A
01492
0170B
0680F
01061
0230B
01434
04B5B
39C6A
3DF38
3F6DA
3FC12
0CDCA
3EA63
3EC03
00D4D
039A3
3980D
3D7F4
3E9B2
3ECD2
3F643
3F446
3FEC2
3F2F1
3FB68
3EC3A
3ED7F
0441B
00DCE
3F1D4
021EF
084BF
3B79B
3D003
014D9
00440
3CC30
3EB35
3E391
3C124
2C35F
0E6E8
0B9A9
3A49F
3FC42
0608D
02760
0286C
03B9C
0AFD4
3BCB9
3F701
3E61E
3F7EF
3F5E2
3FC1A
3FBCC
3F454
3AC3A
06AEC
090DA
34AF6
3DB85
36B48
3CCF5
347D2
3FBF6
3D7B0
00CCE
3F395
023B2
00AC9
01858
00E6C
059E1
3F415
3FB96
3FD2E
00811
3C9A7
3D233
119C6
018EB
017C7
008DC
01DA7
3E853
3F4CD
3F136
3F4BF
3F672
3F7B6
3F8B6
3F98B
3FA41
3FAE0
3FB6D
3FBEC
3FC60
3FCCA
3FD2C
3FD87
3FDDB
3FE29
3FE71
3FEB4
3FEF2
3FF2A
3FF5D
3FF8B
3FFB3
3FFD6
3FFF2
00009
00019
00023
00027
00025
0001C
0000D
3FFF8
3FFDE
3FFBF
3FF9A
3FF72
3FF45
3FF16
3FEE4
3FEB1
3FE7D
3FE49
3FE17
3FDE6
3FDB7
3FD8C
3FD65
3FD43
3FD26
3FD10
3FCFF
3FCF6
3FCF3
3FCF7
3FD03
3FD15
3FD2D
3FD4C
3FD70
3FD99
3FDC6
3FDF6
3FE29
3FE5E
3FE93
3FEC8
3FEFC
3FF2E
3FF5C
3FF87
3FFAC
3FFCD
3FFE7
3FFFB
00008
0000E
0000D
00005
3FFF6
3FFE1
3FFC6
3FFA6
3FF80
3FF57
3FF2B
3FEFC
3FECC
3FE9D
3FE6D
3FE40
3FE15
3FDEE
3FDCB
3FDAE
3FD96
3FD84
3FD79
3FD74
3FD77
3FD80
3FD90
3FDA6
3FDC2
3FDE4
3FE0A
3FE35
3FE62
3FE91
3FEC2
3FEF3
3FF23
3FF51
3FF7C
3FFA4
3FFC8
3FFE7
00000
00013
0001F
00025
00024
0001D
0000E
3FFFA
3FFE0
3FFC1
3FF9D
3FF75
3FF4B
3FF1F
3FEF2
3FEC5
3FE98
3FE6E
3FE46
3FE22
3FE03
3FDE8
3FDD3
3FDC5
3FDBC
3FDBA
3FDBF
3FDCA
3FDDB
3FDF2
3FE0F
3FE31
3FE56
3FE7F
3FEAA
3FED7
3FF04
3FF31
3FF5D
3FF87
3FFAE
3FFD0
3FFEF
00008
0001B
00029
00030
00030
0002B
0001F
0000D
3FFF5
3FFD9
3FFB8
3FF93
3FF6C
3FF43
3FF18
3FEED
3FEC3
3FE9B
3FE75
3FE52
3FE33
3FE19
3FE05
3FDF6
3FDED
3FDEA
3FDED
3FDF7
3FE07
3FE1C
3FE36
3FE55
3FE78
3FE9E
3FEC7
3FEF1
3FF1B
3FF46
3FF6F
3FF96
3FFBA
3FFDB
3FFF8
0000F
00021
0002E
00034
00035
0002F
00024
00012
3FFFC
3FFE1
3FFC1
3FF9F
3FF79
3FF52
3FF29
3FF01
3FED9
3FEB3
3FE8F
3FE6E
3FE51
3FE39
3FE26
3FE18
3FE10
3FE0E
3FE12
3FE1B
3FE2B
3FE3F
3FE58
3FE76
3FE97
3FEBC
3FEE2
3FF0A
3FF32
3FF5A
3FF81
3FFA6
3FFC7
3FFE6
00000
00015
00026
00031
00036
00035
0002F
00023
00011
3FFFB
3FFE0
3FFC2
3FFA0
3FF7C
3FF56
3FF30
3FF09
3FEE4
3FEC0
3FE9E
3FE80
3FE65
3FE4F
3FE3E
3FE32
3FE2B
3FE2B
3FE2F
3FE3A
3FE49
3FE5E
3FE77
3FE94
3FEB4
3FED7
3FEFC
3FF22
3FF48
3FF6E
3FF92
3FFB5
3FFD4
3FFF0
00007
0001B
00029
00031
00035
00033
0002B
0001E
0000C
3FFF6
3FFDB
3FFBD
3FF9D
3FF7A
3FF55
3FF30
3FF0C
3FEE8
3FEC7
3FEA7
3FE8B
3FE73
3FE5F
3FE50
3FE46
3FE42
3FE43
3FE49
3FE54
3FE64
3FE79
3FE92
3FEAF
3FECF
3FEF1
3FF14
3FF38
3FF5D
3FF80
3FFA2
3FFC2
3FFDF
3FFF8
0000E
0001E
0002A
00031
00032
0002F
00026
00018
00005
3FFEE
3FFD4
3FFB6
3FF96
3FF74
3FF51
3FF2D
3FF0B
3FEE9
3FECA
3FEAD
3FE93
3FE7E
3FE6C
3FE5F
3FE57
3FE55
3FE57
3FE5F
3FE6B
3FE7C
3FE92
3FEAB
3FEC8
3FEE7
3FF08
3FF2A
3FF4D
3FF70
3FF91
3FFB1
3FFCF
3FFE9
00000
00013
00021
0002B
0002F
0002F
00029
0001F
0000F
3FFFC
3FFE5
3FFCA
3FFAD
3FF8D
3FF6C
3FF4A
3FF28
3FF07
3FEE8
3FECB
3FEB0
3FE99
3FE85
3FE76
3FE6C
3FE66
3FE66
3FE6A
3FE73
3FE81
3FE93
3FEA9
3FEC2
3FEDF
3FEFD
3FF1E
3FF3F
3FF60
3FF81
3FFA1
3FFBF
3FFDA
3FFF2
00006
00017
00023
0002A
0002C
0002A
00022
00017
00006
3FFF2
3FFDA
3FFBF
3FFA2
3FF83
3FF63
3FF42
3FF22
3FF03
3FEE5
3FECA
3FEB2
3FE9D
3FE8C
3FE7F
3FE77
3FE74
3FE75
3FE7B
3FE85
3FE94
3FEA7
3FEBE
3FED8
3FEF4
3FF12
3FF32
3FF52
3FF72
3FF91
3FFAF
3FFCB
3FFE4
3FFFA
0000C
0001A
00023
00028
00028
00024
0001B
0000E
3FFFC
3FFE7
3FFCF
3FFB4
3FF97
3FF79
3FF59
3FF3A
3FF1B
3FEFE
3FEE2
3FEC9
3FEB3
3FEA0
3FE92
3FE87
3FE81
3FE80
3FE83
3FE8B
3FE97
3FEA7
3FEBB
3FED2
3FEEC
3FF08
3FF26
3FF45
3FF64
3FF83
3FFA0
3FFBC
3FFD6
3FFED
00000
00010
0001B
00023
00025
00024
0001E
00013
00004
3FFF2
3FFDC
3FFC4
3FFA9
3FF8C
3FF6E
3FF50
3FF31
3FF14
3FEF8
3FEDF
3FEC7
3FEB4
3FEA3
3FE97
3FE8F
3FE8B
3FE8B
3FE91
3FE9A
3FEA7
3FEB9
3FECD
3FEE5
3FEFF
3FF1B
3FF39
3FF57
3FF75
3FF92
3FFAE
3FFC8
3FFDF
3FFF4
00005
00013
0001C
00021
00022
0001E
00016
0000A
3FFFA
3FFE7
3FFD1
3FFB8
3FF9D
3FF80
3FF63
3FF46
3FF29
3FF0D
3FEF3
3FEDB
3FEC6
3FEB4
3FEA6
3FE9C
3FE96
3FE94
3FE97
3FE9E
3FEA8
3FEB7
3FECA
3FEDF
3FEF7
3FF11
3FF2D
3FF4A
3FF67
3FF84
3FFA0
3FFBA
3FFD2
3FFE8
3FFFB
0000A
00015
0001C
0001F
0001E
00018
0000F
00001
3FFF0
3FFDC
3FFC5
3FFAC
3FF91
3FF75
3FF58
3FF3C
3FF20
3FF06
3FEED
3FED7
3FEC4
3FEB5
3FEA9
3FEA1
3FE9D
3FE9D
3FEA2
3FEAA
3FEB7
3FEC7
3FEDA
3FEF0
3FF09
3FF23
3FF3E
3FF5B
3FF77
3FF92
3FFAD
3FFC6
3FFDC
3FFF0
00000
0000D
00016
0001B
0001C
00019
00011
00006
3FFF7
3FFE5
3FFD0
3FFB9
3FF9F
3FF85
3FF69
3FF4D
3FF32
3FF18
3FEFF
3FEE8
3FED4
3FEC3
3FEB6
3FEAC
3FEA6
3FEA4
3FEA6
3FEAD
3FEB7
3FEC5
3FED6
3FEEA
3FF01
3FF19
3FF34
3FF4F
3FF6A
3FF85
3FFA0
3FFB9
3FFD0
3FFE4
3FFF6
00004
0000F
00016
00019
00018
00013
0000A
3FFFD
3FFED
3FFDA
3FFC5
3FFAD
3FF93
3FF79
3FF5E
3FF43
3FF29
3FF10
3FEF8
3FEE4
3FED1
3FEC2
3FEB7
3FEAF
3FEAB
3FEAB
3FEB0
3FEB7
3FEC3
3FED2
3FEE4
3FEF9
3FF10
3FF29
3FF43
3FF5E
3FF79
3FF93
3FFAC
3FFC4
3FFD9
3FFEC
3FFFC
00008
00011
00015
00016
00013
0000D
00002
3FFF4
3FFE3
3FFCF
3FFB9
3FFA1
3FF87
3FF6D
3FF53
3FF39
3FF20
3FF08
3FEF2
3FEDF
3FECF
3FEC2
3FEB9
3FEB3
3FEB1
3FEB3
3FEB9
3FEC2
3FECF
3FEE0
3FEF3
3FF08
3FF20
3FF39
3FF53
3FF6D
3FF87
3FFA0
3FFB8
3FFCE
3FFE1
3FFF2
00000
0000A
00011
00014
00013
0000E
00006
3FFFA
3FFEB
3FFD8
3FFC4
3FFAD
3FF95
3FF7B
3FF62
3FF48
3FF2F
3FF17
3FF01
3FEED
3FEDC
3FECD
3FEC2
3FEBB
3FEB7
3FEB7
3FEBB
3FEC2
3FECD
3FEDC
3FEED
3FF01
3FF17
3FF2F
3FF48
3FF61
3FF7B
3FF94
3FFAC
3FFC2
3FFD7
3FFE9
3FFF8
00004
0000C
00011
00012
0000F
00008
3FFFE
3FFF1
3FFE1
3FFCE
3FFB8
3FFA1
3FF89
3FF70
3FF56
3FF3E
3FF25
3FF0F
3FEFA
3FEE8
3FED8
3FECC
3FEC3
3FEBD
3FEBB
3FEBD
3FEC3
3FECC
3FED8
3FEE8
3FEFA
3FF0F
3FF25
3FF3D
3FF56
3FF6F
3FF88
3FFA0
3FFB7
3FFCC
3FFDF
3FFEF
3FFFC
00006
0000D
0000F
0000F
0000A
00002
3FFF6
3FFE8
3FFD6
3FFC2
3FFAD
3FF95
3FF7D
3FF64
3FF4C
3FF33
3FF1D
3FF07
3FEF4
3FEE3
3FED6
3FECB
3FEC4
3FEC0
3FEC0
3FEC4
3FECB
3FED6
3FEE4
3FEF4
3FF07
3FF1D
3FF34
3FF4B
3FF64
3FF7D
3FF95
3FFAC
3FFC1
3FFD5
3FFE6
3FFF5
00000
00008
0000D
0000D
0000B
00004
3FFFB
3FFEE
3FFDE
3FFCC
3FFB7
3FFA1
3FF8A
3FF71
3FF59
3FF41
3FF2A
3FF14
3FF00
3FEEF
3FEE0
3FED4
3FECB
3FEC6
3FEC4
3FEC6
3FECB
3FED4
3FEE0
3FEEF
3FF01
3FF14
3FF2A
3FF41
3FF59
3FF71
3FF89
3FFA1
3FFB7
3FFCB
3FFDD
3FFED
3FFF9
00003
00009
0000C
0000B
00006
3FFFE
3FFF3
3FFE5
3FFD4
3FFC1
3FFAC
3FF95
3FF7E
3FF66
3FF4E
3FF37
3FF21
3FF0C
3FEFA
3FEEA
3FEDC
3FED2
3FECB
3FEC8
3FEC8
3FECC
3FED3
3FEDD
3FEEA
3FEFA
3FF0D
3FF21
3FF38
3FF4F
3FF66
3FF7E
3FF95
3FFAC
3FFC1
3FFD4
3FFE4
3FFF2
3FFFD
00005
00009
0000A
00007
00001
3FFF8
3FFEB
3FFDC
3FFCA
3FFB6
3FFA1
3FF8A
3FF72
3FF5B
3FF44
3FF2D
3FF18
3FF05
3FEF4
3FEE5
3FEDA
3FED1
3FECC
3FECB
3FECD
3FED2
3FEDA
3FEE6
3FEF5
3FF06
3FF19
3FF2E
3FF45
3FF5C
3FF73
3FF8B
3FFA1
3FFB6
3FFCA
3FFDC
3FFEB
3FFF7
00000
00006
00008
00007
00003
3FFFB
3FFF0
3FFE3
3FFD2
3FFC0
3FFAB
3FF95
3FF7E
3FF67
3FF50
3FF39
3FF24
3FF10
3FEFE
3FEEE
3FEE2
3FED8
3FED1
3FECE
3FECE
3FED2
3FED9
3FEE3
3FEF0
3FEFF
3FF11
3FF25
3FF3B
3FF51
3FF69
3FF80
3FF96
3FFAC
3FFC0
3FFD3
3FFE3
3FFF0
3FFFB
00002
00006
00007
00004
3FFFE
3FFF5
3FFE9
3FFDA
3FFC8
3FFB5
3FFA0
3FF8A
3FF73
3FF5C
3FF45
3FF30
3FF1B
3FF08
3FEF8
3FEEA
3FEDF
3FED6
3FED2
3FED0
3FED2
3FED7
3FEE0
3FEEB
3FEF9
3FF0A
3FF1D
3FF32
3FF48
3FF5E
3FF75
3FF8C
3FFA2
3FFB6
3FFC9
3FFDA
3FFE9
3FFF5
3FFFE
00003
00006
00005
00000
3FFF9
3FFEE
3FFE1
3FFD0
3FFBE
3FFAA
3FF95
3FF7E
3FF68
3FF51
3FF3B
3FF26
3FF13
3FF01
3FEF2
3FEE6
3FEDC
3FED6
3FED3
3FED3
3FED7
3FEDD
3FEE7
3FEF4
3FF04
3FF15
3FF29
3FF3E
3FF54
3FF6A
3FF81
3FF97
3FFAC
3FFC0
3FFD2
3FFE2
3FFEF
3FFF9
00000
00004
00005
00002
3FFFC
3FFF3
3FFE7
3FFD8
3FFC7
3FFB4
3FF9F
3FF89
3FF73
3FF5D
3FF46
3FF31
3FF1D
3FF0B
3FEFB
3FEED
3FEE2
3FEDA
3FED6
3FED4
3FED6
3FEDC
3FEE4
3FEEF
3FEFD
3FF0E
3FF20
3FF35
3FF4A
3FF60
3FF77
3FF8D
3FFA2
3FFB6
3FFC9
3FFDA
3FFE8
3FFF3
3FFFC
00001
00004
00003
3FFFE
3FFF7
3FFEC
3FFDF
3FFCF
3FFBD
3FFA9
3FF94
3FF7E
3FF68
3FF52
3FF3C
3FF28
3FF15
3FF04
3FEF5
3FEE9
3FEE0
3FED9
3FED6
3FED7
3FEDA
3FEE1
3FEEB
3FEF8
3FF07
3FF18
3FF2C
3FF40
3FF56
3FF6C
3FF82
3FF98
3FFAD
3FFC0
3FFD2
3FFE1
3FFEE
3FFF7
3FFFE
00002
00003
00000
3FFFA
3FFF1
3FFE5
3FFD6
3FFC5
3FFB3
3FF9E
3FF89
3FF73
3FF5D
3FF47
3FF32
3FF1F
3FF0D
3FEFD
3FEF0
3FEE5
3FEDD
3FED9
3FED8
3FEDA
3FEDF
3FEE7
3FEF3
3FF00
3FF11
3FF23
3FF37
3FF4C
3FF62
3FF78
3FF8E
3FFA3
3FFB7
3FFC9
3FFD9
3FFE7
3FFF2
3FFFB
00000
00002
00001
3FFFC
3FFF5
3FFEA
3FFDD
3FFCD
3FFBC
3FFA8
3FF93
3FF7E
3FF68
3FF52
3FF3D
3FF29
3FF16
3FF05
3FEF7
3FEEB
3FEE2
3FEDC
3FED9
3FEDA
3FEDD
3FEE4
3FEEE
3FEFB
3FF0A
3FF1B
3FF2E
3FF42
3FF58
3FF6E
3FF83
3FF99
3FFAD
3FFC0
3FFD1
3FFE0
3FFED
3FFF7
3FFFD
00001
00001
3FFFE
3FFF8
3FFEF
3FFE3
3FFD5
3FFC4
3FFB1
3FF9D
3FF88
3FF73
3FF5D
3FF47
3FF33
3FF1F
3FF0E
3FEFE
3FEF1
3FEE7
3FEDF
3FEDB
3FEDA
3FEDC
3FEE1
3FEEA
3FEF5
3FF03
3FF13
3FF25
3FF39
3FF4E
3FF63
3FF79
3FF8F
3FFA4
3FFB7
3FFC9
3FFD9
3FFE7
3FFF2
3FFFA
3FFFF
00001
00000
3FFFB
3FFF3
3FFE9
3FFDC
3FFCC
3FFBA
3FFA7
3FF92
3FF7D
3FF67
3FF52
3FF3D
3FF29
3FF17
3FF06
3FEF8
3FEEC
3FEE3
3FEDE
3FEDB
3FEDC
3FEDF
3FEE6
3FEF0
3FEFD
3FF0C
3FF1D
3FF30
3FF44
3FF59
3FF6F
3FF85
3FF9A
3FFAE
3FFC1
3FFD2
3FFE0
3FFED
3FFF6
3FFFD
00000
00000
3FFFD
3FFF7
3FFEE
3FFE2
3FFD4
3FFC3
3FFB0
3FF9C
3FF87
3FF72
3FF5C
3FF47
3FF33
3FF20
3FF0E
3FEFF
3FEF2
3FEE8
3FEE1
3FEDC
3FEDC
3FEDE
3FEE3
3FEEC
3FEF7
3FF05
3FF15
3FF27
3FF3B
3FF4F
3FF65
3FF7A
3FF90
3FFA4
3FFB8
3FFCA
3FFD9
3FFE7
3FFF2
3FFFA
3FFFE
00000
3FFFF
3FFFA
3FFF2
3FFE8
3FFDB
3FFCB
3FFB9
3FFA6
3FF92
3FF7C
3FF67
3FF51
3FF3C
3FF29
3FF17
3FF06
3FEF8
3FEED
3FEE4
3FEDE
3FEDC
3FEDD
3FEE1
3FEE8
3FEF1
3FEFE
3FF0D
3FF1E
3FF31
3FF45
3FF5B
3FF70
3FF86
3FF9B
3FFAF
3FFC1
3FFD2
3FFE1
3FFED
3FFF6
3FFFC
00000
00000
3FFFD
3FFF6
3FFED
3FFE1
3FFD3
3FFC2
3FFAF
3FF9C
3FF87
3FF71
3FF5C
3FF46
3FF32
3FF1F
3FF0E
3FEFF
3FEF2
3FEE8
3FEE1
3FEDD
3FEDC
3FEDF
3FEE4
3FEED
3FEF8
3FF06
3FF16
3FF28
3FF3C
3FF50
3FF66
3FF7B
3FF91
3FFA5
3FFB9
3FFCA
3FFDA
3FFE7
3FFF2
3FFFA
3FFFE
00000
3FFFE
3FFFA
3FFF2
3FFE7
3FFDA
3FFCA
3FFB9
3FFA5
3FF91
3FF7B
3FF66
3FF50
3FF3C
3FF28
3FF16
3FF06
3FEF8
3FEED
3FEE4
3FEDF
3FEDC
3FEDD
3FEE1
3FEE8
3FEF2
3FEFF
3FF0E
3FF1F
3FF32
3FF46
3FF5C
3FF71
3FF87
3FF9C
3FFAF
3FFC2
3FFD3
3FFE1
3FFED
3FFF6
3FFFD
00000
00000
3FFFC
3FFF6
3FFED
3FFE1
3FFD2
3FFC1
3FFAF
3FF9B
3FF86
3FF70
3FF5B
3FF45
3FF31
3FF1E
3FF0D
3FEFE
3FEF1
3FEE8
3FEE1
3FEDD
3FEDC
3FEDE
3FEE4
3FEED
3FEF8
3FF06
3FF17
3FF29
3FF3C
3FF51
3FF67
3FF7C
3FF92
3FFA6
3FFB9
3FFCB
3FFDB
3FFE8
3FFF2
3FFFA
3FFFF
00000
3FFFE
3FFFA
3FFF2
3FFE7
3FFD9
3FFCA
3FFB8
3FFA4
3FF90
3FF7A
3FF65
3FF4F
3FF3B
3FF27
3FF15
3FF05
3FEF7
3FEEC
3FEE3
3FEDE
3FEDC
3FEDC
3FEE1
3FEE8
3FEF2
3FEFF
3FF0E
3FF20
3FF33
3FF47
3FF5C
3FF72
3FF87
3FF9C
3FFB0
3FFC3
3FFD4
3FFE2
3FFEE
3FFF7
3FFFD
00000
00000
3FFFD
3FFF6
3FFED
3FFE0
3FFD2
3FFC1
3FFAE
3FF9A
3FF85
3FF6F
3FF59
3FF44
3FF30
3FF1D
3FF0C
3FEFD
3FEF0
3FEE6
3FEDF
3FEDC
3FEDB
3FEDE
3FEE3
3FEEC
3FEF8
3FF06
3FF17
3FF29
3FF3D
3FF52
3FF67
3FF7D
3FF92
3FFA7
3FFBA
3FFCC
3FFDC
3FFE9
3FFF3
3FFFB
00000
00001
3FFFF
3FFFA
3FFF2
3FFE7
3FFD9
3FFC9
3FFB7
3FFA4
3FF8F
3FF79
3FF63
3FF4E
3FF39
3FF25
3FF13
3FF03
3FEF5
3FEEA
3FEE1
3FEDC
3FEDA
3FEDB
3FEDF
3FEE7
3FEF1
3FEFE
3FF0E
3FF1F
3FF33
3FF47
3FF5D
3FF73
3FF88
3FF9D
3FFB1
3FFC4
3FFD5
3FFE3
3FFEF
3FFF8
3FFFE
00001
00001
3FFFD
3FFF7
3FFED
3FFE0
3FFD1
3FFC0
3FFAD
3FF99
3FF83
3FF6E
3FF58
3FF42
3FF2E
3FF1B
3FF0A
3FEFB
3FEEE
3FEE4
3FEDD
3FEDA
3FED9
3FEDC
3FEE2
3FEEB
3FEF7
3FF05
3FF16
3FF29
3FF3D
3FF52
3FF68
3FF7E
3FF93
3FFA8
3FFBC
3FFCD
3FFDD
3FFEA
3FFF5
3FFFC
00001
00002
00000
3FFFB
3FFF2
3FFE7
3FFD9
3FFC9
3FFB7
3FFA3
3FF8E
3FF78
3FF62
3FF4C
3FF37
3FF23
3FF11
3FF00
3FEF3
3FEE7
3FEDF
3FEDA
3FED8
3FED9
3FEDD
3FEE5
3FEF0
3FEFD
3FF0D
3FF1F
3FF32
3FF47
3FF5D
3FF73
3FF89
3FF9E
3FFB3
3FFC5
3FFD6
3FFE5
3FFF1
3FFFA
00000
00003
00002
3FFFE
3FFF7
3FFEE
3FFE1
3FFD2
3FFC0
3FFAD
3FF98
3FF82
3FF6C
3FF56
3FF40
3FF2C
3FF18
3FF07
3FEF8
3FEEB
3FEE1
3FEDA
3FED7
3FED6
3FED9
3FEE0
3FEE9
3FEF5
3FF04
3FF15
3FF28
3FF3C
3FF52
3FF68
3FF7E
3FF94
3FFA9
3FFBD
3FFCF
3FFDF
3FFEC
3FFF7
3FFFE
00003
00004
00001
3FFFC
3FFF3
3FFE8
3FFDA
3FFC9
3FFB6
3FFA2
3FF8D
3FF77
3FF60
3FF4A
3FF35
3FF20
3FF0E
3FEFD
3FEEF
3FEE4
3FEDC
3FED6
3FED4
3FED6
3FEDA
3FEE2
3FEED
3FEFB
3FF0B
3FF1D
3FF31
3FF46
3FF5D
3FF73
3FF89
3FF9F
3FFB4
3FFC7
3FFD8
3FFE7
3FFF3
3FFFC
00002
00005
00004
00000
3FFF9
3FFEF
3FFE2
3FFD2
3FFC0
3FFAC
3FF97
3FF81
3FF6A
3FF54
3FF3E
3FF29
3FF15
3FF04
3FEF4
3FEE7
3FEDD
3FED7
3FED3
3FED3
3FED6
3FEDC
3FEE6
3FEF2
3FF01
3FF13
3FF26
3FF3B
3FF51
3FF68
3FF7E
3FF95
3FFAA
3FFBE
3FFD0
3FFE1
3FFEE
3FFF9
00000
00005
00006
00003
3FFFE
3FFF5
3FFE9
3FFDA
3FFC9
3FFB6
3FFA2
3FF8C
3FF75
3FF5E
3FF48
3FF32
3FF1D
3FF0A
3FEF9
3FEEB
3FEE0
3FED7
3FED2
3FED0
3FED2
3FED6
3FEDF
3FEEA
3FEF8
3FF08
3FF1B
3FF30
3FF45
3FF5C
3FF73
3FF8A
3FFA0
3FFB5
3FFC8
3FFDA
3FFE9
3FFF5
3FFFE
00004
00007
00006
00002
3FFFB
3FFF0
3FFE3
3FFD3
3FFC0
3FFAC
3FF96
3FF80
3FF69
3FF51
3FF3B
3FF25
3FF11
3FEFF
3FEF0
3FEE3
3FED9
3FED2
3FECE
3FECE
3FED1
3FED8
3FEE2
3FEEE
3FEFE
3FF10
3FF24
3FF39
3FF50
3FF67
3FF7E
3FF95
3FFAB
3FFC0
3FFD2
3FFE3
3FFF0
3FFFB
00003
00007
00008
00006
00000
3FFF7
3FFEB
3FFDC
3FFCA
3FFB6
3FFA1
3FF8B
3FF73
3FF5C
3FF45
3FF2E
3FF19
3FF06
3FEF5
3FEE6
3FEDA
3FED2
3FECD
3FECB
3FECC
3FED1
3FEDA
3FEE5
3FEF4
3FF05
3FF18
3FF2D
3FF44
3FF5B
3FF72
3FF8A
3FFA1
3FFB6
3FFCA
3FFDC
3FFEB
3FFF8
00001
00007
0000A
00009
00005
3FFFD
3FFF2
3FFE4
3FFD4
3FFC1
3FFAC
3FF95
3FF7E
3FF66
3FF4F
3FF38
3FF21
3FF0D
3FEFA
3FEEA
3FEDD
3FED3
3FECC
3FEC8
3FEC8
3FECB
3FED2
3FEDC
3FEEA
3FEFA
3FF0C
3FF21
3FF37
3FF4E
3FF66
3FF7E
3FF95
3FFAC
3FFC1
3FFD4
3FFE5
3FFF3
3FFFE
00006
0000B
0000C
00009
00003
3FFF9
3FFED
3FFDD
3FFCB
3FFB7
3FFA1
3FF89
3FF71
3FF59
3FF41
3FF2A
3FF14
3FF01
3FEEF
3FEE0
3FED4
3FECB
3FEC6
3FEC4
3FEC6
3FECB
3FED4
3FEE0
3FEEF
3FF00
3FF14
3FF2A
3FF41
3FF59
3FF71
3FF8A
3FFA1
3FFB7
3FFCC
3FFDE
3FFEE
3FFFB
00004
0000B
0000D
0000D
00008
00000
3FFF5
3FFE6
3FFD5
3FFC1
3FFAC
3FF95
3FF7D
3FF64
3FF4B
3FF34
3FF1D
3FF07
3FEF4
3FEE4
3FED6
3FECB
3FEC4
3FEC0
3FEC0
3FEC4
3FECB
3FED6
3FEE3
3FEF4
3FF07
3FF1D
3FF33
3FF4C
3FF64
3FF7D
3FF95
3FFAD
3FFC2
3FFD6
3FFE8
3FFF6
00002
0000A
0000F
0000F
0000D
00006
3FFFC
3FFEF
3FFDF
3FFCC
3FFB7
3FFA0
3FF88
3FF6F
3FF56
3FF3D
3FF25
3FF0F
3FEFA
3FEE8
3FED8
3FECC
3FEC3
3FEBD
3FEBB
3FEBD
3FEC3
3FECC
3FED8
3FEE8
3FEFA
3FF0F
3FF25
3FF3E
3FF56
3FF70
3FF89
3FFA1
3FFB8
3FFCE
3FFE1
3FFF1
3FFFE
00008
0000F
00012
00011
0000C
00004
3FFF8
3FFE9
3FFD7
3FFC2
3FFAC
3FF94
3FF7B
3FF61
3FF48
3FF2F
3FF17
3FF01
3FEED
3FEDC
3FECD
3FEC2
3FEBB
3FEB7
3FEB7
3FEBB
3FEC2
3FECD
3FEDC
3FEED
3FF01
3FF17
3FF2F
3FF48
3FF62
3FF7B
3FF95
3FFAD
3FFC4
3FFD8
3FFEB
3FFFA
00006
0000E
00013
00014
00011
0000A
00000
3FFF2
3FFE1
3FFCE
3FFB8
3FFA0
3FF87
3FF6D
3FF53
3FF39
3FF20
3FF08
3FEF3
3FEE0
3FECF
3FEC2
3FEB9
3FEB3
3FEB1
3FEB3
3FEB9
3FEC2
3FECF
3FEDF
3FEF2
3FF08
3FF20
3FF39
3FF53
3FF6D
3FF87
3FFA1
3FFB9
3FFCF
3FFE3
3FFF4
00002
0000D
00013
00016
00015
00011
00008
3FFFC
3FFEC
3FFD9
3FFC4
3FFAC
3FF93
3FF79
3FF5E
3FF43
3FF29
3FF10
3FEF9
3FEE4
3FED2
3FEC3
3FEB7
3FEB0
3FEAB
3FEAB
3FEAF
3FEB7
3FEC2
3FED1
3FEE4
3FEF8
3FF10
3FF29
3FF43
3FF5E
3FF79
3FF93
3FFAD
3FFC5
3FFDA
3FFED
3FFFD
0000A
00013
00018
00019
00016
0000F
00004
3FFF6
3FFE4
3FFD0
3FFB9
3FFA0
3FF85
3FF6A
3FF4F
3FF34
3FF19
3FF01
3FEEA
3FED6
3FEC5
3FEB7
3FEAD
3FEA6
3FEA4
3FEA6
3FEAC
3FEB6
3FEC3
3FED4
3FEE8
3FEFF
3FF18
3FF32
3FF4D
3FF69
3FF85
3FF9F
3FFB9
3FFD0
3FFE5
3FFF7
00006
00011
00019
0001C
0001B
00016
0000D
00000
3FFF0
3FFDC
3FFC6
3FFAD
3FF92
3FF77
3FF5B
3FF3E
3FF23
3FF09
3FEF0
3FEDA
3FEC7
3FEB7
3FEAA
3FEA2
3FE9D
3FE9D
3FEA1
3FEA9
3FEB5
3FEC4
3FED7
3FEED
3FF06
3FF20
3FF3C
3FF58
3FF75
3FF91
3FFAC
3FFC5
3FFDC
3FFF0
00001
0000F
00018
0001E
0001F
0001C
00015
0000A
3FFFB
3FFE8
3FFD2
3FFBA
3FFA0
3FF84
3FF67
3FF4A
3FF2D
3FF11
3FEF7
3FEDF
3FECA
3FEB7
3FEA8
3FE9E
3FE97
3FE94
3FE96
3FE9C
3FEA6
3FEB4
3FEC6
3FEDB
3FEF3
3FF0D
3FF29
3FF46
3FF63
3FF80
3FF9D
3FFB8
3FFD1
3FFE7
3FFFA
0000A
00016
0001E
00022
00021
0001C
00013
00005
3FFF4
3FFDF
3FFC8
3FFAE
3FF92
3FF75
3FF57
3FF39
3FF1B
3FEFF
3FEE5
3FECD
3FEB9
3FEA7
3FE9A
3FE91
3FE8B
3FE8B
3FE8F
3FE97
3FEA3
3FEB4
3FEC7
3FEDF
3FEF8
3FF14
3FF31
3FF50
3FF6E
3FF8C
3FFA9
3FFC4
3FFDC
3FFF2
00004
00013
0001E
00024
00025
00023
0001B
00010
00000
3FFED
3FFD6
3FFBC
3FFA0
3FF83
3FF64
3FF45
3FF26
3FF08
3FEEC
3FED2
3FEBB
3FEA7
3FE97
3FE8B
3FE83
3FE80
3FE81
3FE87
3FE92
3FEA0
3FEB3
3FEC9
3FEE2
3FEFE
3FF1B
3FF3A
3FF59
3FF79
3FF97
3FFB4
3FFCF
3FFE7
3FFFC
0000E
0001B
00024
00028
00028
00023
0001A
0000C
3FFFA
3FFE4
3FFCB
3FFAF
3FF91
3FF72
3FF52
3FF32
3FF12
3FEF4
3FED8
3FEBE
3FEA7
3FE94
3FE85
3FE7B
3FE75
3FE74
3FE77
3FE7F
3FE8C
3FE9D
3FEB2
3FECA
3FEE5
3FF03
3FF22
3FF42
3FF63
3FF83
3FFA2
3FFBF
3FFDA
3FFF2
00006
00017
00022
0002A
0002C
0002A
00023
00017
00006
3FFF2
3FFDA
3FFBF
3FFA1
3FF81
3FF60
3FF3F
3FF1E
3FEFD
3FEDF
3FEC2
3FEA9
3FE93
3FE81
3FE73
3FE6A
3FE66
3FE66
3FE6C
3FE76
3FE85
3FE99
3FEB0
3FECB
3FEE8
3FF07
3FF28
3FF4A
3FF6C
3FF8D
3FFAD
3FFCA
3FFE5
3FFFC
0000F
0001F
00029
0002F
0002F
0002B
00021
00013
00000
3FFE9
3FFCF
3FFB1
3FF91
3FF70
3FF4D
3FF2A
3FF08
3FEE7
3FEC8
3FEAB
3FE92
3FE7C
3FE6B
3FE5F
3FE57
3FE55
3FE57
3FE5F
3FE6C
3FE7E
3FE93
3FEAD
3FECA
3FEE9
3FF0B
3FF2D
3FF51
3FF74
3FF96
3FFB6
3FFD4
3FFEE
00005
00018
00026
0002F
00032
00031
0002A
0001E
0000E
3FFF8
3FFDF
3FFC2
3FFA2
3FF80
3FF5D
3FF38
3FF14
3FEF1
3FECF
3FEAF
3FE92
3FE79
3FE64
3FE54
3FE49
3FE43
3FE42
3FE46
3FE50
3FE5F
3FE73
3FE8B
3FEA7
3FEC7
3FEE8
3FF0C
3FF30
3FF55
3FF7A
3FF9D
3FFBD
3FFDB
3FFF6
0000C
0001E
0002B
00033
00035
00031
00029
0001B
00007
3FFF0
3FFD4
3FFB5
3FF92
3FF6E
3FF48
3FF22
3FEFC
3FED7
3FEB4
3FE94
3FE77
3FE5E
3FE49
3FE3A
3FE2F
3FE2B
3FE2B
3FE32
3FE3E
3FE4F
3FE65
3FE80
3FE9E
3FEC0
3FEE4
3FF09
3FF30
3FF56
3FF7C
3FFA0
3FFC2
3FFE0
3FFFB
00011
00023
0002F
00035
00036
00031
00026
00015
00000
3FFE6
3FFC7
3FFA6
3FF81
3FF5A
3FF32
3FF0A
3FEE2
3FEBC
3FE97
3FE76
3FE58
3FE3F
3FE2B
3FE1B
3FE12
3FE0E
3FE10
3FE18
3FE26
3FE39
3FE51
3FE6E
3FE8F
3FEB3
3FED9
3FF01
3FF29
3FF52
3FF79
3FF9F
3FFC1
3FFE1
3FFFC
00012
00024
0002F
00035
00034
0002E
00021
0000F
3FFF8
3FFDB
3FFBA
3FF96
3FF6F
3FF46
3FF1B
3FEF1
3FEC7
3FE9E
3FE78
3FE55
3FE36
3FE1C
3FE07
3FDF7
3FDED
3FDEA
3FDED
3FDF6
3FE05
3FE19
3FE33
3FE52
3FE75
3FE9B
3FEC3
3FEED
3FF18
3FF43
3FF6C
3FF93
3FFB8
3FFD9
3FFF5
0000D
0001F
0002B
00030
00030
00029
0001B
00008
3FFEF
3FFD0
3FFAE
3FF87
3FF5D
3FF31
3FF04
3FED7
3FEAA
3FE7F
3FE56
3FE31
3FE0F
3FDF2
3FDDB
3FDCA
3FDBF
3FDBA
3FDBC
3FDC5
3FDD3
3FDE8
3FE03
3FE22
3FE46
3FE6E
3FE98
3FEC5
3FEF2
3FF1F
3FF4B
3FF75
3FF9D
3FFC1
3FFE0
3FFFA
0000E
0001D
00024
00025
0001F
00013
00000
3FFE7
3FFC8
3FFA4
3FF7C
3FF51
3FF23
3FEF3
3FEC2
3FE91
3FE62
3FE35
3FE0A
3FDE4
3FDC2
3FDA6
3FD90
3FD80
3FD77
3FD74
3FD79
3FD84
3FD96
3FDAE
3FDCB
3FDEE
3FE15
3FE40
3FE6D
3FE9D
3FECC
3FEFC
3FF2B
3FF57
3FF80
3FFA6
3FFC6
3FFE1
3FFF6
00005
0000D
0000E
00008
3FFFB
3FFE7
3FFCD
3FFAC
3FF87
3FF5C
3FF2E
3FEFC
3FEC8
3FE93
3FE5E
3FE29
3FDF6
3FDC6
3FD99
3FD70
3FD4C
3FD2D
3FD15
3FD03
3FCF7
3FCF3
3FCF6
3FCFF
3FD10
3FD26
3FD43
3FD65
3FD8C
3FDB7
3FDE6
3FE17
3FE49
3FE7D
3FEB1
3FEE4
3FF16
3FF45
3FF72
3FF9A
3FFBF
3FFDE
3FFF8
0000D
0001C
00025
00027
00023
00019
00009
3FFF2
3FFD6
3FFB3
3FF8B
3FF5D
3FF2A
3FEF2
3FEB4
3FE71
3FE29
3FDDB
3FD87
3FD2C
3FCCA
3FC60
3FBEC
3FB6D
3FAE0
3FA41
3F98B
3F8B6
3F7B6
3F672
3F4BF
3F136
3F4CD
3E853
01DA7
008DC
017C7
018EB
119C6
3D233
3C9A7
00811
3FD2E
3FB96
3F415
059E1
00E6C
01858
00AC9
023B2
3F395
00CCE
3D7B0
3FBF6
347D2
3CCF5
36B48
3DB85
34AF6
090DA
06AEC
3AC3A
3F454
3FBCC
3FC1A
3F5E2
3F7EF
3E61E
3F701
3BCB9
0AFD4
03B9C
0286C
02760
0608D
3FC42
3A49F
0B9A9
0E6E8
2C35F
3C124
3E391
3EB35
3CC30
00440
014D9
3D003
3B79B
084BF
021EF
3F1D4
00DCE
0441B
3ED7F
3EC3A
3FB68
3F2F1
3FEC2
3F446
3F643
3ECD2
3E9B2
3D7F4
3980D
039A3
00D4D
3EC03
3EA63
0CDCA
3FC12
3F6DA
3DF38
39C6A
04B5B
01434
0230B
01061
0680F
0170B
01492
0289A
05A5F
3F2D0
056F3
2D294
3AD6E
03A71
3CDB5
353DD
02054
00AE9
008A2
00853
0084D
00BC2
3A2E0
00BC0
00474
02384
04076
3FF5C
0349A
3962C
00428
3E2E1
04E16
1C420
36A9E
3CEAF
3BC54
3D80E
3CEBD
3DD72
3FBA2
3D987
39B44
3FA89
3BD80
04E0B
01C62
00CC0
00D61
0CC8C
00516
004E4
0064F
00933
3FC45
3FD58
0197B
00C41
057A0
01ABD
09FD9
3B456
3DEA4
3D7B4
3E8E3
3A41D
3D0EC
3F448
3CC1B
3AF1A
3D399
3997B
04372
0064A
3E3B9
3EF82
3EFF5
001C7
0A2B4
34387
2FA42
0C53E
017A7
062D8
01553
0093C
008C9
00E46
00214
00C9D
3F2E4
007E6
39B90
3E49B
3EE9E
3DBA8
39745
00B28
3C2ED
0622C
007C7
0C437
03059
04D74
00B23
3E342
02C4B
017B9
02497
02053
3D8EC
00561
3C8F9
01811
02211
009C5
01AD4
3EAD6
3FF3E
017A9
00D07
01146
01835
041C1
3F6FB
01ACE
3E51A
01037
38496
00163
0A99C
3E740
3F48B
00370
015B5
3CB0D
3EA38
3F9D0
3E36A
2F446
02BDE
02A4F
3F46D
3F755
3FB13
3F244
3D040
3C836
2A766
3F66C
3309B
0A945
046C4
0318B
02646
01BF9
02B79
108C7
3D7FB
3F84F
3DEA1
3D957
02AE7
00C05
00B44
01D5A
09872
02ADC
119B0
300EC
38BA0
3C874
3CCB8
0068D
3EFEF
05312
3D984
3FBCE
3E0A6
3FE40
3C13B
3E831
00D10
3F694
3C272
01918
01702
013A6
01A48
00703
0126F
01BED
01278
3F5CA
014E1
3DB27
07667
068C6
3B64D
00CD5
3C71F
00ED3
0116E
01137
0213E
3E384
3DB1B
05D1F
013B6
06073
00969
3F2AE
00F2F
015B7
3EFAE
3F3BE
0195B
00AD8
2C5A6
3F78B
3F4C6
006A2
00A77
017D3
040B4
33A9B
3D0B1
1109C
3F496
3EB08
002A2
00158
00771
006E9
01334
01077
23EEE
01229
03B07
3F34B
3E7DC
02400
00298
068DE
0274B
2EEBE
02301
0359B
00B3B
00428
0298F
01FD8
0060C
01313
00B6A
01684
01831
02AC2
0711A
3858B
3D61A
3E410
3E8E8
06747
3D4B3
37909
01BDD
3E95B
03427
00D18
05FD2
02DCA
033C7
05696
164FF
37B27
3DE93
3CA7E
3F0D7
39B5C
3E046
3FE7A
3E7D9
3CC1D
009DA
3F7CA
02021
014C0
0043A
0111B
0141C
01549
3F01A
0671A
0B8D1
3692F
00D7E
2F6FA
3D406
3E6A6
3F5A9
3EC3D
01844
022D0
3FC53
019A5
3D3C6
01895
0CFF5
00B3D
017B9
04A33
0ADA8
34478
00418
28B21
3BD5D
3C80F
3EAA6
3F25D
3F523
3FA6E
3F84E
3FBBD
00A7E
00135
3D38A
014CC
031FA
3EB85
3F6D5
0018A
3F1F0
0BAC5
02939
061A5
017A7
0502B
3DD60
3FB1B
3F00D
3F9F9
3E2C1
3ECFC
36ABD
01168
3EE76
02032
00FF6
019F4
015EF
3CFA6
0016F
3D1E0
0150E
00FB4
0109B
00F50
015B8
01B87
34F74
3E81C
38D2A
3F6AA
363FE
0BB95
085FF
3DE8C
0224B
028B5
03899
0B1ED
0135B
02CE5
03BCA
08667
3271C
3DB77
005CF
00FCA
0619C
02352
0E7B6
2F901
34065
09B5F
00431
3EE99
3ED92
3EBB5
3E59A
3DE9B
3DC5D
3B74F
07A29
0156E
3EEC2
0090D
052A0
3E1C3
3E9D5
003F0
017B6
39BC2
3E4E2
36AC5
3ED2C
3F7A6
01120
077E0
3664E
3B82E
3D4ED
3D572
0B21F
3EF35
3EBBA
00316
0320D
3BC84
3F538
399A9
3DA23
3E344
3EF7A
3F9C7
008D0
04423
3C25D
029FE
2BC2D
39859
029C1
3B30C
3489C
00741
3F8BB
3D9AB
3DBA6
3FDB0
3EADF
3B3AA
02F98
3C024
3C1AF
33B3D
36B72
365F5
06369
30F9B
00246
06B4F
33175
082D2
346C8
35F20
02DCF
39E0E
0F30D
37B6D
3A909
3D7E8
3488F
33A54
324A7
384C8
3E1A9
392DB
030D1
3FDBB
3915A
3E711
0B4C9
2B5BA
3FD3F
10CB7
003E4
3CE23
2FA59
3EAAA
0A1D0
3BDE6
3FD83
0D6FD
3C0D7
3C0A6
0BEFF
02F7E
020AF
3F9BB
2B491
2E75C
3B895
0272A
0A1B6
36D8B
0249E
2D833
0841C
09B84
0847F
37CA0
3FBA1
054BD
39CE9
11898
024F9
045BA
32FC9
1291E
3E5A5
04BD1
3B602
0B5C6
32582
3BBFE
097BF
09EF4
083A6
376B3
37CD8
3A68D
3F817
04DBE
32D7B
029F7
0DBC2
03672
0C633
3F2A6
2E7CC
2EC7C
0DF65
01822
16AF2
3850F
04A55
0A92D
084AA
26DCF
0988C
34369
05071
060AA
399E0
06AC5
2EDB0
0359D
39DE2
3B851
32A82
3CEF3
031E6
2F314
040A4
3B5C7
3D83C
3F045
03536
135EB
3D87C
3BA1C
38DB9
0CB23
02DF5
0FDFD
38045
051C5
33D49
3A8E7
04AF9
3D2A9
06223
39AE8
05092
08AB4
06DC7
39EA3
03E9B
0CCC3
394BE
0AFCB
362D2
3800E
2D850
000BA
3EE9C
3AB52
3EBB9
00068
38BB7
36E41
03E05
3D667
0B043
37CB1
3B5D4
33154
335D5
09CE0
077AE
0E297
38124
3C096
35AFF
3DDAC
15AF6
05338
0656F
07D54
3EFEF
0392D
135A9
3DC55
26637
37C17
02963
3BDBC
02242
3B749
0A61E
3B0B0
08ACB
0AF9A
102F5
1531C
2C39D
2F766
040D5
0C195
057F1
362E4
0AEBD
0956C
3D7C1
27FCC
01486
0319D
02B23
3279E
03DE7
38681
059D2
387A4
057B6
0C74B
06DA5
3EDF9
3BEE1
06251
2DE78
30723
086EB
28E25
07251
01914
33FAF
0217D
39E15
3C1E0
03515
35AAF
036B3
04F27
39105
072CE
0A1A7
0D963
37511
06616
3AAAD
3726E
3737C
32E66
356CC
3A28C
05893
3AC64
30C74
3BF27
0474C
0AD73
12474
0B4FF
07278
0A36C
03E30
038A2
016C0
3C30F
06B0B
3FE2D
3EDDE
13678
34A58
08415
3B319
3B6AA
151DC
3925D
3CA8B
00B75
09B53
34AEF
2A655
01237
3B96E
05BBF
143A5
38FC0
01DFA
3AAD3
29E29
00E57
1DA31
2C39C
3DA4E
01600
3E948
32D6E
13E1C
3CC0E
0D3D8
35E8B
3E31D
394F8
3AE01
0DAB9
2EA5F
10CF2
32E7A
2F790
3A4A1
00D1A
39C56
0550B
394B8
00CF4
008CC
134F5
0A827
3F9DC
1250D
3DB41
30006
02B49
015F4
364C6
37B4A
36795
072EF
2CE57
3E0F4
3C05F
0BD2F
15A18
3C37C
05D62
336E2
35AB0
3BB70
3F52D
011CF
3C663
03855
03EE7
02893
0A3EE
240BA
06697
10925
2CF7A
06062
3D8D8
03251
08C1E
071C4
0EB58
0681E
099C8
34DD2
1785D
2B1D9
31910
03EAE
0A111
3C7D3
04FE4
3CF6D
3AAEE
37263
0ED3C
0008D
303A0
049F7
14572
07F8E
35B2C
2DBDD
3131C
011F0
03C4F
374F0
38586
01528
3E9AB
0CA21
3B3D8
07A3E
3F62A
014ED
3883D
000AA
00182
0D3FC
395AD
21A49
07833
014DE
31400
38FC2
17FDD
14483
023FE
0D26D
3F114
00593
3C719
00CE8
33FAC
38246
3FCC2
35CEB
3CE50
37C9C
3FBEE
0D4C1
0567E
02B18
31357
327A8
3761F
3A798
0D9F3
0214B
03B3A
3FB2B
0806D
3EED2
015CA
07E44
14FB8
39EAE
39B8C
3D352
37029
11A18
3D758
054C2
3921D
3E54F
0649C
2FD5E
322D1
04F66
03E63
35AAF
33419
03CF7
080F6
058D5
055E6
3CF65
39E1D
10EE1
3D398
10A6D
35953
3DFD3
0B665
387E7
398EC
38958
00B17
3F660
3C9DC
3BA79
00A1F
0007E
04DCD
3B9A0
0BA75
02B0E
386FB
01B40
3177B
3497A
0B5EA
3283A
0407A
02000
03706
3D1DC
3DF85
0AAC9
0366D
01AA4
095FB
06720
03AD7
3308A
2F6A3
3C40F
3FFE5
3DC15
0C23C
003C5
3F73F
37DC4
334C2
3C071
3D664
011F6
079FD
0474B
12AF0
310A1
09C88
364C0
004DA
0B628
0AAEC
024EA
363C0
328FC
37C30
0C954
02A80
3CEC1
3EA64
39FE1
0D206
339F9
00BF1
24ADA
3E7F6
03302
0130A
35BAF
3FD65
00B29
074AD
3A0B4
3E28F
37C50
01E8F
0312E
313F0
3D307
3694B
3F992
3E717
14D88
02D22
3FDCF
02D8E
02B64
02AB8
029B6
02856
026A3
024AC
0227C
0201D
01D9A
01AFD
01852
015A1
012F5
01057
00DD0
00B68
00927
00713
00531
00387
00217
000E4
3FFF0
3FF39
3FEC0
3FE82
3FE7C
3FEAB
3FF09
3FF91
0003D
00107
001E8
002DA
003D4
004D2
005CC
006BB
0079B
00867
00919
009AD
00A22
00A75
00AA4
00AB0
00A97
00A5C
009FF
00985
008EF
00841
00780
006B0
005D5
004F4
00412
00334
0025E
00194
000DB
00035
3FFA7
3FF31
3FED6
3FE98
3FE76
3FE70
3FE87
3FEB8
3FF02
3FF62
3FFD6
0005A
000EB
00186
00226
002C7
00367
00401
00491
00515
00589
005EC
0063A
00672
00694
0069F
00692
0066F
00635
005E8
00587
00517
00498
0040F
0037E
002E9
00252
001BD
0012D
000A5
00028
3FFB8
3FF57
3FF08
3FECB
3FEA2
3FE8D
3FE8D
3FEA0
3FEC6
3FEFE
3FF46
3FF9D
00000
0006D
000E0
00158
001D2
0024A
002BF
0032D
00391
003EB
00437
00474
004A1
004BD
004C8
004C0
004A8
0047E
00445
003FE
003AA
0034B
002E3
00275
00203
00190
0011D
000AE
00045
3FFE4
3FF8D
3FF42
3FF04
3FED4
3FEB3
3FEA3
3FEA2
3FEB0
3FECE
3FEFA
3FF33
3FF78
3FFC7
0001E
0007A
000DB
0013D
0019E
001FD
00256
002A8
002F2
00331
00365
0038B
003A4
003AF
003AB
00399
0037A
0034E
00315
002D3
00287
00233
001DB
0017E
00120
000C3
00068
00011
3FFC1
3FF79
3FF3A
3FF06
3FEDE
3FEC2
3FEB3
3FEB1
3FEBC
3FED3
3FEF7
3FF26
3FF5E
3FF9F
3FFE7
00034
00084
000D7
00129
00178
001C4
0020B
0024A
00280
002AD
002D0
002E6
002F1
002F0
002E4
002CB
002A7
00279
00242
00204
001BE
00174
00126
000D7
00088
0003A
3FFF1
3FFAC
3FF6E
3FF37
3FF0A
3FEE6
3FECD
3FEBF
3FEBC
3FEC4
3FED7
3FEF4
3FF1B
3FF4A
3FF81
3FFBE
00000
00045
0008C
000D3
00118
0015A
00198
001CF
00200
00228
00247
0025D
00268
00269
00260
0024C
0022F
00209
001DB
001A5
0016A
0012A
000E8
000A3
0005E
0001B
3FFDA
3FF9E
3FF67
3FF36
3FF0E
3FEED
3FED6
3FEC8
3FEC4
3FECA
3FED9
3FEF1
3FF12
3FF3B
3FF6A
3FF9F
3FFD8
00014
00052
00091
000CE
00109
00140
00172
0019E
001C3
001E0
001F4
00200
00203
001FC
001EC
001D4
001B4
0018C
0015E
0012B
000F3
000B9
0007C
00040
00004
3FFCA
3FF94
3FF62
3FF37
3FF11
3FEF3
3FEDD
3FED0
3FECB
3FECE
3FEDB
3FEEF
3FF0B
3FF2E
3FF57
3FF86
3FFB8
3FFEE
00025
0005D
00094
000C9
000FB
00128
00151
00173
0018E
001A2
001AE
001B2
001AE
001A1
0018D
00171
0014F
00127
000FA
000C9
00095
0005F
00028
3FFF2
3FFBE
3FF8D
3FF60
3FF37
3FF15
3FEF9
3FEE4
3FED6
3FED0
3FED2
3FEDC
3FEED
3FF05
3FF24
3FF48
3FF71
3FF9E
3FFCE
00000
00032
00064
00095
000C3
000ED
00112
00132
0014C
00160
0016C
00171
0016F
00165
00154
0013C
0011E
000FB
000D3
000A7
00078
00047
00016
3FFE5
3FFB5
3FF88
3FF5E
3FF39
3FF18
3FEFE
3FEE9
3FEDC
3FED5
3FED6
3FEDD
3FEEC
3FF00
3FF1B
3FF3B
3FF60
3FF89
3FFB4
3FFE1
0000F
0003D
0006A
00094
000BC
000DF
000FD
00116
00129
00136
0013C
0013B
00133
00125
00110
000F6
000D7
000B3
0008B
00061
00035
00007
3FFDA
3FFAE
3FF85
3FF5E
3FF3A
3FF1C
3FF02
3FEEE
3FEE1
3FED9
3FED9
3FEDE
3FEEA
3FEFC
3FF14
3FF31
3FF52
3FF77
3FF9E
3FFC7
3FFF2
0001C
00046
0006D
00092
000B3
000D0
000E9
000FB
00108
0010F
0010F
0010A
000FE
000EC
000D5
000B9
00099
00075
0004E
00025
3FFFC
3FFD2
3FFA9
3FF82
3FF5D
3FF3C
3FF1F
3FF06
3FEF3
3FEE5
3FEDD
3FEDB
3FEDF
3FEE9
3FEF9
3FF0E
3FF28
3FF46
3FF67
3FF8B
3FFB1
3FFD9
00000
00027
0004C
0006F
0008F
000AA
000C2
000D4
000E1
000E9
000EB
000E7
000DD
000CD
000B9
000A0
00083
00062
0003E
00019
3FFF2
3FFCC
3FFA5
3FF80
3FF5E
3FF3E
3FF22
3FF0A
3FEF7
3FEE9
3FEE1
3FEDE
3FEE0
3FEE8
3FEF6
3FF09
3FF20
3FF3B
3FF5A
3FF7B
3FF9E
3FFC3
3FFE8
0000C
0002F
00050
0006F
0008A
000A0
000B3
000C0
000C8
000CB
000C9
000C1
000B3
000A1
0008B
00070
00052
00031
0000F
3FFEB
3FFC6
3FFA2
3FF80
3FF5F
3FF40
3FF25
3FF0E
3FEFB
3FEED
3FEE4
3FEE0
3FEE1
3FEE8
3FEF4
3FF04
3FF19
3FF32
3FF4E
3FF6D
3FF8D
3FFB0
3FFD2
3FFF5
00016
00036
00053
0006D
00083
00096
000A3
000AC
000B0
000AF
000A8
0009D
0008D
00079
00060
00045
00027
00006
3FFE5
3FFC2
3FFA0
3FF7F
3FF60
3FF43
3FF28
3FF12
3FEFF
3FEF1
3FEE7
3FEE2
3FEE2
3FEE8
3FEF2
3FF00
3FF13
3FF29
3FF43
3FF60
3FF7F
3FF9F
3FFBF
3FFE0
00000
0001E
0003B
00054
0006A
0007C
0008A
00094
00098
00098
00093
00089
0007B
00069
00053
00039
0001D
3FFFF
3FFE0
3FFBF
3FF9F
3FF80
3FF61
3FF45
3FF2C
3FF15
3FF03
3FEF4
3FEEA
3FEE4
3FEE3
3FEE7
3FEF0
3FEFD
3FF0E
3FF22
3FF3A
3FF55
3FF72
3FF90
3FFAF
3FFCE
3FFEC
0000A
00025
0003E
00053
00066
00074
0007E
00083
00084
00081
00078
0006C
0005B
00047
00030
00016
3FFF9
3FFDC
3FFBD
3FF9E
3FF80
3FF63
3FF48
3FF2F
3FF19
3FF06
3FEF7
3FEED
3FEE7
3FEE5
3FEE7
3FEEE
3FEFA
3FF09
3FF1C
3FF32
3FF4B
3FF66
3FF82
3FFA0
3FFBD
3FFDB
3FFF7
00011
0002A
0003F
00051
00060
0006A
00071
00073
00070
00069
0005F
00050
0003D
00028
0000F
3FFF5
3FFD9
3FFBC
3FF9E
3FF81
3FF65
3FF4A
3FF32
3FF1C
3FF0A
3FEFB
3FEF0
3FEE9
3FEE6
3FEE7
3FEED
3FEF7
3FF05
3FF16
3FF2B
3FF42
3FF5B
3FF76
3FF92
3FFAF
3FFCB
3FFE6
00000
00018
0002D
0003F
0004E
00059
00060
00063
00062
0005C
00053
00045
00034
00020
0000A
3FFF1
3FFD6
3FFBA
3FF9E
3FF82
3FF67
3FF4D
3FF35
3FF20
3FF0D
3FEFE
3FEF3
3FEEB
3FEE7
3FEE8
3FEEC
3FEF5
3FF01
3FF11
3FF24
3FF3A
3FF52
3FF6B
3FF86
3FFA1
3FFBC
3FFD7
3FFF0
00008
0001D
0002F
0003E
00049
00051
00055
00055
00050
00048
0003C
0002D
0001A
00005
3FFEE
3FFD4
3FFBA
3FF9F
3FF84
3FF6A
3FF50
3FF39
3FF24
3FF11
3FF02
3FEF6
3FEED
3FEE9
3FEE8
3FEEC
3FEF3
3FEFE
3FF0D
3FF1E
3FF32
3FF49
3FF61
3FF7B
3FF95
3FFAF
3FFC9
3FFE2
3FFF9
0000E
00020
0002F
0003B
00044
00048
00049
00046
0003F
00034
00026
00015
00001
3FFEB
3FFD3
3FFBA
3FFA0
3FF86
3FF6C
3FF53
3FF3C
3FF27
3FF15
3FF05
3FEF9
3FEF0
3FEEA
3FEE9
3FEEB
3FEF1
3FEFB
3FF08
3FF19
3FF2C
3FF41
3FF58
3FF71
3FF8A
3FFA3
3FFBC
3FFD4
3FFEB
00000
00012
00022
0002E
00037
0003D
0003E
0003C
00037
0002D
00020
00011
3FFFE
3FFE9
3FFD2
3FFBA
3FFA1
3FF88
3FF6F
3FF57
3FF40
3FF2B
3FF18
3FF08
3FEFC
3FEF2
3FEEC
3FEEA
3FEEB
3FEF0
3FEF9
3FF05
3FF14
3FF26
3FF3A
3FF50
3FF67
3FF7F
3FF98
3FFB1
3FFC8
3FFDF
3FFF3
00006
00016
00023
0002C
00032
00035
00034
0002F
00027
0001B
0000D
3FFFB
3FFE7
3FFD2
3FFBB
3FFA3
3FF8A
3FF72
3FF5A
3FF44
3FF2F
3FF1C
3FF0C
3FEFF
3FEF4
3FEEE
3FEEB
3FEEB
3FEEF
3FEF7
3FF01
3FF0F
3FF20
3FF33
3FF48
3FF5E
3FF76
3FF8E
3FFA6
3FFBD
3FFD3
3FFE8
3FFFA
0000A
00018
00022
00029
0002C
0002C
00028
00021
00017
00009
3FFF9
3FFE6
3FFD2
3FFBC
3FFA4
3FF8D
3FF75
3FF5E
3FF47
3FF33
3FF20
3FF0F
3FF02
3FEF7
3FEF0
3FEEC
3FEEB
3FEEE
3FEF5
3FEFE
3FF0B
3FF1B
3FF2D
3FF41
3FF56
3FF6D
3FF84
3FF9C
3FFB2
3FFC8
3FFDD
3FFF0
00000
0000E
00018
00020
00024
00025
00022
0001C
00013
00006
3FFF7
3FFE6
3FFD2
3FFBD
3FFA6
3FF8F
3FF78
3FF61
3FF4B
3FF36
3FF24
3FF13
3FF05
3FEFA
3FEF2
3FEED
3FEEC
3FEEE
3FEF3
3FEFC
3FF07
3FF16
3FF27
3FF3A
3FF4F
3FF65
3FF7B
3FF92
3FFA9
3FFBE
3FFD3
3FFE6
3FFF6
00004
00010
00018
0001D
0001F
0001D
00018
0000F
00004
3FFF6
3FFE5
3FFD3
3FFBE
3FFA8
3FF92
3FF7B
3FF65
3FF4F
3FF3A
3FF27
3FF17
3FF08
3FEFC
3FEF4
3FEEE
3FEEC
3FEED
3FEF2
3FEF9
3FF04
3FF12
3FF22
3FF34
3FF48
3FF5D
3FF73
3FF89
3FF9F
3FFB5
3FFC9
3FFDC
3FFED
3FFFC
00008
00010
00016
00019
00018
00014
0000C
00002
3FFF5
3FFE5
3FFD3
3FFC0
3FFAB
3FF95
3FF7F
3FF69
3FF53
3FF3F
3FF2B
3FF1A
3FF0C
3FEFF
3FEF6
3FEF0
3FEED
3FEED
3FEF1
3FEF7
3FF01
3FF0E
3FF1D
3FF2E
3FF41
3FF56
3FF6B
3FF81
3FF97
3FFAC
3FFC1
3FFD4
3FFE5
3FFF4
00000
0000A
00010
00013
00013
00010
0000A
00001
3FFF4
3FFE6
3FFD5
3FFC2
3FFAD
3FF98
3FF82
3FF6D
3FF57
3FF43
3FF30
3FF1E
3FF0F
3FF02
3FEF8
3FEF1
3FEEE
3FEED
3FEF0
3FEF5
3FEFE
3FF0A
3FF18
3FF29
3FF3B
3FF4F
3FF64
3FF79
3FF8F
3FFA4
3FFB8
3FFCB
3FFDD
3FFEC
3FFF9
00003
0000A
0000E
0000F
0000D
00008
3FFFF
3FFF4
3FFE6
3FFD6
3FFC4
3FFB0
3FF9C
3FF86
3FF71
3FF5B
3FF47
3FF34
3FF22
3FF13
3FF05
3FEFB
3FEF3
3FEEF
3FEED
3FEEF
3FEF4
3FEFC
3FF06
3FF14
3FF23
3FF35
3FF48
3FF5D
3FF72
3FF87
3FF9C
3FFB0
3FFC4
3FFD5
3FFE5
3FFF2
3FFFD
00005
0000A
0000C
0000A
00006
3FFFE
3FFF4
3FFE7
3FFD8
3FFC6
3FFB3
3FF9F
3FF8A
3FF75
3FF60
3FF4B
3FF38
3FF26
3FF16
3FF09
3FEFE
3FEF5
3FEF0
3FEEE
3FEEE
3FEF2
3FEF9
3FF03
3FF10
3FF1F
3FF30
3FF42
3FF56
3FF6B
3FF80
3FF95
3FFA9
3FFBC
3FFCE
3FFDE
3FFEC
3FFF7
00000
00006
00008
00008
00004
3FFFE
3FFF4
3FFE8
3FFD9
3FFC9
3FFB6
3FFA3
3FF8E
3FF79
3FF64
3FF50
3FF3D
3FF2A
3FF1A
3FF0C
3FF00
3FEF7
3FEF1
3FEEE
3FEEE
3FEF1
3FEF7
3FF00
3FF0C
3FF1A
3FF2A
3FF3C
3FF50
3FF64
3FF79
3FF8D
3FFA2
3FFB5
3FFC7
3FFD8
3FFE6
3FFF2
3FFFB
00002
00005
00006
00003
3FFFD
3FFF4
3FFE9
3FFDB
3FFCB
3FFBA
3FFA7
3FF92
3FF7E
3FF69
3FF55
3FF41
3FF2F
3FF1E
3FF0F
3FF03
3FEFA
3FEF3
3FEEF
3FEEE
3FEF0
3FEF5
3FEFE
3FF09
3FF16
3FF25
3FF37
3FF4A
3FF5E
3FF72
3FF87
3FF9B
3FFAF
3FFC1
3FFD2
3FFE1
3FFED
3FFF7
3FFFE
00002
00004
00002
3FFFD
3FFF5
3FFEB
3FFDE
3FFCE
3FFBD
3FFAB
3FF97
3FF82
3FF6E
3FF59
3FF46
3FF33
3FF22
3FF13
3FF06
3FEFC
3FEF4
3FEF0
3FEEE
3FEEF
3FEF4
3FEFB
3FF05
3FF12
3FF21
3FF32
3FF44
3FF58
3FF6C
3FF80
3FF95
3FFA8
3FFBB
3FFCC
3FFDB
3FFE8
3FFF3
3FFFB
00000
00002
00001
3FFFD
3FFF6
3FFEC
3FFE0
3FFD1
3FFC1
3FFAF
3FF9B
3FF87
3FF73
3FF5E
3FF4B
3FF38
3FF26
3FF17
3FF0A
3FEFF
3FEF6
3FEF1
3FEEE
3FEEF
3FEF2
3FEF9
3FF02
3FF0E
3FF1C
3FF2D
3FF3F
3FF52
3FF66
3FF7A
3FF8E
3FFA2
3FFB5
3FFC7
3FFD6
3FFE4
3FFEF
3FFF8
3FFFE
00001
00000
3FFFD
3FFF7
3FFEE
3FFE3
3FFD5
3FFC5
3FFB3
3FFA0
3FF8C
3FF78
3FF64
3FF50
3FF3D
3FF2B
3FF1B
3FF0D
3FF01
3FEF8
3FEF2
3FEEF
3FEEE
3FEF1
3FEF7
3FEFF
3FF0B
3FF18
3FF28
3FF39
3FF4C
3FF60
3FF74
3FF88
3FF9C
3FFAF
3FFC1
3FFD2
3FFE0
3FFEC
3FFF5
3FFFC
3FFFF
00000
3FFFE
3FFF8
3FFF0
3FFE5
3FFD8
3FFC9
3FFB8
3FFA5
3FF91
3FF7D
3FF69
3FF55
3FF42
3FF30
3FF1F
3FF11
3FF04
3FEFA
3FEF3
3FEEF
3FEEE
3FEF0
3FEF5
3FEFD
3FF07
3FF14
3FF23
3FF34
3FF47
3FF5A
3FF6E
3FF83
3FF97
3FFAA
3FFBC
3FFCD
3FFDC
3FFE9
3FFF3
3FFFA
3FFFE
00000
3FFFE
3FFFA
3FFF3
3FFE9
3FFDC
3FFCD
3FFBC
3FFAA
3FF97
3FF83
3FF6E
3FF5A
3FF47
3FF34
3FF23
3FF14
3FF07
3FEFD
3FEF5
3FEF0
3FEEE
3FEEF
3FEF3
3FEFA
3FF04
3FF11
3FF1F
3FF30
3FF42
3FF55
3FF69
3FF7D
3FF91
3FFA5
3FFB8
3FFC9
3FFD8
3FFE5
3FFF0
3FFF8
3FFFE
00000
3FFFF
3FFFC
3FFF5
3FFEC
3FFE0
3FFD2
3FFC1
3FFAF
3FF9C
3FF88
3FF74
3FF60
3FF4C
3FF39
3FF28
3FF18
3FF0B
3FEFF
3FEF7
3FEF1
3FEEE
3FEEF
3FEF2
3FEF8
3FF01
3FF0D
3FF1B
3FF2B
3FF3D
3FF50
3FF64
3FF78
3FF8C
3FFA0
3FFB3
3FFC5
3FFD5
3FFE3
3FFEE
3FFF7
3FFFD
00000
00001
3FFFE
3FFF8
3FFEF
3FFE4
3FFD6
3FFC7
3FFB5
3FFA2
3FF8E
3FF7A
3FF66
3FF52
3FF3F
3FF2D
3FF1C
3FF0E
3FF02
3FEF9
3FEF2
3FEEF
3FEEE
3FEF1
3FEF6
3FEFF
3FF0A
3FF17
3FF26
3FF38
3FF4B
3FF5E
3FF73
3FF87
3FF9B
3FFAF
3FFC1
3FFD1
3FFE0
3FFEC
3FFF6
3FFFD
00001
00002
00000
3FFFB
3FFF3
3FFE8
3FFDB
3FFCC
3FFBB
3FFA8
3FF95
3FF80
3FF6C
3FF58
3FF44
3FF32
3FF21
3FF12
3FF05
3FEFB
3FEF4
3FEEF
3FEEE
3FEF0
3FEF4
3FEFC
3FF06
3FF13
3FF22
3FF33
3FF46
3FF59
3FF6E
3FF82
3FF97
3FFAB
3FFBD
3FFCE
3FFDE
3FFEB
3FFF5
3FFFD
00002
00004
00002
3FFFE
3FFF7
3FFED
3FFE1
3FFD2
3FFC1
3FFAF
3FF9B
3FF87
3FF72
3FF5E
3FF4A
3FF37
3FF25
3FF16
3FF09
3FEFE
3FEF5
3FEF0
3FEEE
3FEEF
3FEF3
3FEFA
3FF03
3FF0F
3FF1E
3FF2F
3FF41
3FF55
3FF69
3FF7E
3FF92
3FFA7
3FFBA
3FFCB
3FFDB
3FFE9
3FFF4
3FFFD
00003
00006
00005
00002
3FFFB
3FFF2
3FFE6
3FFD8
3FFC7
3FFB5
3FFA2
3FF8D
3FF79
3FF64
3FF50
3FF3C
3FF2A
3FF1A
3FF0C
3FF00
3FEF7
3FEF1
3FEEE
3FEEE
3FEF1
3FEF7
3FF00
3FF0C
3FF1A
3FF2A
3FF3D
3FF50
3FF64
3FF79
3FF8E
3FFA3
3FFB6
3FFC9
3FFD9
3FFE8
3FFF4
3FFFE
00004
00008
00008
00006
00000
3FFF7
3FFEC
3FFDE
3FFCE
3FFBC
3FFA9
3FF95
3FF80
3FF6B
3FF56
3FF42
3FF30
3FF1F
3FF10
3FF03
3FEF9
3FEF2
3FEEE
3FEEE
3FEF0
3FEF5
3FEFE
3FF09
3FF16
3FF26
3FF38
3FF4B
3FF60
3FF75
3FF8A
3FF9F
3FFB3
3FFC6
3FFD8
3FFE7
3FFF4
3FFFE
00006
0000A
0000C
0000A
00005
3FFFD
3FFF2
3FFE5
3FFD5
3FFC4
3FFB0
3FF9C
3FF87
3FF72
3FF5D
3FF48
3FF35
3FF23
3FF14
3FF06
3FEFC
3FEF4
3FEEF
3FEED
3FEEF
3FEF3
3FEFB
3FF05
3FF13
3FF22
3FF34
3FF47
3FF5B
3FF71
3FF86
3FF9C
3FFB0
3FFC4
3FFD6
3FFE6
3FFF4
3FFFF
00008
0000D
0000F
0000E
0000A
00003
3FFF9
3FFEC
3FFDD
3FFCB
3FFB8
3FFA4
3FF8F
3FF79
3FF64
3FF4F
3FF3B
3FF29
3FF18
3FF0A
3FEFE
3FEF5
3FEF0
3FEED
3FEEE
3FEF1
3FEF8
3FF02
3FF0F
3FF1E
3FF30
3FF43
3FF57
3FF6D
3FF82
3FF98
3FFAD
3FFC2
3FFD5
3FFE6
3FFF4
00001
0000A
00010
00013
00013
00010
0000A
00000
3FFF4
3FFE5
3FFD4
3FFC1
3FFAC
3FF97
3FF81
3FF6B
3FF56
3FF41
3FF2E
3FF1D
3FF0E
3FF01
3FEF7
3FEF1
3FEED
3FEED
3FEF0
3FEF6
3FEFF
3FF0C
3FF1A
3FF2B
3FF3F
3FF53
3FF69
3FF7F
3FF95
3FFAB
3FFC0
3FFD3
3FFE5
3FFF5
00002
0000C
00014
00018
00019
00016
00010
00008
3FFFC
3FFED
3FFDC
3FFC9
3FFB5
3FF9F
3FF89
3FF73
3FF5D
3FF48
3FF34
3FF22
3FF12
3FF04
3FEF9
3FEF2
3FEED
3FEEC
3FEEE
3FEF4
3FEFC
3FF08
3FF17
3FF27
3FF3A
3FF4F
3FF65
3FF7B
3FF92
3FFA8
3FFBE
3FFD3
3FFE5
3FFF6
00004
0000F
00018
0001D
0001F
0001D
00018
00010
00004
3FFF6
3FFE6
3FFD3
3FFBE
3FFA9
3FF92
3FF7B
3FF65
3FF4F
3FF3A
3FF27
3FF16
3FF07
3FEFC
3FEF3
3FEEE
3FEEC
3FEED
3FEF2
3FEFA
3FF05
3FF13
3FF24
3FF36
3FF4B
3FF61
3FF78
3FF8F
3FFA6
3FFBD
3FFD2
3FFE6
3FFF7
00006
00013
0001C
00022
00025
00024
00020
00018
0000E
00000
3FFF0
3FFDD
3FFC8
3FFB2
3FF9C
3FF84
3FF6D
3FF56
3FF41
3FF2D
3FF1B
3FF0B
3FEFE
3FEF5
3FEEE
3FEEB
3FEEC
3FEF0
3FEF7
3FF02
3FF0F
3FF20
3FF33
3FF47
3FF5E
3FF75
3FF8D
3FFA4
3FFBC
3FFD2
3FFE6
3FFF9
00009
00017
00021
00028
0002C
0002C
00029
00022
00018
0000A
3FFFA
3FFE8
3FFD3
3FFBD
3FFA6
3FF8E
3FF76
3FF5E
3FF48
3FF33
3FF20
3FF0F
3FF01
3FEF7
3FEEF
3FEEB
3FEEB
3FEEE
3FEF4
3FEFF
3FF0C
3FF1C
3FF2F
3FF44
3FF5A
3FF72
3FF8A
3FFA3
3FFBB
3FFD2
3FFE7
3FFFB
0000D
0001B
00027
0002F
00034
00035
00032
0002C
00023
00016
00006
3FFF3
3FFDF
3FFC8
3FFB1
3FF98
3FF7F
3FF67
3FF50
3FF3A
3FF26
3FF14
3FF05
3FEF9
3FEF0
3FEEB
3FEEA
3FEEC
3FEF2
3FEFC
3FF08
3FF18
3FF2B
3FF40
3FF57
3FF6F
3FF88
3FFA1
3FFBA
3FFD2
3FFE9
3FFFE
00011
00020
0002D
00037
0003C
0003E
0003D
00037
0002E
00022
00012
00000
3FFEB
3FFD4
3FFBC
3FFA3
3FF8A
3FF71
3FF58
3FF41
3FF2C
3FF19
3FF08
3FEFB
3FEF1
3FEEB
3FEE9
3FEEA
3FEF0
3FEF9
3FF05
3FF15
3FF27
3FF3C
3FF53
3FF6C
3FF86
3FFA0
3FFBA
3FFD3
3FFEB
00001
00015
00026
00034
0003F
00046
00049
00048
00044
0003B
0002F
00020
0000E
3FFF9
3FFE2
3FFC9
3FFAF
3FF95
3FF7B
3FF61
3FF49
3FF32
3FF1E
3FF0D
3FEFE
3FEF3
3FEEC
3FEE8
3FEE9
3FEED
3FEF6
3FF02
3FF11
3FF24
3FF39
3FF50
3FF6A
3FF84
3FF9F
3FFBA
3FFD4
3FFEE
00005
0001A
0002D
0003C
00048
00050
00055
00055
00051
00049
0003E
0002F
0001D
00008
3FFF0
3FFD7
3FFBC
3FFA1
3FF86
3FF6B
3FF52
3FF3A
3FF24
3FF11
3FF01
3FEF5
3FEEC
3FEE8
3FEE7
3FEEB
3FEF3
3FEFE
3FF0D
3FF20
3FF35
3FF4D
3FF67
3FF82
3FF9E
3FFBA
3FFD6
3FFF1
0000A
00020
00034
00045
00053
0005C
00062
00063
00060
00059
0004E
0003F
0002D
00018
00000
3FFE6
3FFCB
3FFAF
3FF92
3FF76
3FF5B
3FF42
3FF2B
3FF16
3FF05
3FEF7
3FEED
3FEE7
3FEE6
3FEE9
3FEF0
3FEFB
3FF0A
3FF1C
3FF32
3FF4A
3FF65
3FF81
3FF9E
3FFBC
3FFD9
3FFF5
0000F
00028
0003D
00050
0005F
00069
00070
00073
00071
0006A
00060
00051
0003F
0002A
00011
3FFF7
3FFDB
3FFBD
3FFA0
3FF82
3FF66
3FF4B
3FF32
3FF1C
3FF09
3FEFA
3FEEE
3FEE7
3FEE5
3FEE7
3FEED
3FEF7
3FF06
3FF19
3FF2F
3FF48
3FF63
3FF80
3FF9E
3FFBD
3FFDC
3FFF9
00016
00030
00047
0005B
0006C
00078
00081
00084
00083
0007E
00074
00066
00053
0003E
00025
0000A
3FFEC
3FFCE
3FFAF
3FF90
3FF72
3FF55
3FF3A
3FF22
3FF0E
3FEFD
3FEF0
3FEE7
3FEE3
3FEE4
3FEEA
3FEF4
3FF03
3FF15
3FF2C
3FF45
3FF61
3FF80
3FF9F
3FFBF
3FFE0
3FFFF
0001D
00039
00053
00069
0007B
00089
00093
00098
00098
00094
0008A
0007C
0006A
00054
0003B
0001E
00000
3FFE0
3FFBF
3FF9F
3FF7F
3FF60
3FF43
3FF29
3FF13
3FF00
3FEF2
3FEE8
3FEE2
3FEE2
3FEE7
3FEF1
3FEFF
3FF12
3FF28
3FF43
3FF60
3FF7F
3FFA0
3FFC2
3FFE5
00006
00027
00045
00060
00079
0008D
0009D
000A8
000AF
000B0
000AC
000A3
00096
00083
0006D
00053
00036
00016
3FFF5
3FFD2
3FFB0
3FF8D
3FF6D
3FF4E
3FF32
3FF19
3FF04
3FEF4
3FEE8
3FEE1
3FEE0
3FEE4
3FEED
3FEFB
3FF0E
3FF25
3FF40
3FF5F
3FF80
3FFA2
3FFC6
3FFEB
0000F
00031
00052
00070
0008B
000A1
000B3
000C1
000C9
000CB
000C8
000C0
000B3
000A0
0008A
0006F
00050
0002F
0000C
3FFE8
3FFC3
3FF9E
3FF7B
3FF5A
3FF3B
3FF20
3FF09
3FEF6
3FEE8
3FEE0
3FEDE
3FEE1
3FEE9
3FEF7
3FF0A
3FF22
3FF3E
3FF5E
3FF80
3FFA5
3FFCC
3FFF2
00019
0003E
00062
00083
000A0
000B9
000CD
000DD
000E7
000EB
000E9
000E1
000D4
000C2
000AA
0008F
0006F
0004C
00027
00000
3FFD9
3FFB1
3FF8B
3FF67
3FF46
3FF28
3FF0E
3FEF9
3FEE9
3FEDF
3FEDB
3FEDD
3FEE5
3FEF3
3FF06
3FF1F
3FF3C
3FF5D
3FF82
3FFA9
3FFD2
3FFFC
00025
0004E
00075
00099
000B9
000D5
000EC
000FE
0010A
0010F
0010F
00108
000FB
000E9
000D0
000B3
00092
0006D
00046
0001C
3FFF2
3FFC7
3FF9E
3FF77
3FF52
3FF31
3FF14
3FEFC
3FEEA
3FEDE
3FED9
3FED9
3FEE1
3FEEE
3FF02
3FF1C
3FF3A
3FF5E
3FF85
3FFAE
3FFDA
00007
00035
00061
0008B
000B3
000D7
000F6
00110
00125
00133
0013B
0013C
00136
00129
00116
000FD
000DF
000BC
00094
0006A
0003D
0000F
3FFE1
3FFB4
3FF89
3FF60
3FF3B
3FF1B
3FF00
3FEEC
3FEDD
3FED6
3FED5
3FEDC
3FEE9
3FEFE
3FF18
3FF39
3FF5E
3FF88
3FFB5
3FFE5
00016
00047
00078
000A7
000D3
000FB
0011E
0013C
00154
00165
0016F
00171
0016C
00160
0014C
00132
00112
000ED
000C3
00095
00064
00032
00000
3FFCE
3FF9E
3FF71
3FF48
3FF24
3FF05
3FEED
3FEDC
3FED2
3FED0
3FED6
3FEE4
3FEF9
3FF15
3FF37
3FF60
3FF8D
3FFBE
3FFF2
00028
0005F
00095
000C9
000FA
00127
0014F
00171
0018D
001A1
001AE
001B2
001AE
001A2
0018E
00173
00151
00128
000FB
000C9
00094
0005D
00025
3FFEE
3FFB8
3FF86
3FF57
3FF2E
3FF0B
3FEEF
3FEDB
3FECE
3FECB
3FED0
3FEDD
3FEF3
3FF11
3FF37
3FF62
3FF94
3FFCA
00004
00040
0007C
000B9
000F3
0012B
0015E
0018C
001B4
001D4
001EC
001FC
00203
00200
001F4
001E0
001C3
0019E
00172
00140
00109
000CE
00091
00052
00014
3FFD8
3FF9F
3FF6A
3FF3B
3FF12
3FEF1
3FED9
3FECA
3FEC4
3FEC8
3FED6
3FEED
3FF0E
3FF36
3FF67
3FF9E
3FFDA
0001B
0005E
000A3
000E8
0012A
0016A
001A5
001DB
00209
0022F
0024C
00260
00269
00268
0025D
00247
00228
00200
001CF
00198
0015A
00118
000D3
0008C
00045
00000
3FFBE
3FF81
3FF4A
3FF1B
3FEF4
3FED7
3FEC4
3FEBC
3FEBF
3FECD
3FEE6
3FF0A
3FF37
3FF6E
3FFAC
3FFF1
0003A
00088
000D7
00126
00174
001BE
00204
00242
00279
002A7
002CB
002E4
002F0
002F1
002E6
002D0
002AD
00280
0024A
0020B
001C4
00178
00129
000D7
00084
00034
3FFE7
3FF9F
3FF5E
3FF26
3FEF7
3FED3
3FEBC
3FEB1
3FEB3
3FEC2
3FEDE
3FF06
3FF3A
3FF79
3FFC1
00011
00068
000C3
00120
0017E
001DB
00233
00287
002D3
00315
0034E
0037A
00399
003AB
003AF
003A4
0038B
00365
00331
002F2
002A8
00256
001FD
0019E
0013D
000DB
0007A
0001E
3FFC7
3FF78
3FF33
3FEFA
3FECE
3FEB0
3FEA2
3FEA3
3FEB3
3FED4
3FF04
3FF42
3FF8D
3FFE4
00045
000AE
0011D
00190
00203
00275
002E3
0034B
003AA
003FE
00445
0047E
004A8
004C0
004C8
004BD
004A1
00474
00437
003EB
00391
0032D
002BF
0024A
001D2
00158
000E0
0006D
00000
3FF9D
3FF46
3FEFE
3FEC6
3FEA0
3FE8D
3FE8D
3FEA2
3FECB
3FF08
3FF57
3FFB8
00028
000A5
0012D
001BD
00252
002E9
0037E
0040F
00498
00517
00587
005E8
00635
0066F
00692
0069F
00694
00672
0063A
005EC
00589
00515
00491
00401
00367
002C7
00226
00186
000EB
0005A
3FFD6
3FF62
3FF02
3FEB8
3FE87
3FE70
3FE76
3FE98
3FED6
3FF31
3FFA7
00035
000DB
00194
0025E
00334
00412
004F4
005D5
006B0
00780
00841
008EF
00985
009FF
00A5C
00A97
00AB0
00AA4
00A75
00A22
009AD
00919
00867
0079B
006BB
005CC
004D2
003D4
002DA
001E8
00107
0003D
3FF91
3FF09
3FEAB
3FE7C
3FE82
3FEC0
3FF39
3FFF0
000E4
00217
00387
00531
00713
00927
00B68
00DD0
01057
012F5
015A1
01852
01AFD
01D9A
0201D
0227C
024AC
026A3
02856
029B6
02AB8
02B64
02D8E
3FDCF
02D22
14D88
3E717
3F992
3694B
3D307
313F0
0312E
01E8F
37C50
3E28F
3A0B4
074AD
00B29
3FD65
35BAF
0130A
03302
3E7F6
24ADA
00BF1
339F9
0D206
39FE1
3EA64
3CEC1
02A80
0C954
37C30
328FC
363C0
024EA
0AAEC
0B628
004DA
364C0
09C88
310A1
12AF0
0474B
079FD
011F6
3D664
3C071
334C2
37DC4
3F73F
003C5
0C23C
3DC15
3FFE5
3C40F
2F6A3
3308A
03AD7
06720
095FB
01AA4
0366D
0AAC9
3DF85
3D1DC
03706
02000
0407A
3283A
0B5EA
3497A
3177B
01B40
386FB
02B0E
0BA75
3B9A0
04DCD
0007E
00A1F
3BA79
3C9DC
3F660
00B17
38958
398EC
387E7
0B665
3DFD3
35953
10A6D
3D398
10EE1
39E1D
3CF65
055E6
058D5
080F6
03CF7
33419
35AAF
03E63
04F66
322D1
2FD5E
0649C
3E54F
3921D
054C2
3D758
11A18
37029
3D352
39B8C
39EAE
14FB8
07E44
015CA
3EED2
0806D
3FB2B
03B3A
0214B
0D9F3
3A798
3761F
327A8
31357
02B18
0567E
0D4C1
3FBEE
37C9C
3CE50
35CEB
3FCC2
38246
33FAC
00CE8
3C719
00593
3F114
0D26D
023FE
14483
17FDD
38FC2
31400
014DE
07833
21A49
395AD
0D3FC
00182
000AA
3883D
014ED
3F62A
07A3E
3B3D8
0CA21
3E9AB
01528
38586
374F0
03C4F
011F0
3131C
2DBDD
35B2C
07F8E
14572
049F7
303A0
0008D
0ED3C
37263
3AAEE
3CF6D
04FE4
3C7D3
0A111
03EAE
31910
2B1D9
1785D
34DD2
099C8
0681E
0EB58
071C4
08C1E
03251
3D8D8
06062
2CF7A
10925
06697
240BA
0A3EE
02893
03EE7
03855
3C663
011CF
3F52D
3BB70
35AB0
336E2
05D62
3C37C
15A18
0BD2F
3C05F
3E0F4
2CE57
072EF
36795
37B4A
364C6
015F4
02B49
30006
3DB41
1250D
3F9DC
0A827
134F5
008CC
00CF4
394B8
0550B
39C56
00D1A
3A4A1
2F790
32E7A
10CF2
2EA5F
0DAB9
3AE01
394F8
3E31D
35E8B
0D3D8
3CC0E
13E1C
32D6E
3E948
01600
3DA4E
2C39C
1DA31
00E57
29E29
3AAD3
01DFA
38FC0
143A5
05BBF
3B96E
01237
2A655
34AEF
09B53
00B75
3CA8B
3925D
151DC
3B6AA
3B319
08415
34A58
13678
3EDDE
3FE2D
06B0B
3C30F
016C0
038A2
03E30
0A36C
07278
0B4FF
12474
0AD73
0474C
3BF27
30C74
3AC64
05893
3A28C
356CC
32E66
3737C
3726E
3AAAD
06616
37511
0D963
0A1A7
072CE
39105
04F27
036B3
35AAF
03515
3C1E0
39E15
0217D
33FAF
01914
07251
28E25
086EB
30723
2DE78
06251
3BEE1
3EDF9
06DA5
0C74B
057B6
387A4
059D2
38681
03DE7
3279E
02B23
0319D
01486
27FCC
3D7C1
0956C
0AEBD
362E4
057F1
0C195
040D5
2F766
2C39D
1531C
102F5
0AF9A
08ACB
3B0B0
0A61E
3B749
02242
3BDBC
02963
37C17
26637
3DC55
135A9
0392D
3EFEF
07D54
0656F
05338
15AF6
3DDAC
35AFF
3C096
38124
0E297
077AE
09CE0
335D5
33154
3B5D4
37CB1
0B043
3D667
03E05
36E41
38BB7
00068
3EBB9
3AB52
3EE9C
000BA
2D850
3800E
362D2
0AFCB
394BE
0CCC3
03E9B
39EA3
06DC7
08AB4
05092
39AE8
06223
3D2A9
04AF9
3A8E7
33D49
051C5
38045
0FDFD
02DF5
0CB23
38DB9
3BA1C
3D87C
135EB
03536
3F045
3D83C
3B5C7
040A4
2F314
031E6
3CEF3
32A82
3B851
39DE2
0359D
2EDB0
06AC5
399E0
060AA
05071
34369
0988C
26DCF
084AA
0A92D
04A55
3850F
16AF2
01822
0DF65
2EC7C
2E7CC
3F2A6
0C633
03672
0DBC2
029F7
32D7B
04DBE
3F817
3A68D
37CD8
376B3
083A6
09EF4
097BF
3BBFE
32582
0B5C6
3B602
04BD1
3E5A5
1291E
32FC9
045BA
024F9
11898
39CE9
054BD
3FBA1
37CA0
0847F
09B84
0841C
2D833
0249E
36D8B
0A1B6
0272A
3B895
2E75C
2B491
3F9BB
020AF
02F7E
0BEFF
3C0A6
3C0D7
0D6FD
3FD83
3BDE6
0A1D0
3EAAA
2FA59
3CE23
003E4
10CB7
3FD3F
2B5BA
0B4C9
3E711
3915A
3FDBB
030D1
392DB
3E1A9
384C8
324A7
33A54
3488F
3D7E8
3A909
37B6D
0F30D
39E0E
02DCF
35F20
346C8
082D2
33175
06B4F
00246
30F9B
06369
365F5
36B72
33B3D
3C1AF
3C024
02F98
35533
05DA0
34C69
39B85
3C923
058D3
0852D
38D10
388F2
3E81A
362A5
363E6
3E2A2
3E48E
362AF
3EF13
3521D
3A441
0BE6A
35960
380E4
0474E
36A13
350D5
02DD9
1171C
03475
09487
3D5AB
39027
39041
3591E
3FB7B
39090
06CA4
2A65A
043EF
07DE1
3891C
3C7BC
0C6B6
3AB2F
01EAB
3BDCC
378C5
05D3A
0FDC5
37675
0771A
096FF
04989
34B81
32D52
3B2DA
08CED
03A97
3672D
3560A
0669F
3C987
3C2EF
39235
3E461
3F16A
0C841
06680
0012F
35141
3DAD4
3DEF3
3CA65
3BB15
074EF
04F1F
0123C
0B693
0B896
03EDC
3CDC3
35819
11FB6
379A8
0034E
3583D
3F350
3AEFD
08F19
0806D
3A827
003B8
0DD79
06C7E
3E501
01B65
091F1
3C6D2
398CC
02230
3ABE3
3F3BF
3962E
3737D
38B9A
009D1
1262C
3AF1C
3CABE
07C5D
3C02A
338FF
3C727
09A14
0ADED
0971B
2FB82
3D504
36905
05643
01F64
022ED
01171
02616
3F493
0BAC7
3F8E6
39B43
3C9C6
0720B
3CB35
01E45
3A83B
3FFFF
076AB
3F390
368E9
3D579
00605
05615
3AC03
3D142
03102
375F1
3F641
3D411
07060
31F16
04176
0547F
07CA2
392D9
2E158
3C704
2FF8E
07185
0791E
01C49
09548
0DDF8
380F2
3A7EF
35E5A
3C460
0C217
06373
37C5F
0A6D5
3967C
339B0
08079
088AF
030A1
010BB
0511B
3BC02
07C9A
3F339
3925B
3F3DC
3F09B
398F2
04A57
39C00
00701
04F52
02BD8
00EF3
3C25A
0116F
01FB0
32E61
381E3
3DF8A
08401
08417
3F629
0AA95
3DA32
0F315
009A0
0B3E7
0914B
3B19F
36F42
323F7
3F6F3
0C630
0056D
0B7F1
05A69
3C61F
324C3
36BBB
0A71C
36AA5
0EAE2
3017A
384FA
3817E
07197
0D430
03D68
39FC2
34E43
02051
3A81C
08A0B
05D1C
0419F
3494F
3A84D
014A3
3768F
3DEFD
050DB
3A99E
39114
3DF2E
0200B
398CC
3AD47
0487B
3A39D
029A9
3F2E8
3D6A8
00B2C
09865
0029E
3D9EB
372CF
165F8
3A893
08A37
0B133
302AF
06344
34B8E
3B1CE
3B159
3CEBF
03BAB
3BC14
08685
31057
3ADAC
057AD
3B36C
0E355
05631
3E319
0E43D
00B77
03FFD
00A9D
0B282
3F59D
3B440
02345
35BD0
00888
09E77
041D4
38A93
3A0C4
3E7E8
3D315
018A7
0BB23
04FCE
01346
06053
0A4DC
3FC6D
3A42E
31005
2F105
03CFC
01F05
3F8F8
3FBD5
3C26F
09EAF
3EF3E
3D57A
34174
3D033
38D1E
3E618
3D5C6
06B0D
01AAB
0491B
0B93F
3BDDA
04E6E
3D637
0F609
0260C
0AD35
393B1
043E7
0299D
2F95E
2E9A0
3EC7F
30303
0CEA7
34D2A
0442A
3AC96
01233
395D4
10961
00306
3C4F8
37346
3588D
01E22
01150
3DE1D
07333
3D329
02AB5
0230C
0065B
3DFE9
0A475
3BD71
04E3F
3F459
0EB96
3DB02
284E8
0578C
3B6B3
3B150
39569
09A4E
33F1A
3C0D5
021BA
018B0
3D489
3EC45
0E8D7
0CBD6
0B34D
06E6A
05597
3EE7F
022B8
00594
363DA
0321C
3CE04
05E7E
0841B
08EA7
0778E
3682F
09A44
008CA
3B09F
37FDD
3F201
035EB
3A256
3866C
0CB80
35321
2BB90
00D81
3BD13
3C056
2FD87
3EC2E
3FE08
04F1A
00D5B
01894
390F5
3A620
0B52A
3EACF
038A9
057DF
29C3B
0ACA2
3D3FC
03E1B
0534A
3A28B
09993
35C14
0152E
0B7BB
01D80
37193
0A524
3B72D
09610
36084
093C0
05207
023D4
0872C
3A1F0
06857
07607
3ADA6
36F50
36011
3C3F9
07482
3DCC5
3C495
01CD1
351AC
059E2
3AF87
3E078
05E7F
01B35
3EE46
079B6
3393B
00AFA
3FFA3
33AD5
3F10E
3DC2A
0B2E3
0370F
0C788
3D36D
01060
38637
0D405
37D5E
3E739
06214
0610B
06A17
39126
397C1
01AF5
01B02
3A4DF
32D29
3E7F4
33BB7
39D8F
3690A
04651
3DE8E
0504C
09868
3FDE1
00DA3
395C1
03614
004B7
09200
033E3
079F0
3D190
0AF1F
03AFD
0229B
00F97
08351
3B6D8
3E3A5
36268
34BC0
04DF2
01E87
3FD56
3C92A
3C507
3E6B1
0A36A
3CD30
049DF
04726
3F07F
01DDF
3D838
086C5
04079
376EA
34143
056A2
3EA53
3AAE7
3D6C5
01978
04106
33791
068B9
07F86
0447A
33284
35A7E
04A1D
02028
01447
00E6C
00AC0
0081B
00608
00450
002D6
0018C
00069
3FF68
3FE86
3FDC2
3FD1C
3FC92
3FC26
3FBD5
3FBA1
3FB88
3FB89
3FBA3
3FBD4
3FC1B
3FC76
3FCE1
3FD5B
3FDE1
3FE70
3FF04
3FF9B
00032
000C6
00153
001D8
00252
002BF
0031D
0036A
003A5
003CD
003E3
003E6
003D5
003B3
00380
0033E
002ED
00291
0022B
001BE
0014B
000D6
00061
3FFEE
3FF80
3FF19
3FEBB
3FE68
3FE21
3FDE7
3FDBD
3FDA1
3FD95
3FD99
3FDAC
3FDCE
3FDFD
3FE38
3FE7E
3FECE
3FF25
3FF81
3FFE0
00040
0009F
000FC
00153
001A3
001EA
00227
00259
0027F
00298
002A3
002A1
00291
00275
0024D
00219
001DB
00195
00148
000F6
000A1
0004A
3FFF3
3FF9F
3FF4F
3FF05
3FEC2
3FE87
3FE57
3FE31
3FE17
3FE08
3FE06
3FE0F
3FE25
3FE45
3FE70
3FEA4
3FEDF
3FF22
3FF69
3FFB4
00000
0004C
00097
000DE
00121
0015D
00191
001BD
001DF
001F7
00205
00207
001FE
001EA
001CD
001A6
00176
0013F
00101
000BF
0007A
00032
3FFEB
3FFA4
3FF61
3FF21
3FEE8
3FEB5
3FE8A
3FE67
3FE4E
3FE3F
3FE3A
3FE40
3FE4F
3FE67
3FE89
3FEB3
3FEE3
3FF1A
3FF55
3FF94
3FFD5
00016
00056
00094
000CE
00103
00132
00159
00179
00190
0019E
001A3
0019E
00190
00179
0015A
00133
00105
000D1
00099
0005E
00021
3FFE3
3FFA5
3FF6A
3FF32
3FEFE
3FED0
3FEA9
3FE89
3FE71
3FE62
3FE5B
3FE5D
3FE68
3FE7C
3FE97
3FEBA
3FEE3
3FF12
3FF45
3FF7B
3FFB4
3FFED
00026
0005D
00091
000C1
000EC
00111
0012F
00146
00155
0015B
00159
0014F
0013D
00123
00102
000DB
000AF
0007E
0004A
00014
3FFDD
3FFA6
3FF71
3FF3E
3FF0F
3FEE5
3FEC0
3FEA2
3FE8A
3FE7A
3FE72
3FE72
3FE7A
3FE89
3FEA0
3FEBE
3FEE1
3FF0A
3FF37
3FF67
3FF99
3FFCD
00000
00032
00062
0008E
000B7
000D9
000F6
0010D
0011C
00124
00124
0011D
0010F
000F9
000DD
000BC
00095
0006A
0003B
0000B
3FFD9
3FFA7
3FF77
3FF48
3FF1C
3FEF5
3FED2
3FEB5
3FE9E
3FE8E
3FE84
3FE82
3FE87
3FE94
3FEA6
3FEC0
3FEDE
3FF02
3FF2A
3FF56
3FF83
3FFB2
3FFE1
0000F
0003C
00065
0008B
000AC
000C9
000DF
000EF
000F8
000FA
000F5
000EA
000D8
000C0
000A3
00081
0005A
00030
00004
3FFD7
3FFA9
3FF7C
3FF51
3FF28
3FF02
3FEE1
3FEC5
3FEAE
3FE9D
3FE93
3FE8F
3FE92
3FE9C
3FEAB
3FEC1
3FEDC
3FEFC
3FF20
3FF47
3FF70
3FF9B
3FFC7
3FFF2
0001C
00043
00067
00087
000A2
000B9
000C9
000D3
000D7
000D5
000CC
000BD
000A9
0008F
00071
0004E
00028
00000
3FFD6
3FFAC
3FF82
3FF59
3FF32
3FF0E
3FEEE
3FED2
3FEBC
3FEAB
3FE9F
3FE9A
3FE9B
3FEA2
3FEAF
3FEC2
3FED9
3FEF6
3FF16
3FF3A
3FF60
3FF88
3FFB0
3FFD9
00000
00025
00048
00067
00082
00098
000A9
000B5
000BA
000BA
000B3
000A7
00095
0007F
00064
00044
00022
3FFFD
3FFD6
3FFAE
3FF87
3FF60
3FF3B
3FF19
3FEFA
3FEDF
3FEC8
3FEB7
3FEAA
3FEA4
3FEA3
3FEA8
3FEB2
3FEC2
3FED7
3FEF1
3FF0E
3FF2F
3FF52
3FF77
3FF9D
3FFC3
3FFE8
0000C
0002D
0004B
00066
0007C
0008E
0009A
000A1
000A2
0009E
00094
00085
00071
00059
0003C
0001D
3FFFB
3FFD7
3FFB2
3FF8C
3FF68
3FF44
3FF23
3FF05
3FEEA
3FED4
3FEC1
3FEB4
3FEAD
3FEAA
3FEAD
3FEB5
3FEC3
3FED5
3FEEC
3FF07
3FF25
3FF45
3FF68
3FF8B
3FFAF
3FFD3
3FFF5
00015
00033
0004D
00064
00075
00083
0008B
0008E
0008B
00084
00077
00066
00050
00036
00019
3FFF9
3FFD8
3FFB5
3FF92
3FF6F
3FF4D
3FF2D
3FF0F
3FEF5
3FEDE
3FECB
3FEBE
3FEB5
3FEB1
3FEB2
3FEB8
3FEC4
3FED4
3FEE8
3FF00
3FF1C
3FF3A
3FF5A
3FF7C
3FF9E
3FFC0
3FFE1
00000
0001D
00037
0004E
00060
0006E
00077
0007C
0007B
00075
0006B
0005C
00048
00031
00016
3FFF9
3FFD9
3FFB9
3FF97
3FF76
3FF55
3FF36
3FF19
3FEFF
3FEE8
3FED5
3FEC6
3FEBC
3FEB7
3FEB7
3FEBB
3FEC4
3FED2
3FEE4
3FEFA
3FF14
3FF30
3FF4E
3FF6D
3FF8E
3FFAE
3FFCE
3FFED
00009
00023
0003A
0004D
0005B
00066
0006B
0006C
00068
00060
00053
00042
0002C
00014
3FFF9
3FFDB
3FFBC
3FF9C
3FF7C
3FF5D
3FF3F
3FF22
3FF08
3FEF1
3FEDE
3FECF
3FEC4
3FEBD
3FEBB
3FEBE
3FEC5
3FED1
3FEE1
3FEF5
3FF0C
3FF26
3FF43
3FF61
3FF7F
3FF9F
3FFBD
3FFDB
3FFF7
00011
00028
0003B
0004A
00056
0005D
0005F
0005D
00056
0004B
0003C
00029
00012
3FFF9
3FFDD
3FFC0
3FFA2
3FF83
3FF64
3FF47
3FF2B
3FF11
3FEFA
3FEE7
3FED7
3FECB
3FEC3
3FEC0
3FEC1
3FEC6
3FED0
3FEDF
3FEF0
3FF06
3FF1E
3FF38
3FF55
3FF72
3FF90
3FFAE
3FFCB
3FFE7
00000
00017
0002B
0003B
00047
0004F
00053
00052
0004D
00044
00037
00025
00011
3FFFA
3FFE0
3FFC4
3FFA7
3FF89
3FF6C
3FF4F
3FF34
3FF1A
3FF03
3FEEF
3FEDE
3FED1
3FEC9
3FEC4
3FEC4
3FEC8
3FED0
3FEDC
3FEEC
3FF00
3FF16
3FF2F
3FF4A
3FF66
3FF83
3FFA0
3FFBC
3FFD7
3FFF0
00007
0001B
0002C
00039
00043
00048
00049
00045
0003E
00032
00023
00010
3FFFA
3FFE2
3FFC8
3FFAC
3FF90
3FF73
3FF57
3FF3C
3FF23
3FF0C
3FEF7
3FEE6
3FED8
3FECE
3FEC8
3FEC7
3FEC9
3FED0
3FEDB
3FEE9
3FEFB
3FF0F
3FF27
3FF40
3FF5B
3FF76
3FF92
3FFAE
3FFC9
3FFE2
3FFF9
0000D
0001F
0002D
00037
0003D
0003F
0003E
00038
0002E
00020
0000F
3FFFB
3FFE4
3FFCC
3FFB1
3FF96
3FF7A
3FF5F
3FF44
3FF2B
3FF14
3FEFF
3FEED
3FEDF
3FED4
3FECD
3FECA
3FECB
3FED0
3FED9
3FEE6
3FEF6
3FF09
3FF1F
3FF37
3FF50
3FF6B
3FF86
3FFA1
3FFBB
3FFD4
3FFEB
00000
00012
00021
0002C
00033
00037
00037
00032
0002A
0001E
0000E
3FFFC
3FFE7
3FFCF
3FFB6
3FF9C
3FF81
3FF67
3FF4C
3FF33
3FF1C
3FF07
3FEF5
3FEE6
3FEDA
3FED2
3FECD
3FECD
3FED1
3FED8
3FEE3
3FEF2
3FF03
3FF18
3FF2E
3FF47
3FF60
3FF7A
3FF95
3FFAE
3FFC7
3FFDE
3FFF3
00006
00015
00021
0002A
0002F
00030
0002D
00026
0001C
0000E
3FFFD
3FFE9
3FFD3
3FFBB
3FFA2
3FF88
3FF6E
3FF54
3FF3C
3FF24
3FF0F
3FEFC
3FEEC
3FEE0
3FED6
3FED1
3FECF
3FED1
3FED7
3FEE1
3FEEE
3FEFE
3FF11
3FF26
3FF3D
3FF56
3FF6F
3FF89
3FFA2
3FFBB
3FFD2
3FFE7
3FFFA
0000A
00017
00021
00027
00029
00028
00023
0001A
0000D
3FFFE
3FFEB
3FFD7
3FFC0
3FFA8
3FF8F
3FF75
3FF5C
3FF44
3FF2C
3FF17
3FF04
3FEF3
3FEE6
3FEDB
3FED5
3FED2
3FED2
3FED7
3FEDF
3FEEB
3FEF9
3FF0B
3FF1F
3FF35
3FF4C
3FF65
3FF7E
3FF97
3FFAF
3FFC6
3FFDC
3FFEF
00000
0000E
00018
00020
00023
00023
0001F
00018
0000D
3FFFF
3FFEE
3FFDA
3FFC5
3FFAE
3FF95
3FF7C
3FF64
3FF4B
3FF34
3FF1F
3FF0B
3FEFA
3FEEB
3FEE0
3FED9
3FED4
3FED4
3FED7
3FEDE
3FEE8
3FEF5
3FF05
3FF18
3FF2D
3FF43
3FF5B
3FF73
3FF8C
3FFA4
3FFBB
3FFD1
3FFE5
3FFF6
00005
00010
00018
0001D
0001E
0001C
00016
0000C
3FFFF
3FFF0
3FFDE
3FFC9
3FFB3
3FF9C
3FF84
3FF6B
3FF53
3FF3C
3FF26
3FF12
3FF01
3FEF2
3FEE5
3FEDD
3FED7
3FED5
3FED7
3FEDC
3FEE5
3FEF1
3FF00
3FF12
3FF25
3FF3B
3FF52
3FF6A
3FF82
3FF99
3FFB0
3FFC6
3FFDA
3FFEC
3FFFC
00008
00011
00017
00019
00018
00014
0000C
00000
3FFF2
3FFE1
3FFCE
3FFB9
3FFA2
3FF8B
3FF73
3FF5B
3FF44
3FF2E
3FF1A
3FF07
3FEF8
3FEEB
3FEE1
3FEDA
3FED7
3FED8
3FEDC
3FEE3
3FEEE
3FEFB
3FF0C
3FF1E
3FF33
3FF49
3FF60
3FF78
3FF8F
3FFA6
3FFBC
3FFD0
3FFE3
3FFF3
00000
0000A
00011
00015
00015
00012
0000B
00001
3FFF4
3FFE4
3FFD2
3FFBE
3FFA8
3FF91
3FF7A
3FF63
3FF4C
3FF36
3FF21
3FF0E
3FEFE
3FEF0
3FEE5
3FEDE
3FEDA
3FED9
3FEDB
3FEE1
3FEEB
3FEF7
3FF06
3FF18
3FF2B
3FF40
3FF57
3FF6E
3FF85
3FF9C
3FFB2
3FFC7
3FFD9
3FFEA
3FFF8
00003
0000B
00010
00012
00010
0000A
00002
3FFF6
3FFE7
3FFD6
3FFC3
3FFAE
3FF98
3FF81
3FF6A
3FF53
3FF3D
3FF28
3FF15
3FF04
3FEF6
3FEEA
3FEE1
3FEDC
3FEDA
3FEDB
3FEE0
3FEE8
3FEF3
3FF01
3FF11
3FF24
3FF38
3FF4E
3FF65
3FF7C
3FF92
3FFA8
3FFBD
3FFD0
3FFE2
3FFF1
3FFFD
00006
0000C
0000E
0000D
00009
00002
3FFF7
3FFEA
3FFDA
3FFC8
3FFB4
3FF9F
3FF88
3FF72
3FF5B
3FF45
3FF30
3FF1C
3FF0B
3FEFC
3FEEF
3FEE5
3FEDF
3FEDB
3FEDC
3FEDF
3FEE6
3FEF0
3FEFC
3FF0C
3FF1D
3FF31
3FF46
3FF5C
3FF72
3FF89
3FF9F
3FFB4
3FFC8
3FFD9
3FFE9
3FFF6
00000
00007
0000B
0000B
00008
00002
3FFF9
3FFED
3FFDE
3FFCD
3FFBA
3FFA5
3FF8F
3FF79
3FF63
3FF4D
3FF37
3FF23
3FF11
3FF01
3FEF4
3FEE9
3FEE2
3FEDD
3FEDC
3FEDE
3FEE4
3FEEC
3FEF8
3FF06
3FF17
3FF2A
3FF3E
3FF53
3FF69
3FF80
3FF96
3FFAB
3FFBF
3FFD1
3FFE1
3FFEF
3FFFA
00002
00007
00009
00007
00002
3FFFA
3FFEF
3FFE2
3FFD2
3FFBF
3FFAB
3FF96
3FF80
3FF6A
3FF54
3FF3F
3FF2B
3FF18
3FF07
3FEF9
3FEEE
3FEE5
3FEDF
3FEDD
3FEDE
3FEE2
3FEEA
3FEF4
3FF01
3FF11
3FF23
3FF36
3FF4B
3FF61
3FF77
3FF8D
3FFA2
3FFB6
3FFC9
3FFDA
3FFE8
3FFF4
3FFFE
00004
00007
00006
00003
3FFFC
3FFF2
3FFE5
3FFD6
3FFC5
3FFB2
3FF9D
3FF88
3FF72
3FF5C
3FF46
3FF32
3FF1F
3FF0E
3FEFF
3FEF2
3FEE9
3FEE2
3FEDE
3FEDE
3FEE1
3FEE7
3FEF1
3FEFD
3FF0B
3FF1C
3FF2F
3FF43
3FF58
3FF6E
3FF84
3FF99
3FFAE
3FFC1
3FFD2
3FFE2
3FFEF
3FFF9
00000
00004
00005
00002
3FFFD
3FFF4
3FFE9
3FFDB
3FFCA
3FFB8
3FFA4
3FF8F
3FF79
3FF63
3FF4E
3FF39
3FF26
3FF14
3FF04
3FEF7
3FEEC
3FEE5
3FEE0
3FEDF
3FEE0
3FEE5
3FEED
3FEF8
3FF06
3FF16
3FF28
3FF3B
3FF50
3FF65
3FF7B
3FF91
3FFA5
3FFB9
3FFCB
3FFDB
3FFE9
3FFF4
3FFFC
00001
00003
00002
3FFFE
3FFF6
3FFEC
3FFDF
3FFCF
3FFBE
3FFAB
3FF96
3FF81
3FF6B
3FF56
3FF41
3FF2D
3FF1B
3FF0A
3FEFC
3FEF0
3FEE8
3FEE2
3FEDF
3FEE0
3FEE4
3FEEA
3FEF4
3FF01
3FF10
3FF21
3FF34
3FF48
3FF5D
3FF73
3FF88
3FF9D
3FFB1
3FFC4
3FFD4
3FFE3
3FFEF
3FFF8
3FFFF
00002
00002
3FFFF
3FFF8
3FFEF
3FFE3
3FFD4
3FFC4
3FFB1
3FF9D
3FF88
3FF73
3FF5D
3FF48
3FF34
3FF21
3FF10
3FF01
3FEF5
3FEEB
3FEE4
3FEE0
3FEE0
3FEE2
3FEE8
3FEF1
3FEFC
3FF0A
3FF1A
3FF2D
3FF40
3FF55
3FF6A
3FF80
3FF95
3FFA9
3FFBC
3FFCE
3FFDD
3FFEA
3FFF4
3FFFC
00000
00001
3FFFF
3FFFA
3FFF2
3FFE7
3FFD9
3FFCA
3FFB8
3FFA4
3FF90
3FF7B
3FF65
3FF50
3FF3B
3FF28
3FF16
3FF07
3FEF9
3FEEF
3FEE7
3FEE2
3FEE0
3FEE1
3FEE6
3FEED
3FEF8
3FF05
3FF14
3FF26
3FF39
3FF4D
3FF62
3FF78
3FF8D
3FFA1
3FFB5
3FFC7
3FFD7
3FFE5
3FFF0
3FFF9
3FFFE
00000
00000
3FFFC
3FFF5
3FFEB
3FFDE
3FFCF
3FFBE
3FFAB
3FF97
3FF82
3FF6D
3FF58
3FF43
3FF2F
3FF1D
3FF0C
3FEFE
3FEF2
3FEE9
3FEE3
3FEE0
3FEE1
3FEE4
3FEEA
3FEF4
3FF00
3FF0E
3FF1F
3FF32
3FF45
3FF5A
3FF6F
3FF85
3FF9A
3FFAD
3FFC0
3FFD1
3FFE0
3FFEC
3FFF5
3FFFC
00000
00000
3FFFD
3FFF7
3FFEE
3FFE3
3FFD5
3FFC4
3FFB2
3FF9F
3FF8A
3FF75
3FF5F
3FF4B
3FF36
3FF24
3FF12
3FF03
3FEF7
3FEED
3FEE5
3FEE1
3FEE0
3FEE2
3FEE8
3FEF0
3FEFB
3FF09
3FF19
3FF2A
3FF3E
3FF52
3FF67
3FF7D
3FF92
3FFA6
3FFB9
3FFCB
3FFDA
3FFE7
3FFF2
3FFFA
3FFFE
00000
3FFFE
3FFFA
3FFF2
3FFE7
3FFDA
3FFCB
3FFB9
3FFA6
3FF92
3FF7D
3FF67
3FF52
3FF3E
3FF2A
3FF19
3FF09
3FEFB
3FEF0
3FEE8
3FEE2
3FEE0
3FEE1
3FEE5
3FEED
3FEF7
3FF03
3FF12
3FF24
3FF36
3FF4B
3FF5F
3FF75
3FF8A
3FF9F
3FFB2
3FFC4
3FFD5
3FFE3
3FFEE
3FFF7
3FFFD
00000
00000
3FFFC
3FFF5
3FFEC
3FFE0
3FFD1
3FFC0
3FFAD
3FF9A
3FF85
3FF6F
3FF5A
3FF45
3FF32
3FF1F
3FF0E
3FF00
3FEF4
3FEEA
3FEE4
3FEE1
3FEE0
3FEE3
3FEE9
3FEF2
3FEFE
3FF0C
3FF1D
3FF2F
3FF43
3FF58
3FF6D
3FF82
3FF97
3FFAB
3FFBE
3FFCF
3FFDE
3FFEB
3FFF5
3FFFC
00000
00000
3FFFE
3FFF9
3FFF0
3FFE5
3FFD7
3FFC7
3FFB5
3FFA1
3FF8D
3FF78
3FF62
3FF4D
3FF39
3FF26
3FF14
3FF05
3FEF8
3FEED
3FEE6
3FEE1
3FEE0
3FEE2
3FEE7
3FEEF
3FEF9
3FF07
3FF16
3FF28
3FF3B
3FF50
3FF65
3FF7B
3FF90
3FFA4
3FFB8
3FFCA
3FFD9
3FFE7
3FFF2
3FFFA
3FFFF
00001
00000
3FFFC
3FFF4
3FFEA
3FFDD
3FFCE
3FFBC
3FFA9
3FF95
3FF80
3FF6A
3FF55
3FF40
3FF2D
3FF1A
3FF0A
3FEFC
3FEF1
3FEE8
3FEE2
3FEE0
3FEE0
3FEE4
3FEEB
3FEF5
3FF01
3FF10
3FF21
3FF34
3FF48
3FF5D
3FF73
3FF88
3FF9D
3FFB1
3FFC4
3FFD4
3FFE3
3FFEF
3FFF8
3FFFF
00002
00002
3FFFF
3FFF8
3FFEF
3FFE3
3FFD4
3FFC4
3FFB1
3FF9D
3FF88
3FF73
3FF5D
3FF48
3FF34
3FF21
3FF10
3FF01
3FEF4
3FEEA
3FEE4
3FEE0
3FEDF
3FEE2
3FEE8
3FEF0
3FEFC
3FF0A
3FF1B
3FF2D
3FF41
3FF56
3FF6B
3FF81
3FF96
3FFAB
3FFBE
3FFCF
3FFDF
3FFEC
3FFF6
3FFFE
00002
00003
00001
3FFFC
3FFF4
3FFE9
3FFDB
3FFCB
3FFB9
3FFA5
3FF91
3FF7B
3FF65
3FF50
3FF3B
3FF28
3FF16
3FF06
3FEF8
3FEED
3FEE5
3FEE0
3FEDF
3FEE0
3FEE5
3FEEC
3FEF7
3FF04
3FF14
3FF26
3FF39
3FF4E
3FF63
3FF79
3FF8F
3FFA4
3FFB8
3FFCA
3FFDB
3FFE9
3FFF4
3FFFD
00002
00005
00004
00000
3FFF9
3FFEF
3FFE2
3FFD2
3FFC1
3FFAE
3FF99
3FF84
3FF6E
3FF58
3FF43
3FF2F
3FF1C
3FF0B
3FEFD
3FEF1
3FEE7
3FEE1
3FEDE
3FEDE
3FEE2
3FEE9
3FEF2
3FEFF
3FF0E
3FF1F
3FF32
3FF46
3FF5C
3FF72
3FF88
3FF9D
3FFB2
3FFC5
3FFD6
3FFE5
3FFF2
3FFFC
00003
00006
00007
00004
3FFFE
3FFF4
3FFE8
3FFDA
3FFC9
3FFB6
3FFA2
3FF8D
3FF77
3FF61
3FF4B
3FF36
3FF23
3FF11
3FF01
3FEF4
3FEEA
3FEE2
3FEDE
3FEDD
3FEDF
3FEE5
3FEEE
3FEF9
3FF07
3FF18
3FF2B
3FF3F
3FF54
3FF6A
3FF80
3FF96
3FFAB
3FFBF
3FFD2
3FFE2
3FFEF
3FFFA
00002
00007
00009
00007
00002
3FFFA
3FFEF
3FFE1
3FFD1
3FFBF
3FFAB
3FF96
3FF80
3FF69
3FF53
3FF3E
3FF2A
3FF17
3FF06
3FEF8
3FEEC
3FEE4
3FEDE
3FEDC
3FEDD
3FEE2
3FEE9
3FEF4
3FF01
3FF11
3FF23
3FF37
3FF4D
3FF63
3FF79
3FF8F
3FFA5
3FFBA
3FFCD
3FFDE
3FFED
3FFF9
00002
00008
0000B
0000B
00007
00000
3FFF6
3FFE9
3FFD9
3FFC8
3FFB4
3FF9F
3FF89
3FF72
3FF5C
3FF46
3FF31
3FF1D
3FF0C
3FEFC
3FEF0
3FEE6
3FEDF
3FEDC
3FEDB
3FEDF
3FEE5
3FEEF
3FEFC
3FF0B
3FF1C
3FF30
3FF45
3FF5B
3FF72
3FF88
3FF9F
3FFB4
3FFC8
3FFDA
3FFEA
3FFF7
00002
00009
0000D
0000E
0000C
00006
3FFFD
3FFF1
3FFE2
3FFD0
3FFBD
3FFA8
3FF92
3FF7C
3FF65
3FF4E
3FF38
3FF24
3FF11
3FF01
3FEF3
3FEE8
3FEE0
3FEDB
3FEDA
3FEDC
3FEE1
3FEEA
3FEF6
3FF04
3FF15
3FF28
3FF3D
3FF53
3FF6A
3FF81
3FF98
3FFAE
3FFC3
3FFD6
3FFE7
3FFF6
00002
0000A
00010
00012
00010
0000B
00003
3FFF8
3FFEA
3FFD9
3FFC7
3FFB2
3FF9C
3FF85
3FF6E
3FF57
3FF40
3FF2B
3FF18
3FF06
3FEF7
3FEEB
3FEE1
3FEDB
3FED9
3FEDA
3FEDE
3FEE5
3FEF0
3FEFE
3FF0E
3FF21
3FF36
3FF4C
3FF63
3FF7A
3FF91
3FFA8
3FFBE
3FFD2
3FFE4
3FFF4
00001
0000B
00012
00015
00015
00011
0000A
00000
3FFF3
3FFE3
3FFD0
3FFBC
3FFA6
3FF8F
3FF78
3FF60
3FF49
3FF33
3FF1E
3FF0C
3FEFB
3FEEE
3FEE3
3FEDC
3FED8
3FED7
3FEDA
3FEE1
3FEEB
3FEF8
3FF07
3FF1A
3FF2E
3FF44
3FF5B
3FF73
3FF8B
3FFA2
3FFB9
3FFCE
3FFE1
3FFF2
00000
0000C
00014
00018
00019
00017
00011
00008
3FFFC
3FFEC
3FFDA
3FFC6
3FFB0
3FF99
3FF82
3FF6A
3FF52
3FF3B
3FF25
3FF12
3FF00
3FEF1
3FEE5
3FEDC
3FED7
3FED5
3FED7
3FEDD
3FEE5
3FEF2
3FF01
3FF12
3FF26
3FF3C
3FF53
3FF6B
3FF84
3FF9C
3FFB3
3FFC9
3FFDE
3FFF0
3FFFF
0000C
00016
0001C
0001E
0001D
00018
00010
00005
3FFF6
3FFE5
3FFD1
3FFBB
3FFA4
3FF8C
3FF73
3FF5B
3FF43
3FF2D
3FF18
3FF05
3FEF5
3FEE8
3FEDE
3FED7
3FED4
3FED4
3FED9
3FEE0
3FEEB
3FEFA
3FF0B
3FF1F
3FF34
3FF4B
3FF64
3FF7C
3FF95
3FFAE
3FFC5
3FFDA
3FFEE
3FFFF
0000D
00018
0001F
00023
00023
00020
00018
0000E
00000
3FFEF
3FFDC
3FFC6
3FFAF
3FF97
3FF7E
3FF65
3FF4C
3FF35
3FF1F
3FF0B
3FEF9
3FEEB
3FEDF
3FED7
3FED2
3FED2
3FED5
3FEDB
3FEE6
3FEF3
3FF04
3FF17
3FF2C
3FF44
3FF5C
3FF75
3FF8F
3FFA8
3FFC0
3FFD7
3FFEB
3FFFE
0000D
0001A
00023
00028
00029
00027
00021
00017
0000A
3FFFA
3FFE7
3FFD2
3FFBB
3FFA2
3FF89
3FF6F
3FF56
3FF3D
3FF26
3FF11
3FEFE
3FEEE
3FEE1
3FED7
3FED1
3FECF
3FED1
3FED6
3FEE0
3FEEC
3FEFC
3FF0F
3FF24
3FF3C
3FF54
3FF6E
3FF88
3FFA2
3FFBB
3FFD3
3FFE9
3FFFD
0000E
0001C
00026
0002D
00030
0002F
0002A
00021
00015
00006
3FFF3
3FFDE
3FFC7
3FFAE
3FF95
3FF7A
3FF60
3FF47
3FF2E
3FF18
3FF03
3FEF2
3FEE3
3FED8
3FED1
3FECD
3FECD
3FED2
3FEDA
3FEE6
3FEF5
3FF07
3FF1C
3FF33
3FF4C
3FF67
3FF81
3FF9C
3FFB6
3FFCF
3FFE7
3FFFC
0000E
0001E
0002A
00032
00037
00037
00033
0002C
00021
00012
00000
3FFEB
3FFD4
3FFBB
3FFA1
3FF86
3FF6B
3FF50
3FF37
3FF1F
3FF09
3FEF6
3FEE6
3FED9
3FED0
3FECB
3FECA
3FECD
3FED4
3FEDF
3FEED
3FEFF
3FF14
3FF2B
3FF44
3FF5F
3FF7A
3FF96
3FFB1
3FFCC
3FFE4
3FFFB
0000F
00020
0002E
00038
0003E
0003F
0003D
00037
0002D
0001F
0000D
3FFF9
3FFE2
3FFC9
3FFAE
3FF92
3FF76
3FF5B
3FF40
3FF27
3FF0F
3FEFB
3FEE9
3FEDB
3FED0
3FEC9
3FEC7
3FEC8
3FECE
3FED8
3FEE6
3FEF7
3FF0C
3FF23
3FF3C
3FF57
3FF73
3FF90
3FFAC
3FFC8
3FFE2
3FFFA
00010
00023
00032
0003E
00045
00049
00048
00043
00039
0002C
0001B
00007
3FFF0
3FFD7
3FFBC
3FFA0
3FF83
3FF66
3FF4A
3FF2F
3FF16
3FF00
3FEEC
3FEDC
3FED0
3FEC8
3FEC4
3FEC4
3FEC9
3FED1
3FEDE
3FEEF
3FF03
3FF1A
3FF34
3FF4F
3FF6C
3FF89
3FFA7
3FFC4
3FFE0
3FFFA
00011
00025
00037
00044
0004D
00052
00053
0004F
00047
0003B
0002B
00017
00000
3FFE7
3FFCB
3FFAE
3FF90
3FF72
3FF55
3FF38
3FF1E
3FF06
3FEF0
3FEDF
3FED0
3FEC6
3FEC1
3FEC0
3FEC3
3FECB
3FED7
3FEE7
3FEFA
3FF11
3FF2B
3FF47
3FF64
3FF83
3FFA2
3FFC0
3FFDD
3FFF9
00012
00029
0003C
0004B
00056
0005D
0005F
0005D
00056
0004A
0003B
00028
00011
3FFF7
3FFDB
3FFBD
3FF9F
3FF7F
3FF61
3FF43
3FF26
3FF0C
3FEF5
3FEE1
3FED1
3FEC5
3FEBE
3FEBB
3FEBD
3FEC4
3FECF
3FEDE
3FEF1
3FF08
3FF22
3FF3F
3FF5D
3FF7C
3FF9C
3FFBC
3FFDB
3FFF9
00014
0002C
00042
00053
00060
00068
0006C
0006B
00066
0005B
0004D
0003A
00023
00009
3FFED
3FFCE
3FFAE
3FF8E
3FF6D
3FF4E
3FF30
3FF14
3FEFA
3FEE4
3FED2
3FEC4
3FEBB
3FEB7
3FEB7
3FEBC
3FEC6
3FED5
3FEE8
3FEFF
3FF19
3FF36
3FF55
3FF76
3FF97
3FFB9
3FFD9
3FFF9
00016
00031
00048
0005C
0006B
00075
0007B
0007C
00077
0006E
00060
0004E
00037
0001D
00000
3FFE1
3FFC0
3FF9E
3FF7C
3FF5A
3FF3A
3FF1C
3FF00
3FEE8
3FED4
3FEC4
3FEB8
3FEB2
3FEB1
3FEB5
3FEBE
3FECB
3FEDE
3FEF5
3FF0F
3FF2D
3FF4D
3FF6F
3FF92
3FFB5
3FFD8
3FFF9
00019
00036
00050
00066
00077
00084
0008B
0008E
0008B
00083
00075
00064
0004D
00033
00015
3FFF5
3FFD3
3FFAF
3FF8B
3FF68
3FF45
3FF25
3FF07
3FEEC
3FED5
3FEC3
3FEB5
3FEAD
3FEAA
3FEAD
3FEB4
3FEC1
3FED4
3FEEA
3FF05
3FF23
3FF44
3FF68
3FF8C
3FFB2
3FFD7
3FFFB
0001D
0003C
00059
00071
00085
00094
0009E
000A2
000A1
0009A
0008E
0007C
00066
0004B
0002D
0000C
3FFE8
3FFC3
3FF9D
3FF77
3FF52
3FF2F
3FF0E
3FEF1
3FED7
3FEC2
3FEB2
3FEA8
3FEA3
3FEA4
3FEAA
3FEB7
3FEC8
3FEDF
3FEFA
3FF19
3FF3B
3FF60
3FF87
3FFAE
3FFD6
3FFFD
00022
00044
00064
0007F
00095
000A7
000B3
000BA
000BA
000B5
000A9
00098
00082
00067
00048
00025
00000
3FFD9
3FFB0
3FF88
3FF60
3FF3A
3FF16
3FEF6
3FED9
3FEC2
3FEAF
3FEA2
3FE9B
3FE9A
3FE9F
3FEAB
3FEBC
3FED2
3FEEE
3FF0E
3FF32
3FF59
3FF82
3FFAC
3FFD6
00000
00028
0004E
00071
0008F
000A9
000BD
000CC
000D5
000D7
000D3
000C9
000B9
000A2
00087
00067
00043
0001C
3FFF2
3FFC7
3FF9B
3FF70
3FF47
3FF20
3FEFC
3FEDC
3FEC1
3FEAB
3FE9C
3FE92
3FE8F
3FE93
3FE9D
3FEAE
3FEC5
3FEE1
3FF02
3FF28
3FF51
3FF7C
3FFA9
3FFD7
00004
00030
0005A
00081
000A3
000C0
000D8
000EA
000F5
000FA
000F8
000EF
000DF
000C9
000AC
0008B
00065
0003C
0000F
3FFE1
3FFB2
3FF83
3FF56
3FF2A
3FF02
3FEDE
3FEC0
3FEA6
3FE94
3FE87
3FE82
3FE84
3FE8E
3FE9E
3FEB5
3FED2
3FEF5
3FF1C
3FF48
3FF77
3FFA7
3FFD9
0000B
0003B
0006A
00095
000BC
000DD
000F9
0010F
0011D
00124
00124
0011C
0010D
000F6
000D9
000B7
0008E
00062
00032
00000
3FFCD
3FF99
3FF67
3FF37
3FF0A
3FEE1
3FEBE
3FEA0
3FE89
3FE7A
3FE72
3FE72
3FE7A
3FE8A
3FEA2
3FEC0
3FEE5
3FF0F
3FF3E
3FF71
3FFA6
3FFDD
00014
0004A
0007E
000AF
000DB
00102
00123
0013D
0014F
00159
0015B
00155
00146
0012F
00111
000EC
000C1
00091
0005D
00026
3FFED
3FFB4
3FF7B
3FF45
3FF12
3FEE3
3FEBA
3FE97
3FE7C
3FE68
3FE5D
3FE5B
3FE62
3FE71
3FE89
3FEA9
3FED0
3FEFE
3FF32
3FF6A
3FFA5
3FFE3
00021
0005E
00099
000D1
00105
00133
0015A
00179
00190
0019E
001A3
0019E
00190
00179
00159
00132
00103
000CE
00094
00056
00016
3FFD5
3FF94
3FF55
3FF1A
3FEE3
3FEB3
3FE89
3FE67
3FE4F
3FE40
3FE3A
3FE3F
3FE4E
3FE67
3FE8A
3FEB5
3FEE8
3FF21
3FF61
3FFA4
3FFEB
00032
0007A
000BF
00101
0013F
00176
001A6
001CD
001EA
001FE
00207
00205
001F7
001DF
001BD
00191
0015D
00121
000DE
00097
0004C
00000
3FFB4
3FF69
3FF22
3FEDF
3FEA4
3FE70
3FE45
3FE25
3FE0F
3FE06
3FE08
3FE17
3FE31
3FE57
3FE87
3FEC2
3FF05
3FF4F
3FF9F
3FFF3
0004A
000A1
000F6
00148
00195
001DB
00219
0024D
00275
00291
002A1
002A3
00298
0027F
00259
00227
001EA
001A3
00153
000FC
0009F
00040
3FFE0
3FF81
3FF25
3FECE
3FE7E
3FE38
3FDFD
3FDCE
3FDAC
3FD99
3FD95
3FDA1
3FDBD
3FDE7
3FE21
3FE68
3FEBB
3FF19
3FF80
3FFEE
00061
000D6
0014B
001BE
0022B
00291
002ED
0033E
00380
003B3
003D5
003E6
003E3
003CD
003A5
0036A
0031D
002BF
00252
001D8
00153
000C6
00032
3FF9B
3FF04
3FE70
3FDE1
3FD5B
3FCE1
3FC76
3FC1B
3FBD4
3FBA3
3FB89
3FB88
3FBA1
3FBD5
3FC26
3FC92
3FD1C
3FDC2
3FE86
3FF68
00069
0018C
002D6
00450
00608
0081B
00AC0
00E6C
01447
02028
04A1D
35A7E
33284
0447A
07F86
068B9
33791
04106
01978
3D6C5
3AAE7
3EA53
056A2
34143
376EA
04079
086C5
3D838
01DDF
3F07F
04726
049DF
3CD30
0A36A
3E6B1
3C507
3C92A
3FD56
01E87
04DF2
34BC0
36268
3E3A5
3B6D8
08351
00F97
0229B
03AFD
0AF1F
3D190
079F0
033E3
09200
004B7
03614
395C1
00DA3
3FDE1
09868
0504C
3DE8E
04651
3690A
39D8F
33BB7
3E7F4
32D29
3A4DF
01B02
01AF5
397C1
39126
06A17
0610B
06214
3E739
37D5E
0D405
38637
01060
3D36D
0C788
0370F
0B2E3
3DC2A
3F10E
33AD5
3FFA3
00AFA
3393B
079B6
3EE46
01B35
05E7F
3E078
3AF87
059E2
351AC
01CD1
3C495
3DCC5
07482
3C3F9
36011
36F50
3ADA6
07607
06857
3A1F0
0872C
023D4
05207
093C0
36084
09610
3B72D
0A524
37193
01D80
0B7BB
0152E
35C14
09993
3A28B
0534A
03E1B
3D3FC
0ACA2
29C3B
057DF
038A9
3EACF
0B52A
3A620
390F5
01894
00D5B
04F1A
3FE08
3EC2E
2FD87
3C056
3BD13
00D81
2BB90
35321
0CB80
3866C
3A256
035EB
3F201
37FDD
3B09F
008CA
09A44
3682F
0778E
08EA7
0841B
05E7E
3CE04
0321C
363DA
00594
022B8
3EE7F
05597
06E6A
0B34D
0CBD6
0E8D7
3EC45
3D489
018B0
021BA
3C0D5
33F1A
09A4E
39569
3B150
3B6B3
0578C
284E8
3DB02
0EB96
3F459
04E3F
3BD71
0A475
3DFE9
0065B
0230C
02AB5
3D329
07333
3DE1D
01150
01E22
3588D
37346
3C4F8
00306
10961
395D4
01233
3AC96
0442A
34D2A
0CEA7
30303
3EC7F
2E9A0
2F95E
0299D
043E7
393B1
0AD35
0260C
0F609
3D637
04E6E
3BDDA
0B93F
0491B
01AAB
06B0D
3D5C6
3E618
38D1E
3D033
34174
3D57A
3EF3E
09EAF
3C26F
3FBD5
3F8F8
01F05
03CFC
2F105
31005
3A42E
3FC6D
0A4DC
06053
01346
04FCE
0BB23
018A7
3D315
3E7E8
3A0C4
38A93
041D4
09E77
00888
35BD0
02345
3B440
3F59D
0B282
00A9D
03FFD
00B77
0E43D
3E319
05631
0E355
3B36C
057AD
3ADAC
31057
08685
3BC14
03BAB
3CEBF
3B159
3B1CE
34B8E
06344
302AF
0B133
08A37
3A893
165F8
372CF
3D9EB
0029E
09865
00B2C
3D6A8
3F2E8
029A9
3A39D
0487B
3AD47
398CC
0200B
3DF2E
39114
3A99E
050DB
3DEFD
3768F
014A3
3A84D
3494F
0419F
05D1C
08A0B
3A81C
02051
34E43
39FC2
03D68
0D430
07197
3817E
384FA
3017A
0EAE2
36AA5
0A71C
36BBB
324C3
3C61F
05A69
0B7F1
0056D
0C630
3F6F3
323F7
36F42
3B19F
0914B
0B3E7
009A0
0F315
3DA32
0AA95
3F629
08417
08401
3DF8A
381E3
32E61
01FB0
0116F
3C25A
00EF3
02BD8
04F52
00701
39C00
04A57
398F2
3F09B
3F3DC
3925B
3F339
07C9A
3BC02
0511B
010BB
030A1
088AF
08079
339B0
3967C
0A6D5
37C5F
06373
0C217
3C460
35E5A
3A7EF
380F2
0DDF8
09548
01C49
0791E
07185
2FF8E
3C704
2E158
392D9
07CA2
0547F
04176
31F16
07060
3D411
3F641
375F1
03102
3D142
3AC03
05615
00605
3D579
368E9
3F390
076AB
3FFFF
3A83B
01E45
3CB35
0720B
3C9C6
39B43
3F8E6
0BAC7
3F493
02616
01171
022ED
01F64
05643
36905
3D504
2FB82
0971B
0ADED
09A14
3C727
338FF
3C02A
07C5D
3CABE
3AF1C
1262C
009D1
38B9A
3737D
3962E
3F3BF
3ABE3
02230
398CC
3C6D2
091F1
01B65
3E501
06C7E
0DD79
003B8
3A827
0806D
08F19
3AEFD
3F350
3583D
0034E
379A8
11FB6
35819
3CDC3
03EDC
0B896
0B693
0123C
04F1F
074EF
3BB15
3CA65
3DEF3
3DAD4
35141
0012F
06680
0C841
3F16A
3E461
39235
3C2EF
3C987
0669F
3560A
3672D
03A97
08CED
3B2DA
32D52
34B81
04989
096FF
0771A
37675
0FDC5
05D3A
378C5
3BDCC
01EAB
3AB2F
0C6B6
3C7BC
3891C
07DE1
043EF
2A65A
06CA4
39090
3FB7B
3591E
39041
39027
3D5AB
09487
03475
1171C
02DD9
350D5
36A13
0474E
380E4
35960
0BE6A
3A441
3521D
3EF13
362AF
3E48E
3E2A2
363E6
362A5
3E81A
388F2
38D10
0852D
058D3
3C923
39B85
34C69
05DA0
206AC
3D831
39644
00E2D
01602
3C30B
3D945
3DAEC
3D8C6
2A1C4
3DF48
3F8B5
3BD04
3BD36
3B182
38770
0BCE2
3F957
08918
3CF5B
3C91B
3C1D2
3B87D
3A761
374CC
0F504
3F7F6
3D79C
3BC0D
32E84
01B98
3EA6D
3DCA6
3B452
0B4AD
00142
3D6D5
3C6A1
2F515
06FD1
02BA0
017EB
007C3
054F4
01FB3
09D6E
005F4
00866
0095B
010D0
3EAFD
3EDE0
04A95
00B97
005BB
003D5
01031
3E69F
3CB8A
04507
015AF
00ECC
00FAB
071DF
0004B
00E3D
01202
0521B
3599E
3B08F
0598F
3EECB
3765C
0045C
00123
005B7
01C25
3CEF3
3FE6A
37795
3E645
3F5BD
00C85
0A7C6
33C90
321D5
0D42D
028DA
010B8
007B5
3ECD4
00A37
00A29
008F6
00CB3
01336
0245D
36DBB
00D50
08BB2
02D54
10CEA
346EE
3D26E
35E1F
39D49
0836A
3E43C
3DF17
3DA8F
3B5F0
00EF7
3F4B8
01977
00853
0074C
007D2
3FEEF
00F10
00BA9
01A63
01AE6
01F01
028EC
3938E
015E3
049E6
00FD4
0178D
01BC6
02321
008CA
01A05
3BB96
00604
3CD25
011BC
3AC36
0C86A
0EABF
2BD6A
3C811
3EA36
3F783
0079C
000BC
012FB
3F310
000E0
0097E
01A0A
2B7AF
007C0
0C17B
3C6A0
3E546
3EF6C
3EF77
02822
01810
3D4CC
0220B
03727
063B1
14CEC
2DA9F
37C60
02AB7
3F4E5
328C0
3D212
3362F
0190D
3995A
0B1A2
05B32
04A60
04564
3DCC0
03B01
02744
052CF
0595C
07187
0D22E
2620E
3C905
3ECC1
008D2
017FD
02B3D
06795
3EEFC
05DBD
2D548
3D1C7
3FE61
02C9B
13D46
3B232
06164
3221E
38F2E
02113
3F16C
01BD8
01555
0BF7F
3B1FB
3E31D
3F9CC
01C4D
36AAA
3E2CA
3F773
3FD17
0036B
00743
3FE2A
045E2
05E83
3083E
3DD60
3F202
3F9A7
00CC5
3E180
3BCF1
045C3
011B2
0040D
3F911
3F725
3C40E
2A8C5
0BE0C
09F66
3BC7E
3FE81
3FBF2
00D0A
17294
3E768
3F09B
3F1A4
3E4C0
02580
017CD
3F26D
014FF
024BE
04033
0C182
01C6E
0F9D3
283F8
38CE9
3C3BD
3E0C7
3DCC9
023BB
0DA24
39041
3DCCA
3FC17
0273C
2E4DA
3D21F
34528
0245B
073DD
3D111
3EB00
022A3
01D69
3D05F
00A6A
00FD4
01239
01133
01CB3
02D21
3DF64
3FCF5
3FDE4
3F72A
38EAC
3FA65
39386
05C7C
02FB5
0267E
02A34
3A74D
008FC
03F4C
00219
007B2
00C84
01B6C
3E4C5
002D7
00C52
026C5
1915B
3C4A5
3F3D1
3F09D
026DA
3673E
3C4DD
3D565
3DEDC
00EE7
3D4F0
3D28F
3E843
3E44A
3E1EA
3D875
0B2EC
00D22
082F2
3D4FC
3E106
3E387
3E2CC
3EB74
3E9D2
38DBE
3D1CB
3CB57
3B6AE
3445F
043A7
3DA48
0666B
3FA57
159A1
3FC8F
2D715
050E5
0063F
04EC8
031BF
02A20
02AC0
37C83
00D81
007F0
01345
01063
00C95
0002C
0414B
02141
3A9F6
00B0E
00957
0008C
3C514
07DCC
085E9
3265F
3D47D
3E35E
3DB93
33C55
03A5A
033F6
3EF97
3FA20
00F31
00269
0C949
01A50
0774F
3E0CA
3F464
3FE4A
01563
3931E
3DEF8
0041A
3F30F
3FC78
0119E
0830E
32C73
376D1
05AC2
3EB2A
3DF39
3D2D5
36513
01B3D
3FF03
010F2
00C73
0105E
018BD
01060
04B7F
155ED
3C795
0819B
3203F
3A9CC
3BAD0
3D4BB
0BC68
3E39D
3EAE9
3F01F
3F0D5
0088C
01139
3C252
3F850
001E2
00C12
048BF
3DF78
3E3C0
01320
00550
0018E
3FC33
3B300
3DE37
303DA
0927D
05718
05328
07ADA
2DC54
3E497
3DFAF
00C42
03DDF
3E38E
3F184
3E331
3C441
11370
0372E
02649
02593
04DDD
3FFA3
01EB6
3E1A6
3FB8E
00050
00024
36C5D
0299A
0830D
3C99E
3EBC6
3F4D4
3FD0D
3B4FB
3DAAE
29815
01696
00789
002B0
005AF
3D6BA
3C95B
0DEA9
00F21
39627
3FEE8
3D635
3E6F3
37B16
0EA1C
04831
028F9
017B2
3D634
011BF
00342
002E5
3F7B5
3E902
3C2BC
1818A
02C48
010E8
0082A
000B8
3FA20
3ED50
018E0
00F2F
343CA
3D336
3D30A
3C337
35A92
0324C
3D650
08E01
04483
30BA3
3E863
3A632
00B27
3FD5D
010D9
00CA9
00C24
00A01
05464
01F86
03479
01EF0
02968
03AF2
07858
37361
3FEA1
3F81F
3F897
3F970
3FA23
3FAA5
3FB00
3FB3B
3FB5E
3FB6F
3FB76
3FB74
3FB70
3FB6C
3FB6A
3FB6E
3FB79
3FB8C
3FBA9
3FBD1
3FC03
3FC41
3FC88
3FCD9
3FD33
3FD95
3FDFD
3FE69
3FED8
3FF48
3FFB7
00024
0008B
000EC
00145
00194
001D8
00210
0023B
00258
00267
00268
0025B
00240
00219
001E6
001A8
00162
00114
000C0
00068
0000E
3FFB4
3FF5C
3FF08
3FEB9
3FE70
3FE31
3FDFB
3FDD0
3FDB0
3FD9D
3FD96
3FD9C
3FDAE
3FDCC
3FDF5
3FE28
3FE64
3FEA8
3FEF2
3FF41
3FF92
3FFE5
00036
00086
000D2
00118
00157
0018E
001BB
001DE
001F7
00204
00206
001FD
001E8
001C9
001A1
0016F
00136
000F7
000B3
0006B
00021
3FFD8
3FF8F
3FF4A
3FF09
3FECE
3FE99
3FE6D
3FE4A
3FE30
3FE20
3FE1B
3FE20
3FE2F
3FE48
3FE6A
3FE94
3FEC6
3FEFD
3FF3A
3FF7A
3FFBD
00000
00042
00083
000BF
000F7
00129
00153
00176
00190
001A1
001A8
001A6
0019B
00186
00169
00144
00117
000E5
000AE
00073
00036
3FFF8
3FFBA
3FF7E
3FF45
3FF10
3FEE0
3FEB6
3FE94
3FE79
3FE67
3FE5D
3FE5D
3FE65
3FE75
3FE8E
3FEAE
3FED5
3FF02
3FF34
3FF69
3FFA1
3FFDA
00013
0004B
00080
000B2
000DF
00107
00128
00142
00154
0015E
00160
00159
0014B
00135
00118
000F4
000CB
0009D
0006B
00037
00001
3FFCB
3FF96
3FF63
3FF33
3FF07
3FEE1
3FEC0
3FEA6
3FE93
3FE87
3FE83
3FE87
3FE92
3FEA5
3FEBF
3FEDE
3FF04
3FF2E
3FF5B
3FF8B
3FFBD
3FFEF
00021
00051
0007E
000A7
000CC
000EC
00105
00118
00123
00128
00125
0011B
0010A
000F3
000D5
000B2
0008B
00060
00032
00003
3FFD3
3FFA3
3FF75
3FF49
3FF21
3FEFD
3FEDE
3FEC4
3FEB1
3FEA4
3FE9E
3FE9F
3FEA7
3FEB5
3FECA
3FEE4
3FF04
3FF28
3FF50
3FF7A
3FFA6
3FFD3
00000
0002C
00055
0007C
0009E
000BC
000D5
000E8
000F4
000FB
000FA
000F4
000E7
000D3
000BB
0009D
0007B
00055
0002D
00002
3FFD7
3FFAC
3FF82
3FF59
3FF34
3FF12
3FEF4
3FEDB
3FEC7
3FEBA
3FEB2
3FEB1
3FEB6
3FEC1
3FED2
3FEE8
3FF03
3FF23
3FF46
3FF6C
3FF93
3FFBC
3FFE5
0000D
00034
00058
00078
00095
000AD
000C0
000CE
000D6
000D7
000D3
000C9
000B9
000A4
0008B
0006D
0004B
00027
00001
3FFDA
3FFB2
3FF8B
3FF65
3FF42
3FF22
3FF05
3FEED
3FED9
3FECB
3FEC2
3FEBF
3FEC2
3FECA
3FED8
3FEEB
3FF03
3FF1E
3FF3E
3FF60
3FF84
3FFA9
3FFCF
3FFF4
00018
0003A
00059
00075
0008C
0009F
000AE
000B6
000BA
000B8
000B0
000A3
00092
0007B
00061
00043
00022
00000
3FFDB
3FFB7
3FF93
3FF6F
3FF4E
3FF2F
3FF13
3FEFC
3FEE8
3FED9
3FED0
3FECB
3FECC
3FED2
3FEDD
3FEED
3FF02
3FF1A
3FF36
3FF55
3FF76
3FF98
3FFBB
3FFDE
00000
00020
0003E
00059
00070
00083
00092
0009C
000A1
000A0
0009B
00091
00082
0006E
00057
0003C
0001E
3FFFE
3FFDD
3FFBB
3FF99
3FF78
3FF58
3FF3A
3FF20
3FF08
3FEF5
3FEE6
3FEDB
3FED5
3FED4
3FED9
3FEE2
3FEEF
3FF01
3FF17
3FF30
3FF4C
3FF6A
3FF8A
3FFAB
3FFCB
3FFEB
0000A
00027
00041
00058
0006B
0007A
00085
0008B
0008C
00089
00080
00074
00063
0004E
00036
0001B
3FFFD
3FFDF
3FFBF
3FF9F
3FF7F
3FF61
3FF45
3FF2B
3FF13
3FF00
3FEF0
3FEE5
3FEDE
3FEDC
3FEDE
3FEE5
3FEF1
3FF00
3FF14
3FF2A
3FF44
3FF60
3FF7D
3FF9C
3FFBB
3FFD9
3FFF7
00012
0002C
00042
00056
00065
00071
00078
0007B
00079
00072
00068
00059
00046
00031
00018
3FFFD
3FFE0
3FFC2
3FFA4
3FF86
3FF69
3FF4E
3FF34
3FF1E
3FF0A
3FEFA
3FEEE
3FEE6
3FEE3
3FEE3
3FEE9
3FEF2
3FF00
3FF11
3FF25
3FF3D
3FF57
3FF72
3FF8F
3FFAC
3FFC9
3FFE5
00000
00019
0002F
00043
00053
0005F
00067
0006B
0006A
00066
0005D
00050
00040
0002C
00016
3FFFD
3FFE2
3FFC6
3FFA9
3FF8D
3FF71
3FF56
3FF3D
3FF27
3FF13
3FF03
3FEF6
3FEEE
3FEE9
3FEE8
3FEEC
3FEF4
3FEFF
3FF0E
3FF21
3FF36
3FF4E
3FF68
3FF83
3FF9F
3FFBA
3FFD5
3FFF0
00008
0001E
00031
00042
0004F
00058
0005D
0005E
0005B
00054
00049
0003A
00028
00014
3FFFD
3FFE4
3FFC9
3FFAE
3FF93
3FF78
3FF5E
3FF46
3FF30
3FF1C
3FF0B
3FEFE
3FEF4
3FEEF
3FEED
3FEEF
3FEF5
3FEFF
3FF0C
3FF1D
3FF31
3FF47
3FF5F
3FF78
3FF92
3FFAD
3FFC7
3FFE1
3FFF8
0000E
00022
00032
00040
0004A
00050
00052
00051
0004B
00042
00035
00025
00012
3FFFD
3FFE5
3FFCD
3FFB3
3FF99
3FF7F
3FF66
3FF4E
3FF38
3FF24
3FF13
3FF05
3FEFB
3FEF4
3FEF1
3FEF2
3FEF7
3FEFF
3FF0B
3FF1A
3FF2C
3FF40
3FF56
3FF6E
3FF87
3FFA1
3FFBA
3FFD3
3FFEA
00000
00014
00024
00032
0003D
00044
00048
00047
00043
0003C
00030
00022
00011
3FFFD
3FFE7
3FFD0
3FFB7
3FF9E
3FF85
3FF6D
3FF55
3FF40
3FF2C
3FF1B
3FF0C
3FF01
3FEFA
3FEF5
3FEF5
3FEF8
3FEFF
3FF09
3FF17
3FF27
3FF3A
3FF4F
3FF65
3FF7D
3FF96
3FFAE
3FFC6
3FFDD
3FFF3
00006
00017
00026
00031
00039
0003E
0003F
0003C
00036
0002C
0001F
00010
3FFFD
3FFE9
3FFD3
3FFBC
3FFA4
3FF8B
3FF74
3FF5D
3FF47
3FF33
3FF22
3FF13
3FF07
3FEFF
3FEFA
3FEF8
3FEFA
3FEFF
3FF08
3FF14
3FF23
3FF34
3FF48
3FF5D
3FF74
3FF8B
3FFA3
3FFBA
3FFD1
3FFE6
3FFFA
0000B
0001A
00026
0002F
00035
00037
00035
00031
00028
0001D
0000F
3FFFE
3FFEB
3FFD6
3FFC0
3FFA9
3FF91
3FF7A
3FF64
3FF4E
3FF3B
3FF29
3FF1A
3FF0D
3FF04
3FEFE
3FEFB
3FEFC
3FF00
3FF07
3FF12
3FF1F
3FF2F
3FF41
3FF56
3FF6B
3FF82
3FF99
3FFAF
3FFC6
3FFDB
3FFEE
00000
0000F
0001C
00026
0002C
0002F
0002F
0002C
00025
0001B
0000E
3FFFF
3FFED
3FFD9
3FFC4
3FFAE
3FF97
3FF81
3FF6B
3FF55
3FF42
3FF30
3FF20
3FF13
3FF09
3FF02
3FEFE
3FEFE
3FF01
3FF07
3FF10
3FF1C
3FF2B
3FF3C
3FF4F
3FF63
3FF79
3FF8F
3FFA5
3FFBB
3FFD0
3FFE3
3FFF5
00005
00012
0001D
00024
00028
00029
00027
00021
00019
0000D
3FFFF
3FFEF
3FFDC
3FFC8
3FFB3
3FF9D
3FF87
3FF71
3FF5C
3FF49
3FF37
3FF27
3FF19
3FF0E
3FF06
3FF01
3FF00
3FF01
3FF06
3FF0E
3FF19
3FF26
3FF36
3FF48
3FF5C
3FF70
3FF86
3FF9B
3FFB1
3FFC5
3FFD9
3FFEB
3FFFB
00009
00014
0001C
00022
00024
00022
0001E
00017
0000D
00000
3FFF0
3FFDF
3FFCC
3FFB8
3FFA3
3FF8D
3FF78
3FF63
3FF4F
3FF3D
3FF2D
3FF1F
3FF13
3FF0B
3FF05
3FF02
3FF03
3FF06
3FF0D
3FF16
3FF23
3FF31
3FF42
3FF55
3FF68
3FF7D
3FF92
3FFA7
3FFBC
3FFCF
3FFE1
3FFF2
00000
0000C
00015
0001B
0001E
0001E
0001B
00015
0000C
00000
3FFF2
3FFE2
3FFD0
3FFBC
3FFA8
3FF93
3FF7E
3FF6A
3FF56
3FF44
3FF33
3FF25
3FF18
3FF0F
3FF08
3FF05
3FF04
3FF06
3FF0C
3FF14
3FF1F
3FF2D
3FF3C
3FF4E
3FF61
3FF75
3FF89
3FF9E
3FFB2
3FFC6
3FFD8
3FFE9
3FFF7
00004
0000E
00015
00019
0001A
00018
00013
0000B
00001
3FFF4
3FFE5
3FFD3
3FFC1
3FFAD
3FF99
3FF84
3FF70
3FF5D
3FF4A
3FF39
3FF2A
3FF1E
3FF13
3FF0C
3FF07
3FF05
3FF07
3FF0B
3FF12
3FF1C
3FF29
3FF37
3FF48
3FF5A
3FF6D
3FF81
3FF95
3FFA9
3FFBD
3FFCF
3FFE0
3FFEF
3FFFC
00007
0000F
00014
00016
00015
00011
0000B
00001
3FFF5
3FFE7
3FFD7
3FFC5
3FFB2
3FF9F
3FF8B
3FF77
3FF63
3FF51
3FF40
3FF30
3FF23
3FF18
3FF10
3FF0A
3FF07
3FF07
3FF0B
3FF11
3FF19
3FF25
3FF32
3FF42
3FF53
3FF66
3FF79
3FF8D
3FFA1
3FFB4
3FFC6
3FFD8
3FFE7
3FFF5
00000
00009
0000F
00012
00012
0000F
0000A
00002
3FFF7
3FFEA
3FFDA
3FFCA
3FFB7
3FFA4
3FF91
3FF7D
3FF6A
3FF57
3FF46
3FF36
3FF28
3FF1D
3FF13
3FF0D
3FF09
3FF08
3FF0A
3FF0F
3FF17
3FF21
3FF2E
3FF3D
3FF4D
3FF5F
3FF72
3FF85
3FF98
3FFAC
3FFBE
3FFCF
3FFDF
3FFED
3FFF9
00003
0000A
0000E
0000F
0000E
00009
00002
3FFF8
3FFEC
3FFDE
3FFCE
3FFBC
3FFAA
3FF97
3FF83
3FF70
3FF5E
3FF4C
3FF3C
3FF2E
3FF21
3FF17
3FF10
3FF0B
3FF0A
3FF0B
3FF0E
3FF15
3FF1E
3FF2A
3FF38
3FF47
3FF58
3FF6A
3FF7D
3FF90
3FFA3
3FFB6
3FFC8
3FFD8
3FFE6
3FFF3
3FFFD
00005
0000A
0000C
0000C
00008
00002
3FFFA
3FFEE
3FFE1
3FFD2
3FFC1
3FFAF
3FF9D
3FF8A
3FF76
3FF64
3FF52
3FF42
3FF33
3FF26
3FF1B
3FF13
3FF0E
3FF0B
3FF0B
3FF0E
3FF13
3FF1B
3FF26
3FF33
3FF42
3FF52
3FF63
3FF76
3FF89
3FF9C
3FFAE
3FFC0
3FFD0
3FFDF
3FFEC
3FFF7
00000
00006
00009
0000A
00007
00002
3FFFB
3FFF1
3FFE4
3FFD6
3FFC6
3FFB5
3FFA2
3FF90
3FF7D
3FF6A
3FF58
3FF48
3FF39
3FF2B
3FF20
3FF17
3FF10
3FF0D
3FF0B
3FF0D
3FF12
3FF19
3FF22
3FF2E
3FF3C
3FF4C
3FF5D
3FF6F
3FF81
3FF94
3FFA6
3FFB8
3FFC9
3FFD8
3FFE6
3FFF2
3FFFB
00002
00006
00008
00006
00002
3FFFC
3FFF3
3FFE7
3FFDA
3FFCA
3FFBA
3FFA8
3FF96
3FF83
3FF71
3FF5F
3FF4E
3FF3E
3FF30
3FF24
3FF1A
3FF13
3FF0E
3FF0C
3FF0D
3FF11
3FF17
3FF1F
3FF2A
3FF37
3FF46
3FF56
3FF68
3FF7A
3FF8C
3FF9F
3FFB1
3FFC2
3FFD2
3FFE0
3FFEC
3FFF6
3FFFE
00003
00006
00005
00002
3FFFD
3FFF5
3FFEA
3FFDD
3FFCF
3FFBF
3FFAE
3FF9C
3FF89
3FF77
3FF65
3FF54
3FF44
3FF35
3FF29
3FF1E
3FF16
3FF10
3FF0D
3FF0D
3FF10
3FF15
3FF1C
3FF26
3FF33
3FF41
3FF50
3FF61
3FF73
3FF85
3FF98
3FFAA
3FFBB
3FFCB
3FFDA
3FFE7
3FFF1
3FFFA
00000
00003
00004
00002
3FFFE
3FFF6
3FFED
3FFE1
3FFD3
3FFC4
3FFB3
3FFA2
3FF90
3FF7D
3FF6B
3FF5A
3FF4A
3FF3B
3FF2D
3FF22
3FF19
3FF13
3FF0F
3FF0E
3FF0F
3FF13
3FF1A
3FF23
3FF2E
3FF3C
3FF4B
3FF5B
3FF6C
3FF7E
3FF90
3FFA2
3FFB4
3FFC4
3FFD3
3FFE1
3FFEC
3FFF6
3FFFD
00001
00003
00002
3FFFE
3FFF8
3FFEF
3FFE5
3FFD8
3FFC9
3FFB9
3FFA8
3FF96
3FF84
3FF72
3FF60
3FF50
3FF40
3FF32
3FF26
3FF1D
3FF15
3FF10
3FF0E
3FF0F
3FF12
3FF17
3FF20
3FF2A
3FF37
3FF45
3FF55
3FF66
3FF77
3FF89
3FF9B
3FFAD
3FFBE
3FFCD
3FFDB
3FFE8
3FFF2
3FFF9
3FFFF
00002
00002
3FFFF
3FFFA
3FFF2
3FFE8
3FFDC
3FFCE
3FFBE
3FFAE
3FF9C
3FF8A
3FF78
3FF66
3FF56
3FF46
3FF37
3FF2B
3FF20
3FF18
3FF12
3FF0F
3FF0F
3FF11
3FF15
3FF1D
3FF26
3FF32
3FF40
3FF4F
3FF5F
3FF71
3FF82
3FF94
3FFA6
3FFB7
3FFC7
3FFD6
3FFE3
3FFED
3FFF6
3FFFC
00000
00001
3FFFF
3FFFB
3FFF4
3FFEB
3FFE0
3FFD3
3FFC4
3FFB3
3FFA2
3FF90
3FF7F
3FF6D
3FF5C
3FF4B
3FF3D
3FF2F
3FF24
3FF1B
3FF14
3FF10
3FF0F
3FF10
3FF14
3FF1A
3FF23
3FF2E
3FF3A
3FF49
3FF59
3FF6A
3FF7C
3FF8E
3FF9F
3FFB1
3FFC1
3FFD0
3FFDE
3FFE9
3FFF3
3FFFA
3FFFE
00000
00000
3FFFC
3FFF7
3FFEE
3FFE4
3FFD7
3FFC9
3FFB9
3FFA8
3FF97
3FF85
3FF73
3FF62
3FF51
3FF42
3FF34
3FF28
3FF1E
3FF17
3FF12
3FF0F
3FF0F
3FF12
3FF17
3FF1F
3FF29
3FF36
3FF44
3FF53
3FF64
3FF75
3FF87
3FF99
3FFAA
3FFBB
3FFCA
3FFD8
3FFE5
3FFEF
3FFF7
3FFFD
00000
00000
3FFFE
3FFF9
3FFF1
3FFE8
3FFDC
3FFCE
3FFBF
3FFAF
3FF9D
3FF8C
3FF7A
3FF68
3FF57
3FF47
3FF39
3FF2C
3FF22
3FF19
3FF13
3FF10
3FF0F
3FF11
3FF15
3FF1C
3FF25
3FF31
3FF3E
3FF4D
3FF5D
3FF6F
3FF80
3FF92
3FFA4
3FFB5
3FFC5
3FFD3
3FFE0
3FFEB
3FFF4
3FFFB
3FFFF
00000
3FFFF
3FFFB
3FFF4
3FFEB
3FFE0
3FFD3
3FFC5
3FFB5
3FFA4
3FF92
3FF80
3FF6F
3FF5D
3FF4D
3FF3E
3FF31
3FF25
3FF1C
3FF15
3FF11
3FF0F
3FF10
3FF13
3FF19
3FF22
3FF2C
3FF39
3FF47
3FF57
3FF68
3FF7A
3FF8C
3FF9D
3FFAF
3FFBF
3FFCE
3FFDC
3FFE8
3FFF1
3FFF9
3FFFE
00000
00000
3FFFD
3FFF7
3FFEF
3FFE5
3FFD8
3FFCA
3FFBB
3FFAA
3FF99
3FF87
3FF75
3FF64
3FF53
3FF44
3FF36
3FF29
3FF1F
3FF17
3FF12
3FF0F
3FF0F
3FF12
3FF17
3FF1E
3FF28
3FF34
3FF42
3FF51
3FF62
3FF73
3FF85
3FF97
3FFA8
3FFB9
3FFC9
3FFD7
3FFE4
3FFEE
3FFF7
3FFFC
00000
00000
3FFFE
3FFFA
3FFF3
3FFE9
3FFDE
3FFD0
3FFC1
3FFB1
3FF9F
3FF8E
3FF7C
3FF6A
3FF59
3FF49
3FF3A
3FF2E
3FF23
3FF1A
3FF14
3FF10
3FF0F
3FF10
3FF14
3FF1B
3FF24
3FF2F
3FF3D
3FF4B
3FF5C
3FF6D
3FF7F
3FF90
3FFA2
3FFB3
3FFC4
3FFD3
3FFE0
3FFEB
3FFF4
3FFFB
3FFFF
00001
00000
3FFFC
3FFF6
3FFED
3FFE3
3FFD6
3FFC7
3FFB7
3FFA6
3FF94
3FF82
3FF71
3FF5F
3FF4F
3FF40
3FF32
3FF26
3FF1D
3FF15
3FF11
3FF0F
3FF0F
3FF12
3FF18
3FF20
3FF2B
3FF37
3FF46
3FF56
3FF66
3FF78
3FF8A
3FF9C
3FFAE
3FFBE
3FFCE
3FFDC
3FFE8
3FFF2
3FFFA
3FFFF
00002
00002
3FFFF
3FFF9
3FFF2
3FFE8
3FFDB
3FFCD
3FFBE
3FFAD
3FF9B
3FF89
3FF77
3FF66
3FF55
3FF45
3FF37
3FF2A
3FF20
3FF17
3FF12
3FF0F
3FF0E
3FF10
3FF15
3FF1D
3FF26
3FF32
3FF40
3FF50
3FF60
3FF72
3FF84
3FF96
3FFA8
3FFB9
3FFC9
3FFD8
3FFE5
3FFEF
3FFF8
3FFFE
00002
00003
00001
3FFFD
3FFF6
3FFEC
3FFE1
3FFD3
3FFC4
3FFB4
3FFA2
3FF90
3FF7E
3FF6C
3FF5B
3FF4B
3FF3C
3FF2E
3FF23
3FF1A
3FF13
3FF0F
3FF0E
3FF0F
3FF13
3FF19
3FF22
3FF2D
3FF3B
3FF4A
3FF5A
3FF6B
3FF7D
3FF90
3FFA2
3FFB3
3FFC4
3FFD3
3FFE1
3FFED
3FFF6
3FFFE
00002
00004
00003
00000
3FFFA
3FFF1
3FFE7
3FFDA
3FFCB
3FFBB
3FFAA
3FF98
3FF85
3FF73
3FF61
3FF50
3FF41
3FF33
3FF26
3FF1C
3FF15
3FF10
3FF0D
3FF0D
3FF10
3FF16
3FF1E
3FF29
3FF35
3FF44
3FF54
3FF65
3FF77
3FF89
3FF9C
3FFAE
3FFBF
3FFCF
3FFDD
3FFEA
3FFF5
3FFFD
00002
00005
00006
00003
3FFFE
3FFF6
3FFEC
3FFE0
3FFD2
3FFC2
3FFB1
3FF9F
3FF8C
3FF7A
3FF68
3FF56
3FF46
3FF37
3FF2A
3FF1F
3FF17
3FF11
3FF0D
3FF0C
3FF0E
3FF13
3FF1A
3FF24
3FF30
3FF3E
3FF4E
3FF5F
3FF71
3FF83
3FF96
3FFA8
3FFBA
3FFCA
3FFDA
3FFE7
3FFF3
3FFFC
00002
00006
00008
00006
00002
3FFFB
3FFF2
3FFE6
3FFD8
3FFC9
3FFB8
3FFA6
3FF94
3FF81
3FF6F
3FF5D
3FF4C
3FF3C
3FF2E
3FF22
3FF19
3FF12
3FF0D
3FF0B
3FF0D
3FF10
3FF17
3FF20
3FF2B
3FF39
3FF48
3FF58
3FF6A
3FF7D
3FF90
3FFA2
3FFB5
3FFC6
3FFD6
3FFE4
3FFF1
3FFFB
00002
00007
0000A
00009
00006
00000
3FFF7
3FFEC
3FFDF
3FFD0
3FFC0
3FFAE
3FF9C
3FF89
3FF76
3FF63
3FF52
3FF42
3FF33
3FF26
3FF1B
3FF13
3FF0E
3FF0B
3FF0B
3FF0E
3FF13
3FF1B
3FF26
3FF33
3FF42
3FF52
3FF64
3FF76
3FF8A
3FF9D
3FFAF
3FFC1
3FFD2
3FFE1
3FFEE
3FFFA
00002
00008
0000C
0000C
0000A
00005
3FFFD
3FFF3
3FFE6
3FFD8
3FFC8
3FFB6
3FFA3
3FF90
3FF7D
3FF6A
3FF58
3FF47
3FF38
3FF2A
3FF1E
3FF15
3FF0E
3FF0B
3FF0A
3FF0B
3FF10
3FF17
3FF21
3FF2E
3FF3C
3FF4C
3FF5E
3FF70
3FF83
3FF97
3FFAA
3FFBC
3FFCE
3FFDE
3FFEC
3FFF8
00002
00009
0000E
0000F
0000E
0000A
00003
3FFF9
3FFED
3FFDF
3FFCF
3FFBE
3FFAC
3FF98
3FF85
3FF72
3FF5F
3FF4D
3FF3D
3FF2E
3FF21
3FF17
3FF0F
3FF0A
3FF08
3FF09
3FF0D
3FF13
3FF1D
3FF28
3FF36
3FF46
3FF57
3FF6A
3FF7D
3FF91
3FFA4
3FFB7
3FFCA
3FFDA
3FFEA
3FFF7
00002
0000A
0000F
00012
00012
0000F
00009
00000
3FFF5
3FFE7
3FFD8
3FFC6
3FFB4
3FFA1
3FF8D
3FF79
3FF66
3FF53
3FF42
3FF32
3FF25
3FF19
3FF11
3FF0B
3FF07
3FF07
3FF0A
3FF10
3FF18
3FF23
3FF30
3FF40
3FF51
3FF63
3FF77
3FF8B
3FF9F
3FFB2
3FFC5
3FFD7
3FFE7
3FFF5
00001
0000B
00011
00015
00016
00014
0000F
00007
3FFFC
3FFEF
3FFE0
3FFCF
3FFBD
3FFA9
3FF95
3FF81
3FF6D
3FF5A
3FF48
3FF37
3FF29
3FF1C
3FF12
3FF0B
3FF07
3FF05
3FF07
3FF0C
3FF13
3FF1E
3FF2A
3FF39
3FF4A
3FF5D
3FF70
3FF84
3FF99
3FFAD
3FFC1
3FFD3
3FFE5
3FFF4
00001
0000B
00013
00018
0001A
00019
00015
0000E
00004
3FFF7
3FFE9
3FFD8
3FFC6
3FFB2
3FF9E
3FF89
3FF75
3FF61
3FF4E
3FF3C
3FF2D
3FF1F
3FF14
3FF0C
3FF06
3FF04
3FF05
3FF08
3FF0F
3FF18
3FF25
3FF33
3FF44
3FF56
3FF6A
3FF7E
3FF93
3FFA8
3FFBC
3FFD0
3FFE2
3FFF2
00000
0000C
00015
0001B
0001E
0001E
0001B
00015
0000C
00000
3FFF2
3FFE1
3FFCF
3FFBC
3FFA7
3FF92
3FF7D
3FF68
3FF55
3FF42
3FF31
3FF23
3FF16
3FF0D
3FF06
3FF03
3FF02
3FF05
3FF0B
3FF13
3FF1F
3FF2D
3FF3D
3FF4F
3FF63
3FF78
3FF8D
3FFA3
3FFB8
3FFCC
3FFDF
3FFF0
00000
0000D
00017
0001E
00022
00024
00022
0001C
00014
00009
3FFFB
3FFEB
3FFD9
3FFC5
3FFB1
3FF9B
3FF86
3FF70
3FF5C
3FF48
3FF36
3FF26
3FF19
3FF0E
3FF06
3FF01
3FF00
3FF01
3FF06
3FF0E
3FF19
3FF27
3FF37
3FF49
3FF5C
3FF71
3FF87
3FF9D
3FFB3
3FFC8
3FFDC
3FFEF
3FFFF
0000D
00019
00021
00027
00029
00028
00024
0001D
00012
00005
3FFF5
3FFE3
3FFD0
3FFBB
3FFA5
3FF8F
3FF79
3FF63
3FF4F
3FF3C
3FF2B
3FF1C
3FF10
3FF07
3FF01
3FEFE
3FEFE
3FF02
3FF09
3FF13
3FF20
3FF30
3FF42
3FF55
3FF6B
3FF81
3FF97
3FFAE
3FFC4
3FFD9
3FFED
3FFFF
0000E
0001B
00025
0002C
0002F
0002F
0002C
00026
0001C
0000F
00000
3FFEE
3FFDB
3FFC6
3FFAF
3FF99
3FF82
3FF6B
3FF56
3FF41
3FF2F
3FF1F
3FF12
3FF07
3FF00
3FEFC
3FEFB
3FEFE
3FF04
3FF0D
3FF1A
3FF29
3FF3B
3FF4E
3FF64
3FF7A
3FF91
3FFA9
3FFC0
3FFD6
3FFEB
3FFFE
0000F
0001D
00028
00031
00035
00037
00035
0002F
00026
0001A
0000B
3FFFA
3FFE6
3FFD1
3FFBA
3FFA3
3FF8B
3FF74
3FF5D
3FF48
3FF34
3FF23
3FF14
3FF08
3FEFF
3FEFA
3FEF8
3FEFA
3FEFF
3FF07
3FF13
3FF22
3FF33
3FF47
3FF5D
3FF74
3FF8B
3FFA4
3FFBC
3FFD3
3FFE9
3FFFD
00010
0001F
0002C
00036
0003C
0003F
0003E
00039
00031
00026
00017
00006
3FFF3
3FFDD
3FFC6
3FFAE
3FF96
3FF7D
3FF65
3FF4F
3FF3A
3FF27
3FF17
3FF09
3FEFF
3FEF8
3FEF5
3FEF5
3FEFA
3FF01
3FF0C
3FF1B
3FF2C
3FF40
3FF55
3FF6D
3FF85
3FF9E
3FFB7
3FFD0
3FFE7
3FFFD
00011
00022
00030
0003C
00043
00047
00048
00044
0003D
00032
00024
00014
00000
3FFEA
3FFD3
3FFBA
3FFA1
3FF87
3FF6E
3FF56
3FF40
3FF2C
3FF1A
3FF0B
3FEFF
3FEF7
3FEF2
3FEF1
3FEF4
3FEFB
3FF05
3FF13
3FF24
3FF38
3FF4E
3FF66
3FF7F
3FF99
3FFB3
3FFCD
3FFE5
3FFFD
00012
00025
00035
00042
0004B
00051
00052
00050
0004A
00040
00032
00022
0000E
3FFF8
3FFE1
3FFC7
3FFAD
3FF92
3FF78
3FF5F
3FF47
3FF31
3FF1D
3FF0C
3FEFF
3FEF5
3FEEF
3FEED
3FEEF
3FEF4
3FEFE
3FF0B
3FF1C
3FF30
3FF46
3FF5E
3FF78
3FF93
3FFAE
3FFC9
3FFE4
3FFFD
00014
00028
0003A
00049
00054
0005B
0005E
0005D
00058
0004F
00042
00031
0001E
00008
3FFF0
3FFD5
3FFBA
3FF9F
3FF83
3FF68
3FF4E
3FF36
3FF21
3FF0E
3FEFF
3FEF4
3FEEC
3FEE8
3FEE9
3FEEE
3FEF6
3FF03
3FF13
3FF27
3FF3D
3FF56
3FF71
3FF8D
3FFA9
3FFC6
3FFE2
3FFFD
00016
0002C
00040
00050
0005D
00066
0006A
0006B
00067
0005F
00053
00043
0002F
00019
00000
3FFE5
3FFC9
3FFAC
3FF8F
3FF72
3FF57
3FF3D
3FF25
3FF11
3FF00
3FEF2
3FEE9
3FEE3
3FEE3
3FEE6
3FEEE
3FEFA
3FF0A
3FF1E
3FF34
3FF4E
3FF69
3FF86
3FFA4
3FFC2
3FFE0
3FFFD
00018
00031
00046
00059
00068
00072
00079
0007B
00078
00071
00065
00056
00042
0002C
00012
3FFF7
3FFD9
3FFBB
3FF9C
3FF7D
3FF60
3FF44
3FF2A
3FF14
3FF00
3FEF1
3FEE5
3FEDE
3FEDC
3FEDE
3FEE5
3FEF0
3FF00
3FF13
3FF2B
3FF45
3FF61
3FF7F
3FF9F
3FFBF
3FFDF
3FFFD
0001B
00036
0004E
00063
00074
00080
00089
0008C
0008B
00085
0007A
0006B
00058
00041
00027
0000A
3FFEB
3FFCB
3FFAB
3FF8A
3FF6A
3FF4C
3FF30
3FF17
3FF01
3FEEF
3FEE2
3FED9
3FED4
3FED5
3FEDB
3FEE6
3FEF5
3FF08
3FF20
3FF3A
3FF58
3FF78
3FF99
3FFBB
3FFDD
3FFFE
0001E
0003C
00057
0006E
00082
00091
0009B
000A0
000A1
0009C
00092
00083
00070
00059
0003E
00020
00000
3FFDE
3FFBB
3FF98
3FF76
3FF55
3FF36
3FF1A
3FF02
3FEED
3FEDD
3FED2
3FECC
3FECB
3FED0
3FED9
3FEE8
3FEFC
3FF13
3FF2F
3FF4E
3FF6F
3FF93
3FFB7
3FFDB
00000
00022
00043
00061
0007B
00092
000A3
000B0
000B8
000BA
000B6
000AE
0009F
0008C
00075
00059
0003A
00018
3FFF4
3FFCF
3FFA9
3FF84
3FF60
3FF3E
3FF1E
3FF03
3FEEB
3FED8
3FECA
3FEC2
3FEBF
3FEC2
3FECB
3FED9
3FEED
3FF05
3FF22
3FF42
3FF65
3FF8B
3FFB2
3FFDA
00001
00027
0004B
0006D
0008B
000A4
000B9
000C9
000D3
000D7
000D6
000CE
000C0
000AD
00095
00078
00058
00034
0000D
3FFE5
3FFBC
3FF93
3FF6C
3FF46
3FF23
3FF03
3FEE8
3FED2
3FEC1
3FEB6
3FEB1
3FEB2
3FEBA
3FEC7
3FEDB
3FEF4
3FF12
3FF34
3FF59
3FF82
3FFAC
3FFD7
00002
0002D
00055
0007B
0009D
000BB
000D3
000E7
000F4
000FA
000FB
000F4
000E8
000D5
000BC
0009E
0007C
00055
0002C
00000
3FFD3
3FFA6
3FF7A
3FF50
3FF28
3FF04
3FEE4
3FECA
3FEB5
3FEA7
3FE9F
3FE9E
3FEA4
3FEB1
3FEC4
3FEDE
3FEFD
3FF21
3FF49
3FF75
3FFA3
3FFD3
00003
00032
00060
0008B
000B2
000D5
000F3
0010A
0011B
00125
00128
00123
00118
00105
000EC
000CC
000A7
0007E
00051
00021
3FFEF
3FFBD
3FF8B
3FF5B
3FF2E
3FF04
3FEDE
3FEBF
3FEA5
3FE92
3FE87
3FE83
3FE87
3FE93
3FEA6
3FEC0
3FEE1
3FF07
3FF33
3FF63
3FF96
3FFCB
00001
00037
0006B
0009D
000CB
000F4
00118
00135
0014B
00159
00160
0015E
00154
00142
00128
00107
000DF
000B2
00080
0004B
00013
3FFDA
3FFA1
3FF69
3FF34
3FF02
3FED5
3FEAE
3FE8E
3FE75
3FE65
3FE5D
3FE5D
3FE67
3FE79
3FE94
3FEB6
3FEE0
3FF10
3FF45
3FF7E
3FFBA
3FFF8
00036
00073
000AE
000E5
00117
00144
00169
00186
0019B
001A6
001A8
001A1
00190
00176
00153
00129
000F7
000BF
00083
00042
00000
3FFBD
3FF7A
3FF3A
3FEFD
3FEC6
3FE94
3FE6A
3FE48
3FE2F
3FE20
3FE1B
3FE20
3FE30
3FE4A
3FE6D
3FE99
3FECE
3FF09
3FF4A
3FF8F
3FFD8
00021
0006B
000B3
000F7
00136
0016F
001A1
001C9
001E8
001FD
00206
00204
001F7
001DE
001BB
0018E
00157
00118
000D2
00086
00036
3FFE5
3FF92
3FF41
3FEF2
3FEA8
3FE64
3FE28
3FDF5
3FDCC
3FDAE
3FD9C
3FD96
3FD9D
3FDB0
3FDD0
3FDFB
3FE31
3FE70
3FEB9
3FF08
3FF5C
3FFB4
0000E
00068
000C0
00114
00162
001A8
001E6
00219
00240
0025B
00268
00267
00258
0023B
00210
001D8
00194
00145
000EC
0008B
00024
3FFB7
3FF48
3FED8
3FE69
3FDFD
3FD95
3FD33
3FCD9
3FC88
3FC41
3FC03
3FBD1
3FBA9
3FB8C
3FB79
3FB6E
3FB6A
3FB6C
3FB70
3FB74
3FB76
3FB6F
3FB5E
3FB3B
3FB00
3FAA5
3FA23
3F970
3F897
3F81F
3FEA1
37361
07858
03AF2
02968
01EF0
03479
01F86
05464
00A01
00C24
00CA9
010D9
3FD5D
00B27
3A632
3E863
30BA3
04483
08E01
3D650
0324C
35A92
3C337
3D30A
3D336
343CA
00F2F
018E0
3ED50
3FA20
000B8
0082A
010E8
02C48
1818A
3C2BC
3E902
3F7B5
002E5
00342
011BF
3D634
017B2
028F9
04831
0EA1C
37B16
3E6F3
3D635
3FEE8
39627
00F21
0DEA9
3C95B
3D6BA
005AF
002B0
00789
01696
29815
3DAAE
3B4FB
3FD0D
3F4D4
3EBC6
3C99E
0830D
0299A
36C5D
00024
00050
3FB8E
3E1A6
01EB6
3FFA3
04DDD
02593
02649
0372E
11370
3C441
3E331
3F184
3E38E
03DDF
00C42
3DFAF
3E497
2DC54
07ADA
05328
05718
0927D
303DA
3DE37
3B300
3FC33
0018E
00550
01320
3E3C0
3DF78
048BF
00C12
001E2
3F850
3C252
01139
0088C
3F0D5
3F01F
3EAE9
3E39D
0BC68
3D4BB
3BAD0
3A9CC
3203F
0819B
3C795
155ED
04B7F
01060
018BD
0105E
00C73
010F2
3FF03
01B3D
36513
3D2D5
3DF39
3EB2A
05AC2
376D1
32C73
0830E
0119E
3FC78
3F30F
0041A
3DEF8
3931E
01563
3FE4A
3F464
3E0CA
0774F
01A50
0C949
00269
00F31
3FA20
3EF97
033F6
03A5A
33C55
3DB93
3E35E
3D47D
3265F
085E9
07DCC
3C514
0008C
00957
00B0E
3A9F6
02141
0414B
0002C
00C95
01063
01345
007F0
00D81
37C83
02AC0
02A20
031BF
04EC8
0063F
050E5
2D715
3FC8F
159A1
3FA57
0666B
3DA48
043A7
3445F
3B6AE
3CB57
3D1CB
38DBE
3E9D2
3EB74
3E2CC
3E387
3E106
3D4FC
082F2
00D22
0B2EC
3D875
3E1EA
3E44A
3E843
3D28F
3D4F0
00EE7
3DEDC
3D565
3C4DD
3673E
026DA
3F09D
3F3D1
3C4A5
1915B
026C5
00C52
002D7
3E4C5
01B6C
00C84
007B2
00219
03F4C
008FC
3A74D
02A34
0267E
02FB5
05C7C
39386
3FA65
38EAC
3F72A
3FDE4
3FCF5
3DF64
02D21
01CB3
01133
01239
00FD4
00A6A
3D05F
01D69
022A3
3EB00
3D111
073DD
0245B
34528
3D21F
2E4DA
0273C
3FC17
3DCCA
39041
0DA24
023BB
3DCC9
3E0C7
3C3BD
38CE9
283F8
0F9D3
01C6E
0C182
04033
024BE
014FF
3F26D
017CD
02580
3E4C0
3F1A4
3F09B
3E768
17294
00D0A
3FBF2
3FE81
3BC7E
09F66
0BE0C
2A8C5
3C40E
3F725
3F911
0040D
011B2
045C3
3BCF1
3E180
00CC5
3F9A7
3F202
3DD60
3083E
05E83
045E2
3FE2A
00743
0036B
3FD17
3F773
3E2CA
36AAA
01C4D
3F9CC
3E31D
3B1FB
0BF7F
01555
01BD8
3F16C
02113
38F2E
3221E
06164
3B232
13D46
02C9B
3FE61
3D1C7
2D548
05DBD
3EEFC
06795
02B3D
017FD
008D2
3ECC1
3C905
2620E
0D22E
07187
0595C
052CF
02744
03B01
3DCC0
04564
04A60
05B32
0B1A2
3995A
0190D
3362F
3D212
328C0
3F4E5
02AB7
37C60
2DA9F
14CEC
063B1
03727
0220B
3D4CC
01810
02822
3EF77
3EF6C
3E546
3C6A0
0C17B
007C0
2B7AF
01A0A
0097E
000E0
3F310
012FB
000BC
0079C
3F783
3EA36
3C811
2BD6A
0EABF
0C86A
3AC36
011BC
3CD25
00604
3BB96
01A05
008CA
02321
01BC6
0178D
00FD4
049E6
015E3
3938E
028EC
01F01
01AE6
01A63
00BA9
00F10
3FEEF
007D2
0074C
00853
01977
3F4B8
00EF7
3B5F0
3DA8F
3DF17
3E43C
0836A
39D49
35E1F
3D26E
346EE
10CEA
02D54
08BB2
00D50
36DBB
0245D
01336
00CB3
008F6
00A29
00A37
3ECD4
007B5
010B8
028DA
0D42D
321D5
33C90
0A7C6
00C85
3F5BD
3E645
37795
3FE6A
3CEF3
01C25
005B7
00123
0045C
3765C
3EECB
0598F
3B08F
3599E
0521B
01202
00E3D
0004B
071DF
00FAB
00ECC
015AF
04507
3CB8A
3E69F
01031
003D5
005BB
00B97
04A95
3EDE0
3EAFD
010D0
0095B
00866
005F4
09D6E
01FB3
054F4
007C3
017EB
02BA0
06FD1
2F515
3C6A1
3D6D5
00142
0B4AD
3B452
3DCA6
3EA6D
01B98
32E84
3BC0D
3D79C
3F7F6
0F504
374CC
3A761
3B87D
3C1D2
3C91B
3CF5B
08918
3F957
0BCE2
38770
3B182
3BD36
3BD04
3F8B5
3DF48
2A1C4
3D8C6
3DAEC
3D945
3C30B
01602
00E2D
39644
3D831
3A010
34866
053CD
17764
3346A
3A4EE
2AF11
085DA
371A1
00853
3744E
34E51
3987A
0C5EC
31235
020EF
38BFA
3AC0B
3473C
053AE
3AF0A
3F677
0524A
3C3BD
07115
2F220
3D93D
06078
34DDF
3A0EB
3298F
35D8E
3E1B5
3F670
00C44
3A45C
0333F
3C4AB
1058E
3EC29
03ADA
3C961
04D29
31D94
0560E
330FE
33D20
2E847
367CF
027D9
06142
3ACF6
33A73
09129
3A7D6
1646B
06D61
0FC34
07C90
03A71
01D6F
3B6D8
00F6B
0546C
2C62B
079A4
0EAD3
010A6
0D74C
3DC75
068F0
38451
389EB
05D4B
06B2F
3D5A4
0481E
39EAC
0DA28
3E652
031EC
006D1
09C00
005E5
3828F
025C1
02799
2D5CB
3DA55
3E6E3
03E3B
3ED38
0A443
3586C
3ED91
3B211
395AC
3FF55
07555
3AA8E
020C4
3F75B
3AC3E
33551
07567
3C364
0068D
3CC05
00FB7
3D789
386C3
3FBA2
0C27C
3610E
178EB
0336C
045AC
3FD59
2EF83
39E41
0203C
3944B
2FD11
05296
342C9
383A7
0DE5A
0CBD1
10462
005EC
0A082
08042
38B0E
027CB
3F9B3
31E2F
31610
0EEAC
3DE60
39DB2
014B9
00733
10EC6
097B9
3A276
3A9C4
398F8
3D4DA
3D8FB
0194B
3E85C
004D3
2BFCC
04925
168AA
37D6C
087E4
03C19
3CD2C
3BD7D
3A74E
35287
0D539
14767
308F3
07B30
27A4F
0154B
331A4
3ABFA
3FEC9
0458E
0330D
0C08E
3EA4B
3886C
2AA76
03C5F
3FB75
08302
3FE22
1008D
033A8
0DB99
07B7D
0815D
0BBF0
3AC8A
01EE9
394CF
06398
0849F
05006
3CC1C
2A97B
3D8A6
2E277
0F5E4
37A7A
3A54A
3F1A1
3E821
08FB2
2BDB9
352F2
0AF4E
3544E
0AAC3
0246F
03B04
3FB0F
3190F
06CA8
2E2C1
0323D
36C00
02F85
027CC
05300
3C0BC
0686D
3EBF8
1224E
090F3
0F03B
0797C
24B55
080EF
06FF0
042B1
0029A
3901D
337A4
07252
0527A
063F0
3E3C9
05823
30ED5
05505
3E70A
378CA
3D0B0
3E2A7
2ADF8
3D0FA
01A87
041AB
38835
0779D
0344A
03E74
2E19A
063E5
04373
366F7
3BB73
1065B
04A4D
04481
0461C
02874
391DC
2E964
32964
122FA
3B463
0650F
040F8
067E9
3F30E
0E04D
3E67B
09543
3DD8A
03EFE
3BD03
0165D
00FD2
3C665
366BA
3E03A
07F85
019FF
314E1
3ED08
0ECD8
03E62
3A6F1
03F7D
3C935
014C3
0294B
396CC
32CB7
04383
2E841
39990
0A0A9
02866
0602C
07FEB
3E427
3AD48
074BB
0E623
07DEB
38853
01600
3F967
38EB2
07766
2C9B4
3B36F
369A4
3B825
0D8F7
32685
0353B
36DA5
0855E
3602A
0549B
03D9C
2E247
095D6
0D3A0
030AF
3F544
39F1F
3C88B
0A863
2A341
0E7F9
06496
0E52A
3CDF0
3CE9F
3A419
03436
3EA7A
32EC3
06EA2
3B429
35406
09E3E
2FB46
3D3DE
033E7
08E41
3F982
323EE
39596
0280C
05BED
0E1DC
13CAD
3F667
04E9A
0559B
06B5F
10372
3E331
3F51F
38D94
097C2
37AEB
3459B
04DFA
3B4CA
00E49
360EE
00283
38303
04905
0D523
2E9E4
2B419
3B471
369B8
01DBD
083A1
0B935
3C661
0B5C4
03686
3A107
0D192
3F42B
0560F
388E0
3F685
366C3
05F51
08DA7
027D8
36722
01C91
3CB66
3C741
09B1C
39FB0
006FB
3AECD
38241
34087
10F61
34C5A
3F568
09BF0
001F8
3AB99
33213
06CC4
38204
02987
3BC52
3B355
01608
038A5
03F76
3B496
36534
2DB07
0A9DD
12436
077AC
3E6A5
3D17B
36C27
00AB4
0BD97
0BD99
36234
072FB
092E2
3D19A
38C4B
01828
3F5BD
019E6
0672A
37F9B
0A650
3D517
3DB04
3A563
0ACE0
022A8
00FA8
3D20D
0097C
3FF74
344B7
040C9
0537B
1276C
35A30
35B5B
3EE1F
03780
363FE
3212E
04422
3E222
0C59D
3AF04
05D2D
06ADA
08C0F
03A54
09F4D
3BCFD
3B652
02D97
2DD92
3D20D
32335
00A9B
04EE2
0254E
0020A
06A53
044B0
336FE
2B49A
33F44
00357
3ECD1
3FFC2
3E5BD
360F0
076B6
363CA
0D7EE
32B41
01190
08C60
067EB
08536
3DDEB
3FA94
360C8
0CB27
070E2
3F954
35E8A
092A6
3FDF5
3A2D2
3EC3A
11D14
0FD51
2AD02
2E8B7
0CAD5
01A8F
026EB
3CE12
38372
381F6
3B669
0699B
363B5
05562
03070
02557
01F6A
01B67
0184D
015B1
01360
0113E
00F3E
00D59
00B8A
009D2
00831
006A9
0053C
003EB
002BB
001AC
000C0
3FFF9
3FF57
3FEDA
3FE83
3FE50
3FE40
3FE51
3FE80
3FECB
3FF2E
3FFA6
0002F
000C5
00163
00206
002A9
00349
003E2
00471
004F2
00562
005C0
0060A
0063E
0065C
00663
00654
0062F
005F6
005AA
0054C
004E0
00468
003E6
0035D
002D1
00245
001BA
00135
000B7
00044
3FFDC
3FF83
3FF3A
3FF00
3FED9
3FEC3
3FEBE
3FECB
3FEE8
3FF14
3FF4E
3FF94
3FFE4
0003B
00098
000F9
0015A
001BA
00215
0026B
002B9
002FE
00337
00363
00383
00394
00398
0038D
00374
0034E
0031C
002DF
00298
0024A
001F5
0019C
00141
000E6
0008D
00037
3FFE7
3FF9E
3FF5D
3FF26
3FEFA
3FEDA
3FEC6
3FEBE
3FEC3
3FED3
3FEEF
3FF16
3FF45
3FF7D
3FFBC
00000
00047
00090
000D9
00121
00165
001A4
001DC
0020D
00236
00254
00268
00272
00270
00264
0024D
0022D
00203
001D1
00198
0015A
00117
000D1
0008A
00043
3FFFE
3FFBD
3FF80
3FF49
3FF1A
3FEF2
3FED4
3FEBF
3FEB4
3FEB2
3FEBB
3FECD
3FEE8
3FF0C
3FF37
3FF68
3FF9E
3FFD8
00014
00052
0008F
000CA
00102
00135
00163
0018A
001AA
001C1
001CF
001D5
001D1
001C4
001AF
00191
0016C
00140
0010E
000D8
0009E
00063
00026
3FFEB
3FFB1
3FF7A
3FF48
3FF1B
3FEF4
3FED4
3FEBD
3FEAD
3FEA6
3FEA8
3FEB2
3FEC4
3FEDE
3FEFF
3FF27
3FF53
3FF84
3FFB8
3FFEE
00024
0005A
0008E
000BF
000EC
00113
00135
00150
00163
0016F
00173
0016E
00162
0014D
00132
00110
000E8
000BB
0008B
00057
00022
3FFEC
3FFB7
3FF84
3FF53
3FF27
3FEFF
3FEDE
3FEC3
3FEAF
3FEA2
3FE9D
3FEA0
3FEAA
3FEBC
3FED4
3FEF3
3FF17
3FF41
3FF6D
3FF9D
3FFCE
00000
00031
00060
0008D
000B6
000DA
000F8
00110
00122
0012C
0012F
0012B
0011F
0010D
000F3
000D4
000B0
00087
0005A
0002B
3FFFA
3FFC9
3FF98
3FF69
3FF3D
3FF14
3FEF0
3FED1
3FEB9
3FEA6
3FE9B
3FE96
3FE99
3FEA3
3FEB4
3FECA
3FEE7
3FF09
3FF2F
3FF59
3FF85
3FFB3
3FFE1
0000F
0003B
00065
0008B
000AD
000C9
000E0
000F1
000FB
000FE
000FA
000F0
000DF
000C8
000AB
00089
00063
0003A
0000E
3FFE1
3FFB3
3FF85
3FF59
3FF30
3FF0A
3FEE8
3FECB
3FEB3
3FEA2
3FE97
3FE92
3FE95
3FE9D
3FEAC
3FEC2
3FEDC
3FEFC
3FF1F
3FF47
3FF70
3FF9B
3FFC7
3FFF2
0001C
00043
00067
00088
000A3
000BA
000CA
000D4
000D8
000D5
000CC
000BD
000A8
0008E
0006E
0004B
00025
3FFFB
3FFD1
3FFA6
3FF7B
3FF51
3FF2A
3FF05
3FEE5
3FEC9
3FEB2
3FEA0
3FE95
3FE90
3FE91
3FE99
3FEA6
3FEBA
3FED2
3FEF0
3FF11
3FF36
3FF5D
3FF85
3FFAF
3FFD8
00000
00026
00049
00068
00083
00099
000AA
000B5
000BA
000B8
000B1
000A3
00090
00078
0005B
0003A
00016
3FFF0
3FFC7
3FF9E
3FF75
3FF4D
3FF27
3FF04
3FEE5
3FEC9
3FEB2
3FEA1
3FE95
3FE8F
3FE90
3FE96
3FEA1
3FEB3
3FEC9
3FEE5
3FF04
3FF26
3FF4B
3FF72
3FF99
3FFC1
3FFE7
0000C
0002E
0004D
00068
0007E
0008F
0009A
000A0
000A0
0009A
0008F
0007E
00068
0004D
0002F
0000D
3FFE8
3FFC2
3FF9B
3FF74
3FF4D
3FF28
3FF06
3FEE7
3FECC
3FEB5
3FEA3
3FE97
3FE90
3FE8F
3FE93
3FE9D
3FEAD
3FEC1
3FEDB
3FEF8
3FF18
3FF3B
3FF60
3FF86
3FFAC
3FFD1
3FFF5
00016
00034
0004F
00066
00077
00084
0008B
0008C
00088
0007E
0006F
0005B
00043
00026
00006
3FFE4
3FFC0
3FF9A
3FF74
3FF4F
3FF2B
3FF0A
3FEEB
3FED0
3FEB9
3FEA7
3FE99
3FE91
3FE8F
3FE92
3FE9A
3FEA8
3FEBA
3FED1
3FEED
3FF0B
3FF2C
3FF4F
3FF73
3FF98
3FFBC
3FFDF
00000
0001E
00039
00050
00062
0006F
00078
0007B
00078
00070
00063
00051
0003B
00020
00002
3FFE2
3FFBF
3FF9B
3FF77
3FF53
3FF30
3FF0F
3FEF1
3FED5
3FEBE
3FEAB
3FE9D
3FE94
3FE90
3FE91
3FE98
3FEA4
3FEB4
3FEC9
3FEE2
3FEFF
3FF1E
3FF40
3FF62
3FF86
3FFA9
3FFCB
3FFEC
0000A
00025
0003C
0004F
0005D
00067
0006B
0006A
00064
00059
00049
00034
0001C
00000
3FFE1
3FFC0
3FF9E
3FF7B
3FF58
3FF36
3FF15
3FEF7
3FEDC
3FEC4
3FEB0
3FEA1
3FE97
3FE91
3FE91
3FE96
3FEA0
3FEAF
3FEC2
3FED9
3FEF4
3FF11
3FF31
3FF53
3FF75
3FF97
3FFB9
3FFD9
3FFF7
00012
00029
0003D
0004D
00057
0005D
0005E
00059
00050
00042
00030
00019
3FFFF
3FFE2
3FFC3
3FFA2
3FF80
3FF5E
3FF3C
3FF1C
3FEFE
3FEE3
3FECB
3FEB6
3FEA6
3FE9B
3FE94
3FE92
3FE95
3FE9D
3FEAA
3FEBC
3FED1
3FEEA
3FF06
3FF24
3FF44
3FF65
3FF86
3FFA7
3FFC7
3FFE5
00000
00018
0002D
0003D
00049
00050
00052
00050
00048
0003C
0002C
00017
3FFFF
3FFE4
3FFC6
3FFA6
3FF86
3FF64
3FF44
3FF24
3FF06
3FEEA
3FED2
3FEBD
3FEAC
3FE9F
3FE97
3FE93
3FE95
3FE9B
3FEA6
3FEB6
3FEC9
3FEE0
3FEFB
3FF18
3FF36
3FF56
3FF77
3FF97
3FFB6
3FFD4
3FFEF
00008
0001D
0002E
0003C
00044
00048
00047
00041
00037
00028
00016
3FFFF
3FFE6
3FFC9
3FFAB
3FF8C
3FF6B
3FF4B
3FF2C
3FF0E
3FEF2
3FED9
3FEC4
3FEB2
3FEA4
3FE9A
3FE96
3FE95
3FE9A
3FEA3
3FEB1
3FEC3
3FED8
3FEF1
3FF0C
3FF29
3FF48
3FF68
3FF87
3FFA6
3FFC4
3FFDF
3FFF8
0000E
00021
0002F
00039
0003E
0003F
0003B
00032
00026
00015
00000
3FFE8
3FFCD
3FFB0
3FF92
3FF73
3FF53
3FF34
3FF17
3FEFB
3FEE1
3FECB
3FEB8
3FEA9
3FE9E
3FE98
3FE96
3FE99
3FEA1
3FEAD
3FEBD
3FED0
3FEE7
3FF01
3FF1D
3FF3B
3FF59
3FF78
3FF97
3FFB4
3FFD0
3FFE9
00000
00013
00023
0002E
00035
00037
00035
0002E
00023
00014
00001
3FFEA
3FFD1
3FFB6
3FF98
3FF7A
3FF5B
3FF3D
3FF1F
3FF04
3FEEA
3FED3
3FEBF
3FEAF
3FEA3
3FE9B
3FE98
3FE99
3FE9F
3FEA9
3FEB7
3FEC9
3FEDF
3FEF7
3FF12
3FF2E
3FF4C
3FF6A
3FF88
3FFA6
3FFC1
3FFDB
3FFF2
00006
00017
00023
0002C
0002F
0002F
0002A
00021
00013
00002
3FFED
3FFD5
3FFBB
3FF9F
3FF82
3FF64
3FF46
3FF28
3FF0C
3FEF2
3FEDB
3FEC6
3FEB5
3FEA8
3FE9F
3FE9A
3FE9A
3FE9E
3FEA6
3FEB3
3FEC3
3FED7
3FEEE
3FF07
3FF22
3FF3F
3FF5D
3FF7A
3FF97
3FFB3
3FFCD
3FFE5
3FFFA
0000B
00019
00023
00028
00029
00026
0001E
00013
00003
3FFF0
3FFDA
3FFC1
3FFA6
3FF89
3FF6C
3FF4F
3FF32
3FF16
3FEFB
3FEE3
3FECE
3FEBC
3FEAD
3FEA3
3FE9D
3FE9B
3FE9D
3FEA4
3FEAE
3FEBD
3FECF
3FEE5
3FEFD
3FF17
3FF33
3FF50
3FF6D
3FF8A
3FFA6
3FFC0
3FFD8
3FFEE
00000
0000F
0001A
00021
00023
00022
0001C
00012
00004
3FFF2
3FFDE
3FFC6
3FFAC
3FF91
3FF75
3FF58
3FF3B
3FF1F
3FF04
3FEEC
3FED6
3FEC3
3FEB3
3FEA8
3FEA0
3FE9C
3FE9D
3FEA2
3FEAB
3FEB8
3FEC9
3FEDD
3FEF3
3FF0C
3FF27
3FF43
3FF60
3FF7C
3FF98
3FFB3
3FFCB
3FFE2
3FFF5
00005
00011
0001A
0001E
0001E
0001A
00011
00005
3FFF5
3FFE2
3FFCC
3FFB3
3FF99
3FF7D
3FF61
3FF44
3FF28
3FF0E
3FEF5
3FEDE
3FECA
3FEBA
3FEAD
3FEA3
3FE9E
3FE9E
3FEA1
3FEA8
3FEB4
3FEC3
3FED5
3FEEB
3FF02
3FF1C
3FF37
3FF53
3FF70
3FF8B
3FFA6
3FFBF
3FFD6
3FFEA
3FFFB
00009
00012
00018
0001A
00017
00010
00006
3FFF7
3FFE6
3FFD1
3FFB9
3FFA0
3FF85
3FF69
3FF4D
3FF32
3FF17
3FEFE
3FEE6
3FED2
3FEC0
3FEB2
3FEA8
3FEA1
3FE9F
3FEA0
3FEA6
3FEB0
3FEBD
3FECE
3FEE2
3FEF9
3FF12
3FF2C
3FF47
3FF63
3FF7F
3FF9A
3FFB3
3FFCA
3FFDF
3FFF1
00000
0000B
00012
00015
00014
0000F
00006
3FFFA
3FFE9
3FFD6
3FFC0
3FFA7
3FF8D
3FF72
3FF57
3FF3B
3FF20
3FF07
3FEEF
3FEDA
3FEC7
3FEB8
3FEAC
3FEA4
3FEA0
3FEA0
3FEA4
3FEAD
3FEB8
3FEC8
3FEDB
3FEF0
3FF08
3FF21
3FF3C
3FF57
3FF73
3FF8D
3FFA7
3FFBF
3FFD5
3FFE8
3FFF7
00004
0000C
00011
00012
0000E
00007
3FFFC
3FFED
3FFDB
3FFC6
3FFAF
3FF96
3FF7B
3FF60
3FF45
3FF2A
3FF10
3FEF8
3FEE2
3FECE
3FEBE
3FEB1
3FEA8
3FEA2
3FEA1
3FEA3
3FEAA
3FEB4
3FEC2
3FED3
3FEE8
3FEFE
3FF17
3FF31
3FF4C
3FF67
3FF81
3FF9B
3FFB4
3FFCA
3FFDE
3FFEF
3FFFC
00006
0000C
0000F
0000D
00007
3FFFD
3FFF0
3FFDF
3FFCC
3FFB6
3FF9E
3FF84
3FF69
3FF4E
3FF33
3FF19
3FF01
3FEEA
3FED6
3FEC4
3FEB6
3FEAC
3FEA5
3FEA2
3FEA3
3FEA8
3FEB0
3FEBD
3FECD
3FEE0
3FEF5
3FF0D
3FF26
3FF40
3FF5B
3FF76
3FF90
3FFA9
3FFBF
3FFD4
3FFE6
3FFF5
00000
00008
0000B
0000B
00007
3FFFF
3FFF3
3FFE4
3FFD1
3FFBD
3FFA5
3FF8C
3FF72
3FF58
3FF3D
3FF23
3FF0A
3FEF3
3FEDE
3FECB
3FEBC
3FEB0
3FEA8
3FEA3
3FEA3
3FEA6
3FEAD
3FEB8
3FEC7
3FED8
3FEED
3FF03
3FF1C
3FF35
3FF50
3FF6A
3FF84
3FF9D
3FFB5
3FFCA
3FFDD
3FFED
3FFFA
00003
00008
00009
00006
00000
3FFF6
3FFE8
3FFD7
3FFC3
3FFAD
3FF95
3FF7C
3FF61
3FF47
3FF2D
3FF13
3FEFC
3FEE6
3FED3
3FEC2
3FEB5
3FEAB
3FEA5
3FEA3
3FEA5
3FEAB
3FEB4
3FEC1
3FED1
3FEE5
3FEFA
3FF12
3FF2B
3FF45
3FF5F
3FF79
3FF93
3FFAA
3FFC1
3FFD4
3FFE5
3FFF3
3FFFD
00004
00007
00006
00001
3FFF8
3FFEC
3FFDC
3FFCA
3FFB4
3FF9D
3FF85
3FF6B
3FF51
3FF36
3FF1D
3FF05
3FEEE
3FEDA
3FEC9
3FEBA
3FEAF
3FEA8
3FEA4
3FEA4
3FEA9
3FEB1
3FEBC
3FECB
3FEDD
3FEF1
3FF08
3FF20
3FF3A
3FF54
3FF6E
3FF88
3FFA0
3FFB7
3FFCB
3FFDD
3FFEC
3FFF8
00000
00004
00005
00001
3FFFA
3FFEF
3FFE1
3FFD0
3FFBC
3FFA5
3FF8D
3FF74
3FF5A
3FF40
3FF27
3FF0E
3FEF7
3FEE2
3FECF
3FEC0
3FEB4
3FEAB
3FEA6
3FEA4
3FEA7
3FEAE
3FEB8
3FEC5
3FED6
3FEE9
3FEFF
3FF17
3FF2F
3FF49
3FF63
3FF7D
3FF96
3FFAD
3FFC2
3FFD5
3FFE5
3FFF2
3FFFC
00002
00003
00002
3FFFC
3FFF3
3FFE6
3FFD6
3FFC3
3FFAD
3FF96
3FF7E
3FF64
3FF4A
3FF30
3FF17
3FF00
3FEEA
3FED7
3FEC6
3FEB8
3FEAE
3FEA8
3FEA5
3FEA6
3FEAB
3FEB4
3FEC0
3FECF
3FEE1
3FEF6
3FF0D
3FF25
3FF3F
3FF59
3FF72
3FF8B
3FFA3
3FFB9
3FFCD
3FFDE
3FFEC
3FFF7
3FFFE
00002
00002
3FFFD
3FFF5
3FFEA
3FFDB
3FFCA
3FFB5
3FF9F
3FF87
3FF6E
3FF54
3FF3A
3FF21
3FF09
3FEF2
3FEDE
3FECC
3FEBE
3FEB2
3FEAA
3FEA6
3FEA6
3FEA9
3FEB0
3FEBB
3FEC9
3FEDA
3FEEE
3FF04
3FF1B
3FF34
3FF4E
3FF68
3FF81
3FF99
3FFB0
3FFC5
3FFD7
3FFE6
3FFF2
3FFFB
00000
00001
3FFFF
3FFF8
3FFEE
3FFE1
3FFD0
3FFBD
3FFA7
3FF90
3FF77
3FF5E
3FF44
3FF2B
3FF12
3FEFB
3FEE6
3FED3
3FEC3
3FEB6
3FEAD
3FEA7
3FEA6
3FEA7
3FEAD
3FEB6
3FEC3
3FED3
3FEE6
3FEFB
3FF12
3FF2A
3FF44
3FF5D
3FF77
3FF8F
3FFA7
3FFBC
3FFCF
3FFE0
3FFED
3FFF7
3FFFE
00000
3FFFF
3FFFA
3FFF2
3FFE6
3FFD7
3FFC4
3FFB0
3FF99
3FF81
3FF68
3FF4E
3FF34
3FF1C
3FF04
3FEEE
3FEDA
3FEC9
3FEBB
3FEB1
3FEA9
3FEA6
3FEA6
3FEAB
3FEB2
3FEBE
3FECC
3FEDE
3FEF2
3FF08
3FF20
3FF39
3FF53
3FF6C
3FF85
3FF9D
3FFB4
3FFC8
3FFD9
3FFE8
3FFF3
3FFFB
3FFFF
00000
3FFFC
3FFF5
3FFEB
3FFDD
3FFCC
3FFB8
3FFA2
3FF8A
3FF72
3FF58
3FF3E
3FF25
3FF0D
3FEF7
3FEE2
3FED0
3FEC1
3FEB4
3FEAC
3FEA7
3FEA6
3FEA9
3FEAF
3FEB9
3FEC6
3FED7
3FEEA
3FEFF
3FF17
3FF2F
3FF49
3FF62
3FF7C
3FF94
3FFAB
3FFC0
3FFD3
3FFE2
3FFEF
3FFF8
3FFFE
00000
3FFFE
3FFF8
3FFEF
3FFE2
3FFD3
3FFC0
3FFAB
3FF94
3FF7C
3FF62
3FF49
3FF2F
3FF17
3FEFF
3FEEA
3FED7
3FEC6
3FEB9
3FEAF
3FEA9
3FEA6
3FEA7
3FEAC
3FEB4
3FEC1
3FED0
3FEE2
3FEF7
3FF0D
3FF25
3FF3E
3FF58
3FF72
3FF8A
3FFA2
3FFB8
3FFCC
3FFDD
3FFEB
3FFF5
3FFFC
00000
3FFFF
3FFFB
3FFF3
3FFE8
3FFD9
3FFC8
3FFB4
3FF9D
3FF85
3FF6C
3FF53
3FF39
3FF20
3FF08
3FEF2
3FEDE
3FECC
3FEBE
3FEB2
3FEAB
3FEA6
3FEA6
3FEA9
3FEB1
3FEBB
3FEC9
3FEDA
3FEEE
3FF04
3FF1C
3FF34
3FF4E
3FF68
3FF81
3FF99
3FFB0
3FFC4
3FFD7
3FFE6
3FFF2
3FFFA
3FFFF
00000
3FFFE
3FFF7
3FFED
3FFE0
3FFCF
3FFBC
3FFA7
3FF8F
3FF77
3FF5D
3FF44
3FF2A
3FF12
3FEFB
3FEE6
3FED3
3FEC3
3FEB6
3FEAD
3FEA7
3FEA6
3FEA7
3FEAD
3FEB6
3FEC3
3FED3
3FEE6
3FEFB
3FF12
3FF2B
3FF44
3FF5E
3FF77
3FF90
3FFA7
3FFBD
3FFD0
3FFE1
3FFEE
3FFF8
3FFFF
00001
00000
3FFFB
3FFF2
3FFE6
3FFD7
3FFC5
3FFB0
3FF99
3FF81
3FF68
3FF4E
3FF34
3FF1B
3FF04
3FEEE
3FEDA
3FEC9
3FEBB
3FEB0
3FEA9
3FEA6
3FEA6
3FEAA
3FEB2
3FEBE
3FECC
3FEDE
3FEF2
3FF09
3FF21
3FF3A
3FF54
3FF6E
3FF87
3FF9F
3FFB5
3FFCA
3FFDB
3FFEA
3FFF5
3FFFD
00002
00002
3FFFE
3FFF7
3FFEC
3FFDE
3FFCD
3FFB9
3FFA3
3FF8B
3FF72
3FF59
3FF3F
3FF25
3FF0D
3FEF6
3FEE1
3FECF
3FEC0
3FEB4
3FEAB
3FEA6
3FEA5
3FEA8
3FEAE
3FEB8
3FEC6
3FED7
3FEEA
3FF00
3FF17
3FF30
3FF4A
3FF64
3FF7E
3FF96
3FFAD
3FFC3
3FFD6
3FFE6
3FFF3
3FFFC
00002
00003
00002
3FFFC
3FFF2
3FFE5
3FFD5
3FFC2
3FFAD
3FF96
3FF7D
3FF63
3FF49
3FF2F
3FF17
3FEFF
3FEE9
3FED6
3FEC5
3FEB8
3FEAE
3FEA7
3FEA4
3FEA6
3FEAB
3FEB4
3FEC0
3FECF
3FEE2
3FEF7
3FF0E
3FF27
3FF40
3FF5A
3FF74
3FF8D
3FFA5
3FFBC
3FFD0
3FFE1
3FFEF
3FFFA
00001
00005
00004
00000
3FFF8
3FFEC
3FFDD
3FFCB
3FFB7
3FFA0
3FF88
3FF6E
3FF54
3FF3A
3FF20
3FF08
3FEF1
3FEDD
3FECB
3FEBC
3FEB1
3FEA9
3FEA4
3FEA4
3FEA8
3FEAF
3FEBA
3FEC9
3FEDA
3FEEE
3FF05
3FF1D
3FF36
3FF51
3FF6B
3FF85
3FF9D
3FFB4
3FFCA
3FFDC
3FFEC
3FFF8
00001
00006
00007
00004
3FFFD
3FFF3
3FFE5
3FFD4
3FFC1
3FFAA
3FF93
3FF79
3FF5F
3FF45
3FF2B
3FF12
3FEFA
3FEE5
3FED1
3FEC1
3FEB4
3FEAB
3FEA5
3FEA3
3FEA5
3FEAB
3FEB5
3FEC2
3FED3
3FEE6
3FEFC
3FF13
3FF2D
3FF47
3FF61
3FF7C
3FF95
3FFAD
3FFC3
3FFD7
3FFE8
3FFF6
00000
00006
00009
00008
00003
3FFFA
3FFED
3FFDD
3FFCA
3FFB5
3FF9D
3FF84
3FF6A
3FF50
3FF35
3FF1C
3FF03
3FEED
3FED8
3FEC7
3FEB8
3FEAD
3FEA6
3FEA3
3FEA3
3FEA8
3FEB0
3FEBC
3FECB
3FEDE
3FEF3
3FF0A
3FF23
3FF3D
3FF58
3FF72
3FF8C
3FFA5
3FFBD
3FFD1
3FFE4
3FFF3
3FFFF
00007
0000B
0000B
00008
00000
3FFF5
3FFE6
3FFD4
3FFBF
3FFA9
3FF90
3FF76
3FF5B
3FF40
3FF26
3FF0D
3FEF5
3FEE0
3FECD
3FEBD
3FEB0
3FEA8
3FEA3
3FEA2
3FEA5
3FEAC
3FEB6
3FEC4
3FED6
3FEEA
3FF01
3FF19
3FF33
3FF4E
3FF69
3FF84
3FF9E
3FFB6
3FFCC
3FFDF
3FFF0
3FFFD
00007
0000D
0000F
0000C
00006
3FFFC
3FFEF
3FFDE
3FFCA
3FFB4
3FF9B
3FF81
3FF67
3FF4C
3FF31
3FF17
3FEFE
3FEE8
3FED3
3FEC2
3FEB4
3FEAA
3FEA3
3FEA1
3FEA2
3FEA8
3FEB1
3FEBE
3FECE
3FEE2
3FEF8
3FF10
3FF2A
3FF45
3FF60
3FF7B
3FF96
3FFAF
3FFC6
3FFDB
3FFED
3FFFC
00007
0000E
00012
00011
0000C
00004
3FFF7
3FFE8
3FFD5
3FFBF
3FFA7
3FF8D
3FF73
3FF57
3FF3C
3FF21
3FF08
3FEF0
3FEDB
3FEC8
3FEB8
3FEAD
3FEA4
3FEA0
3FEA0
3FEA4
3FEAC
3FEB8
3FEC7
3FEDA
3FEEF
3FF07
3FF20
3FF3B
3FF57
3FF72
3FF8D
3FFA7
3FFC0
3FFD6
3FFE9
3FFFA
00006
0000F
00014
00015
00012
0000B
00000
3FFF1
3FFDF
3FFCA
3FFB3
3FF9A
3FF7F
3FF63
3FF47
3FF2C
3FF12
3FEF9
3FEE2
3FECE
3FEBD
3FEB0
3FEA6
3FEA0
3FE9F
3FEA1
3FEA8
3FEB2
3FEC0
3FED2
3FEE6
3FEFE
3FF17
3FF32
3FF4D
3FF69
3FF85
3FFA0
3FFB9
3FFD1
3FFE6
3FFF7
00006
00010
00017
0001A
00018
00012
00009
3FFFB
3FFEA
3FFD6
3FFBF
3FFA6
3FF8B
3FF70
3FF53
3FF37
3FF1C
3FF02
3FEEB
3FED5
3FEC3
3FEB4
3FEA8
3FEA1
3FE9E
3FE9E
3FEA3
3FEAD
3FEBA
3FECA
3FEDE
3FEF5
3FF0E
3FF28
3FF44
3FF61
3FF7D
3FF99
3FFB3
3FFCC
3FFE2
3FFF5
00005
00011
0001A
0001E
0001E
0001A
00011
00005
3FFF5
3FFE2
3FFCB
3FFB3
3FF98
3FF7C
3FF60
3FF43
3FF27
3FF0C
3FEF3
3FEDD
3FEC9
3FEB8
3FEAB
3FEA2
3FE9D
3FE9C
3FEA0
3FEA8
3FEB3
3FEC3
3FED6
3FEEC
3FF04
3FF1F
3FF3B
3FF58
3FF75
3FF91
3FFAC
3FFC6
3FFDE
3FFF2
00004
00012
0001C
00022
00023
00021
0001A
0000F
00000
3FFEE
3FFD8
3FFC0
3FFA6
3FF8A
3FF6D
3FF50
3FF33
3FF17
3FEFD
3FEE5
3FECF
3FEBD
3FEAE
3FEA4
3FE9D
3FE9B
3FE9D
3FEA3
3FEAD
3FEBC
3FECE
3FEE3
3FEFB
3FF16
3FF32
3FF4F
3FF6C
3FF89
3FFA6
3FFC1
3FFDA
3FFF0
00003
00013
0001E
00026
00029
00028
00023
00019
0000B
3FFFA
3FFE5
3FFCD
3FFB3
3FF97
3FF7A
3FF5D
3FF3F
3FF22
3FF07
3FEEE
3FED7
3FEC3
3FEB3
3FEA6
3FE9E
3FE9A
3FE9A
3FE9F
3FEA8
3FEB5
3FEC6
3FEDB
3FEF2
3FF0C
3FF28
3FF46
3FF64
3FF82
3FF9F
3FFBB
3FFD5
3FFED
00002
00013
00021
0002A
0002F
0002F
0002C
00023
00017
00006
3FFF2
3FFDB
3FFC1
3FFA6
3FF88
3FF6A
3FF4C
3FF2E
3FF12
3FEF7
3FEDF
3FEC9
3FEB7
3FEA9
3FE9F
3FE99
3FE98
3FE9B
3FEA3
3FEAF
3FEBF
3FED3
3FEEA
3FF04
3FF1F
3FF3D
3FF5B
3FF7A
3FF98
3FFB6
3FFD1
3FFEA
00001
00014
00023
0002E
00035
00037
00035
0002E
00023
00013
00000
3FFE9
3FFD0
3FFB4
3FF97
3FF78
3FF59
3FF3B
3FF1D
3FF01
3FEE7
3FED0
3FEBD
3FEAD
3FEA1
3FE99
3FE96
3FE98
3FE9E
3FEA9
3FEB8
3FECB
3FEE1
3FEFB
3FF17
3FF34
3FF53
3FF73
3FF92
3FFB0
3FFCD
3FFE8
00000
00015
00026
00032
0003B
0003F
0003E
00039
0002F
00021
0000E
3FFF8
3FFDF
3FFC4
3FFA6
3FF87
3FF68
3FF48
3FF29
3FF0C
3FEF1
3FED8
3FEC3
3FEB1
3FEA3
3FE9A
3FE95
3FE96
3FE9A
3FEA4
3FEB2
3FEC4
3FED9
3FEF2
3FF0E
3FF2C
3FF4B
3FF6B
3FF8C
3FFAB
3FFC9
3FFE6
3FFFF
00016
00028
00037
00041
00047
00048
00044
0003C
0002E
0001D
00008
3FFEF
3FFD4
3FFB6
3FF97
3FF77
3FF56
3FF36
3FF18
3FEFB
3FEE0
3FEC9
3FEB6
3FEA6
3FE9B
3FE95
3FE93
3FE97
3FE9F
3FEAC
3FEBD
3FED2
3FEEA
3FF06
3FF24
3FF44
3FF64
3FF86
3FFA6
3FFC6
3FFE4
3FFFF
00017
0002C
0003C
00048
00050
00052
00050
00049
0003D
0002D
00018
00000
3FFE5
3FFC7
3FFA7
3FF86
3FF65
3FF44
3FF24
3FF06
3FEEA
3FED1
3FEBC
3FEAA
3FE9D
3FE95
3FE92
3FE94
3FE9B
3FEA6
3FEB6
3FECB
3FEE3
3FEFE
3FF1C
3FF3C
3FF5E
3FF80
3FFA2
3FFC3
3FFE2
3FFFF
00019
00030
00042
00050
00059
0005E
0005D
00057
0004D
0003D
00029
00012
3FFF7
3FFD9
3FFB9
3FF97
3FF75
3FF53
3FF31
3FF11
3FEF4
3FED9
3FEC2
3FEAF
3FEA0
3FE96
3FE91
3FE91
3FE97
3FEA1
3FEB0
3FEC4
3FEDC
3FEF7
3FF15
3FF36
3FF58
3FF7B
3FF9E
3FFC0
3FFE1
00000
0001C
00034
00049
00059
00064
0006A
0006B
00067
0005D
0004F
0003C
00025
0000A
3FFEC
3FFCB
3FFA9
3FF86
3FF62
3FF40
3FF1E
3FEFF
3FEE2
3FEC9
3FEB4
3FEA4
3FE98
3FE91
3FE90
3FE94
3FE9D
3FEAB
3FEBE
3FED5
3FEF1
3FF0F
3FF30
3FF53
3FF77
3FF9B
3FFBF
3FFE2
00002
00020
0003B
00051
00063
00070
00078
0007B
00078
0006F
00062
00050
00039
0001E
00000
3FFDF
3FFBC
3FF98
3FF73
3FF4F
3FF2C
3FF0B
3FEED
3FED1
3FEBA
3FEA8
3FE9A
3FE92
3FE8F
3FE91
3FE99
3FEA7
3FEB9
3FED0
3FEEB
3FF0A
3FF2B
3FF4F
3FF74
3FF9A
3FFC0
3FFE4
00006
00026
00043
0005B
0006F
0007E
00088
0008C
0008B
00084
00077
00066
0004F
00034
00016
3FFF5
3FFD1
3FFAC
3FF86
3FF60
3FF3B
3FF18
3FEF8
3FEDB
3FEC1
3FEAD
3FE9D
3FE93
3FE8F
3FE90
3FE97
3FEA3
3FEB5
3FECC
3FEE7
3FF06
3FF28
3FF4D
3FF74
3FF9B
3FFC2
3FFE8
0000D
0002F
0004D
00068
0007E
0008F
0009A
000A0
000A0
0009A
0008F
0007E
00068
0004D
0002E
0000C
3FFE7
3FFC1
3FF99
3FF72
3FF4B
3FF26
3FF04
3FEE5
3FEC9
3FEB3
3FEA1
3FE96
3FE90
3FE8F
3FE95
3FEA1
3FEB2
3FEC9
3FEE5
3FF04
3FF27
3FF4D
3FF75
3FF9E
3FFC7
3FFF0
00016
0003A
0005B
00078
00090
000A3
000B1
000B8
000BA
000B5
000AA
00099
00083
00068
00049
00026
00000
3FFD8
3FFAF
3FF85
3FF5D
3FF36
3FF11
3FEF0
3FED2
3FEBA
3FEA6
3FE99
3FE91
3FE90
3FE95
3FEA0
3FEB2
3FEC9
3FEE5
3FF05
3FF2A
3FF51
3FF7B
3FFA6
3FFD1
3FFFB
00025
0004B
0006E
0008E
000A8
000BD
000CC
000D5
000D8
000D4
000CA
000BA
000A3
00088
00067
00043
0001C
3FFF2
3FFC7
3FF9B
3FF70
3FF47
3FF1F
3FEFC
3FEDC
3FEC2
3FEAC
3FE9D
3FE95
3FE92
3FE97
3FEA2
3FEB3
3FECB
3FEE8
3FF0A
3FF30
3FF59
3FF85
3FFB3
3FFE1
0000E
0003A
00063
00089
000AB
000C8
000DF
000F0
000FA
000FE
000FB
000F1
000E0
000C9
000AD
0008B
00065
0003B
0000F
3FFE1
3FFB3
3FF85
3FF59
3FF2F
3FF09
3FEE7
3FECA
3FEB4
3FEA3
3FE99
3FE96
3FE9B
3FEA6
3FEB9
3FED1
3FEF0
3FF14
3FF3D
3FF69
3FF98
3FFC9
3FFFA
0002B
0005A
00087
000B0
000D4
000F3
0010D
0011F
0012B
0012F
0012C
00122
00110
000F8
000DA
000B6
0008D
00060
00031
00000
3FFCE
3FF9D
3FF6D
3FF41
3FF17
3FEF3
3FED4
3FEBC
3FEAA
3FEA0
3FE9D
3FEA2
3FEAF
3FEC3
3FEDE
3FEFF
3FF27
3FF53
3FF84
3FFB7
3FFEC
00022
00057
0008B
000BB
000E8
00110
00132
0014D
00162
0016E
00173
0016F
00163
00150
00135
00113
000EC
000BF
0008E
0005A
00024
3FFEE
3FFB8
3FF84
3FF53
3FF27
3FEFF
3FEDE
3FEC4
3FEB2
3FEA8
3FEA6
3FEAD
3FEBD
3FED4
3FEF4
3FF1B
3FF48
3FF7A
3FFB1
3FFEB
00026
00063
0009E
000D8
0010E
00140
0016C
00191
001AF
001C4
001D1
001D5
001CF
001C1
001AA
0018A
00163
00135
00102
000CA
0008F
00052
00014
3FFD8
3FF9E
3FF68
3FF37
3FF0C
3FEE8
3FECD
3FEBB
3FEB2
3FEB4
3FEBF
3FED4
3FEF2
3FF1A
3FF49
3FF80
3FFBD
3FFFE
00043
0008A
000D1
00117
0015A
00198
001D1
00203
0022D
0024D
00264
00270
00272
00268
00254
00236
0020D
001DC
001A4
00165
00121
000D9
00090
00047
00000
3FFBC
3FF7D
3FF45
3FF16
3FEEF
3FED3
3FEC3
3FEBE
3FEC6
3FEDA
3FEFA
3FF26
3FF5D
3FF9E
3FFE7
00037
0008D
000E6
00141
0019C
001F5
0024A
00298
002DF
0031C
0034E
00374
0038D
00398
00394
00383
00363
00337
002FE
002B9
0026B
00215
001BA
0015A
000F9
00098
0003B
3FFE4
3FF94
3FF4E
3FF14
3FEE8
3FECB
3FEBE
3FEC3
3FED9
3FF00
3FF3A
3FF83
3FFDC
00044
000B7
00135
001BA
00245
002D1
0035D
003E6
00468
004E0
0054C
005AA
005F6
0062F
00654
00663
0065C
0063E
0060A
005C0
00562
004F2
00471
003E2
00349
002A9
00206
00163
000C5
0002F
3FFA6
3FF2E
3FECB
3FE80
3FE51
3FE40
3FE50
3FE83
3FEDA
3FF57
3FFF9
000C0
001AC
002BB
003EB
0053C
006A9
00831
009D2
00B8A
00D59
00F3E
0113E
01360
015B1
0184D
01B67
01F6A
02557
03070
05562
363B5
0699B
3B669
381F6
38372
3CE12
026EB
01A8F
0CAD5
2E8B7
2AD02
0FD51
11D14
3EC3A
3A2D2
3FDF5
092A6
35E8A
3F954
070E2
0CB27
360C8
3FA94
3DDEB
08536
067EB
08C60
01190
32B41
0D7EE
363CA
076B6
360F0
3E5BD
3FFC2
3ECD1
00357
33F44
2B49A
336FE
044B0
06A53
0020A
0254E
04EE2
00A9B
32335
3D20D
2DD92
02D97
3B652
3BCFD
09F4D
03A54
08C0F
06ADA
05D2D
3AF04
0C59D
3E222
04422
3212E
363FE
03780
3EE1F
35B5B
35A30
1276C
0537B
040C9
344B7
3FF74
0097C
3D20D
00FA8
022A8
0ACE0
3A563
3DB04
3D517
0A650
37F9B
0672A
019E6
3F5BD
01828
38C4B
3D19A
092E2
072FB
36234
0BD99
0BD97
00AB4
36C27
3D17B
3E6A5
077AC
12436
0A9DD
2DB07
36534
3B496
03F76
038A5
01608
3B355
3BC52
02987
38204
06CC4
33213
3AB99
001F8
09BF0
3F568
34C5A
10F61
34087
38241
3AECD
006FB
39FB0
09B1C
3C741
3CB66
01C91
36722
027D8
08DA7
05F51
366C3
3F685
388E0
0560F
3F42B
0D192
3A107
03686
0B5C4
3C661
0B935
083A1
01DBD
369B8
3B471
2B419
2E9E4
0D523
04905
38303
00283
360EE
00E49
3B4CA
04DFA
3459B
37AEB
097C2
38D94
3F51F
3E331
10372
06B5F
0559B
04E9A
3F667
13CAD
0E1DC
05BED
0280C
39596
323EE
3F982
08E41
033E7
3D3DE
2FB46
09E3E
35406
3B429
06EA2
32EC3
3EA7A
03436
3A419
3CE9F
3CDF0
0E52A
06496
0E7F9
2A341
0A863
3C88B
39F1F
3F544
030AF
0D3A0
095D6
2E247
03D9C
0549B
3602A
0855E
36DA5
0353B
32685
0D8F7
3B825
369A4
3B36F
2C9B4
07766
38EB2
3F967
01600
38853
07DEB
0E623
074BB
3AD48
3E427
07FEB
0602C
02866
0A0A9
39990
2E841
04383
32CB7
396CC
0294B
014C3
3C935
03F7D
3A6F1
03E62
0ECD8
3ED08
314E1
019FF
07F85
3E03A
366BA
3C665
00FD2
0165D
3BD03
03EFE
3DD8A
09543
3E67B
0E04D
3F30E
067E9
040F8
0650F
3B463
122FA
32964
2E964
391DC
02874
0461C
04481
04A4D
1065B
3BB73
366F7
04373
063E5
2E19A
03E74
0344A
0779D
38835
041AB
01A87
3D0FA
2ADF8
3E2A7
3D0B0
378CA
3E70A
05505
30ED5
05823
3E3C9
063F0
0527A
07252
337A4
3901D
0029A
042B1
06FF0
080EF
24B55
0797C
0F03B
090F3
1224E
3EBF8
0686D
3C0BC
05300
027CC
02F85
36C00
0323D
2E2C1
06CA8
3190F
3FB0F
03B04
0246F
0AAC3
3544E
0AF4E
352F2
2BDB9
08FB2
3E821
3F1A1
3A54A
37A7A
0F5E4
2E277
3D8A6
2A97B
3CC1C
05006
0849F
06398
394CF
01EE9
3AC8A
0BBF0
0815D
07B7D
0DB99
033A8
1008D
3FE22
08302
3FB75
03C5F
2AA76
3886C
3EA4B
0C08E
0330D
0458E
3FEC9
3ABFA
331A4
0154B
27A4F
07B30
308F3
14767
0D539
35287
3A74E
3BD7D
3CD2C
03C19
087E4
37D6C
168AA
04925
2BFCC
004D3
3E85C
0194B
3D8FB
3D4DA
398F8
3A9C4
3A276
097B9
10EC6
00733
014B9
39DB2
3DE60
0EEAC
31610
31E2F
3F9B3
027CB
38B0E
08042
0A082
005EC
10462
0CBD1
0DE5A
383A7
342C9
05296
2FD11
3944B
0203C
39E41
2EF83
3FD59
045AC
0336C
178EB
3610E
0C27C
3FBA2
386C3
3D789
00FB7
3CC05
0068D
3C364
07567
33551
3AC3E
3F75B
020C4
3AA8E
07555
3FF55
395AC
3B211
3ED91
3586C
0A443
3ED38
03E3B
3E6E3
3DA55
2D5CB
02799
025C1
3828F
005E5
09C00
006D1
031EC
3E652
0DA28
39EAC
0481E
3D5A4
06B2F
05D4B
389EB
38451
068F0
3DC75
0D74C
010A6
0EAD3
079A4
2C62B
0546C
00F6B
3B6D8
01D6F
03A71
07C90
0FC34
06D61
1646B
3A7D6
09129
33A73
3ACF6
06142
027D9
367CF
2E847
33D20
330FE
0560E
31D94
04D29
3C961
03ADA
3EC29
1058E
3C4AB
0333F
3A45C
00C44
3F670
3E1B5
35D8E
3298F
3A0EB
34DDF
06078
3D93D
2F220
07115
3C3BD
0524A
3F677
3AF0A
053AE
3473C
3AC0B
38BFA
020EF
31235
0C5EC
3987A
34E51
3744E
00853
371A1
085DA
2AF11
3A4EE
3346A
17764
053CD
34866
3C55B
36486
2F0E9
040E5
29178
325FC
0CE20
103E8
09146
00E09
3CE46
0B3CD
2B5A6
31C07
36CA6
06568
3AACB
33E1B
04329
00540
3F6AF
37727
0213D
32D7E
017C4
3DB3D
025D2
2F68D
31FC6
03902
062B7
36492
3E859
31C92
299C3
356C0
1F486
3F903
335C1
008F2
04321
08BE9
08E99
39556
00653
00E7F
024EE
39710
079B5
389AC
08575
0DE49
04E3F
3984D
3D1FD
0B92C
3E6F7
3DC7C
3859F
2E15B
36609
2E3CE
109A6
37CC8
3BACD
3F8FD
3C4CB
3D6C3
357E9
09B0A
11720
006BD
00553
38991
08891
1A7E1
2B776
0E163
3B316
09DE5
07B36
3CF24
0BC14
0968A
3D56D
07C9B
3C406
0341D
30F3A
3C12B
057FE
02DC8
009A2
0869D
2BC27
0889C
08A9D
08300
3D8E5
352DE
337F9
10F6B
3CDC6
00CAB
06131
0EF89
0A814
3689A
0115D
3291F
0040A
3B127
308A0
343B4
065D1
3807E
3F2AD
3C141
00F33
337CA
09A52
1044E
31D9F
2DA68
39102
09425
31D7A
36E70
3F290
112A9
2FB09
02967
09A99
0335B
0996E
009A5
09DA6
3600C
0470B
2735A
039D7
07110
2B44B
05073
059F7
08A88
2D0D5
0CB69
00754
0C37A
040B4
32F87
06E2D
04946
3E048
08108
178C8
03E93
3D8B6
39549
3BDD2
3DC6F
043F3
14494
3A278
3DEBB
35C34
35B7B
0E2D7
07ADA
05681
0036E
0D5CF
046AA
3647A
3F5FA
2DB6F
3120B
36E68
0889A
00E0A
09B19
01DFF
3C7F1
396DE
0D386
3038E
00E94
32E7A
3BA9B
103EA
2E919
34896
3CFE0
35792
05FFF
3DA2E
0E54D
03A18
37A82
130D9
03984
38626
097CE
01524
07E96
04844
3FE17
33784
0716D
37780
36821
3FF7C
0B10D
00571
39801
31D61
3F0D2
3ABE8
3FCC3
02C76
08806
18035
05B21
38BCD
388F5
04656
02687
33FE6
3AAC8
049AD
3CA4A
34512
33D2E
37E58
0FB23
3A6BF
04BC6
08383
3B3B9
36E08
37FC9
0D195
02971
05A05
3D980
04B92
3D08E
0327F
06975
0B6CD
0254D
098AF
00129
36C94
00D67
07010
3849E
04F2F
36B60
0272B
31B32
336AF
0F4A7
39AD1
3946F
008FC
029B4
3FD97
3FD8A
07BF4
0C73D
30450
0829C
2CDB8
03776
11DD5
0CC03
2CFC9
16C48
3CF42
3ECC7
3405F
007CA
34A44
384F5
072F5
3D39E
3A4DB
007EB
0012C
34B9B
003C6
035B0
01230
3F8EA
0D792
3217D
06CD1
3EA79
13397
00266
04949
3F6F8
391F9
08A2D
2EEB8
38ADA
36AA8
3D67F
10C08
121EC
31779
09C77
08743
34A40
07645
35C44
02008
3B824
347E6
3E837
3F404
3F596
2EBF6
3A590
3D910
14E8A
09558
3C6EA
2D4E0
017A8
3D4C6
03E9D
38C26
07197
07836
03873
0A736
029E5
00DDE
04086
02C80
2D3A3
3A0EF
04698
02726
3E65B
07979
3BEAB
06D7E
03269
3D5EF
0381F
3C9BD
3F368
01EA9
11297
3DCBD
0377B
06389
32168
3E58E
3D9BE
3BD59
2D73E
3FFBA
3C3E9
3BF4B
36743
0750D
01C68
12954
06DED
08C75
08C11
309C6
35DEA
3FDC8
0B932
07C4E
3DC01
3EF84
3042D
08185
054CB
39DE8
32F43
02089
06A1B
37EF7
02877
3A4EB
03CA6
32B18
3A65E
0468D
034AF
0B00E
3791E
3929D
33ED0
3E5C6
3E839
3BF87
117FB
3DBD2
06BB1
39237
06996
3ED4C
3F43B
38A0B
3D9FC
114CD
3F3FB
3EF73
3B61A
3CB10
09A9D
3F38F
3AAB3
38BEA
0B2D4
0C2A0
38AA7
36D66
1370D
01789
03D8B
36B19
39ECD
380E3
00765
02ED1
00C61
3A644
0348E
3B302
07D75
2E39C
058C2
0FE9A
3E885
0877A
0ECEB
015E8
07B55
3BEFB
3A25C
03B82
3C2E1
38F67
3DF52
2884A
37450
3BAF1
38F1A
36E52
07A51
0563E
0150A
05FC3
028BB
03348
3DE9D
0CA25
3E66E
3F868
19589
3524E
32B26
38B4C
0529C
2DA57
3E87E
0288C
07D05
390C2
06736
03454
0282A
3F2D0
30EF1
38936
10F43
00184
37043
0308B
0B528
376F7
0D6AE
394DB
383A6
02D58
3FD57
0A9FC
0E93B
39811
00AFA
3C2C8
3E6FB
3E0D4
38EE2
3FB52
39512
3D004
20727
12B49
39DC3
0F604
0653F
310C7
3534E
02D8C
10882
2DE48
10EB3
0187E
00E10
3EF3F
3E596
0828E
082EC
3CE1D
3EE1F
3F70E
3FB1E
3FD44
3FE71
3FF09
3FF41
3FF37
3FEFF
3FEA9
3FE3F
3FDCB
3FD53
3FCDF
3FC73
3FC14
3FBC6
3FB8C
3FB68
3FB5B
3FB67
3FB8C
3FBC9
3FC1D
3FC87
3FD05
3FD94
3FE31
3FED9
3FF88
0003C
000F1
001A2
0024D
002ED
00381
00405
00477
004D4
0051B
0054C
00564
00565
0054E
00521
004DE
00488
00420
003A8
00325
00297
00204
0016D
000D6
00042
3FFB5
3FF30
3FEB7
3FE4D
3FDF2
3FDAA
3FD74
3FD52
3FD45
3FD4C
3FD67
3FD94
3FDD4
3FE23
3FE81
3FEEA
3FF5D
3FFD6
00054
000D3
00150
001C9
0023B
002A4
00301
00351
00392
003C2
003E2
003F0
003EC
003D6
003AF
00379
00334
002E2
00284
0021E
001B1
00140
000CD
0005B
3FFEB
3FF81
3FF1F
3FEC6
3FE79
3FE39
3FE07
3FDE4
3FDD1
3FDCE
3FDDA
3FDF6
3FE20
3FE58
3FE9C
3FEEA
3FF41
3FF9E
00000
00064
000C8
0012A
00187
001DE
0022D
00272
002AB
002D8
002F7
00308
0030B
00300
002E7
002C0
0028D
0024F
00207
001B7
00160
00106
000A8
0004B
3FFEF
3FF96
3FF43
3FEF8
3FEB5
3FE7C
3FE4F
3FE2D
3FE19
3FE12
3FE17
3FE2A
3FE49
3FE73
3FEA8
3FEE6
3FF2C
3FF78
3FFC9
0001C
00070
000C2
00112
0015D
001A1
001DE
00211
0023B
00259
0026B
00272
0026C
0025B
0023E
00216
001E5
001AA
00169
00121
000D5
00087
00037
3FFE8
3FF9C
3FF54
3FF12
3FED6
3FEA3
3FE7A
3FE5A
3FE46
3FE3C
3FE3E
3FE4A
3FE62
3FE84
3FEAF
3FEE2
3FF1C
3FF5C
3FFA1
3FFE8
00030
00078
000BE
00100
0013D
00173
001A2
001C9
001E6
001F9
00202
00200
001F4
001DE
001BE
00195
00164
0012D
000F0
000AF
0006B
00026
3FFE1
3FF9E
3FF5D
3FF22
3FEEC
3FEBE
3FE97
3FE79
3FE64
3FE59
3FE58
3FE61
3FE73
3FE8E
3FEB2
3FEDD
3FF0F
3FF47
3FF82
3FFC0
00000
00040
0007E
000B9
000F1
00123
0014E
00172
0018F
001A2
001AC
001AD
001A5
00194
0017A
00158
0012E
000FF
000CA
00091
00055
00017
3FFDA
3FF9D
3FF64
3FF2D
3FEFC
3FED1
3FEAC
3FE90
3FE7B
3FE6F
3FE6B
3FE71
3FE7F
3FE96
3FEB4
3FED9
3FF04
3FF35
3FF69
3FFA1
3FFDA
00013
0004B
00082
000B5
000E3
0010C
0012E
00149
0015D
00169
0016C
00166
00159
00144
00127
00103
000DA
000AB
00078
00043
0000C
3FFD4
3FF9D
3FF68
3FF36
3FF09
3FEE0
3FEBD
3FEA1
3FE8D
3FE80
3FE7B
3FE7E
3FE89
3FE9B
3FEB5
3FED5
3FEFB
3FF26
3FF55
3FF87
3FFBA
3FFEF
00022
00054
00084
000AF
000D6
000F7
00111
00125
00132
00136
00134
00129
00118
000FF
000E0
000BC
00092
00065
00035
00003
3FFD0
3FF9D
3FF6C
3FF3E
3FF13
3FEEC
3FECB
3FEB0
3FE9B
3FE8E
3FE87
3FE88
3FE90
3FE9F
3FEB5
3FED1
3FEF3
3FF19
3FF44
3FF71
3FFA0
3FFD0
00000
0002F
0005B
00084
000A9
000C8
000E3
000F7
00104
0010A
0010A
00102
000F4
000DF
000C4
000A3
0007E
00055
00029
3FFFB
3FFCD
3FF9E
3FF70
3FF44
3FF1C
3FEF7
3FED7
3FEBC
3FEA8
3FE99
3FE92
3FE91
3FE96
3FEA3
3FEB6
3FECE
3FEEC
3FF0F
3FF35
3FF5E
3FF8A
3FFB6
3FFE3
0000E
00038
0005F
00082
000A1
000BB
000CF
000DD
000E5
000E6
000E1
000D5
000C3
000AC
0008F
0006D
00048
00020
3FFF6
3FFCA
3FF9F
3FF74
3FF4B
3FF24
3FF01
3FEE2
3FEC7
3FEB3
3FEA4
3FE9B
3FE98
3FE9C
3FEA6
3FEB6
3FECB
3FEE6
3FF05
3FF28
3FF4E
3FF76
3FFA0
3FFC9
3FFF3
0001A
0003F
00062
00080
00099
000AE
000BC
000C5
000C8
000C5
000BB
000AC
00097
0007E
00060
0003E
00019
3FFF1
3FFC9
3FFA0
3FF78
3FF50
3FF2B
3FF09
3FEEB
3FED1
3FEBC
3FEAD
3FEA3
3FE9F
3FEA1
3FEA9
3FEB6
3FEC9
3FEE1
3FEFD
3FF1D
3FF40
3FF65
3FF8C
3FFB3
3FFDA
00000
00024
00045
00062
0007C
00090
000A0
000AA
000AE
000AC
000A5
00098
00086
0006F
00054
00035
00013
3FFEE
3FFC8
3FFA2
3FF7B
3FF56
3FF33
3FF12
3FEF4
3FEDA
3FEC5
3FEB5
3FEAA
3FEA5
3FEA5
3FEAB
3FEB6
3FEC7
3FEDC
3FEF6
3FF13
3FF33
3FF56
3FF7B
3FFA0
3FFC5
3FFE9
0000B
0002B
00048
00061
00076
00086
00091
00097
00097
00092
00087
00077
00063
0004A
0002D
0000E
3FFEC
3FFC8
3FFA4
3FF7F
3FF5C
3FF39
3FF19
3FEFC
3FEE3
3FECE
3FEBD
3FEB1
3FEAB
3FEA9
3FEAD
3FEB7
3FEC5
3FED8
3FEEF
3FF0A
3FF28
3FF49
3FF6B
3FF8E
3FFB1
3FFD4
3FFF5
00015
00031
0004A
0005F
00070
0007C
00082
00084
00080
00078
0006A
00058
00042
00027
0000A
3FFEA
3FFC9
3FFA6
3FF84
3FF61
3FF40
3FF21
3FF04
3FEEB
3FED6
3FEC4
3FEB8
3FEB0
3FEAD
3FEB0
3FEB7
3FEC4
3FED4
3FEE9
3FF02
3FF1E
3FF3C
3FF5D
3FF7E
3FFA0
3FFC1
3FFE2
00000
0001C
00035
0004A
0005B
00068
00070
00073
00071
0006A
0005F
0004F
0003A
00022
00007
3FFE9
3FFCA
3FFA9
3FF88
3FF67
3FF47
3FF28
3FF0C
3FEF3
3FEDD
3FECB
3FEBE
3FEB5
3FEB1
3FEB2
3FEB8
3FEC2
3FED1
3FEE4
3FEFB
3FF15
3FF31
3FF50
3FF70
3FF90
3FFB0
3FFCF
3FFED
00009
00022
00037
00049
00056
00060
00064
00063
0005E
00054
00046
00034
0001E
00005
3FFE9
3FFCB
3FFAC
3FF8C
3FF6C
3FF4D
3FF2F
3FF13
3FEFA
3FEE5
3FED2
3FEC4
3FEBA
3FEB5
3FEB5
3FEB9
3FEC2
3FECF
3FEE0
3FEF5
3FF0D
3FF27
3FF44
3FF62
3FF81
3FFA0
3FFBF
3FFDC
3FFF7
00010
00026
00038
00046
00050
00056
00057
00053
0004B
0003F
0002E
0001A
00003
3FFE9
3FFCD
3FFAF
3FF90
3FF72
3FF53
3FF36
3FF1B
3FF02
3FEEC
3FED9
3FECA
3FEC0
3FEB9
3FEB7
3FEBA
3FEC1
3FECC
3FEDC
3FEEF
3FF05
3FF1E
3FF39
3FF56
3FF74
3FF92
3FFB0
3FFCC
3FFE7
00000
00016
00029
00038
00043
00049
0004C
00049
00043
00038
0002A
00017
00001
3FFE9
3FFCE
3FFB2
3FF95
3FF77
3FF59
3FF3D
3FF22
3FF09
3FEF3
3FEE0
3FED0
3FEC5
3FEBD
3FEBA
3FEBB
3FEC1
3FECA
3FED8
3FEEA
3FEFE
3FF16
3FF2F
3FF4B
3FF67
3FF85
3FFA1
3FFBE
3FFD8
3FFF1
00007
0001A
0002A
00036
0003D
00041
00040
0003B
00032
00025
00014
00000
3FFEA
3FFD0
3FFB5
3FF99
3FF7C
3FF60
3FF44
3FF29
3FF10
3FEFA
3FEE6
3FED6
3FECA
3FEC1
3FEBD
3FEBD
3FEC1
3FEC9
3FED5
3FEE5
3FEF8
3FF0E
3FF26
3FF40
3FF5C
3FF78
3FF94
3FFB0
3FFCA
3FFE3
3FFF9
0000D
0001D
0002A
00033
00037
00038
00034
0002D
00021
00012
00000
3FFEA
3FFD2
3FFB9
3FF9E
3FF82
3FF66
3FF4A
3FF30
3FF17
3FF01
3FEED
3FEDC
3FECF
3FEC5
3FEC0
3FEBE
3FEC1
3FEC8
3FED2
3FEE1
3FEF2
3FF07
3FF1E
3FF37
3FF51
3FF6C
3FF88
3FFA3
3FFBD
3FFD6
3FFEC
00000
00011
0001E
00028
0002E
00030
0002E
00028
0001E
00010
3FFFF
3FFEB
3FFD5
3FFBC
3FFA2
3FF87
3FF6C
3FF51
3FF37
3FF1E
3FF07
3FEF3
3FEE2
3FED4
3FEC9
3FEC3
3FEC0
3FEC1
3FEC7
3FED0
3FEDD
3FEED
3FF00
3FF16
3FF2E
3FF47
3FF61
3FF7C
3FF97
3FFB1
3FFC9
3FFE0
3FFF4
00005
00014
0001F
00026
00029
00028
00023
0001B
0000E
3FFFF
3FFEC
3FFD7
3FFC0
3FFA7
3FF8D
3FF72
3FF58
3FF3E
3FF25
3FF0E
3FEFA
3FEE8
3FED9
3FECE
3FEC6
3FEC2
3FEC2
3FEC6
3FECE
3FED9
3FEE8
3FEFA
3FF0E
3FF25
3FF3D
3FF57
3FF71
3FF8B
3FFA5
3FFBD
3FFD4
3FFE9
3FFFB
0000A
00015
0001D
00022
00022
0001F
00018
0000D
3FFFF
3FFED
3FFD9
3FFC3
3FFAB
3FF92
3FF78
3FF5E
3FF45
3FF2C
3FF15
3FF00
3FEEE
3FEDE
3FED2
3FEC9
3FEC4
3FEC3
3FEC6
3FECC
3FED6
3FEE4
3FEF4
3FF08
3FF1D
3FF34
3FF4D
3FF67
3FF80
3FF9A
3FFB2
3FFC9
3FFDE
3FFF0
00000
0000D
00016
0001B
0001D
0001B
00015
0000B
3FFFF
3FFEF
3FFDC
3FFC7
3FFB0
3FF97
3FF7E
3FF65
3FF4C
3FF33
3FF1C
3FF07
3FEF4
3FEE4
3FED7
3FECD
3FEC7
3FEC5
3FEC6
3FECB
3FED4
3FEE0
3FEEF
3FF01
3FF16
3FF2C
3FF44
3FF5D
3FF76
3FF8F
3FFA7
3FFBE
3FFD3
3FFE6
3FFF7
00004
0000E
00015
00018
00017
00012
0000A
3FFFF
3FFF0
3FFDE
3FFCA
3FFB4
3FF9D
3FF84
3FF6B
3FF52
3FF3A
3FF23
3FF0D
3FEFA
3FEE9
3FEDB
3FED1
3FECA
3FEC6
3FEC6
3FECA
3FED1
3FEDC
3FEEA
3FEFB
3FF0F
3FF24
3FF3B
3FF53
3FF6C
3FF85
3FF9D
3FFB4
3FFC9
3FFDD
3FFEE
3FFFC
00007
0000F
00013
00013
00010
00009
3FFFF
3FFF1
3FFE1
3FFCE
3FFB9
3FFA2
3FF8A
3FF72
3FF59
3FF41
3FF2A
3FF14
3FF00
3FEEF
3FEE0
3FED5
3FECD
3FEC8
3FEC7
3FEC9
3FED0
3FED9
3FEE6
3FEF6
3FF08
3FF1C
3FF33
3FF4A
3FF62
3FF7B
3FF93
3FFAA
3FFC0
3FFD4
3FFE5
3FFF4
00000
00009
0000E
0000F
0000D
00008
3FFFF
3FFF3
3FFE3
3FFD2
3FFBD
3FFA8
3FF90
3FF78
3FF60
3FF48
3FF31
3FF1B
3FF07
3FEF5
3FEE5
3FED9
3FED0
3FECA
3FEC8
3FEC9
3FECE
3FED6
3FEE2
3FEF0
3FF02
3FF15
3FF2B
3FF41
3FF59
3FF71
3FF89
3FFA0
3FFB6
3FFCB
3FFDD
3FFEC
3FFF9
00003
00009
0000C
0000B
00007
3FFFF
3FFF4
3FFE6
3FFD5
3FFC2
3FFAD
3FF96
3FF7F
3FF67
3FF4F
3FF38
3FF22
3FF0D
3FEFB
3FEEB
3FEDD
3FED3
3FECC
3FEC9
3FEC9
3FECD
3FED4
3FEDE
3FEEC
3FEFC
3FF0E
3FF23
3FF39
3FF50
3FF68
3FF80
3FF97
3FFAD
3FFC2
3FFD5
3FFE5
3FFF3
3FFFD
00005
00008
00009
00006
3FFFF
3FFF5
3FFE8
3FFD9
3FFC7
3FFB2
3FF9C
3FF86
3FF6E
3FF56
3FF3F
3FF29
3FF14
3FF01
3FEF0
3FEE2
3FED7
3FECF
3FECA
3FEC9
3FECC
3FED2
3FEDB
3FEE7
3FEF6
3FF08
3FF1C
3FF31
3FF48
3FF5F
3FF77
3FF8E
3FFA4
3FFB9
3FFCD
3FFDE
3FFEC
3FFF8
00000
00005
00007
00005
3FFFF
3FFF7
3FFEB
3FFDC
3FFCB
3FFB8
3FFA3
3FF8C
3FF75
3FF5D
3FF46
3FF30
3FF1A
3FF07
3FEF5
3FEE7
3FEDB
3FED2
3FECC
3FECA
3FECB
3FED0
3FED8
3FEE3
3FEF1
3FF02
3FF15
3FF2A
3FF40
3FF57
3FF6E
3FF85
3FF9C
3FFB1
3FFC5
3FFD6
3FFE6
3FFF2
3FFFC
00002
00004
00004
00000
3FFF8
3FFED
3FFE0
3FFD0
3FFBD
3FFA9
3FF93
3FF7C
3FF65
3FF4D
3FF37
3FF21
3FF0D
3FEFB
3FEEC
3FEDF
3FED5
3FECE
3FECB
3FECB
3FECE
3FED5
3FEDF
3FEEC
3FEFC
3FF0E
3FF22
3FF38
3FF4E
3FF65
3FF7D
3FF93
3FFA9
3FFBD
3FFCF
3FFDF
3FFED
3FFF7
3FFFE
00002
00003
00000
3FFF9
3FFF0
3FFE3
3FFD4
3FFC2
3FFAF
3FF99
3FF83
3FF6C
3FF55
3FF3E
3FF28
3FF14
3FF01
3FEF1
3FEE3
3FED8
3FED0
3FECC
3FECB
3FECD
3FED3
3FEDC
3FEE8
3FEF7
3FF08
3FF1B
3FF30
3FF46
3FF5D
3FF74
3FF8B
3FFA1
3FFB6
3FFC8
3FFD9
3FFE7
3FFF3
3FFFB
00000
00002
00000
3FFFB
3FFF2
3FFE7
3FFD8
3FFC8
3FFB5
3FFA0
3FF8A
3FF73
3FF5C
3FF45
3FF2F
3FF1A
3FF07
3FEF6
3FEE7
3FEDC
3FED3
3FECD
3FECB
3FECC
3FED1
3FED9
3FEE4
3FEF1
3FF02
3FF14
3FF29
3FF3E
3FF55
3FF6C
3FF83
3FF99
3FFAE
3FFC2
3FFD3
3FFE2
3FFEE
3FFF8
3FFFE
00001
00000
3FFFC
3FFF5
3FFEA
3FFDD
3FFCD
3FFBB
3FFA7
3FF91
3FF7B
3FF64
3FF4D
3FF36
3FF21
3FF0D
3FEFC
3FEEC
3FEDF
3FED6
3FECF
3FECC
3FECC
3FECF
3FED6
3FEE0
3FEEC
3FEFC
3FF0E
3FF22
3FF37
3FF4D
3FF64
3FF7B
3FF91
3FFA7
3FFBB
3FFCD
3FFDD
3FFEA
3FFF4
3FFFC
3FFFF
00000
3FFFD
3FFF7
3FFEE
3FFE1
3FFD2
3FFC1
3FFAD
3FF98
3FF82
3FF6B
3FF54
3FF3E
3FF28
3FF14
3FF01
3FEF1
3FEE3
3FED9
3FED1
3FECC
3FECB
3FECE
3FED3
3FEDC
3FEE8
3FEF6
3FF08
3FF1B
3FF2F
3FF45
3FF5C
3FF73
3FF8A
3FF9F
3FFB4
3FFC7
3FFD7
3FFE6
3FFF1
3FFF9
3FFFE
00000
3FFFE
3FFF9
3FFF1
3FFE6
3FFD7
3FFC7
3FFB4
3FF9F
3FF8A
3FF73
3FF5C
3FF45
3FF2F
3FF1B
3FF08
3FEF6
3FEE8
3FEDC
3FED3
3FECE
3FECB
3FECC
3FED1
3FED9
3FEE3
3FEF1
3FF01
3FF14
3FF28
3FF3E
3FF54
3FF6B
3FF82
3FF98
3FFAD
3FFC1
3FFD2
3FFE1
3FFEE
3FFF7
3FFFD
00000
3FFFF
3FFFC
3FFF4
3FFEA
3FFDD
3FFCD
3FFBB
3FFA7
3FF91
3FF7B
3FF64
3FF4D
3FF37
3FF22
3FF0E
3FEFC
3FEEC
3FEE0
3FED6
3FECF
3FECC
3FECC
3FECF
3FED6
3FEDF
3FEEC
3FEFC
3FF0D
3FF21
3FF36
3FF4D
3FF64
3FF7B
3FF91
3FFA7
3FFBB
3FFCD
3FFDD
3FFEA
3FFF5
3FFFC
00000
00001
3FFFE
3FFF8
3FFEE
3FFE2
3FFD3
3FFC2
3FFAE
3FF99
3FF83
3FF6C
3FF55
3FF3E
3FF29
3FF14
3FF02
3FEF1
3FEE4
3FED9
3FED1
3FECC
3FECB
3FECD
3FED3
3FEDC
3FEE7
3FEF6
3FF07
3FF1A
3FF2F
3FF45
3FF5C
3FF73
3FF8A
3FFA0
3FFB5
3FFC8
3FFD8
3FFE7
3FFF2
3FFFB
00000
00002
00000
3FFFB
3FFF3
3FFE7
3FFD9
3FFC8
3FFB6
3FFA1
3FF8B
3FF74
3FF5D
3FF46
3FF30
3FF1B
3FF08
3FEF7
3FEE8
3FEDC
3FED3
3FECD
3FECB
3FECC
3FED0
3FED8
3FEE3
3FEF1
3FF01
3FF14
3FF28
3FF3E
3FF55
3FF6C
3FF83
3FF99
3FFAF
3FFC2
3FFD4
3FFE3
3FFF0
3FFF9
00000
00003
00002
3FFFE
3FFF7
3FFED
3FFDF
3FFCF
3FFBD
3FFA9
3FF93
3FF7D
3FF65
3FF4E
3FF38
3FF22
3FF0E
3FEFC
3FEEC
3FEDF
3FED5
3FECE
3FECB
3FECB
3FECE
3FED5
3FEDF
3FEEC
3FEFB
3FF0D
3FF21
3FF37
3FF4D
3FF65
3FF7C
3FF93
3FFA9
3FFBD
3FFD0
3FFE0
3FFED
3FFF8
00000
00004
00004
00002
3FFFC
3FFF2
3FFE6
3FFD6
3FFC5
3FFB1
3FF9C
3FF85
3FF6E
3FF57
3FF40
3FF2A
3FF15
3FF02
3FEF1
3FEE3
3FED8
3FED0
3FECB
3FECA
3FECC
3FED2
3FEDB
3FEE7
3FEF5
3FF07
3FF1A
3FF30
3FF46
3FF5D
3FF75
3FF8C
3FFA3
3FFB8
3FFCB
3FFDC
3FFEB
3FFF7
3FFFF
00005
00007
00005
00000
3FFF8
3FFEC
3FFDE
3FFCD
3FFB9
3FFA4
3FF8E
3FF77
3FF5F
3FF48
3FF31
3FF1C
3FF08
3FEF6
3FEE7
3FEDB
3FED2
3FECC
3FEC9
3FECA
3FECF
3FED7
3FEE2
3FEF0
3FF01
3FF14
3FF29
3FF3F
3FF56
3FF6E
3FF86
3FF9C
3FFB2
3FFC7
3FFD9
3FFE8
3FFF5
3FFFF
00006
00009
00008
00005
3FFFD
3FFF3
3FFE5
3FFD5
3FFC2
3FFAD
3FF97
3FF80
3FF68
3FF50
3FF39
3FF23
3FF0E
3FEFC
3FEEC
3FEDE
3FED4
3FECD
3FEC9
3FEC9
3FECC
3FED3
3FEDD
3FEEB
3FEFB
3FF0D
3FF22
3FF38
3FF4F
3FF67
3FF7F
3FF96
3FFAD
3FFC2
3FFD5
3FFE6
3FFF4
3FFFF
00007
0000B
0000C
00009
00003
3FFF9
3FFEC
3FFDD
3FFCB
3FFB6
3FFA0
3FF89
3FF71
3FF59
3FF41
3FF2B
3FF15
3FF02
3FEF0
3FEE2
3FED6
3FECE
3FEC9
3FEC8
3FECA
3FED0
3FED9
3FEE5
3FEF5
3FF07
3FF1B
3FF31
3FF48
3FF60
3FF78
3FF90
3FFA8
3FFBD
3FFD2
3FFE3
3FFF3
3FFFF
00008
0000D
0000F
0000E
00009
00000
3FFF4
3FFE5
3FFD4
3FFC0
3FFAA
3FF93
3FF7B
3FF62
3FF4A
3FF33
3FF1C
3FF08
3FEF6
3FEE6
3FED9
3FED0
3FEC9
3FEC7
3FEC8
3FECD
3FED5
3FEE0
3FEEF
3FF00
3FF14
3FF2A
3FF41
3FF59
3FF72
3FF8A
3FFA2
3FFB9
3FFCE
3FFE1
3FFF1
3FFFF
00009
00010
00013
00013
0000F
00007
3FFFC
3FFEE
3FFDD
3FFC9
3FFB4
3FF9D
3FF85
3FF6C
3FF53
3FF3B
3FF24
3FF0F
3FEFB
3FEEA
3FEDC
3FED1
3FECA
3FEC6
3FEC6
3FECA
3FED1
3FEDB
3FEE9
3FEFA
3FF0D
3FF23
3FF3A
3FF52
3FF6B
3FF84
3FF9D
3FFB4
3FFCA
3FFDE
3FFF0
3FFFF
0000A
00012
00017
00018
00015
0000E
00004
3FFF7
3FFE6
3FFD3
3FFBE
3FFA7
3FF8F
3FF76
3FF5D
3FF44
3FF2C
3FF16
3FF01
3FEEF
3FEE0
3FED4
3FECB
3FEC6
3FEC5
3FEC7
3FECD
3FED7
3FEE4
3FEF4
3FF07
3FF1C
3FF33
3FF4C
3FF65
3FF7E
3FF97
3FFB0
3FFC7
3FFDC
3FFEF
3FFFF
0000B
00015
0001B
0001D
0001B
00016
0000D
00000
3FFF0
3FFDE
3FFC9
3FFB2
3FF9A
3FF80
3FF67
3FF4D
3FF34
3FF1D
3FF08
3FEF4
3FEE4
3FED6
3FECC
3FEC6
3FEC3
3FEC4
3FEC9
3FED2
3FEDE
3FEEE
3FF00
3FF15
3FF2C
3FF45
3FF5E
3FF78
3FF92
3FFAB
3FFC3
3FFD9
3FFED
3FFFF
0000D
00018
0001F
00022
00022
0001D
00015
0000A
3FFFB
3FFE9
3FFD4
3FFBD
3FFA5
3FF8B
3FF71
3FF57
3FF3D
3FF25
3FF0E
3FEFA
3FEE8
3FED9
3FECE
3FEC6
3FEC2
3FEC2
3FEC6
3FECE
3FED9
3FEE8
3FEFA
3FF0E
3FF25
3FF3E
3FF58
3FF72
3FF8D
3FFA7
3FFC0
3FFD7
3FFEC
3FFFF
0000E
0001B
00023
00028
00029
00026
0001F
00014
00005
3FFF4
3FFE0
3FFC9
3FFB1
3FF97
3FF7C
3FF61
3FF47
3FF2E
3FF16
3FF00
3FEED
3FEDD
3FED0
3FEC7
3FEC1
3FEC0
3FEC3
3FEC9
3FED4
3FEE2
3FEF3
3FF07
3FF1E
3FF37
3FF51
3FF6C
3FF87
3FFA2
3FFBC
3FFD5
3FFEB
3FFFF
00010
0001E
00028
0002E
00030
0002E
00028
0001E
00011
00000
3FFEC
3FFD6
3FFBD
3FFA3
3FF88
3FF6C
3FF51
3FF37
3FF1E
3FF07
3FEF2
3FEE1
3FED2
3FEC8
3FEC1
3FEBE
3FEC0
3FEC5
3FECF
3FEDC
3FEED
3FF01
3FF17
3FF30
3FF4A
3FF66
3FF82
3FF9E
3FFB9
3FFD2
3FFEA
00000
00012
00021
0002D
00034
00038
00037
00033
0002A
0001D
0000D
3FFF9
3FFE3
3FFCA
3FFB0
3FF94
3FF78
3FF5C
3FF40
3FF26
3FF0E
3FEF8
3FEE5
3FED5
3FEC9
3FEC1
3FEBD
3FEBD
3FEC1
3FECA
3FED6
3FEE6
3FEFA
3FF10
3FF29
3FF44
3FF60
3FF7C
3FF99
3FFB5
3FFD0
3FFEA
00000
00014
00025
00032
0003B
00040
00041
0003D
00036
0002A
0001A
00007
3FFF1
3FFD8
3FFBE
3FFA1
3FF85
3FF67
3FF4B
3FF2F
3FF16
3FEFE
3FEEA
3FED8
3FECA
3FEC1
3FEBB
3FEBA
3FEBD
3FEC5
3FED0
3FEE0
3FEF3
3FF09
3FF22
3FF3D
3FF59
3FF77
3FF95
3FFB2
3FFCE
3FFE9
00001
00017
0002A
00038
00043
00049
0004C
00049
00043
00038
00029
00016
00000
3FFE7
3FFCC
3FFB0
3FF92
3FF74
3FF56
3FF39
3FF1E
3FF05
3FEEF
3FEDC
3FECC
3FEC1
3FEBA
3FEB7
3FEB9
3FEC0
3FECA
3FED9
3FEEC
3FF02
3FF1B
3FF36
3FF53
3FF72
3FF90
3FFAF
3FFCD
3FFE9
00003
0001A
0002E
0003F
0004B
00053
00057
00056
00050
00046
00038
00026
00010
3FFF7
3FFDC
3FFBF
3FFA0
3FF81
3FF62
3FF44
3FF27
3FF0D
3FEF5
3FEE0
3FECF
3FEC2
3FEB9
3FEB5
3FEB5
3FEBA
3FEC4
3FED2
3FEE5
3FEFA
3FF13
3FF2F
3FF4D
3FF6C
3FF8C
3FFAC
3FFCB
3FFE9
00005
0001E
00034
00046
00054
0005E
00063
00064
00060
00056
00049
00037
00022
00009
3FFED
3FFCF
3FFB0
3FF90
3FF70
3FF50
3FF31
3FF15
3FEFB
3FEE4
3FED1
3FEC2
3FEB8
3FEB2
3FEB1
3FEB5
3FEBE
3FECB
3FEDD
3FEF3
3FF0C
3FF28
3FF47
3FF67
3FF88
3FFA9
3FFCA
3FFE9
00007
00022
0003A
0004F
0005F
0006A
00071
00073
00070
00068
0005B
0004A
00035
0001C
00000
3FFE2
3FFC1
3FFA0
3FF7E
3FF5D
3FF3C
3FF1E
3FF02
3FEE9
3FED4
3FEC4
3FEB7
3FEB0
3FEAD
3FEB0
3FEB8
3FEC4
3FED6
3FEEB
3FF04
3FF21
3FF40
3FF61
3FF84
3FFA6
3FFC9
3FFEA
0000A
00027
00042
00058
0006A
00078
00080
00084
00082
0007C
00070
0005F
0004A
00031
00015
3FFF5
3FFD4
3FFB1
3FF8E
3FF6B
3FF49
3FF28
3FF0A
3FEEF
3FED8
3FEC5
3FEB7
3FEAD
3FEA9
3FEAB
3FEB1
3FEBD
3FECE
3FEE3
3FEFC
3FF19
3FF39
3FF5C
3FF7F
3FFA4
3FFC8
3FFEC
0000E
0002D
0004A
00063
00077
00087
00092
00097
00097
00091
00086
00076
00061
00048
0002B
0000B
3FFE9
3FFC5
3FFA0
3FF7B
3FF56
3FF33
3FF13
3FEF6
3FEDC
3FEC7
3FEB6
3FEAB
3FEA5
3FEA5
3FEAA
3FEB5
3FEC5
3FEDA
3FEF4
3FF12
3FF33
3FF56
3FF7B
3FFA2
3FFC8
3FFEE
00013
00035
00054
0006F
00086
00098
000A5
000AC
000AE
000AA
000A0
00090
0007C
00062
00045
00024
00000
3FFDA
3FFB3
3FF8C
3FF65
3FF40
3FF1D
3FEFD
3FEE1
3FEC9
3FEB6
3FEA9
3FEA1
3FE9F
3FEA3
3FEAD
3FEBC
3FED1
3FEEB
3FF09
3FF2B
3FF50
3FF78
3FFA0
3FFC9
3FFF1
00019
0003E
00060
0007E
00097
000AC
000BB
000C5
000C8
000C5
000BC
000AE
00099
00080
00062
0003F
0001A
3FFF3
3FFC9
3FFA0
3FF76
3FF4E
3FF28
3FF05
3FEE6
3FECB
3FEB6
3FEA6
3FE9C
3FE98
3FE9B
3FEA4
3FEB3
3FEC7
3FEE2
3FF01
3FF24
3FF4B
3FF74
3FF9F
3FFCA
3FFF6
00020
00048
0006D
0008F
000AC
000C3
000D5
000E1
000E6
000E5
000DD
000CF
000BB
000A1
00082
0005F
00038
0000E
3FFE3
3FFB6
3FF8A
3FF5E
3FF35
3FF0F
3FEEC
3FECE
3FEB6
3FEA3
3FE96
3FE91
3FE92
3FE99
3FEA8
3FEBC
3FED7
3FEF7
3FF1C
3FF44
3FF70
3FF9E
3FFCD
3FFFB
00029
00055
0007E
000A3
000C4
000DF
000F4
00102
0010A
0010A
00104
000F7
000E3
000C8
000A9
00084
0005B
0002F
00000
3FFD0
3FFA0
3FF71
3FF44
3FF19
3FEF3
3FED1
3FEB5
3FE9F
3FE90
3FE88
3FE87
3FE8E
3FE9B
3FEB0
3FECB
3FEEC
3FF13
3FF3E
3FF6C
3FF9D
3FFD0
00003
00035
00065
00092
000BC
000E0
000FF
00118
00129
00134
00136
00132
00125
00111
000F7
000D6
000AF
00084
00054
00022
3FFEF
3FFBA
3FF87
3FF55
3FF26
3FEFB
3FED5
3FEB5
3FE9B
3FE89
3FE7E
3FE7B
3FE80
3FE8D
3FEA1
3FEBD
3FEE0
3FF09
3FF36
3FF68
3FF9D
3FFD4
0000C
00043
00078
000AB
000DA
00103
00127
00144
00159
00166
0016C
00169
0015D
00149
0012E
0010C
000E3
000B5
00082
0004B
00013
3FFDA
3FFA1
3FF69
3FF35
3FF04
3FED9
3FEB4
3FE96
3FE7F
3FE71
3FE6B
3FE6F
3FE7B
3FE90
3FEAC
3FED1
3FEFC
3FF2D
3FF64
3FF9D
3FFDA
00017
00055
00091
000CA
000FF
0012E
00158
0017A
00194
001A5
001AD
001AC
001A2
0018F
00172
0014E
00123
000F1
000B9
0007E
00040
00000
3FFC0
3FF82
3FF47
3FF0F
3FEDD
3FEB2
3FE8E
3FE73
3FE61
3FE58
3FE59
3FE64
3FE79
3FE97
3FEBE
3FEEC
3FF22
3FF5D
3FF9E
3FFE1
00026
0006B
000AF
000F0
0012D
00164
00195
001BE
001DE
001F4
00200
00202
001F9
001E6
001C9
001A2
00173
0013D
00100
000BE
00078
00030
3FFE8
3FFA1
3FF5C
3FF1C
3FEE2
3FEAF
3FE84
3FE62
3FE4A
3FE3E
3FE3C
3FE46
3FE5A
3FE7A
3FEA3
3FED6
3FF12
3FF54
3FF9C
3FFE8
00037
00087
000D5
00121
00169
001AA
001E5
00216
0023E
0025B
0026C
00272
0026B
00259
0023B
00211
001DE
001A1
0015D
00112
000C2
00070
0001C
3FFC9
3FF78
3FF2C
3FEE6
3FEA8
3FE73
3FE49
3FE2A
3FE17
3FE12
3FE19
3FE2D
3FE4F
3FE7C
3FEB5
3FEF8
3FF43
3FF96
3FFEF
0004B
000A8
00106
00160
001B7
00207
0024F
0028D
002C0
002E7
00300
0030B
00308
002F7
002D8
002AB
00272
0022D
001DE
00187
0012A
000C8
00064
00000
3FF9E
3FF41
3FEEA
3FE9C
3FE58
3FE20
3FDF6
3FDDA
3FDCE
3FDD1
3FDE4
3FE07
3FE39
3FE79
3FEC6
3FF1F
3FF81
3FFEB
0005B
000CD
00140
001B1
0021E
00284
002E2
00334
00379
003AF
003D6
003EC
003F0
003E2
003C2
00392
00351
00301
002A4
0023B
001C9
00150
000D3
00054
3FFD6
3FF5D
3FEEA
3FE81
3FE23
3FDD4
3FD94
3FD67
3FD4C
3FD45
3FD52
3FD74
3FDAA
3FDF2
3FE4D
3FEB7
3FF30
3FFB5
00042
000D6
0016D
00204
00297
00325
003A8
00420
00488
004DE
00521
0054E
00565
00564
0054C
0051B
004D4
00477
00405
00381
002ED
0024D
001A2
000F1
0003C
3FF88
3FED9
3FE31
3FD94
3FD05
3FC87
3FC1D
3FBC9
3FB8C
3FB67
3FB5B
3FB68
3FB8C
3FBC6
3FC14
3FC73
3FCDF
3FD53
3FDCB
3FE3F
3FEA9
3FEFF
3FF37
3FF41
3FF09
3FE71
3FD44
3FB1E
3F70E
3EE1F
3CE1D
082EC
0828E
3E596
3EF3F
00E10
0187E
10EB3
2DE48
10882
02D8C
3534E
310C7
0653F
0F604
39DC3
12B49
20727
3D004
39512
3FB52
38EE2
3E0D4
3E6FB
3C2C8
00AFA
39811
0E93B
0A9FC
3FD57
02D58
383A6
394DB
0D6AE
376F7
0B528
0308B
37043
00184
10F43
38936
30EF1
3F2D0
0282A
03454
06736
390C2
07D05
0288C
3E87E
2DA57
0529C
38B4C
32B26
3524E
19589
3F868
3E66E
0CA25
3DE9D
03348
028BB
05FC3
0150A
0563E
07A51
36E52
38F1A
3BAF1
37450
2884A
3DF52
38F67
3C2E1
03B82
3A25C
3BEFB
07B55
015E8
0ECEB
0877A
3E885
0FE9A
058C2
2E39C
07D75
3B302
0348E
3A644
00C61
02ED1
00765
380E3
39ECD
36B19
03D8B
01789
1370D
36D66
38AA7
0C2A0
0B2D4
38BEA
3AAB3
3F38F
09A9D
3CB10
3B61A
3EF73
3F3FB
114CD
3D9FC
38A0B
3F43B
3ED4C
06996
39237
06BB1
3DBD2
117FB
3BF87
3E839
3E5C6
33ED0
3929D
3791E
0B00E
034AF
0468D
3A65E
32B18
03CA6
3A4EB
02877
37EF7
06A1B
02089
32F43
39DE8
054CB
08185
3042D
3EF84
3DC01
07C4E
0B932
3FDC8
35DEA
309C6
08C11
08C75
06DED
12954
01C68
0750D
36743
3BF4B
3C3E9
3FFBA
2D73E
3BD59
3D9BE
3E58E
32168
06389
0377B
3DCBD
11297
01EA9
3F368
3C9BD
0381F
3D5EF
03269
06D7E
3BEAB
07979
3E65B
02726
04698
3A0EF
2D3A3
02C80
04086
00DDE
029E5
0A736
03873
07836
07197
38C26
03E9D
3D4C6
017A8
2D4E0
3C6EA
09558
14E8A
3D910
3A590
2EBF6
3F596
3F404
3E837
347E6
3B824
02008
35C44
07645
34A40
08743
09C77
31779
121EC
10C08
3D67F
36AA8
38ADA
2EEB8
08A2D
391F9
3F6F8
04949
00266
13397
3EA79
06CD1
3217D
0D792
3F8EA
01230
035B0
003C6
34B9B
0012C
007EB
3A4DB
3D39E
072F5
384F5
34A44
007CA
3405F
3ECC7
3CF42
16C48
2CFC9
0CC03
11DD5
03776
2CDB8
0829C
30450
0C73D
07BF4
3FD8A
3FD97
029B4
008FC
3946F
39AD1
0F4A7
336AF
31B32
0272B
36B60
04F2F
3849E
07010
00D67
36C94
00129
098AF
0254D
0B6CD
06975
0327F
3D08E
04B92
3D980
05A05
02971
0D195
37FC9
36E08
3B3B9
08383
04BC6
3A6BF
0FB23
37E58
33D2E
34512
3CA4A
049AD
3AAC8
33FE6
02687
04656
388F5
38BCD
05B21
18035
08806
02C76
3FCC3
3ABE8
3F0D2
31D61
39801
00571
0B10D
3FF7C
36821
37780
0716D
33784
3FE17
04844
07E96
01524
097CE
38626
03984
130D9
37A82
03A18
0E54D
3DA2E
05FFF
35792
3CFE0
34896
2E919
103EA
3BA9B
32E7A
00E94
3038E
0D386
396DE
3C7F1
01DFF
09B19
00E0A
0889A
36E68
3120B
2DB6F
3F5FA
3647A
046AA
0D5CF
0036E
05681
07ADA
0E2D7
35B7B
35C34
3DEBB
3A278
14494
043F3
3DC6F
3BDD2
39549
3D8B6
03E93
178C8
08108
3E048
04946
06E2D
32F87
040B4
0C37A
00754
0CB69
2D0D5
08A88
059F7
05073
2B44B
07110
039D7
2735A
0470B
3600C
09DA6
009A5
0996E
0335B
09A99
02967
2FB09
112A9
3F290
36E70
31D7A
09425
39102
2DA68
31D9F
1044E
09A52
337CA
00F33
3C141
3F2AD
3807E
065D1
343B4
308A0
3B127
0040A
3291F
0115D
3689A
0A814
0EF89
06131
00CAB
3CDC6
10F6B
337F9
352DE
3D8E5
08300
08A9D
0889C
2BC27
0869D
009A2
02DC8
057FE
3C12B
30F3A
0341D
3C406
07C9B
3D56D
0968A
0BC14
3CF24
07B36
09DE5
3B316
0E163
2B776
1A7E1
08891
38991
00553
006BD
11720
09B0A
357E9
3D6C3
3C4CB
3F8FD
3BACD
37CC8
109A6
2E3CE
36609
2E15B
3859F
3DC7C
3E6F7
0B92C
3D1FD
3984D
04E3F
0DE49
08575
389AC
079B5
39710
024EE
00E7F
00653
39556
08E99
08BE9
04321
008F2
335C1
3F903
1F486
356C0
299C3
31C92
3E859
36492
062B7
03902
31FC6
2F68D
025D2
3DB3D
017C4
32D7E
0213D
37727
3F6AF
00540
04329
33E1B
3AACB
06568
36CA6
31C07
2B5A6
0B3CD
3CE46
00E09
09146
103E8
0CE20
325FC
29178
040E5
2F0E9
36486
