00000
37799
3A461
102A3
2EA1F
3DF92
35838
3F991
08087
3C016
013E8
02E1F
3D197
3D9BD
2BA9D
0647A
3AFD8
00E74
071BB
04EFF
316D9
38489
08D29
014B8
36927
05D22
061BE
2CB28
02C75
3F77B
2D655
2B47E
2CF56
0B5A5
3C9EF
3BB1E
3381B
3A88F
39A98
256F2
0EA22
00D4D
3C00D
2A9FB
0B29F
01A04
3B3D4
3F7D9
3E230
2EC6A
2DDB4
0EC6D
3F33D
00B52
12DF5
36244
00384
3526E
02B04
3FA30
08D1E
051DE
3B3A6
04165
03FA8
056D2
36AF5
0C2D4
0C879
312EE
004C4
35930
00053
3D0FF
32283
397E6
357BD
3B4A6
102F1
07FD2
3B39B
300C1
0B7FD
0E2F4
1C82F
30DD7
3F27C
0C730
3E9E9
0596A
381BC
32A92
33BED
3D7BE
05F23
3F46E
02F24
03F27
37787
336AC
3C9B5
35C5B
3F5C4
0740A
0351B
3352A
3EDBB
01410
05E0E
3A98B
09794
11C19
270F2
3A1D8
3955A
2947C
08CB0
37B4F
0A5F5
3E892
028CD
10215
07C09
3EBAA
00163
39D81
03BF4
257CB
0026F
059DE
38E32
068CD
0A99F
3E32F
301A7
04F51
0537A
3D937
05C3B
0161C
2F377
0B83A
00298
0EFB9
37F69
06D15
345AC
0F8F5
3827D
0BD7C
39542
0606B
3F7E6
314A7
01664
05B7A
36B55
014A6
013B8
02323
09324
02FBF
345DB
2D158
1060B
0B1F6
06BF9
338E0
30222
0836C
34840
07DED
305CE
0E126
021D2
21A56
3B906
03C8B
3619E
03B4C
0141C
2F0FF
060F0
02FDE
02FFE
0F5C4
3B661
38DB2
340DF
0021D
12FA3
03ED1
0EC39
1089F
063B1
39EEA
066E8
28627
3F9C2
352E3
0AFE8
0B449
3FA18
2D646
2FFFD
02396
2E540
0AC1D
2FCC2
0C003
02660
3BFE3
12232
15D22
35243
00F85
3F96C
02D31
016A0
2CD09
3E3E6
0D67C
03156
39A55
3A266
37CFD
09071
34AC6
09AF8
006F1
0BDE4
0C98B
3DCCA
3ED3B
3A2B8
3677D
0A2BE
03581
3AC31
3EC31
06770
3C343
36CC6
39788
32054
2BFD1
0CCC9
3E5EB
304CA
374B3
0BF16
3D071
388B6
349DA
0878A
01DD1
06001
0375A
35979
0EFB6
0CD97
37887
3FF42
110CF
0AAD3
1196E
013A5
073D9
375B9
2CD9A
3E074
37765
317D0
0C24D
28646
03D9E
101E4
06EA5
00F8A
11EDE
116A9
3483D
0DD59
35DB6
30AAC
0735A
3D2BC
36894
3096E
307E5
0B5F6
3DFEF
383B2
06CE4
04E0E
3DDEA
0C1E4
3E1DB
37EC1
2F4A5
3C4A8
3F7ED
062A9
0154C
3B3E2
36A15
0534D
1098F
3CF00
0098E
09B39
3FB31
33EEC
01A76
01893
373BA
01D90
0CEAD
37F2F
356BB
37998
0329C
3F0A3
1217B
03079
304CB
0FD9F
3D856
04392
3C8F7
0898C
3D0A1
3D7CD
0B3E4
0FBE8
38022
063C8
362B5
06ED7
0380E
35F68
3E52D
300B4
39A58
3F8FA
311D2
2A869
06E40
0C7D1
3674F
3EE99
0FE15
3E1D3
05CDB
03345
01777
000CA
3A138
01933
08813
0877A
32940
09BF1
3F8C3
34846
3788F
0A736
32B8F
0DD2B
095C8
2D940
091B1
12F27
38627
0AC17
2C2D9
3A9DF
3C430
3101B
0525E
0168A
33E04
1DC4B
3ED6F
0BF6B
3625C
045B6
049A9
3654D
01AFC
36118
30E15
008FF
3EF4D
0E686
0A8AC
35410
0A965
09433
34BBA
3D34A
3AF12
3D4F1
30BF5
0059F
37188
12E47
33D33
37D3F
05342
040A1
12913
0251D
0E371
2FE1D
035DB
33277
3874F
267D7
13BDD
01CAB
054AB
036D1
06C85
06D53
355D5
3DFC3
3CDF9
0E98A
08191
02C3A
06733
04C0B
0180D
3B0D3
3DD38
2E522
0D8A1
2F737
03727
2F2D7
12EFC
08537
019FF
367BD
00195
07F79
04110
38BE4
33F2E
2D91C
3840B
34005
3BFC9
05A78
308C5
3E9A9
07DBF
00C0D
3F09C
0A076
0B5F6
07C97
0FC09
389D9
0010D
3652A
139B3
08D82
2EE34
3D6D2
14B3D
0043A
2C91F
0449D
0AE9F
3E930
33A8B
01A4A
3D7DA
039AA
09531
34E01
3FDA2
3E69D
3074A
3EA6C
3E69F
0C1AB
04A65
3B15B
05B6B
38194
036F3
08767
0A52A
32CE2
05679
3FE00
07338
36558
3EA3E
320B6
02CE3
324EF
00B3E
08B2E
03132
129C4
3947D
36953
04F05
03545
0C42F
3F243
3645C
3910C
3EFFE
2BA2E
33BF5
0CD9E
09525
0E4D2
3F66D
3E01B
3F2FD
3F983
3FCBE
3FE9D
3FFCF
000A1
0013A
001B0
0020D
0025A
0029A
002CF
002FC
00321
0033E
00352
0035D
0035F
00357
00345
00328
00300
002CD
0028F
00246
001F3
00196
00131
000C4
00050
3FFD7
3FF5B
3FEDD
3FE5F
3FDE3
3FD6B
3FCF8
3FC8C
3FC29
3FBD0
3FB84
3FB44
3FB12
3FAEF
3FADC
3FAD8
3FAE3
3FAFD
3FB26
3FB5C
3FB9F
3FBEC
3FC44
3FCA3
3FD08
3FD70
3FDDB
3FE45
3FEAD
3FF10
3FF6D
3FFC1
0000C
0004B
0007E
000A3
000BA
000C2
000BC
000A7
00084
00053
00017
3FFCF
3FF7E
3FF25
3FEC6
3FE63
3FDFE
3FD99
3FD37
3FCD9
3FC80
3FC30
3FBE9
3FBAD
3FB7D
3FB5B
3FB46
3FB3F
3FB46
3FB5B
3FB7E
3FBAD
3FBE9
3FC2E
3FC7C
3FCD2
3FD2D
3FD8C
3FDEC
3FE4B
3FEA9
3FF01
3FF54
3FF9F
3FFE0
00017
00042
00060
00071
00074
0006A
00053
0002F
00000
3FFC6
3FF82
3FF37
3FEE5
3FE8F
3FE36
3FDDD
3FD84
3FD2F
3FCDF
3FC95
3FC54
3FC1C
3FBEF
3FBCD
3FBB8
3FBAF
3FBB3
3FBC5
3FBE2
3FC0B
3FC3F
3FC7D
3FCC2
3FD0F
3FD61
3FDB6
3FE0D
3FE63
3FEB8
3FF08
3FF54
3FF98
3FFD3
00005
0002C
00047
00057
0005A
00051
0003C
0001C
3FFF0
3FFBC
3FF7E
3FF39
3FEEF
3FEA1
3FE50
3FDFF
3FDB0
3FD63
3FD1B
3FCD9
3FC9E
3FC6D
3FC45
3FC28
3FC16
3FC11
3FC16
3FC28
3FC45
3FC6C
3FC9D
3FCD6
3FD17
3FD5E
3FDAA
3FDF8
3FE47
3FE96
3FEE3
3FF2B
3FF6F
3FFAB
3FFE0
0000B
0002C
00043
0004E
0004E
00043
0002D
0000D
3FFE3
3FFB0
3FF76
3FF35
3FEF0
3FEA8
3FE5D
3FE13
3FDCB
3FD85
3FD44
3FD0A
3FCD6
3FCAC
3FC8A
3FC73
3FC66
3FC64
3FC6D
3FC80
3FC9E
3FCC5
3FCF5
3FD2C
3FD6A
3FDAD
3FDF4
3FE3C
3FE85
3FECE
3FF13
3FF55
3FF91
3FFC6
3FFF3
00018
00033
00045
0004B
00048
00039
00021
00000
3FFD6
3FFA4
3FF6C
3FF2E
3FEED
3FEA9
3FE64
3FE1F
3FDDD
3FD9E
3FD64
3FD30
3FD04
3FCDF
3FCC4
3FCB2
3FCAA
3FCAC
3FCB8
3FCCE
3FCEE
3FD16
3FD45
3FD7B
3FDB7
3FDF7
3FE39
3FE7D
3FEC1
3FF03
3FF43
3FF7E
3FFB3
3FFE2
00008
00027
0003C
00048
0004A
00042
00031
00016
3FFF3
3FFC9
3FF98
3FF61
3FF25
3FEE7
3FEA7
3FE66
3FE27
3FDEA
3FDB1
3FD7E
3FD50
3FD2A
3FD0B
3FCF6
3FCE9
3FCE6
3FCED
3FCFC
3FD15
3FD36
3FD5F
3FD8E
3FDC4
3FDFD
3FE3A
3FE7A
3FEB9
3FEF8
3FF35
3FF6F
3FFA4
3FFD3
3FFFB
0001C
00034
00044
0004B
00048
0003D
00028
0000B
3FFE7
3FFBC
3FF8B
3FF55
3FF1B
3FEE0
3FEA3
3FE67
3FE2C
3FDF5
3FDC2
3FD94
3FD6C
3FD4B
3FD33
3FD23
3FD1B
3FD1D
3FD27
3FD3A
3FD55
3FD78
3FDA2
3FDD1
3FE06
3FE3E
3FE79
3FEB5
3FEF0
3FF2B
3FF63
3FF97
3FFC6
3FFF0
00012
0002D
00040
0004B
0004C
00046
00036
0001F
00000
3FFDA
3FFAE
3FF7E
3FF49
3FF11
3FED8
3FE9F
3FE67
3FE31
3FDFE
3FDD0
3FDA7
3FD85
3FD6A
3FD57
3FD4C
3FD49
3FD4F
3FD5D
3FD73
3FD90
3FDB5
3FDDF
3FE0F
3FE42
3FE79
3FEB1
3FEEA
3FF23
3FF59
3FF8C
3FFBB
3FFE5
00009
00026
0003C
0004A
0004F
0004D
00042
0002F
00015
3FFF4
3FFCD
3FFA1
3FF71
3FF3D
3FF07
3FED1
3FE9B
3FE66
3FE34
3FE06
3FDDD
3FDBA
3FD9D
3FD87
3FD79
3FD72
3FD74
3FD7E
3FD8F
3FDA8
3FDC7
3FDED
3FE18
3FE48
3FE7B
3FEB0
3FEE6
3FF1C
3FF50
3FF83
3FFB1
3FFDC
00001
00020
00037
00048
00051
00052
0004B
0003D
00027
0000B
3FFE8
3FFC0
3FF94
3FF64
3FF31
3FEFD
3FEC9
3FE96
3FE66
3FE38
3FE0E
3FDEA
3FDCB
3FDB3
3FDA2
3FD99
3FD97
3FD9C
3FDAA
3FDBE
3FDDA
3FDFB
3FE22
3FE4D
3FE7D
3FEAE
3FEE2
3FF16
3FF49
3FF7A
3FFA8
3FFD3
3FFF9
00019
00033
00046
00052
00056
00053
00049
00037
0001F
00000
3FFDC
3FFB3
3FF86
3FF57
3FF26
3FEF4
3FEC3
3FE93
3FE66
3FE3C
3FE17
3FDF7
3FDDD
3FDC9
3FDBD
3FDB8
3FDBA
3FDC3
3FDD4
3FDEB
3FE09
3FE2C
3FE54
3FE7F
3FEAE
3FEDF
3FF10
3FF42
3FF72
3FFA0
3FFCA
3FFF1
00012
0002E
00043
00052
00059
00059
00052
00044
00030
00015
3FFF5
3FFCF
3FFA6
3FF79
3FF4B
3FF1B
3FEEB
3FEBD
3FE90
3FE66
3FE40
3FE1F
3FE03
3FDEE
3FDDF
3FDD7
3FDD6
3FDDC
3FDE9
3FDFC
3FE16
3FE35
3FE5A
3FE82
3FEAE
3FEDC
3FF0C
3FF3C
3FF6B
3FF98
3FFC2
3FFE9
0000B
00028
00040
00051
0005B
0005E
0005B
00050
0003F
00028
0000B
3FFE9
3FFC3
3FF99
3FF6D
3FF3F
3FF11
3FEE3
3FEB7
3FE8D
3FE67
3FE45
3FE28
3FE11
3FDFF
3FDF5
3FDF1
3FDF3
3FDFD
3FE0D
3FE23
3FE3F
3FE60
3FE86
3FEAF
3FEDA
3FF08
3FF36
3FF64
3FF90
3FFBA
3FFE2
00005
00023
0003C
0004F
0005C
00062
00061
0005A
0004C
00038
0001F
00000
3FFDD
3FFB6
3FF8C
3FF60
3FF34
3FF07
3FEDC
3FEB3
3FE8C
3FE69
3FE4B
3FE32
3FE1E
3FE11
3FE0A
3FE0A
3FE11
3FE1D
3FE30
3FE49
3FE67
3FE89
3FEB0
3FED9
3FF04
3FF31
3FF5D
3FF89
3FFB3
3FFDA
3FFFE
0001D
00038
0004D
0005C
00065
00067
00063
00058
00047
00031
00015
3FFF5
3FFD0
3FFA9
3FF80
3FF55
3FF29
3FEFF
3FED6
3FEAF
3FE8B
3FE6C
3FE52
3FE3C
3FE2D
3FE23
3FE20
3FE24
3FE2E
3FE3D
3FE53
3FE6E
3FE8D
3FEB1
3FED8
3FF01
3FF2C
3FF57
3FF82
3FFAB
3FFD3
3FFF7
00017
00033
0004A
0005B
00066
0006B
0006A
00062
00055
00041
00028
0000B
3FFE9
3FFC4
3FF9D
3FF73
3FF49
3FF20
3FEF7
3FED0
3FEAC
3FE8C
3FE70
3FE59
3FE48
3FE3C
3FE36
3FE37
3FE3E
3FE4A
3FE5D
3FE75
3FE92
3FEB3
3FED7
3FEFE
3FF27
3FF51
3FF7B
3FFA4
3FFCC
3FFF0
00011
0002F
00047
0005A
00067
0006F
00070
0006B
00060
00050
0003A
0001F
00000
3FFDD
3FFB8
3FF90
3FF68
3FF3F
3FF16
3FEF0
3FECC
3FEAB
3FE8D
3FE75
3FE62
3FE54
3FE4C
3FE4A
3FE4E
3FE58
3FE67
3FE7C
3FE96
3FEB5
3FED7
3FEFC
3FF23
3FF4C
3FF75
3FF9D
3FFC4
3FFE9
0000B
00029
00043
00058
00068
00071
00075
00073
0006B
0005D
0004A
00032
00015
3FFF5
3FFD1
3FFAB
3FF84
3FF5C
3FF35
3FF0E
3FEEA
3FEC8
3FEAA
3FE90
3FE7B
3FE6B
3FE61
3FE5C
3FE5D
3FE65
3FE72
3FE84
3FE9B
3FEB7
3FED7
3FEFA
3FF20
3FF47
3FF6F
3FF97
3FFBD
3FFE3
00005
00024
0003F
00056
00067
00073
00079
0007A
00074
00069
00059
00043
00029
0000B
3FFE9
3FFC5
3FF9F
3FF78
3FF52
3FF2B
3FF07
3FEE5
3FEC6
3FEAA
3FE94
3FE82
3FE75
3FE6E
3FE6D
3FE72
3FE7C
3FE8C
3FEA1
3FEBA
3FED8
3FEF9
3FF1D
3FF42
3FF69
3FF90
3FFB7
3FFDC
3FFFF
0001F
0003B
00053
00066
00074
0007D
0007F
0007D
00074
00066
00053
0003B
0001F
00000
3FFDE
3FFB9
3FF93
3FF6D
3FF47
3FF23
3FF00
3FEE1
3FEC4
3FEAC
3FE98
3FE8A
3FE81
3FE7D
3FE7F
3FE87
3FE94
3FEA6
3FEBD
3FED9
3FEF8
3FF1A
3FF3E
3FF64
3FF8A
3FFB0
3FFD5
3FFF8
00019
00036
0004F
00064
00074
0007F
00084
00084
0007E
00073
00062
0004D
00033
00015
3FFF5
3FFD2
3FFAD
3FF88
3FF63
3FF3E
3FF1B
3FEFB
3FEDE
3FEC4
3FEAF
3FE9E
3FE93
3FE8D
3FE8D
3FE92
3FE9D
3FEAC
3FEC1
3FEDA
3FEF7
3FF17
3FF3A
3FF5E
3FF84
3FFA9
3FFCE
3FFF2
00013
00031
0004C
00062
00074
00081
00088
0008A
00087
0007E
00070
0005D
00045
0002A
0000B
3FFE9
3FFC6
3FFA2
3FF7D
3FF59
3FF36
3FF15
3FEF6
3FEDC
3FEC5
3FEB3
3FEA5
3FE9D
3FE9B
3FE9D
3FEA6
3FEB3
3FEC5
3FEDC
3FEF7
3FF15
3FF36
3FF59
3FF7E
3FFA3
3FFC7
3FFEB
0000D
0002C
00048
0005F
00073
00082
0008B
00090
0008E
00088
0007C
0006B
00056
0003D
00020
00000
3FFDE
3FFBA
3FF96
3FF72
3FF4F
3FF2E
3FF0F
3FEF3
3FEDB
3FEC7
3FEB8
3FEAD
3FEA9
3FEA9
3FEAF
3FEBA
3FECA
3FEDE
3FEF7
3FF14
3FF33
3FF55
3FF78
3FF9D
3FFC1
3FFE4
00006
00026
00043
0005C
00071
00082
0008E
00094
00095
00091
00088
00079
00066
0004F
00034
00016
3FFF5
3FFD2
3FFAF
3FF8B
3FF68
3FF47
3FF27
3FF0A
3FEF1
3FEDB
3FECA
3FEBE
3FEB7
3FEB5
3FEB8
3FEC1
3FECF
3FEE1
3FEF8
3FF12
3FF30
3FF51
3FF73
3FF97
3FFBA
3FFDE
00000
00020
0003E
00059
0006F
00082
0008F
00098
0009B
00099
00092
00086
00075
00060
00047
0002A
0000B
3FFEA
3FFC7
3FFA4
3FF81
3FF5F
3FF3F
3FF21
3FF06
3FEEF
3FEDD
3FECF
3FEC5
3FEC1
3FEC2
3FEC9
3FED4
3FEE4
3FEF9
3FF12
3FF2E
3FF4D
3FF6E
3FF91
3FFB4
3FFD7
3FFFA
0001B
00039
00055
0006D
00081
00090
0009B
000A0
000A1
0009C
00092
00083
00070
00059
0003E
00020
00000
3FFDE
3FFBC
3FF99
3FF77
3FF56
3FF38
3FF1C
3FF04
3FEEF
3FEDF
3FED4
3FECE
3FECD
3FED1
3FEDA
3FEE8
3FEFB
3FF11
3FF2C
3FF49
3FF69
3FF8B
3FFAE
3FFD1
3FFF3
00014
00034
00050
0006A
0007F
00091
0009D
000A5
000A7
000A5
0009D
00091
0007F
0006A
00051
00035
00016
3FFF5
3FFD3
3FFB0
3FF8E
3FF6D
3FF4E
3FF32
3FF18
3FF02
3FEF0
3FEE3
3FEDB
3FED8
3FEDA
3FEE0
3FEEC
3FEFD
3FF12
3FF2A
3FF46
3FF65
3FF86
3FFA8
3FFCA
3FFED
0000E
0002E
0004C
00066
0007D
00090
0009F
000A8
000AD
000AD
000A7
0009D
0008E
0007B
00063
00048
0002B
0000B
3FFEA
3FFC8
3FFA6
3FF84
3FF65
3FF47
3FF2C
3FF15
3FF02
3FEF3
3FEE8
3FEE3
3FEE3
3FEE7
3FEF1
3FEFF
3FF12
3FF29
3FF44
3FF61
3FF81
3FFA2
3FFC4
3FFE6
00008
00028
00047
00062
0007B
0008F
000A0
000AB
000B2
000B4
000B1
000A9
0009C
0008A
00075
0005B
0003F
00020
00000
3FFDE
3FFBD
3FF9B
3FF7B
3FF5D
3FF41
3FF28
3FF13
3FF02
3FEF6
3FEEF
3FEEC
3FEEF
3FEF6
3FF03
3FF13
3FF29
3FF41
3FF5D
3FF7C
3FF9C
3FFBE
3FFE0
00002
00022
00042
0005E
00078
0008E
000A0
000AE
000B7
000BB
000B9
000B3
000A9
00099
00085
0006E
00053
00035
00016
3FFF5
3FFD3
3FFB2
3FF91
3FF72
3FF55
3FF3C
3FF25
3FF13
3FF04
3FEFB
3FEF6
3FEF7
3FEFC
3FF06
3FF15
3FF28
3FF3F
3FF5A
3FF77
3FF97
3FFB8
3FFD9
3FFFB
0001C
0003C
0005A
00075
0008C
000A0
000AF
000BA
000C0
000C1
000BD
000B5
000A7
00095
00080
00066
0004A
0002B
0000B
3FFEA
3FFC8
3FFA8
3FF88
3FF6A
3FF4F
3FF37
3FF23
3FF13
3FF08
3FF01
3FEFF
3FF02
3FF0B
3FF17
3FF29
3FF3E
3FF57
3FF73
3FF91
3FFB2
3FFD3
3FFF5
00016
00036
00055
00071
0008A
0009F
000B0
000BD
000C5
000C9
000C7
000C0
000B5
000A5
00091
00079
0005E
00040
00021
00000
3FFDF
3FFBE
3FF9E
3FF7F
3FF63
3FF4A
3FF34
3FF22
3FF15
3FF0C
3FF08
3FF09
3FF0F
3FF1A
3FF2A
3FF3D
3FF55
3FF6F
3FF8D
3FFAC
3FFCD
3FFEE
00010
00031
00050
0006D
00087
0009E
000B1
000C0
000CA
000CF
000CF
000CB
000C1
000B3
000A1
0008B
00071
00055
00036
00016
3FFF5
3FFD4
3FFB3
3FF94
3FF77
3FF5D
3FF45
3FF32
3FF23
3FF18
3FF12
3FF11
3FF15
3FF1E
3FF2B
3FF3D
3FF52
3FF6C
3FF88
3FFA7
3FFC7
3FFE8
0000A
0002B
0004A
00068
00084
0009C
000B1
000C1
000CD
000D5
000D7
000D5
000CE
000C1
000B1
0009C
00084
00069
0004B
0002C
0000B
3FFEA
3FFC9
3FFA9
3FF8B
3FF70
3FF57
3FF42
3FF31
3FF24
3FF1C
3FF19
3FF1B
3FF21
3FF2D
3FF3D
3FF51
3FF69
3FF84
3FFA1
3FFC1
3FFE2
00003
00024
00045
00064
00080
0009A
000B0
000C3
000D1
000DA
000DF
000DE
000D9
000CF
000C0
000AE
00097
0007D
00060
00041
00021
00000
3FFDF
3FFBF
3FFA0
3FF83
3FF69
3FF52
3FF40
3FF31
3FF27
3FF22
3FF21
3FF26
3FF2F
3FF3D
3FF50
3FF66
3FF80
3FF9C
3FFBB
3FFDC
3FFFD
0001E
0003F
0005F
0007C
00097
000AF
000C3
000D3
000DF
000E5
000E7
000E4
000DC
000CF
000BE
000A9
00090
00075
00057
00037
00016
3FFF5
3FFD4
3FFB5
3FF97
3FF7C
3FF64
3FF4F
3FF3F
3FF32
3FF2B
3FF29
3FF2B
3FF33
3FF3F
3FF4F
3FF64
3FF7C
3FF98
3FFB6
3FFD5
3FFF6
00018
00039
00059
00078
00094
000AE
000C3
000D5
000E2
000EB
000EF
000EE
000E8
000DD
000CE
000BB
000A3
00089
0006C
0004D
0002C
0000B
3FFEA
3FFCA
3FFAB
3FF8F
3FF75
3FF5F
3FF4D
3FF3F
3FF35
3FF31
3FF31
3FF36
3FF40
3FF4F
3FF62
3FF79
3FF93
3FFB0
3FFCF
3FFF0
00012
00033
00054
00073
00091
000AB
000C3
000D6
000E6
000F1
000F7
000F8
000F4
000EB
000DE
000CC
000B6
0009D
00081
00062
00042
00021
00000
3FFDF
3FFC0
3FFA2
3FF87
3FF6F
3FF5B
3FF4B
3FF40
3FF39
3FF37
3FF3B
3FF43
3FF50
3FF61
3FF76
3FF8F
3FFAB
3FFCA
3FFEA
0000B
0002D
0004E
0006F
0008D
000A9
000C2
000D7
000E9
000F5
000FE
00101
000FF
000F8
000ED
000DD
000C9
000B1
00096
00078
00058
00038
00016
3FFF5
3FFD5
3FFB6
3FF9A
3FF80
3FF6B
3FF59
3FF4B
3FF43
3FF3F
3FF40
3FF46
3FF51
3FF60
3FF74
3FF8B
3FFA6
3FFC4
3FFE4
00005
00027
00048
00069
00089
000A6
000C1
000D8
000EB
000FA
00104
00109
0010A
00105
000FC
000ED
000DB
000C4
000AB
0008E
0006F
0004E
0002D
0000B
3FFEA
3FFCB
3FFAD
3FF92
3FF7B
3FF67
3FF57
3FF4D
3FF47
3FF45
3FF49
3FF52
3FF60
3FF72
3FF88
3FFA2
3FFBE
3FFDE
3FFFE
00020
00042
00064
00084
000A3
000BF
000D7
000ED
000FD
0010A
00111
00114
00111
0010A
000FE
000ED
000D8
000BF
000A3
00085
00065
00043
00022
00000
3FFE0
3FFC1
3FFA5
3FF8B
3FF76
3FF64
3FF57
3FF4F
3FF4C
3FF4E
3FF55
3FF60
3FF71
3FF85
3FF9E
3FFB9
3FFD8
3FFF8
0001A
0003C
0005E
0007F
0009F
000BC
000D7
000EE
00101
0010F
00119
0011D
0011D
00118
0010D
000FE
000EB
000D4
000B9
0009B
0007C
0005A
00038
00016
3FFF5
3FFD5
3FFB8
3FF9D
3FF85
3FF72
3FF63
3FF59
3FF53
3FF53
3FF58
3FF61
3FF70
3FF83
3FF9A
3FFB4
3FFD2
3FFF2
00013
00036
00058
0007A
0009B
000BA
000D6
000EE
00103
00114
00120
00126
00128
00125
0011D
00110
000FE
000E8
000CE
000B2
00093
00072
00050
0002D
0000B
3FFEA
3FFCB
3FFAF
3FF96
3FF81
3FF6F
3FF63
3FF5B
3FF59
3FF5B
3FF63
3FF6F
3FF81
3FF96
3FFB0
3FFCC
3FFEC
0000D
0002F
00052
00075
00097
000B7
000D4
000EF
00105
00118
00126
0012F
00133
00132
0012C
00121
00111
000FC
000E4
000C8
000AA
00089
00067
00044
00022
00000
3FFE0
3FFC2
3FFA7
3FF90
3FF7D
3FF6E
3FF64
3FF5F
3FF60
3FF65
3FF70
3FF7F
3FF93
3FFAB
3FFC7
3FFE5
00006
00029
0004C
0006F
00092
000B3
000D2
000EE
00107
0011C
0012C
00137
0013E
0013F
0013B
00131
00123
00111
000FA
000DF
000C1
000A1
0007F
0005C
00039
00016
3FFF5
3FFD6
3FFB9
3FFA0
3FF8B
3FF7A
3FF6E
3FF67
3FF65
3FF68
3FF71
3FF7E
3FF91
3FFA7
3FFC2
3FFE0
00000
00022
00046
00069
0008D
000AF
000D0
000EE
00108
0011F
00131
0013F
00148
0014B
00149
00142
00136
00125
0010F
000F6
000D9
000B9
00098
00075
00051
0002E
0000B
3FFEA
3FFCC
3FFB1
3FF9A
3FF87
3FF78
3FF6F
3FF6B
3FF6C
3FF72
3FF7E
3FF8F
3FFA4
3FFBD
3FFDA
3FFFA
0001C
0003F
00063
00088
000AB
000CD
000EC
00109
00122
00136
00146
00151
00157
00157
00153
00148
00139
00125
0010D
000F1
000D2
000B1
0008E
0006A
00046
00022
00000
3FFE0
3FFC3
3FFAA
3FF95
3FF84
3FF78
3FF72
3FF70
3FF75
3FF7E
3FF8D
3FFA1
3FFB8
3FFD4
3FFF3
00015
00039
0005D
00082
000A7
000CA
000EB
00109
00124
0013B
0014D
0015A
00163
00165
00163
0015B
0014D
0013B
00124
0010A
000EB
000CA
000A7
00083
0005E
0003A
00017
3FFF5
3FFD6
3FFBB
3FFA3
3FF90
3FF82
3FF79
3FF76
3FF78
3FF7F
3FF8C
3FF9E
3FFB4
3FFCF
3FFED
0000E
00032
00057
0007C
000A2
000C6
000E9
00109
00126
0013F
00154
00163
0016E
00173
00173
0016D
00162
00151
0013C
00122
00105
000E5
000C2
0009D
00078
00053
0002E
0000B
3FFEB
3FFCD
3FFB3
3FF9E
3FF8D
3FF82
3FF7C
3FF7C
3FF81
3FF8C
3FF9C
3FFB1
3FFCA
3FFE7
00008
0002B
00050
00076
0009C
000C2
000E6
00108
00127
00143
0015A
0016C
00179
00181
00183
0017F
00176
00168
00154
0013C
0011F
00100
000DD
000B9
00093
0006D
00047
00022
00000
3FFE1
3FFC5
3FFAD
3FF9A
3FF8C
3FF83
3FF81
3FF83
3FF8C
3FF9A
3FFAD
3FFC5
3FFE1
00001
00024
00049
00070
00097
000BE
000E3
00107
00128
00146
0015F
00174
00184
0018E
00193
00192
0018B
0017E
0016C
00156
0013A
0011B
000F9
000D5
000AE
00088
00061
0003B
00017
3FFF5
3FFD7
3FFBD
3FFA7
3FF97
3FF8C
3FF86
3FF87
3FF8D
3FF99
3FFAA
3FFC1
3FFDC
3FFFB
0001D
00043
00069
00091
000B9
000E0
00106
00129
00149
00165
0017C
0018E
0019B
001A3
001A4
0019F
00195
00185
00170
00156
00138
00116
000F2
000CB
000A4
0007C
00055
0002F
0000B
3FFEB
3FFCE
3FFB6
3FFA3
3FF95
3FF8D
3FF8B
3FF8F
3FF98
3FFA8
3FFBD
3FFD7
3FFF5
00017
0003C
00063
0008B
000B4
000DD
00104
00129
0014B
0016A
00184
00199
001A8
001B2
001B6
001B4
001AC
0019E
0018B
00173
00155
00134
00110
000EA
000C1
00098
00070
00048
00023
00000
3FFE1
3FFC6
3FFB0
3FFA0
3FF95
3FF90
3FF91
3FF99
3FFA6
3FFB9
3FFD1
3FFEF
00010
00034
0005C
00085
000AF
000D9
00102
00129
0014D
0016E
0018B
001A3
001B6
001C2
001C9
001CA
001C4
001B8
001A7
00190
00174
00154
00130
00109
000E0
000B7
0008D
00063
0003C
00017
3FFF5
3FFD8
3FFBF
3FFAB
3FF9E
3FF96
3FF95
3FF9A
3FFA5
3FFB6
3FFCD
3FFE9
00009
0002D
00055
0007E
000A9
000D4
000FF
00128
0014F
00173
00192
001AD
001C3
001D2
001DC
001E0
001DD
001D3
001C4
001AE
00194
00175
00151
0012A
00101
000D7
000AB
00080
00057
00030
0000B
3FFEB
3FFCF
3FFB9
3FFA8
3FF9D
3FF99
3FF9B
3FFA4
3FFB3
3FFC8
3FFE3
00002
00026
0004D
00077
000A3
000CF
000FC
00127
00150
00177
00199
001B7
001D0
001E3
001EF
001F6
001F6
001EF
001E2
001CE
001B5
00197
00174
0014D
00124
000F9
000CC
000A0
00074
0004A
00023
00000
3FFE1
3FFC8
3FFB4
3FFA6
3FF9F
3FF9E
3FFA4
3FFB1
3FFC4
3FFDD
3FFFB
0001E
00046
00070
0009C
000CA
000F8
00126
00151
0017A
001A0
001C1
001DD
001F3
00203
0020D
0020F
0020B
00201
001EF
001D8
001BB
00199
00173
00149
0011D
000EF
000C1
00093
00067
0003D
00017
3FFF5
3FFD8
3FFC1
3FFB0
3FFA5
3FFA2
3FFA5
3FFAF
3FFC0
3FFD8
3FFF5
00017
0003E
00068
00095
000C4
000F4
00124
00152
0017E
001A6
001CB
001EA
00204
00217
00224
0022A
00229
00221
00212
001FD
001E1
001C0
0019A
00170
00143
00115
000E5
000B5
00087
0005A
00031
0000B
3FFEB
3FFD0
3FFBC
3FFAE
3FFA7
3FFA7
3FFAE
3FFBD
3FFD2
3FFEE
0000F
00036
00060
0008E
000BE
000F0
00121
00152
00181
001AC
001D4
001F7
00215
0022C
0023D
00246
00248
00243
00237
00223
00209
001E9
001C4
0019A
0016D
0013D
0010C
000DA
000A9
0007A
0004D
00024
00000
3FFE1
3FFC9
3FFB7
3FFAD
3FFAA
3FFAE
3FFBA
3FFCD
3FFE7
00007
0002D
00058
00086
000B7
000EA
0011E
00152
00183
001B3
001DE
00205
00226
00242
00256
00264
00269
00267
0025E
0024D
00235
00216
001F2
001C8
0019A
0016A
00137
00103
000CF
0009C
0006C
00040
00018
3FFF5
3FFD9
3FFC3
3FFB5
3FFAE
3FFAF
3FFB8
3FFC9
3FFE0
3FFFF
00024
0004F
0007D
000B0
000E4
0011A
00150
00185
001B8
001E8
00213
00239
00258
00271
00282
0028C
0028E
00287
00279
00263
00246
00223
001FA
001CC
0019A
00165
0012F
000F9
000C3
0008F
0005F
00033
0000C
3FFEB
3FFD1
3FFBE
3FFB3
3FFB1
3FFB6
3FFC4
3FFDA
3FFF7
0001B
00045
00074
000A7
000DD
00116
0014F
00187
001BE
001F1
00221
0024B
00270
0028D
002A3
002B1
002B7
002B4
002A9
00296
0027B
00259
00230
00202
001CF
00199
00161
00128
000EF
000B7
00082
00052
00026
00000
3FFE1
3FFCA
3FFBA
3FFB4
3FFB5
3FFC0
3FFD3
3FFEE
00010
0003A
00069
0009D
000D5
00110
0014B
00187
001C2
001FA
0022F
0025E
00288
002AB
002C6
002D9
002E3
002E5
002DD
002CD
002B5
00294
0026C
0023E
0020B
001D4
00199
0015D
00120
000E5
000AB
00075
00044
00019
3FFF5
3FFD8
3FFC3
3FFB8
3FFB5
3FFBC
3FFCC
3FFE4
00005
0002D
0005C
00091
000CB
00108
00147
00186
001C6
00203
0023C
00272
002A1
002CA
002EB
00304
00313
0031A
00317
0030A
002F5
002D6
002B0
00282
0024F
00216
001D9
0019A
00159
00119
000DB
0009F
00068
00037
0000D
3FFEA
3FFCF
3FFBE
3FFB6
3FFB8
3FFC4
3FFD9
3FFF8
0001E
0004D
00082
000BD
000FD
0013F
00183
001C7
00209
00249
00285
002BB
002EA
00312
00332
00348
00354
00356
0034E
0033C
00321
002FC
002D0
0029C
00262
00223
001E1
0019C
00157
00113
000D2
00094
0005C
0002A
00000
3FFDF
3FFC7
3FFB8
3FFB5
3FFBB
3FFCD
3FFE8
0000D
0003A
0006F
000AB
000ED
00132
0017B
001C4
0020C
00253
00296
002D4
0030B
0033B
00362
00380
00393
0039C
0039A
0038D
00376
00354
0032A
002F6
002BC
0027B
00235
001ED
001A3
00158
00110
000CB
0008A
00050
0001D
3FFF3
3FFD3
3FFBD
3FFB2
3FFB2
3FFBD
3FFD4
3FFF5
00020
00055
00091
000D5
0011D
0016A
001B9
00208
00256
002A2
002E9
0032A
00363
00394
003BB
003D8
003EA
003EF
003EA
003D8
003BB
00393
00362
00327
002E5
0029D
00250
00201
001B0
0015F
00111
000C7
00082
00044
00010
3FFE4
3FFC4
3FFAF
3FFA6
3FFA9
3FFB9
3FFD4
3FFFB
0002D
00068
000AC
000F8
00148
0019D
001F3
0024A
0029F
002F1
0033E
00383
003C1
003F5
0041E
0043B
0044D
00451
00448
00433
00411
003E4
003AC
0036B
00321
002D1
0027C
00223
001CA
00171
0011B
000C9
0007E
0003A
00000
3FFD1
3FFAD
3FF96
3FF8C
3FF8F
3FFA0
3FFBE
3FFE9
00020
00061
000AC
000FF
00157
001B5
00214
00274
002D3
0032E
00384
003D2
00417
00453
00482
004A5
004BA
004C1
004BA
004A5
00483
00453
00417
003D0
00380
00327
002C9
00267
00202
0019D
0013A
000DB
00082
00031
3FFE9
3FFAD
3FF7C
3FF59
3FF44
3FF3E
3FF46
3FF5D
3FF82
3FFB5
3FFF4
0003F
00093
000F0
00153
001BB
00225
00290
002F8
0035D
003BC
00414
00461
004A4
004DA
00503
0051D
00528
00524
00511
004EE
004BC
0047C
00430
003D7
00374
00308
00295
0021D
001A1
00123
000A5
00029
3FFB0
3FF3C
3FECF
3FE6A
3FE0D
3FDBA
3FD71
3FD33
3FD00
3FCD8
3FCBB
3FCA9
3FCA1
3FCA3
3FCAE
3FCC2
3FCDF
3FD04
3FD31
3FD66
3FDA6
3FDF3
3FE50
3FEC6
3FF5F
00031
00163
00342
0067D
00D03
01FE5
00993
31B2E
36ADB
33262
0C40B
145D2
01002
06EF4
09BA4
00DBD
33BD1
3CABB
3B0FB
096AD
06B83
2D63C
3CECE
374D2
3F4C2
0DB11
3D31D
0DF4A
015C2
09AA8
38CC8
00200
3A987
0D31E
35AD6
37899
3C90D
07E6C
3A495
04EA5
3B59B
33E55
01961
01594
0F8B6
01963
0025E
0B1FF
36ACF
3C656
02826
3E5B6
0C575
016D0
35161
3BB63
136E1
3FBC6
2B4C3
0292E
111CC
3727E
2C64D
09AD6
3FEF3
07627
303F7
38369
34A0A
35F8A
00F64
3F3F3
38241
01657
0F73B
3A588
04037
0BFFB
07BF5
126E4
0C0D2
0741C
3BEF0
38087
3FE6B
09843
3E601
37AC9
2D104
10D29
3C8D9
108C9
3275F
11ADE
022C8
04F2D
3E7F3
3B3F5
398CD
3D3C6
37E6F
31676
03207
0203D
0AA2B
392AD
3937B
3C92F
3AB55
3E355
2C423
19829
078B1
0CD89
3CA25
101E3
31C8F
3DAE3
2D6ED
3BF5F
3ACBE
082C1
0C2CD
2D1B9
08E78
3FA61
0F40B
02B0F
050EE
02CB6
0B446
36BCD
3569B
0ABF0
35754
3197A
010B3
3F701
0F1EB
09EE8
3E504
09AB3
3B657
3BA4A
09DA4
34095
01291
223B5
0C1FC
3E976
3ADA2
0EFE5
03BD0
05621
13D27
353E9
079D9
2D0D9
36E4F
126C0
36A38
322D5
0D471
358CA
08771
0B7BA
0073D
3640F
0D6C0
37886
377ED
3E6CD
05EC8
3FF36
3E889
3CCBB
3A325
01E2D
301EB
01167
098B1
3382F
391C0
15797
0EE2E
00706
065A8
0FF4C
01AD3
0A098
3C7F2
39129
09D4B
39C38
07FDE
30418
34C1C
02833
02F5F
37674
03709
3BC6E
027AA
30261
0FB35
3CF87
2DE85
00F5D
3CD64
08668
0A945
080D1
33153
3E270
08C46
3E76D
3E58A
0C114
004CF
364C7
3F672
03100
2F671
3ACB3
095EB
04C1E
3EAB4
39D57
00813
03B58
10B5B
0813F
01E25
33E1C
02216
3B1F2
3931C
07C4E
02011
34A0A
0F81B
0F692
0976C
02D44
38CA6
0F554
0A24A
322A7
0B7C3
2E957
2E122
3F076
3915B
2FE1C
3C262
179BA
33DB3
0E830
0889B
01F8C
13266
08A47
38C27
3EC5B
2E692
3552D
2EF31
000BE
08779
33269
3104A
0A687
3C8A6
39FFF
3E22F
37876
0B626
0774A
02F8F
340EA
08B4D
0FB36
01A15
33337
1402F
0DFAC
06878
0933A
03CBD
39890
013CF
053CF
3CA7F
35D42
09883
05D48
012C5
02336
33675
3421C
3F90F
36508
0B53A
36F8F
08303
05D9A
065AB
3CEAA
32984
01C1A
132F7
3E960
3D2CF
00694
3F07B
0ADBD
2A2DE
2DDCE
0401D
3D9A0
33FFD
1033E
353E3
11AC0
3DC6A
10003
129BA
005E8
34BB7
35018
0AD1D
0063E
179D9
39918
06116
39C4F
2F761
313C7
3C12F
2D05D
3FDE3
0BF21
0724E
0499F
30A3C
3D002
3D022
39F10
10F01
3EBE4
3C4B4
09E62
3C375
046FA
1E5AA
3DE2E
31EDA
0FA32
38213
0B7C0
37C94
0FDDE
0C720
39407
34E0A
2F9F5
12EA8
0BA25
3D041
36CDC
3DCDD
3EC48
3EB5A
094AB
3A486
3E99C
0EB59
0081A
39F95
06ABE
34284
07D83
3070B
0BA54
392EB
08097
31047
3FD68
347C6
10C89
3E9E4
3A3C5
026C9
3AC86
3B0AF
0FE59
01CD1
35661
39733
071CE
3A622
3FD91
1A835
3C40C
0627F
3FE9D
01456
383F7
2FDEB
3D733
0176E
35A0B
084B1
37350
16B84
06AA6
05E28
18F0E
2E3E7
3686C
05675
3A1F2
3EBF0
01245
0CAD6
3CAE5
38BF6
00A3C
0A3A5
0364B
0C954
08879
3C0D9
3D0DC
00B92
3A0DD
02842
0C413
0D56E
07E44
3A696
01617
338D0
00D84
0F229
237D1
31D0C
34803
0FF3F
04C65
3802E
2FD0F
04B5A
0A843
0681A
0DD7D
02F01
3FFAD
0A6D0
3FB3C
0ED12
33787
33D2C
0950B
3A92E
3C058
3BE9B
04C5A
3AE22
372E2
005D0
3D4FC
0AD92
3FC7C
09DBC
2D20B
3F4AE
00CC3
31393
1224C
11396
01DD0
00827
04C2C
3E5FC
34D61
15605
03FF3
3F2B3
315DE
1A90E
06568
05771
0C7E5
044E2
03611
34A5B
130AA
14B82
129AB
00885
3D38B
134D8
39E42
3A2DE
096D9
3EB48
372D7
07B77
0E927
3B101
38E45
3F18C
05028
39B86
14563
02643
02E69
3D1E1
3EC18
03FEA
37F79
0066F
0A7C8
0206E
115E1
2FD5D
05B9F
08867
00000
3E00D
3367D
3DF92
35CF8
3E193
35AEA
013E0
00A51
07EF8
39F88
04002
037D4
3CFD0
34495
395E6
07084
02D2A
34B13
3BACA
3AFCF
3AEE2
07E1C
3DD6F
053E9
021FF
0008F
058B7
3779C
37BCB
0B2F6
333F6
069FF
29E80
02BD2
38B30
3FC77
39AA4
006E7
3BEAC
0485E
00542
3BA41
2EEA7
03FA5
2B088
3CC02
3E0E3
39FE3
06F90
123A0
381D2
3AF35
38E51
042B2
04419
00274
05AAC
36A6F
39047
30D18
2ED36
09985
2C48F
36A1F
3174E
3D5CF
05911
3D6F5
07393
02009
3623B
05DF8
0EA11
3E269
39D61
0AAD5
00E21
04494
073DA
346E6
37F99
3443D
17451
374B5
08619
08C3B
04700
3B097
09803
032D7
01487
34613
39199
121C6
387E5
01A1E
0906C
02315
3A882
0E1F4
35E46
2EF87
03EF6
3880B
3FBA1
00C0E
39FD8
086A0
39B63
35804
04D42
2D345
36A80
3429F
03FE6
11CCE
0186C
0529B
0A093
0FE1D
3CCA7
3B14C
38AF5
3896B
08B3C
07EC3
34EF8
38A8D
0B62B
37D35
3CC5D
3FB7B
3F76B
3CBDA
00C0A
3AB42
34574
30286
02047
00326
0C7EB
04C1E
3F711
38882
3EC58
09BEC
05596
3A454
3CFB2
0D908
30B88
0F6DE
3EA1D
08116
059CB
02309
3DF98
3A6DA
38038
33D1E
36F21
3A773
09279
3D08C
2C29B
37872
00B5E
017E1
01B40
07B3D
3FC9D
004DB
006EC
00DD2
02564
0B720
0CAF4
30A73
0AA25
3E80E
0E928
3DF16
3CB15
007F6
37CFC
06541
03183
3D013
01F82
3CB20
00E22
3A7AD
03B32
3FE8E
3914E
3F573
00A28
08A86
3CD2C
2AB5B
08BEF
38221
06E67
00A1A
34093
3DD6E
39A08
05F05
3676B
019A3
050E4
3D2C8
06196
32806
037ED
1CBA5
38409
3D29E
0955F
3F754
3811E
0DF7F
34925
3652E
3DA69
09FE0
3C13B
03D0D
3DAB8
2B823
01BA8
3D705
018A5
10E7E
01258
048D2
044BA
070D0
3BED9
3B103
00F8A
05B76
39A01
00E9C
03D64
0CE47
3FEAD
36690
00944
2F0ED
3D91D
3B968
3F551
00B86
0158E
38BDE
39EBC
01958
05CB7
37424
05733
3B1E8
35A0C
3307F
05DC2
113D1
025A2
367DC
0068C
10C8F
08433
347B7
0933F
38C73
00A5A
354E3
313A5
07A39
07633
3F06F
0B9EC
05F83
3617F
042E5
35B2D
39FD2
2E452
3D23B
00A18
05F00
004BD
0F352
08E6F
06014
04292
3B0CD
00A53
04649
3ABB6
2CD85
3E712
11A50
3AA94
04531
02524
02D01
0CD0E
01866
07947
3AF7D
1274E
3F171
3A6E3
0B9C7
36DA8
3E799
37DBE
0598E
3D71A
3998D
3B575
37E2D
02A87
30FBB
399F9
3D752
31E2B
033B5
395C5
02359
05F8A
37AF6
395DB
05962
01944
3BD1B
3B607
38EA7
0AEB9
3D0B4
3B164
3F662
0737F
007C9
05B60
3F737
0358A
051A5
04CF8
38A34
03320
0E4DE
3E539
3F8BA
09ECA
03046
03AD9
3CA6F
05917
38146
046FF
075D3
2C739
39A91
2F7BA
0023F
05F93
3FB91
39742
3D4D6
39E3A
39374
3BE04
05A16
06F08
0BFEF
0968A
39943
3A849
12844
39330
08B6F
3E7D5
3EAD1
3FCCF
0E7D5
020EA
003B3
3B1D3
0B7E9
35F2C
316F5
38327
3B3F8
0D9B5
04D5D
01EEC
3CF7F
015BB
39CE6
35D6D
07E6B
090A0
3B119
11E10
37842
3215A
2E51A
3F4EE
396A3
3DF19
098CF
049C6
050D6
3C3C8
3BA60
3D48C
0116E
03D55
03383
3AC7B
3FBD6
0DAA3
03C5E
0C9E5
39063
04B18
35697
09EF5
3676B
399EE
32717
3B998
3EC8C
02C8E
391BE
08616
3EC18
08282
023EC
01781
370C8
3994F
012B1
0DE9C
03A94
34E51
20E71
07597
341DE
3D7F1
0409D
046E1
0AEF9
3E891
0D297
0356C
3C984
06DE1
00BA7
0EA4D
3AA4B
0A428
037BF
08BE2
33FF5
39607
39A6A
3D2B0
31493
3BAD0
0FA89
3EEA0
120CF
054D1
0AB18
3C5D9
37166
03104
39873
08979
3A542
05AEA
3CD80
07591
17CBE
00B19
34C6C
384F2
3EEF2
00032
38A64
2995A
01AAF
38237
0346A
3E763
07BD7
3C89F
3AB9D
03C1F
30CDB
31530
00669
06840
07947
1C5B4
34E97
39031
36E70
0BBB4
0E87B
0511B
012AC
01A0D
3072A
3CB46
05C61
3C4BF
00923
3AE7A
364A6
34D90
06CE8
03724
02754
01F96
01AF0
017CD
01581
013B9
01244
01108
00FF1
00EF5
00E0A
00D2C
00C55
00B84
00AB6
009EA
0091F
00855
0078C
006C4
005FD
00538
00476
003B8
002FE
0024B
0019F
000FB
00061
3FFD1
3FF4E
3FED7
3FE6E
3FE13
3FDC8
3FD8C
3FD5F
3FD43
3FD36
3FD39
3FD4A
3FD69
3FD96
3FDCE
3FE11
3FE5D
3FEB0
3FF0A
3FF67
3FFC7
00027
00085
000E1
00137
00186
001CD
0020B
0023D
00264
0027F
0028C
0028C
0027F
00265
0023E
0020B
001CD
00186
00135
000DE
00081
00021
3FFBE
3FF5B
3FEFA
3FE9D
3FE44
3FDF3
3FDA9
3FD69
3FD34
3FD0A
3FCED
3FCDC
3FCD8
3FCE1
3FCF6
3FD18
3FD44
3FD7B
3FDBB
3FE02
3FE50
3FEA2
3FEF7
3FF4C
3FFA1
3FFF4
00042
0008B
000CC
00104
00133
00157
00170
0017D
0017D
00172
0015B
00138
0010A
000D3
00094
0004D
00000
3FFAF
3FF5C
3FF07
3FEB4
3FE63
3FE16
3FDCF
3FD8F
3FD58
3FD2A
3FD06
3FCEE
3FCE1
3FCDF
3FCEA
3FD00
3FD20
3FD4B
3FD7F
3FDBC
3FDFF
3FE47
3FE93
3FEE1
3FF30
3FF7E
3FFC8
0000F
00050
00089
000BB
000E2
00100
00113
0011B
00118
00109
000F0
000CC
0009F
00069
0002C
3FFE9
3FFA1
3FF57
3FF0A
3FEBE
3FE73
3FE2C
3FDE9
3FDAD
3FD78
3FD4B
3FD28
3FD0E
3FD00
3FCFC
3FD03
3FD15
3FD31
3FD56
3FD85
3FDBB
3FDF8
3FE3A
3FE80
3FEC9
3FF12
3FF5B
3FFA1
3FFE4
00021
00058
00088
000AF
000CC
000E0
000E9
000E7
000DB
000C5
000A5
0007D
0004C
00014
3FFD6
3FF94
3FF4F
3FF08
3FEC1
3FE7C
3FE3A
3FDFC
3FDC3
3FD92
3FD68
3FD47
3FD30
3FD22
3FD1E
3FD25
3FD36
3FD51
3FD74
3FDA0
3FDD3
3FE0C
3FE4B
3FE8D
3FED1
3FF16
3FF5A
3FF9C
3FFDA
00014
00047
00073
00097
000B2
000C4
000CC
000CA
000BE
000A9
0008A
00063
00035
00000
3FFC6
3FF87
3FF46
3FF04
3FEC1
3FE81
3FE43
3FE09
3FDD5
3FDA7
3FD81
3FD64
3FD4F
3FD44
3FD42
3FD4A
3FD5B
3FD76
3FD99
3FDC3
3FDF4
3FE2C
3FE67
3FEA6
3FEE6
3FF27
3FF68
3FFA5
3FFE0
00015
00044
0006D
0008D
000A5
000B4
000BA
000B6
000A9
00093
00075
0004F
00022
3FFEE
3FFB6
3FF7B
3FF3D
3FEFE
3FEBF
3FE83
3FE49
3FE14
3FDE4
3FDBA
3FD98
3FD7E
3FD6C
3FD64
3FD65
3FD6E
3FD81
3FD9C
3FDBF
3FDEA
3FE1A
3FE4F
3FE89
3FEC5
3FF03
3FF40
3FF7D
3FFB7
3FFED
0001E
00049
0006E
0008B
0009F
000AB
000AE
000A8
00099
00082
00063
0003D
00010
3FFDE
3FFA8
3FF6E
3FF33
3FEF7
3FEBC
3FE83
3FE4D
3FE1C
3FDF0
3FDCB
3FDAD
3FD96
3FD88
3FD83
3FD86
3FD92
3FDA7
3FDC3
3FDE7
3FE11
3FE41
3FE75
3FEAD
3FEE7
3FF22
3FF5C
3FF95
3FFCB
3FFFE
0002B
00052
00073
0008C
0009D
000A5
000A5
0009D
0008C
00073
00053
0002C
00000
3FFCF
3FF9A
3FF62
3FF29
3FEF0
3FEB8
3FE83
3FE51
3FE23
3FDFC
3FDDA
3FDC0
3FDAD
3FDA3
3FDA1
3FDA7
3FDB5
3FDCC
3FDE9
3FE0E
3FE38
3FE67
3FE9B
3FED1
3FF09
3FF41
3FF79
3FFAF
3FFE2
00010
00039
0005D
00079
0008E
0009C
000A1
0009E
00093
00080
00065
00044
0001D
3FFF1
3FFC0
3FF8C
3FF56
3FF20
3FEE9
3FEB4
3FE82
3FE54
3FE2A
3FE06
3FDE9
3FDD2
3FDC4
3FDBD
3FDBE
3FDC7
3FDD7
3FDF0
3FE0F
3FE34
3FE5F
3FE8E
3FEC0
3FEF5
3FF2B
3FF61
3FF96
3FFC9
3FFF8
00023
00048
00068
00080
00092
0009B
0009D
00097
0008A
00074
00058
00036
0000E
3FFE2
3FFB2
3FF7F
3FF4B
3FF16
3FEE2
3FEB0
3FE82
3FE57
3FE31
3FE11
3FDF7
3FDE4
3FDD9
3FDD6
3FDDA
3FDE6
3FDF9
3FE13
3FE33
3FE59
3FE84
3FEB3
3FEE5
3FF18
3FF4D
3FF80
3FFB2
3FFE2
0000E
00035
00057
00072
00087
00095
0009B
0009A
00091
00081
00069
0004C
00028
00000
3FFD4
3FFA4
3FF72
3FF40
3FF0D
3FEDC
3FEAD
3FE81
3FE5A
3FE37
3FE1B
3FE05
3FDF6
3FDEE
3FDEE
3FDF5
3FE04
3FE19
3FE35
3FE57
3FE7E
3FEA9
3FED8
3FF08
3FF3B
3FF6D
3FF9E
3FFCE
3FFFA
00023
00046
00065
0007D
0008E
00098
0009B
00096
0008A
00078
0005E
0003F
0001B
3FFF2
3FFC5
3FF96
3FF66
3FF35
3FF04
3FED6
3FEA9
3FE81
3FE5D
3FE3E
3FE25
3FE13
3FE08
3FE03
3FE06
3FE10
3FE22
3FE39
3FE57
3FE7A
3FEA1
3FECD
3FEFB
3FF2B
3FF5C
3FF8C
3FFBB
3FFE8
00011
00037
00057
00071
00086
00093
0009A
00099
00092
00083
0006E
00053
00033
0000D
3FFE4
3FFB8
3FF89
3FF5A
3FF2B
3FEFC
3FED0
3FEA7
3FE81
3FE60
3FE45
3FE30
3FE21
3FE19
3FE18
3FE1E
3FE2B
3FE3F
3FE58
3FE78
3FE9C
3FEC4
3FEEF
3FF1D
3FF4C
3FF7B
3FFAA
3FFD7
00001
00027
00049
00066
0007D
0008E
00098
0009B
00097
0008D
0007C
00065
00048
00026
00000
3FFD6
3FFAA
3FF7D
3FF4F
3FF21
3FEF5
3FECB
3FEA4
3FE82
3FE65
3FE4D
3FE3B
3FE30
3FE2B
3FE2E
3FE37
3FE46
3FE5C
3FE77
3FE98
3FEBD
3FEE6
3FF11
3FF3E
3FF6C
3FF9A
3FFC6
3FFF1
00018
0003C
0005A
00074
00087
00095
0009B
0009B
00095
00088
00074
0005B
0003C
00019
3FFF3
3FFC9
3FF9D
3FF71
3FF44
3FF18
3FEEE
3FEC6
3FEA3
3FE84
3FE69
3FE55
3FE47
3FE3F
3FE3D
3FE43
3FE4F
3FE61
3FE79
3FE96
3FEB8
3FEDD
3FF06
3FF32
3FF5E
3FF8B
3FFB7
3FFE1
00009
0002E
0004F
0006A
00080
00090
0009A
0009E
0009B
00091
00081
0006C
00051
00031
0000D
3FFE5
3FFBC
3FF91
3FF65
3FF39
3FF0F
3FEE7
3FEC3
3FEA2
3FE86
3FE6F
3FE5E
3FE53
3FE4E
3FE50
3FE58
3FE67
3FE7B
3FE95
3FEB4
3FED7
3FEFD
3FF26
3FF51
3FF7D
3FFA8
3FFD3
3FFFB
00021
00043
00060
00079
0008B
00098
0009F
0009F
00099
0008D
0007B
00063
00046
00025
00000
3FFD8
3FFAF
3FF84
3FF59
3FF30
3FF07
3FEE2
3FEC0
3FEA2
3FE89
3FE75
3FE67
3FE60
3FE5E
3FE63
3FE6E
3FE7F
3FE96
3FEB1
3FED1
3FEF5
3FF1C
3FF45
3FF70
3FF9A
3FFC5
3FFED
00013
00037
00056
00070
00085
00095
0009F
000A2
0009F
00096
00088
00073
00059
0003B
00019
3FFF3
3FFCB
3FFA2
3FF78
3FF4F
3FF27
3FF00
3FEDD
3FEBE
3FEA3
3FE8D
3FE7C
3FE72
3FE6D
3FE6F
3FE76
3FE84
3FE97
3FEB0
3FECD
3FEEF
3FF13
3FF3B
3FF64
3FF8D
3FFB7
3FFE0
00006
0002A
0004B
00067
0007F
00091
0009D
000A4
000A4
0009F
00093
00081
0006B
0004F
00030
0000C
3FFE6
3FFBF
3FF96
3FF6D
3FF45
3FF1E
3FEFA
3FED9
3FEBD
3FEA4
3FE91
3FE84
3FE7D
3FE7B
3FE80
3FE8A
3FE9A
3FEB0
3FECA
3FEE9
3FF0C
3FF31
3FF58
3FF81
3FFAA
3FFD2
3FFFA
0001E
00040
0005E
00077
0008C
0009B
000A4
000A8
000A5
0009D
0008E
0007B
00062
00045
00024
00000
3FFDA
3FFB2
3FF8A
3FF62
3FF3B
3FF16
3FEF5
3FED6
3FEBC
3FEA7
3FE97
3FE8D
3FE88
3FE8A
3FE91
3FE9E
3FEB1
3FEC8
3FEE5
3FF05
3FF28
3FF4E
3FF75
3FF9E
3FFC6
3FFED
00012
00035
00054
00070
00086
00098
000A4
000AA
000AA
000A5
0009A
00089
00073
00059
0003A
00018
3FFF4
3FFCD
3FFA6
3FF7E
3FF57
3FF32
3FF10
3FEF0
3FED4
3FEBD
3FEAB
3FE9E
3FE96
3FE95
3FE99
3FEA3
3FEB3
3FEC8
3FEE1
3FEFF
3FF20
3FF44
3FF6A
3FF92
3FFB9
3FFE0
00006
0002A
0004A
00067
00080
00094
000A2
000AB
000AE
000AC
000A4
00096
00083
0006B
0004F
0002F
0000C
3FFE7
3FFC1
3FF9A
3FF73
3FF4E
3FF2A
3FF09
3FEEC
3FED3
3FEBE
3FEAF
3FEA5
3FEA1
3FEA2
3FEA9
3FEB6
3FEC8
3FEDF
3FEFA
3FF19
3FF3C
3FF60
3FF86
3FFAD
3FFD4
3FFFA
0001E
00040
0005E
00079
0008F
000A0
000AB
000B1
000B2
000AC
000A1
00091
0007C
00062
00044
00023
00000
3FFDB
3FFB5
3FF8E
3FF69
3FF45
3FF23
3FF04
3FEE9
3FED3
3FEC1
3FEB4
3FEAD
3FEAC
3FEB0
3FEBA
3FEC9
3FEDE
3FEF6
3FF13
3FF34
3FF57
3FF7C
3FFA2
3FFC8
3FFEE
00013
00035
00055
00071
00089
0009C
000AA
000B3
000B6
000B3
000AB
0009E
0008B
00074
00059
0003A
00018
3FFF4
3FFCE
3FFA9
3FF83
3FF5F
3FF3C
3FF1C
3FF00
3FEE7
3FED3
3FEC5
3FEBB
3FEB7
3FEB8
3FEBF
3FECC
3FEDD
3FEF4
3FF0E
3FF2D
3FF4E
3FF72
3FF97
3FFBD
3FFE3
00007
0002B
0004B
00069
00082
00098
000A8
000B3
000B9
000B9
000B4
000A9
0009A
00085
0006C
0004F
0002F
0000C
3FFE8
3FFC2
3FF9D
3FF78
3FF55
3FF34
3FF17
3FEFC
3FEE6
3FED5
3FEC9
3FEC2
3FEC1
3FEC5
3FECF
3FEDE
3FEF2
3FF0A
3FF26
3FF46
3FF68
3FF8C
3FFB1
3FFD7
3FFFC
00020
00041
00060
0007B
00093
000A5
000B3
000BB
000BE
000BC
000B4
000A7
00094
0007E
00063
00044
00023
00000
3FFDB
3FFB6
3FF92
3FF6E
3FF4C
3FF2D
3FF12
3FEFA
3FEE6
3FED8
3FECF
3FECB
3FECC
3FED3
3FEDF
3FEF1
3FF07
3FF21
3FF3F
3FF5F
3FF82
3FFA7
3FFCC
3FFF1
00015
00037
00057
00074
0008D
000A2
000B2
000BD
000C2
000C2
000BD
000B2
000A3
0008E
00076
00059
0003A
00018
3FFF4
3FFCF
3FFAB
3FF87
3FF65
3FF44
3FF27
3FF0E
3FEF8
3FEE8
3FEDC
3FED5
3FED4
3FED8
3FEE2
3FEF1
3FF04
3FF1C
3FF38
3FF57
3FF79
3FF9C
3FFC1
3FFE5
0000A
0002D
0004E
0006C
00087
0009D
000AF
000BD
000C5
000C8
000C5
000BD
000B0
0009E
00087
0006D
0004F
0002E
0000C
3FFE8
3FFC4
3FFA0
3FF7D
3FF5C
3FF3D
3FF22
3FF0B
3FEF8
3FEEA
3FEE1
3FEDD
3FEDE
3FEE5
3FEF2
3FF03
3FF18
3FF32
3FF4F
3FF70
3FF92
3FFB6
3FFDA
3FFFF
00022
00044
00063
00080
00098
000AC
000BC
000C7
000CC
000CC
000C7
000BC
000AC
00098
00080
00064
00045
00023
00000
3FFDC
3FFB8
3FF95
3FF73
3FF53
3FF37
3FF1E
3FF09
3FEF8
3FEED
3FEE6
3FEE5
3FEEA
3FEF3
3FF02
3FF15
3FF2D
3FF49
3FF67
3FF88
3FFAB
3FFCF
3FFF4
00017
0003A
0005A
00078
00092
000A8
000BA
000C7
000CF
000D2
000CF
000C7
000BA
000A8
00092
00077
0005A
0003A
00018
3FFF4
3FFD0
3FFAD
3FF8A
3FF6A
3FF4C
3FF31
3FF1A
3FF08
3FEFA
3FEF1
3FEED
3FEEF
3FEF6
3FF02
3FF13
3FF29
3FF42
3FF5F
3FF7F
3FFA1
3FFC5
3FFE9
0000D
00030
00051
00070
0008C
000A4
000B8
000C7
000D1
000D7
000D6
000D1
000C6
000B7
000A3
0008A
0006F
00050
0002F
0000C
3FFE8
3FFC5
3FFA2
3FF80
3FF61
3FF45
3FF2C
3FF18
3FF07
3FEFC
3FEF6
3FEF5
3FEFA
3FF03
3FF12
3FF25
3FF3D
3FF58
3FF77
3FF98
3FFBA
3FFDE
00002
00025
00047
00067
00085
0009F
000B4
000C6
000D3
000DA
000DD
000DA
000D2
000C5
000B3
0009D
00082
00065
00045
00023
00000
3FFDC
3FFB9
3FF97
3FF77
3FF59
3FF3F
3FF28
3FF16
3FF08
3FF00
3FEFD
3FEFE
3FF06
3FF12
3FF23
3FF38
3FF52
3FF6F
3FF8E
3FFB0
3FFD3
3FFF7
0001B
0003D
0005E
0007D
00098
000B0
000C4
000D3
000DD
000E2
000E2
000DC
000D1
000C2
000AE
00096
0007A
0005B
0003A
00018
3FFF4
3FFD1
3FFAE
3FF8D
3FF6E
3FF52
3FF3A
3FF25
3FF16
3FF0B
3FF05
3FF04
3FF09
3FF12
3FF21
3FF34
3FF4C
3FF67
3FF86
3FFA6
3FFC9
3FFEC
00010
00033
00055
00075
00092
000AB
000C1
000D2
000DF
000E6
000E9
000E6
000DD
000D0
000BE
000A8
0008E
00071
00051
0002F
0000C
3FFE8
3FFC5
3FFA3
3FF83
3FF66
3FF4C
3FF36
3FF23
3FF16
3FF0E
3FF0B
3FF0D
3FF14
3FF20
3FF31
3FF47
3FF60
3FF7D
3FF9D
3FFBF
3FFE2
00005
00029
0004B
0006C
0008B
000A6
000BE
000D1
000E0
000EA
000EE
000EE
000E8
000DD
000CE
000BA
000A1
00086
00067
00046
00023
00000
3FFDD
3FFBA
3FF99
3FF7A
3FF5F
3FF46
3FF32
3FF23
3FF18
3FF12
3FF12
3FF16
3FF20
3FF2F
3FF42
3FF5A
3FF75
3FF94
3FFB5
3FFD7
3FFFB
0001E
00041
00063
00083
000A0
000B9
000CF
000E0
000EC
000F3
000F5
000F2
000EA
000DD
000CA
000B4
0009A
0007D
0005D
0003B
00018
3FFF4
3FFD1
3FFAF
3FF8F
3FF72
3FF58
3FF42
3FF30
3FF23
3FF1A
3FF17
3FF1A
3FF21
3FF2E
3FF3F
3FF55
3FF6E
3FF8B
3FFAB
3FFCD
3FFF0
00014
00037
0005A
0007A
00099
000B4
000CC
000DF
000EE
000F7
000FC
000FB
000F5
000EA
000DB
000C6
000AE
00092
00073
00052
0002F
0000C
3FFE8
3FFC6
3FFA5
3FF86
3FF6A
3FF52
3FF3E
3FF2F
3FF24
3FF1E
3FF1E
3FF23
3FF2D
3FF3C
3FF50
3FF68
3FF83
3FFA2
3FFC3
3FFE5
00009
0002D
00050
00072
00091
000AE
000C8
000DD
000EE
000FA
00102
00103
00100
000F8
000EA
000D8
000C1
000A7
00089
00069
00047
00024
00000
3FFDD
3FFBB
3FF9B
3FF7E
3FF63
3FF4D
3FF3B
3FF2E
3FF26
3FF23
3FF26
3FF2D
3FF3A
3FF4C
3FF61
3FF7B
3FF99
3FFB9
3FFDB
3FFFE
00022
00046
00068
00089
000A8
000C3
000DB
000EE
000FD
00106
0010B
0010A
00104
000F9
000E8
000D4
000BB
0009F
00080
0005E
0003B
00018
3FFF4
3FFD1
3FFB0
3FF91
3FF76
3FF5D
3FF49
3FF3A
3FF2F
3FF2A
3FF29
3FF2F
3FF39
3FF48
3FF5C
3FF74
3FF90
3FFAF
3FFD0
3FFF3
00017
0003B
0005F
00081
000A1
000BE
000D7
000ED
000FE
0010A
00111
00113
0010F
00106
000F8
000E6
000CF
000B4
00096
00076
00053
00030
0000C
3FFE8
3FFC6
3FFA6
3FF89
3FF6E
3FF58
3FF46
3FF39
3FF31
3FF2E
3FF31
3FF39
3FF46
3FF58
3FF6E
3FF88
3FFA6
3FFC6
3FFE9
0000C
00031
00055
00078
00099
000B7
000D3
000EB
000FE
0010D
00116
0011B
0011A
00113
00108
000F7
000E2
000C9
000AD
0008D
0006B
00048
00024
00000
3FFDD
3FFBB
3FF9C
3FF80
3FF68
3FF54
3FF44
3FF39
3FF34
3FF34
3FF39
3FF44
3FF54
3FF68
3FF80
3FF9D
3FFBC
3FFDE
00001
00026
0004A
0006E
00090
000B1
000CE
000E8
000FD
0010E
0011B
00122
00123
0011F
00116
00108
000F5
000DE
000C3
000A4
00083
00060
0003C
00018
3FFF4
3FFD2
3FFB1
3FF93
3FF79
3FF62
3FF50
3FF43
3FF3B
3FF38
3FF3B
3FF43
3FF51
3FF63
3FF79
3FF94
3FFB2
3FFD3
3FFF6
0001B
0003F
00064
00087
000A9
000C8
000E4
000FC
0010F
0011E
00128
0012C
0012B
00124
00118
00108
000F2
000D9
000BC
0009B
00079
00055
00031
0000C
3FFE8
3FFC6
3FFA7
3FF8A
3FF72
3FF5D
3FF4E
3FF43
3FF3E
3FF3E
3FF43
3FF4E
3FF5E
3FF73
3FF8C
3FFA9
3FFC9
3FFEB
0000F
00034
00059
0007E
000A1
000C1
000DF
000F9
0010F
00121
0012D
00134
00135
00131
00128
0011A
00106
000EE
000D3
000B4
00092
0006E
0004A
00025
00000
3FFDD
3FFBC
3FF9D
3FF82
3FF6C
3FF59
3FF4C
3FF44
3FF42
3FF45
3FF4D
3FF5B
3FF6D
3FF85
3FFA0
3FFBF
3FFE0
00004
00029
0004F
00074
00098
000BA
000DA
000F6
0010E
00122
00131
0013B
0013F
0013E
00137
0012B
0011A
00104
000E9
000CC
000AB
00088
00063
0003E
00018
3FFF4
3FFD1
3FFB1
3FF94
3FF7B
3FF66
3FF57
3FF4C
3FF47
3FF47
3FF4D
3FF58
3FF68
3FF7E
3FF97
3FFB5
3FFD5
3FFF9
0001D
00043
00069
0008E
000B2
000D3
000F2
0010C
00123
00134
00141
00148
00149
00145
0013B
0012D
00119
00100
000E4
000C4
000A1
0007D
00057
00032
0000C
3FFE8
3FFC6
3FFA7
3FF8C
3FF75
3FF62
3FF55
3FF4D
3FF4A
3FF4D
3FF56
3FF64
3FF77
3FF8F
3FFAB
3FFCB
3FFED
00012
00038
0005E
00084
000A9
000CC
000ED
0010A
00122
00137
00146
00150
00154
00153
0014C
0013F
0012D
00117
000FC
000DD
000BB
00097
00072
0004B
00025
00000
3FFDD
3FFBC
3FF9E
3FF84
3FF6F
3FF5F
3FF54
3FF4E
3FF4F
3FF55
3FF60
3FF71
3FF87
3FFA2
3FFC0
3FFE2
00006
0002C
00053
0007A
000A0
000C4
000E7
00106
00121
00138
0014A
00157
0015E
0015F
0015B
00151
00142
0012D
00114
000F7
000D6
000B2
0008D
00066
0003F
00019
3FFF4
3FFD1
3FFB1
3FF95
3FF7D
3FF6A
3FF5C
3FF54
3FF52
3FF55
3FF5E
3FF6C
3FF80
3FF99
3FFB6
3FFD6
3FFFA
00020
00047
0006E
00096
000BC
000E0
00101
0011F
00138
0014D
0015D
00167
0016B
0016A
00162
00155
00143
0012C
00110
000F0
000CE
000A9
00082
0005A
00033
0000C
3FFE8
3FFC6
3FFA7
3FF8D
3FF77
3FF66
3FF5B
3FF56
3FF56
3FF5C
3FF68
3FF7A
3FF90
3FFAC
3FFCB
3FFEE
00013
0003A
00062
0008B
000B2
000D8
000FB
0011B
00138
0014F
00162
0016F
00176
00178
00173
00169
00159
00144
0012A
0010B
000EA
000C5
0009E
00076
0004E
00026
00000
3FFDC
3FFBB
3FF9E
3FF85
3FF72
3FF63
3FF5B
3FF58
3FF5C
3FF65
3FF74
3FF89
3FFA2
3FFC0
3FFE2
00006
0002E
00056
0007F
000A8
000CF
000F4
00117
00136
00150
00166
00176
00180
00185
00183
0017C
0016F
0015C
00143
00127
00106
000E2
000BB
00093
0006A
00041
0001A
3FFF4
3FFD0
3FFB1
3FF95
3FF7F
3FF6D
3FF61
3FF5C
3FF5C
3FF63
3FF6F
3FF81
3FF99
3FFB5
3FFD6
3FFFA
00020
00049
00073
0009C
000C5
000ED
00111
00133
00150
00169
0017C
0018A
00191
00193
0018E
00184
00173
0015D
00142
00123
00100
000D9
000B1
00088
0005E
00035
0000D
3FFE7
3FFC5
3FFA7
3FF8D
3FF78
3FF6A
3FF61
3FF5E
3FF61
3FF6B
3FF7B
3FF90
3FFAA
3FFC9
3FFED
00013
0003B
00066
00090
000BB
000E4
0010B
0012F
0014F
0016A
00181
00192
0019D
001A2
001A0
00199
0018B
00177
0015E
00140
0011E
000F9
000D0
000A7
0007C
00051
00028
00000
3FFDB
3FFBA
3FF9D
3FF85
3FF73
3FF67
3FF61
3FF61
3FF68
3FF75
3FF87
3FFA0
3FFBD
3FFDF
00005
0002D
00058
00083
000AF
000DA
00103
00129
0014C
0016B
00185
00199
001A8
001B0
001B2
001AD
001A2
00191
0017A
0015E
0013D
00119
000F1
000C7
0009B
0006F
00044
0001B
3FFF3
3FFCF
3FFAF
3FF94
3FF7F
3FF6F
3FF65
3FF62
3FF66
3FF70
3FF80
3FF96
3FFB1
3FFD2
3FFF7
0001F
00049
00075
000A2
000CE
000FA
00123
00148
0016A
00187
0019F
001B1
001BD
001C3
001C1
001B9
001AB
00197
0017C
0015D
0013A
00112
000E8
000BC
0008F
00063
00037
0000D
3FFE7
3FFC4
3FFA5
3FF8C
3FF78
3FF6B
3FF65
3FF65
3FF6B
3FF79
3FF8C
3FFA6
3FFC4
3FFE8
0000F
0003A
00066
00094
000C2
000EF
0011A
00143
00168
00189
001A4
001BA
001C9
001D2
001D5
001D0
001C5
001B3
0019B
0017E
0015C
00135
0010B
000DF
000B1
00083
00056
0002A
00000
3FFDA
3FFB8
3FF9B
3FF84
3FF73
3FF69
3FF65
3FF68
3FF72
3FF83
3FF9A
3FFB7
3FFD9
3FFFF
00029
00056
00085
000B4
000E3
00111
0013C
00164
00188
001A8
001C1
001D5
001E2
001E8
001E7
001DF
001D0
001BB
001A0
0017F
00159
00130
00104
000D5
000A6
00077
00048
0001C
3FFF3
3FFCD
3FFAD
3FF92
3FF7D
3FF6E
3FF67
3FF66
3FF6D
3FF7A
3FF8F
3FFA9
3FFC9
3FFEF
00018
00045
00074
000A4
000D5
00105
00133
0015F
00186
001A9
001C7
001DE
001F0
001FA
001FD
001F8
001ED
001DB
001C2
001A3
0017F
00157
0012A
000FC
000CB
0009A
0006A
0003B
0000E
3FFE5
3FFC1
3FFA2
3FF88
3FF76
3FF6A
3FF65
3FF68
3FF72
3FF83
3FF9B
3FFBA
3FFDD
00006
00032
00062
00093
000C5
000F8
00128
00157
00182
001A9
001CB
001E7
001FC
0020B
00212
00212
0020A
001FB
001E5
001C9
001A6
0017F
00153
00124
000F3
000C0
0008E
0005C
0002C
00000
3FFD8
3FFB4
3FF97
3FF7F
3FF6F
3FF66
3FF65
3FF6B
3FF79
3FF8E
3FFA9
3FFCB
3FFF2
0001E
0004E
00080
000B3
000E8
0011B
0014D
0017C
001A7
001CD
001ED
00207
0021A
00226
0022A
00227
0021C
00209
001EF
001CF
001A9
0017E
00150
0011E
000EA
000B5
00081
0004E
0001E
3FFF2
3FFCA
3FFA8
3FF8C
3FF76
3FF69
3FF63
3FF65
3FF6E
3FF80
3FF98
3FFB8
3FFDD
00008
00037
0006A
0009F
000D5
0010B
00140
00172
001A1
001CC
001F1
00210
00229
00239
00242
00243
0023C
0022E
00217
001FA
001D6
001AC
0017E
0014C
00117
000E0
000AA
00074
00040
0000F
3FFE3
3FFBC
3FF9B
3FF80
3FF6D
3FF62
3FF5F
3FF64
3FF72
3FF87
3FFA3
3FFC7
3FFF0
0001E
00051
00087
000BF
000F7
0012F
00165
00199
001C8
001F2
00217
00234
0024B
00259
0025F
0025D
00253
00240
00226
00204
001DD
001AF
0017D
00148
00110
000D7
0009E
00066
00031
00000
3FFD4
3FFAD
3FF8D
3FF74
3FF63
3FF5B
3FF5B
3FF63
3FF74
3FF8D
3FFAE
3FFD5
00002
00035
0006B
000A4
000DE
00119
00153
0018B
001BF
001EF
00219
0023D
00259
0026E
0027A
0027D
00278
0026A
00253
00235
00210
001E4
001B3
0017D
00144
00109
000CD
00092
00058
00022
3FFF0
3FFC3
3FF9D
3FF7E
3FF67
3FF58
3FF52
3FF55
3FF61
3FF75
3FF92
3FFB7
3FFE2
00013
00049
00083
000C0
000FD
0013B
00177
001B1
001E6
00216
00241
00264
0027F
00292
0029B
0029C
00294
00282
00268
00246
0021C
001EC
001B7
0017D
00141
00102
000C3
00085
0004A
00012
3FFDE
3FFB1
3FF8B
3FF6D
3FF57
3FF4A
3FF46
3FF4C
3FF5B
3FF73
3FF93
3FFBC
3FFEB
00020
0005B
00098
000D9
0011A
0015A
00199
001D4
0020C
0023D
00267
0028A
002A5
002B6
002BE
002BC
002B1
0029C
0027F
00259
0022B
001F7
001BD
0017F
0013F
000FC
000BA
00079
0003A
00000
3FFCB
3FF9D
3FF76
3FF57
3FF42
3FF36
3FF34
3FF3C
3FF4E
3FF69
3FF8D
3FFB9
3FFEC
00026
00064
000A6
000EA
0012F
00173
001B5
001F4
0022D
00260
0028C
002AF
002CA
002DB
002E2
002DE
002D0
002B9
00298
0026E
0023D
00204
001C6
00184
0013F
000F8
000B1
0006C
0002A
3FFEC
3FFB4
3FF83
3FF5B
3FF3B
3FF25
3FF19
3FF17
3FF20
3FF34
3FF51
3FF78
3FFA8
3FFDF
0001C
0005F
000A5
000EE
00137
00180
001C6
00208
00245
0027B
002AA
002CF
002EB
002FD
00304
00300
002F2
002D8
002B5
00288
00253
00217
001D4
0018D
00142
000F6
000A9
0005F
00017
3FFD4
3FF97
3FF61
3FF34
3FF10
3FEF7
3FEE8
3FEE5
3FEED
3FF00
3FF1E
3FF45
3FF77
3FFB0
3FFF1
00038
00082
000D0
0011F
0016D
001B9
00201
00244
00281
002B5
002E0
00300
00316
00321
0031F
00312
002FA
002D6
002A8
00271
00231
001EA
0019D
0014C
000F9
000A4
00051
00000
3FFB3
3FF6C
3FF2D
3FEF6
3FEC8
3FEA5
3FE8E
3FE83
3FE83
3FE90
3FEA9
3FECD
3FEFC
3FF34
3FF75
3FFBE
0000C
0005F
000B4
00109
0015E
001B0
001FE
00245
00285
002BC
002E8
0030A
0031F
00328
00324
00313
002F6
002CC
00297
00257
0020D
001BC
00163
00106
000A5
00042
3FFDF
3FF7F
3FF22
3FECB
3FE7A
3FE33
3FDF5
3FDC2
3FD9B
3FD81
3FD74
3FD74
3FD81
3FD9C
3FDC3
3FDF5
3FE33
3FE7A
3FEC9
3FF1F
3FF7B
3FFD9
00039
00099
000F6
00150
001A3
001EF
00232
0026A
00297
002B6
002C7
002CA
002BD
002A1
00274
00238
001ED
00192
00129
000B2
0002F
3FF9F
3FF05
3FE61
3FDB5
3FD02
3FC48
3FB8A
3FAC8
3FA03
3F93C
3F874
3F7AB
3F6E1
3F616
3F54A
3F47C
3F3AB
3F2D4
3F1F6
3F10B
3F00F
3EEF8
3EDBC
3EC47
3EA7F
3E833
3E510
3E06A
3D8AC
3C8DC
39318
0B270
09B5A
05186
3F6DD
03B41
3A39F
034BA
0F8D6
3E5F3
3ED54
3AEE5
31785
3444C
09190
06FCF
0B169
23A4C
386B9
397C0
3F997
0EAD0
0F325
3C3E1
05463
03761
38429
0189D
3CB96
07DC9
3E551
166A6
0759C
3FFCE
0110E
07B0E
0B394
3F4E7
28342
38A6F
03280
3A516
05ABE
37687
0678D
3CEFC
08E9A
03A27
354E8
3AB2F
2DF31
01160
30577
04530
0EB6D
02D50
06596
069F9
0C00B
3741E
3C841
35BD8
055B5
315B3
3F459
3921F
0367C
3CA94
32D69
0176F
35107
3B91F
3BF63
0280F
0BE22
38A69
1F18F
0B1AF
3C56C
32164
3ED4F
066B1
08F38
3E87F
3DC14
37D7E
013E8
379EA
06E42
3D372
01374
04668
0D8E9
06612
09895
3610B
0A969
3B4E8
06F9D
3361B
3C3A2
3255D
0042A
05385
3CC7D
3C2AB
3EE92
02B74
045A0
03C38
3AF2A
3B63A
36731
020E7
0695D
00B12
11AE6
0DEA6
087BE
2E1F0
04EE7
36F60
38195
0A293
0631A
3EA45
03081
3E114
3B2A3
3264B
04C08
07CD9
0E90B
0A0D4
34817
04E2D
3FC4D
3DF16
3182B
00331
0152F
0182B
37491
06CD0
2D7BC
057B7
066BD
36976
34011
390F8
3A5EA
041FC
06C8C
061C6
02B2A
068BE
0046F
3A06D
3FDC1
10846
0656F
138C7
38A2D
3B901
07EBA
3A6E9
03591
3C527
3CFBA
36136
00746
01AC7
31B22
3CCE0
075CC
3B308
3AE5B
3CA76
008C9
3A4A0
3F837
38C81
0099E
04E9C
02F4C
35147
07159
049F9
042E5
3E6BC
3A69E
06A25
0850A
3A076
3DCA7
06A3B
3CC4B
0E1D5
028AE
06607
0F045
3D579
081D3
04A8B
06673
028E6
3A672
08242
01867
09258
34639
0591D
00E8F
2D8B2
05083
386B9
3E79A
332F2
3D2FF
3DADC
3BACF
0556C
2E5B0
018EE
1327B
0544A
3B9B7
3F5AD
04F33
3BD6E
39FEC
37191
30CAE
3FB43
3A100
3F5E8
02DC5
11BAE
0602E
0A4D3
3BD1B
09E81
3A07D
34614
00F91
389CD
385C7
0EC5B
0AB1D
3F5A6
0738D
36CC1
0B849
37BCD
2F371
3F974
09824
3DA5E
2EC2F
3A23E
0CF81
0A5F4
04E18
3A8CD
08BDC
3A349
3E6A8
06144
07422
3EA72
3F47A
00AAF
04698
026E3
10F13
3F6BC
09970
00153
331B9
3C29C
3F164
065FF
3A48A
3F076
04EFD
04127
38F30
3BB46
3B72E
3EDA8
2F182
3E75B
028FB
3E458
147DD
02548
3C2F3
03EC5
36020
02597
09AD2
0B6DB
32081
07EE2
008AC
36AA1
02D62
07BF7
2345B
3C813
0D7FA
39E6A
02D38
3AF1C
3E65D
09895
3A0FB
065F8
02292
0BF6D
3F5E6
39199
07DDF
37411
154A5
032D4
3757A
3F5D8
00A8D
06EB2
00172
3C4CE
05853
3F1DE
034E0
3E07E
02FED
3CE7D
39ABF
08304
3F80A
034EB
020EA
316D8
017F2
355DB
0F58D
3350C
348E0
3DA9C
3F22E
3F914
3FB25
00363
384C3
3E4C0
3E81F
3F4A2
0878E
13D65
02F74
36D87
0588D
090DF
0C2E2
07FC8
05926
02068
3DCF7
3A635
37EEA
015E3
30922
0F478
326F8
0304E
05BAC
3AA6A
36414
013A8
0777E
008EF
3B3E2
33815
3FCDA
3DFB9
0FD7A
0BA8C
054BE
3F3F6
03426
00895
00485
033A3
082CB
349D5
07573
0B108
3813D
374C4
07695
0750B
04EB4
03359
301E3
35F6D
3AD65
3E794
2E332
3C01A
0BD61
09580
12CBB
3B2BE
0A7FC
0649D
37960
06028
3F3F2
0045F
077F5
3C10A
11079
0A1BA
31E0C
0577E
3DCEB
36F94
3E5E2
0781B
2DE3A
06E67
0B9ED
3EB79
3CD29
367FD
04F69
3B900
373C5
379E7
08B4B
28BAF
0BBC3
08067
0B91A
38C26
3BB6C
3F1DF
3552B
0629F
01D97
315EF
3A208
09DC5
3DFF7
38C6D
0290B
3A6EF
02A31
0E8B2
095E1
13B71
3667B
112CA
0F2E8
06FB9
09591
3A554
3FD8C
3BBE7
3BD4E
071AF
050CB
07E2E
2DC60
39070
0601D
01F1D
033FE
14F78
3C05B
11159
045BF
3FABE
3B7A2
04154
3F919
0655C
00389
074D0
3D42E
16180
39601
0CC0A
34D0A
08435
08864
3A749
3FF71
3DE01
3AC17
02291
381E4
0511E
05031
04536
0B4ED
3D2D6
38F7C
06A1A
0BB6B
03030
3C82C
3BFFE
06078
38108
3F5AF
3EC20
0A516
01E6D
0A308
0206E
0C983
01FF3
00000
36016
3F085
3EDF9
39511
0A790
0C3E2
3CA90
3F1AD
0C147
0ABF3
31604
39086
33454
021EB
35DFB
08B5A
06EF9
3B642
39015
356FC
0DA80
3BA99
02959
3DB01
369A6
00796
3991D
0512F
03FD5
39491
02F3A
07FB2
31218
0526E
39B72
2374D
3C467
046DA
07918
33014
3FE36
01CFF
338F1
21758
3F0FF
2B4D1
001A8
3C540
38B21
0A379
375A1
08F0E
3C1C2
3C6E4
0C781
39304
3EB05
2AC7E
0146C
0A358
3BE20
3FCE4
3E21F
1457B
006B2
02C04
3A48D
3FF33
3B11E
3ACDC
04403
3B34D
09C37
2DE8A
30CD3
2A3A1
3B3BD
31D96
3952F
3E8DE
0D5FC
38C55
2C7E0
106A7
07708
08090
00D65
03415
06790
02FB2
3B393
0C96B
3F227
2F954
0E8AE
08561
3ADAB
32096
3A622
12F98
02DCD
119EE
3708C
0EC80
030E6
0BBB1
0AADE
36227
3187E
2C243
0A09E
0A9EF
07D19
3E4C6
33DFD
2D864
35A10
3DF72
05A70
082AC
3B35A
03261
03F58
04974
01189
16F20
33A57
02B1E
32FAB
3FC8E
2E980
02F27
3273B
2A926
37404
09357
01D74
131E8
09267
3AECB
0505E
3ED79
31775
06C83
26DED
3C276
3E203
37694
3D76B
3DE7A
0EE64
37808
3F72E
0067F
3F63B
0E65A
3871B
2DB5C
00B81
0C2D9
0278C
023FE
31AE6
00BBB
028E7
24228
00637
384B3
03050
11E01
31B46
0A863
15BAA
37E49
0F69A
06BAF
05365
10441
3DFB5
09BFF
013ED
3A715
0A382
0CDC9
01122
3EA3A
2A78E
00C5E
3FC6B
3B6DC
3043A
3BBDC
08B83
08273
28D26
3BDAE
07DB8
04817
2CD46
2F6C1
08AC8
0D0A4
0022F
38E17
330B8
029A6
00DA2
03ABB
03523
09F0F
3327C
10F09
33785
3E629
3E4F9
07FF8
3E9ED
04FA8
3EF3C
0C580
0A0A0
02EFD
03092
39E4F
01BA0
3A910
2C7C6
375F6
39A53
2E82C
0436E
3FB6E
0FBCB
082B7
3E9DC
369FF
346E5
35C59
38A2B
35C16
0FC12
03087
37D1D
06EB2
0AC34
3CC55
3B7A4
00330
16456
01270
051F9
2C670
04ED4
3A7A1
357F5
07477
3DEE7
3E9C4
02595
134D8
064EF
05501
01A2A
33B48
0C400
01D59
306FF
007E4
04081
3C129
38173
0423E
0BFFA
3C653
3F364
390EC
3A125
2E801
0DC21
16879
3316E
35F91
07667
2CB94
37EC3
0ABE3
3FCE2
2E24F
3D61E
3E488
32706
3F2BA
3A30C
163FA
09072
13C12
00A27
07D7B
03D41
009F6
0918B
0B372
32704
319D4
020AF
3AB88
3276C
3F2E1
0C971
01EF7
3C9C3
086F4
0652F
3E41A
2F24A
3B877
11174
3823A
04CE2
09A94
38B57
3F32E
3B71A
3FBB4
31045
01D70
35125
1630E
06E83
28270
3EBBE
3AB2D
0764A
02CA1
35B51
3C6DD
034C4
1213A
0001A
2F23F
0B8B1
360F4
3EC91
3E367
35EAD
3DDDA
10312
36EC2
015DD
3E179
0508A
3992B
01058
271EF
04714
3AEAB
01436
322BE
037BB
09887
08B79
0A1F9
0FC9E
0E627
34447
08045
040FF
00044
00786
3C06F
10291
055A2
33995
3B740
15289
091FE
3B53D
311EF
3595F
3AF58
3B525
3B449
04FDE
350F3
05277
01D3C
0B7BB
2DC3A
2F9D1
11E63
36D64
3C24B
0CEBB
3A2AD
15290
37242
13490
0F554
3EE95
06E76
2D7B8
3FC66
28C08
32534
38D8B
3A706
35603
074C2
28E5E
0BE6C
00E1A
1016D
03BF1
2FA9C
0AB7B
39983
3EAB0
3ADEE
09A76
00141
1849F
37BA3
3A8E8
3EFC5
04F22
0CA21
0C6D3
00626
3280D
0041A
2778C
0B54D
04D5B
35463
3162D
37742
34C7B
01608
12034
39E9E
12397
08E0A
17D5E
37F84
00764
34285
04862
3A3C7
3EF85
015E1
0817F
0F639
03641
3D9B0
39B25
02F83
3558E
3C6A7
32F40
3C59A
33729
0291F
065FF
3E178
3E71D
39D18
0225F
04F54
07DC1
2D5DD
08085
0280A
027BE
3CB01
057BB
3087F
02781
02049
0EC44
0E952
38F19
390BC
39BE4
3E4B6
067A5
00BF5
004BE
032ED
09261
3C44F
3F31F
3750E
3BC70
0C2F5
3F252
3018C
0A760
03D52
155A6
39D75
389CA
3E912
3F3C4
35705
3FC85
03736
39EE3
398B0
12B26
39D05
39295
3A4C8
3D7C7
3996F
3275F
33E38
38B1D
06A87
3FD8F
0146E
02DE4
11607
08CD7
3B694
3E228
3EDEF
3F2D9
3F531
3F656
3F6DE
3F714
3F721
3F71C
3F716
3F719
3F72A
3F74C
3F783
3F7CE
3F82C
3F89D
3F91D
3F9AC
3FA45
3FAE5
3FB8A
3FC30
3FCD3
3FD70
3FE05
3FE8E
3FF09
3FF75
3FFCE
00016
00049
00069
00074
0006D
00053
00028
3FFEE
3FFA6
3FF53
3FEF7
3FE95
3FE30
3FDC9
3FD63
3FD02
3FCA6
3FC53
3FC0B
3FBCE
3FB9E
3FB7C
3FB68
3FB64
3FB6E
3FB87
3FBAD
3FBE0
3FC1D
3FC64
3FCB4
3FD08
3FD61
3FDBB
3FE15
3FE6D
3FEC0
3FF0C
3FF51
3FF8D
3FFBD
3FFE2
3FFFB
00006
00005
3FFF8
3FFDE
3FFB9
3FF89
3FF50
3FF0F
3FEC9
3FE7E
3FE30
3FDE2
3FD94
3FD4A
3FD04
3FCC5
3FC8D
3FC5F
3FC3A
3FC20
3FC11
3FC0E
3FC17
3FC2B
3FC4A
3FC73
3FCA6
3FCE0
3FD21
3FD67
3FDB1
3FDFC
3FE48
3FE92
3FED9
3FF1B
3FF56
3FF8B
3FFB7
3FFD9
3FFF1
3FFFE
00000
3FFF7
3FFE4
3FFC7
3FFA0
3FF71
3FF3A
3FEFE
3FEBD
3FE79
3FE33
3FDEE
3FDAA
3FD6A
3FD2E
3FCF8
3FCCA
3FCA4
3FC87
3FC74
3FC6B
3FC6C
3FC78
3FC8E
3FCAD
3FCD6
3FD06
3FD3D
3FD79
3FDBA
3FDFD
3FE42
3FE86
3FEC9
3FF08
3FF43
3FF78
3FFA6
3FFCC
3FFE8
3FFFC
00006
00006
3FFFC
3FFE8
3FFCB
3FFA6
3FF79
3FF46
3FF0D
3FED0
3FE91
3FE51
3FE10
3FDD2
3FD97
3FD60
3FD2F
3FD04
3FCE2
3FCC7
3FCB6
3FCAF
3FCB1
3FCBC
3FCD1
3FCEF
3FD14
3FD41
3FD75
3FDAD
3FDE9
3FE28
3FE68
3FEA8
3FEE6
3FF21
3FF58
3FF8A
3FFB4
3FFD8
3FFF3
00005
0000E
0000E
00005
3FFF3
3FFD8
3FFB5
3FF8B
3FF5B
3FF26
3FEED
3FEB2
3FE75
3FE39
3FDFE
3FDC6
3FD92
3FD63
3FD3B
3FD19
3FD00
3FCEF
3FCE7
3FCE8
3FCF2
3FD04
3FD1F
3FD42
3FD6C
3FD9B
3FDD0
3FE09
3FE44
3FE80
3FEBC
3FEF7
3FF2F
3FF64
3FF93
3FFBD
3FFDF
3FFFA
0000C
00016
00018
00010
00000
3FFE8
3FFC8
3FFA1
3FF75
3FF43
3FF0E
3FED6
3FE9C
3FE63
3FE2A
3FDF5
3FDC2
3FD95
3FD6D
3FD4C
3FD33
3FD21
3FD18
3FD17
3FD1F
3FD2F
3FD47
3FD66
3FD8C
3FDB9
3FDEA
3FE1F
3FE56
3FE90
3FEC9
3FF01
3FF37
3FF6A
3FF98
3FFC1
3FFE3
3FFFE
00012
0001D
00020
0001B
0000D
3FFF8
3FFDB
3FFB8
3FF8F
3FF60
3FF2E
3FEF9
3FEC3
3FE8C
3FE56
3FE22
3FDF1
3FDC4
3FD9D
3FD7C
3FD61
3FD4F
3FD44
3FD41
3FD46
3FD53
3FD68
3FD84
3FDA7
3FDD0
3FDFE
3FE2F
3FE64
3FE9A
3FED1
3FF07
3FF3C
3FF6D
3FF9A
3FFC3
3FFE5
00001
00016
00023
00028
00025
0001A
00008
3FFEE
3FFCE
3FFA8
3FF7D
3FF4E
3FF1C
3FEE8
3FEB3
3FE7F
3FE4D
3FE1D
3FDF1
3FDCA
3FDA8
3FD8D
3FD78
3FD6C
3FD66
3FD69
3FD73
3FD85
3FD9E
3FDBE
3FDE3
3FE0E
3FE3C
3FE6E
3FEA2
3FED6
3FF0A
3FF3D
3FF6E
3FF9A
3FFC3
3FFE5
00002
00018
00027
0002E
0002E
00026
00016
00000
3FFE3
3FFC0
3FF98
3FF6C
3FF3D
3FF0C
3FED9
3FEA7
3FE76
3FE47
3FE1B
3FDF4
3FDD2
3FDB5
3FDA0
3FD91
3FD89
3FD8A
3FD91
3FDA0
3FDB6
3FDD2
3FDF4
3FE1B
3FE47
3FE76
3FEA7
3FED9
3FF0C
3FF3D
3FF6D
3FF99
3FFC1
3FFE4
00002
0001A
0002A
00033
00036
00030
00024
00011
3FFF7
3FFD7
3FFB2
3FF89
3FF5C
3FF2D
3FEFD
3FECC
3FE9C
3FE6E
3FE43
3FE1C
3FDF9
3FDDC
3FDC4
3FDB4
3FDAA
3FDA8
3FDAD
3FDB8
3FDCB
3FDE4
3FE03
3FE28
3FE50
3FE7C
3FEAB
3FEDB
3FF0C
3FF3C
3FF6B
3FF96
3FFBF
3FFE3
00001
0001A
0002C
00038
0003C
0003A
00030
00020
00009
3FFEC
3FFCA
3FFA4
3FF7A
3FF4D
3FF1F
3FEF0
3FEC1
3FE94
3FE69
3FE42
3FE1E
3FE00
3FDE7
3FDD5
3FDC9
3FDC4
3FDC6
3FDCF
3FDDF
3FDF5
3FE11
3FE32
3FE58
3FE82
3FEAE
3FEDC
3FF0B
3FF3A
3FF68
3FF93
3FFBB
3FFE0
3FFFF
00019
0002D
0003B
00042
00042
0003B
0002E
0001A
00000
3FFE1
3FFBD
3FF96
3FF6B
3FF3F
3FF12
3FEE4
3FEB8
3FE8D
3FE66
3FE42
3FE23
3FE09
3FDF5
3FDE7
3FDE0
3FDDF
3FDE5
3FDF2
3FE05
3FE1E
3FE3D
3FE60
3FE86
3FEB0
3FEDD
3FF0A
3FF38
3FF64
3FF8F
3FFB8
3FFDC
3FFFD
00018
0002E
0003D
00046
00049
00045
0003A
00029
00012
3FFF6
3FFD5
3FFB0
3FF88
3FF5E
3FF32
3FF06
3FEDA
3FEB0
3FE88
3FE64
3FE44
3FE29
3FE13
3FE03
3FDFA
3FDF7
3FDFA
3FE04
3FE14
3FE2B
3FE46
3FE66
3FE8B
3FEB3
3FEDD
3FF08
3FF35
3FF60
3FF8B
3FFB3
3FFD8
3FFF9
00016
0002D
0003E
0004A
0004F
0004D
00045
00037
00023
0000A
3FFEB
3FFC9
3FFA3
3FF7A
3FF50
3FF25
3FEFB
3FED1
3FEAA
3FE85
3FE64
3FE48
3FE31
3FE1F
3FE13
3FE0E
3FE0F
3FE16
3FE23
3FE37
3FE4F
3FE6D
3FE8F
3FEB4
3FEDD
3FF07
3FF31
3FF5C
3FF86
3FFAE
3FFD4
3FFF5
00013
0002C
0003F
0004C
00053
00054
0004F
00044
00032
0001C
00000
3FFE0
3FFBC
3FF96
3FF6D
3FF44
3FF1A
3FEF1
3FEC9
3FEA5
3FE83
3FE66
3FE4D
3FE3A
3FE2C
3FE24
3FE23
3FE27
3FE32
3FE42
3FE58
3FE74
3FE93
3FEB6
3FEDC
3FF05
3FF2E
3FF58
3FF81
3FFA9
3FFCF
3FFF1
00010
0002A
0003F
0004E
00057
0005B
00058
0004F
00041
0002C
00013
3FFF6
3FFD4
3FFB0
3FF89
3FF60
3FF38
3FF0F
3FEE8
3FEC3
3FEA1
3FE83
3FE69
3FE54
3FE44
3FE3A
3FE36
3FE38
3FE40
3FE4E
3FE62
3FE7A
3FE97
3FEB8
3FEDC
3FF03
3FF2B
3FF54
3FF7C
3FFA4
3FFCA
3FFED
0000C
00027
0003E
0004F
0005A
00060
00060
00059
0004D
0003C
00025
0000A
3FFEB
3FFC8
3FFA3
3FF7C
3FF54
3FF2D
3FF06
3FEE1
3FEBE
3FE9F
3FE84
3FE6D
3FE5C
3FE50
3FE49
3FE49
3FE4F
3FE5A
3FE6B
3FE81
3FE9B
3FEBA
3FEDC
3FF01
3FF28
3FF4F
3FF77
3FF9F
3FFC4
3FFE8
00008
00024
0003C
0004F
0005C
00064
00066
00063
00059
0004A
00036
0001D
00000
3FFDF
3FFBC
3FF97
3FF70
3FF49
3FF22
3FEFD
3FEDA
3FEBB
3FE9E
3FE86
3FE73
3FE65
3FE5D
3FE5A
3FE5D
3FE66
3FE74
3FE87
3FEA0
3FEBC
3FEDC
3FEFF
3FF25
3FF4B
3FF72
3FF99
3FFBF
3FFE2
00003
00020
0003A
0004E
0005E
00068
0006C
0006B
00064
00057
00045
0002F
00014
3FFF5
3FFD4
3FFB0
3FF8A
3FF64
3FF3E
3FF19
3FEF6
3FED5
3FEB8
3FE9F
3FE8A
3FE7A
3FE70
3FE6B
3FE6B
3FE71
3FE7D
3FE8E
3FEA4
3FEBF
3FEDD
3FEFE
3FF22
3FF47
3FF6D
3FF94
3FFB9
3FFDD
3FFFE
0001C
00037
0004D
0005E
0006A
00071
00072
0006D
00063
00054
00040
00027
0000A
3FFEA
3FFC8
3FFA4
3FF7E
3FF59
3FF34
3FF11
3FEF0
3FED2
3FEB7
3FEA1
3FE8F
3FE83
3FE7B
3FE7A
3FE7E
3FE87
3FE96
3FEA9
3FEC1
3FEDD
3FEFD
3FF1F
3FF43
3FF68
3FF8E
3FFB3
3FFD7
3FFF9
00018
00033
0004B
0005E
0006C
00075
00078
00076
0006E
00061
0004F
00039
0001E
00000
3FFDF
3FFBC
3FF98
3FF73
3FF4E
3FF2B
3FF0A
3FEEB
3FECF
3FEB7
3FEA4
3FE95
3FE8C
3FE88
3FE8A
3FE91
3FE9D
3FEAE
3FEC4
3FEDE
3FEFC
3FF1C
3FF3F
3FF64
3FF88
3FFAD
3FFD1
3FFF3
00013
00030
00049
0005D
0006D
00078
0007D
0007D
00078
0006D
0005E
00049
00031
00015
3FFF5
3FFD4
3FFB0
3FF8C
3FF68
3FF45
3FF23
3FF03
3FEE7
3FECE
3FEB9
3FEA8
3FE9D
3FE97
3FE96
3FE9B
3FEA5
3FEB4
3FEC8
3FEE0
3FEFB
3FF1A
3FF3C
3FF5F
3FF83
3FFA7
3FFCB
3FFEE
0000E
0002C
00046
0005C
0006D
0007A
00082
00084
00081
00079
0006B
00059
00043
00028
0000A
3FFEA
3FFC8
3FFA5
3FF81
3FF5E
3FF3C
3FF1C
3FEFE
3FEE4
3FECD
3FEBC
3FEAE
3FEA6
3FEA3
3FEA6
3FEAD
3FEBA
3FECB
3FEE1
3FEFB
3FF18
3FF38
3FF5A
3FF7E
3FFA2
3FFC5
3FFE8
00009
00027
00042
0005A
0006D
0007C
00085
0008A
00089
00083
00078
00068
00053
0003B
0001F
00000
3FFDF
3FFBD
3FF99
3FF76
3FF54
3FF34
3FF15
3FEFA
3FEE2
3FECF
3FEC0
3FEB5
3FEB0
3FEB0
3FEB6
3FEC0
3FED0
3FEE3
3FEFB
3FF17
3FF35
3FF56
3FF79
3FF9C
3FFBF
3FFE2
00003
00022
0003E
00057
0006C
0007C
00088
0008F
00090
0008C
00083
00075
00063
0004C
00032
00015
3FFF5
3FFD4
3FFB1
3FF8E
3FF6C
3FF4B
3FF2C
3FF10
3FEF7
3FEE2
3FED1
3FEC5
3FEBE
3FEBC
3FEBF
3FEC7
3FED4
3FEE6
3FEFC
3FF16
3FF33
3FF52
3FF74
3FF96
3FFB9
3FFDC
3FFFD
0001D
0003A
00054
0006B
0007D
0008A
00093
00096
00095
0008E
00082
00072
0005D
00045
00029
0000B
3FFEA
3FFC8
3FFA6
3FF84
3FF63
3FF43
3FF26
3FF0C
3FEF5
3FEE3
3FED5
3FECC
3FEC7
3FEC8
3FECE
3FED9
3FEE9
3FEFD
3FF15
3FF30
3FF4F
3FF6F
3FF91
3FFB3
3FFD6
3FFF8
00018
00036
00051
00068
0007C
0008B
00096
0009C
0009C
00098
0008E
00080
0006D
00057
0003D
0001F
00000
3FFDF
3FFBD
3FF9B
3FF7A
3FF5A
3FF3C
3FF21
3FF09
3FEF5
3FEE5
3FEDA
3FED4
3FED2
3FED6
3FEDF
3FEED
3FEFF
3FF15
3FF2F
3FF4B
3FF6B
3FF8C
3FFAE
3FFD0
3FFF2
00012
00031
0004D
00066
0007B
0008C
00099
000A0
000A3
000A1
00099
0008D
0007D
00068
0004F
00033
00015
3FFF5
3FFD4
3FFB2
3FF91
3FF70
3FF52
3FF36
3FF1C
3FF07
3FEF5
3FEE8
3FEE0
3FEDD
3FEDE
3FEE5
3FEF1
3FF01
3FF15
3FF2D
3FF48
3FF66
3FF86
3FFA8
3FFCA
3FFEC
0000C
0002C
00049
00063
0007A
0008C
0009B
000A4
000A9
000A9
000A4
0009A
0008B
00078
00061
00047
0002A
0000B
3FFEA
3FFC9
3FFA7
3FF87
3FF68
3FF4A
3FF30
3FF19
3FF06
3FEF7
3FEED
3FEE8
3FEE7
3FEEC
3FEF5
3FF03
3FF16
3FF2C
3FF46
3FF63
3FF82
3FFA2
3FFC4
3FFE5
00007
00026
00044
00060
00078
0008C
0009C
000A7
000AE
000B0
000AD
000A5
00098
00087
00072
0005A
0003E
00020
00000
3FFDF
3FFBE
3FF9D
3FF7D
3FF60
3FF44
3FF2C
3FF17
3FF07
3FEFB
3FEF3
3FEF1
3FEF3
3FEFA
3FF06
3FF17
3FF2B
3FF44
3FF5F
3FF7D
3FF9D
3FFBE
3FFDF
00001
00021
0003F
0005C
00075
0008B
0009D
000AA
000B3
000B7
000B6
000B0
000A5
00096
00083
0006C
00051
00034
00015
3FFF5
3FFD4
3FFB3
3FF93
3FF75
3FF58
3FF3F
3FF29
3FF16
3FF08
3FEFF
3FEFA
3FEFB
3FF00
3FF0A
3FF18
3FF2B
3FF42
3FF5C
3FF79
3FF98
3FFB8
3FFD9
3FFFB
0001B
0003A
00058
00072
00089
0009D
000AC
000B7
000BD
000BE
000BA
000B1
000A4
00093
0007D
00064
00049
0002B
0000B
3FFEA
3FFC9
3FFA9
3FF8A
3FF6D
3FF52
3FF3A
3FF27
3FF17
3FF0B
3FF05
3FF03
3FF06
3FF0E
3FF1B
3FF2C
3FF41
3FF59
3FF75
3FF93
3FFB2
3FFD3
3FFF4
00015
00035
00053
0006F
00087
0009C
000AD
000BA
000C2
000C5
000C3
000BD
000B2
000A2
0008E
00077
0005C
0003F
00020
00000
3FFDF
3FFBF
3FF9F
3FF81
3FF65
3FF4D
3FF37
3FF26
3FF18
3FF10
3FF0C
3FF0D
3FF13
3FF1D
3FF2C
3FF40
3FF57
3FF71
3FF8E
3FFAD
3FFCD
3FFEE
0000F
0002F
0004E
0006B
00085
0009B
000AE
000BC
000C6
000CC
000CC
000C8
000BE
000B1
0009F
00089
00070
00054
00035
00016
3FFF5
3FFD4
3FFB4
3FF96
3FF79
3FF5F
3FF48
3FF35
3FF26
3FF1B
3FF15
3FF14
3FF18
3FF21
3FF2E
3FF3F
3FF55
3FF6E
3FF8A
3FFA8
3FFC7
3FFE8
00009
0002A
00049
00067
00082
0009A
000AE
000BE
000CA
000D1
000D4
000D2
000CA
000BF
000AE
0009A
00082
00067
0004A
0002B
0000B
3FFEA
3FFCA
3FFAB
3FF8D
3FF72
3FF5A
3FF45
3FF34
3FF27
3FF20
3FF1C
3FF1E
3FF25
3FF30
3FF40
3FF53
3FF6B
3FF85
3FFA3
3FFC2
3FFE2
00003
00024
00044
00062
0007E
00098
000AE
000C0
000CD
000D7
000DB
000DB
000D6
000CC
000BD
000AB
00095
0007B
0005F
00040
00021
00000
3FFDF
3FFC0
3FFA1
3FF85
3FF6B
3FF55
3FF43
3FF34
3FF2A
3FF25
3FF25
3FF29
3FF33
3FF40
3FF52
3FF68
3FF82
3FF9E
3FFBC
3FFDC
3FFFD
0001E
0003E
0005D
0007B
00095
000AD
000C0
000D0
000DB
000E2
000E4
000E0
000D9
000CC
000BB
000A6
0008E
00073
00055
00036
00016
3FFF5
3FFD5
3FFB6
3FF99
3FF7E
3FF66
3FF52
3FF41
3FF36
3FF2E
3FF2C
3FF2F
3FF36
3FF42
3FF52
3FF66
3FF7E
3FF99
3FFB7
3FFD6
3FFF7
00018
00039
00058
00076
00092
000AB
000C1
000D2
000DF
000E8
000EC
000EB
000E5
000DA
000CB
000B8
000A1
00087
0006A
0004C
0002C
0000B
3FFEA
3FFCB
3FFAC
3FF90
3FF77
3FF61
3FF4F
3FF42
3FF38
3FF34
3FF34
3FF3A
3FF44
3FF52
3FF65
3FF7B
3FF95
3FFB2
3FFD1
3FFF1
00012
00033
00053
00072
0008F
000A9
000C0
000D4
000E3
000ED
000F3
000F4
000F0
000E8
000DA
000C9
000B3
0009B
0007F
00061
00041
00021
00000
3FFE0
3FFC1
3FFA4
3FF89
3FF72
3FF5E
3FF4E
3FF43
3FF3D
3FF3B
3FF3E
3FF46
3FF53
3FF64
3FF79
3FF91
3FFAD
3FFCB
3FFEB
0000C
0002D
0004E
0006D
0008B
000A7
000BF
000D4
000E5
000F2
000FA
000FD
000FB
000F5
000E9
000D9
000C6
000AE
00093
00076
00057
00037
00016
3FFF5
3FFD5
3FFB7
3FF9C
3FF83
3FF6D
3FF5C
3FF4F
3FF46
3FF42
3FF43
3FF49
3FF54
3FF63
3FF77
3FF8E
3FFA8
3FFC6
3FFE5
00005
00027
00048
00068
00087
000A4
000BE
000D5
000E8
000F6
00100
00105
00106
00101
000F8
000EA
000D7
000C1
000A8
0008B
0006D
0004D
0002C
0000B
3FFEB
3FFCC
3FFAF
3FF94
3FF7D
3FF6A
3FF5B
3FF50
3FF4A
3FF49
3FF4D
3FF56
3FF63
3FF75
3FF8B
3FFA4
3FFC1
3FFDF
3FFFF
00021
00042
00063
00083
000A1
000BC
000D5
000E9
000FA
00106
0010D
0010F
0010D
00105
000F9
000E9
000D4
000BC
000A0
00083
00063
00042
00021
00000
3FFE0
3FFC2
3FFA6
3FF8E
3FF79
3FF68
3FF5B
3FF53
3FF50
3FF52
3FF59
3FF64
3FF74
3FF88
3FFA0
3FFBC
3FFDA
3FFF9
0001B
0003C
0005E
0007E
0009D
000BA
000D4
000EA
000FD
0010B
00114
00119
00118
00113
00109
000FA
000E7
000D0
000B6
00098
00079
00059
00037
00016
3FFF5
3FFD6
3FFB9
3FF9F
3FF88
3FF75
3FF66
3FF5C
3FF57
3FF57
3FF5C
3FF65
3FF74
3FF86
3FF9D
3FFB7
3FFD4
3FFF4
00014
00036
00058
0007A
0009A
000B8
000D3
000EB
000FF
0010F
0011B
00122
00123
00120
00118
0010B
000F9
000E4
000CA
000AE
00090
0006F
0004E
0002C
0000B
3FFEB
3FFCD
3FFB1
3FF98
3FF83
3FF73
3FF67
3FF5F
3FF5D
3FF60
3FF67
3FF74
3FF85
3FF9A
3FFB3
3FFCF
3FFEE
0000E
00030
00052
00074
00095
000B5
000D1
000EB
00101
00113
00121
0012A
0012E
0012C
00126
0011B
0010B
000F7
000DF
000C4
000A6
00086
00065
00043
00021
00000
3FFE1
3FFC3
3FFA9
3FF93
3FF80
3FF72
3FF68
3FF64
3FF64
3FF6A
3FF75
3FF84
3FF98
3FFAF
3FFCA
3FFE8
00008
0002A
0004D
0006F
00091
000B1
000D0
000EB
00103
00117
00127
00132
00138
00139
00134
0012B
0011D
0010B
000F4
000DA
000BD
0009D
0007C
0005A
00038
00016
3FFF5
3FFD7
3FFBB
3FFA3
3FF8E
3FF7E
3FF72
3FF6B
3FF6A
3FF6D
3FF76
3FF83
3FF95
3FFAC
3FFC6
3FFE3
00003
00024
00047
0006A
0008C
000AE
000CD
000EA
00104
0011A
0012C
00139
00141
00144
00142
0013B
0012F
0011E
00109
000F0
000D4
000B5
00094
00072
0004F
0002C
0000B
3FFEB
3FFCE
3FFB4
3FF9D
3FF8B
3FF7D
3FF74
3FF70
3FF71
3FF78
3FF84
3FF94
3FFA9
3FFC2
3FFDE
3FFFD
0001E
00041
00064
00087
000AA
000CB
000E9
00105
0011D
00130
00140
0014A
00150
00150
0014B
00140
00131
0011E
00106
000EB
000CC
000AC
0008A
00067
00043
00021
00000
3FFE1
3FFC5
3FFAD
3FF98
3FF88
3FF7D
3FF77
3FF76
3FF7B
3FF84
3FF93
3FFA6
3FFBE
3FFD9
3FFF7
00018
0003B
0005E
00082
000A6
000C8
000E8
00105
0011F
00135
00146
00153
0015A
0015D
0015A
00152
00144
00133
0011C
00102
000E4
000C4
000A2
0007F
0005B
00038
00016
3FFF6
3FFD8
3FFBD
3FFA7
3FF95
3FF87
3FF7F
3FF7C
3FF7E
3FF86
3FF93
3FFA4
3FFBA
3FFD4
3FFF2
00012
00035
00059
0007D
000A1
000C4
000E6
00105
00120
00138
0014C
0015B
00165
0016A
00169
00163
00158
00147
00132
00119
000FD
000DD
000BB
00098
00074
00050
0002C
0000B
3FFEB
3FFCF
3FFB7
3FFA2
3FF93
3FF88
3FF83
3FF83
3FF88
3FF93
3FFA3
3FFB7
3FFD0
3FFED
0000D
0002F
00053
00078
0009C
000C1
000E4
00104
00122
0013C
00152
00163
0016F
00176
00178
00174
0016B
0015C
00149
00131
00115
000F6
000D5
000B2
0008D
00068
00044
00021
00000
3FFE2
3FFC7
3FFB1
3FF9F
3FF92
3FF8A
3FF88
3FF8B
3FF94
3FFA2
3FFB5
3FFCD
3FFE8
00007
00029
0004D
00072
00098
000BD
000E1
00103
00123
0013F
00157
0016A
00179
00182
00186
00185
0017D
00171
0015F
00149
0012E
00110
000EF
000CC
000A7
00082
0005C
00038
00016
3FFF6
3FFD9
3FFC0
3FFAC
3FF9D
3FF93
3FF8E
3FF8F
3FF96
3FFA2
3FFB3
3FFC9
3FFE4
00002
00023
00047
0006C
00093
000B9
000DE
00102
00123
00141
0015C
00172
00183
0018F
00195
00195
00190
00186
00176
00161
00148
0012B
0010A
000E7
000C2
0009C
00076
00050
0002C
0000B
3FFEC
3FFD1
3FFBB
3FFA9
3FF9C
3FF95
3FF94
3FF98
3FFA2
3FFB2
3FFC6
3FFE0
3FFFD
0001E
00041
00067
0008E
000B5
000DB
00101
00124
00144
00160
00179
0018C
0019A
001A3
001A6
001A3
0019B
0018D
0017A
00162
00145
00126
00103
000DE
000B7
00090
00069
00044
00021
00000
3FFE3
3FFCA
3FFB6
3FFA7
3FF9D
3FF9A
3FF9C
3FFA4
3FFB1
3FFC4
3FFDC
3FFF8
00018
0003C
00061
00089
000B1
000D8
000FF
00124
00146
00165
0017F
00195
001A6
001B1
001B7
001B7
001B0
001A4
00193
0017C
00161
00142
0011F
000FA
000D3
000AC
00084
0005D
00038
00015
3FFF6
3FFDB
3FFC4
3FFB3
3FFA7
3FFA0
3FFA0
3FFA6
3FFB1
3FFC2
3FFD9
3FFF4
00013
00036
0005C
00084
000AC
000D5
000FD
00124
00148
00169
00186
0019E
001B2
001C0
001C8
001CA
001C6
001BC
001AC
00197
0017D
0015F
0013D
00118
000F1
000C8
000A0
00077
00050
0002C
0000A
3FFED
3FFD4
3FFBF
3FFB1
3FFA8
3FFA5
3FFA9
3FFB2
3FFC1
3FFD6
3FFF0
0000F
00031
00057
0007F
000A8
000D2
000FB
00124
0014A
0016D
0018C
001A8
001BE
001CE
001D9
001DD
001DC
001D4
001C6
001B3
0019A
0017D
0015B
00137
0010F
000E6
000BC
00093
0006A
00044
00020
00000
3FFE4
3FFCE
3FFBC
3FFB1
3FFAC
3FFAD
3FFB4
3FFC1
3FFD4
3FFED
0000B
0002C
00052
0007A
000A4
000CF
000F9
00123
0014C
00171
00193
001B1
001C9
001DD
001EA
001F1
001F2
001ED
001E1
001CF
001B8
0019C
0017B
00156
0012F
00105
000DB
000B0
00086
0005D
00037
00015
3FFF6
3FFDD
3FFC9
3FFBB
3FFB3
3FFB1
3FFB6
3FFC2
3FFD3
3FFEA
00007
00028
0004D
00075
000A0
000CB
000F8
00123
0014D
00175
0019A
001BA
001D5
001EC
001FC
00206
00209
00206
001FD
001ED
001D7
001BC
0019C
00178
00150
00126
000FA
000CE
000A2
00078
00050
0002B
0000A
3FFEE
3FFD7
3FFC6
3FFBB
3FFB7
3FFBA
3FFC3
3FFD2
3FFE8
00003
00024
00048
00071
0009C
000C8
000F6
00123
00150
0017A
001A0
001C3
001E2
001FB
0020E
0021B
00221
00220
00219
0020B
001F7
001DD
001BE
0019A
00173
00148
0011C
000EE
000C1
00095
0006A
00043
0001F
00000
3FFE6
3FFD2
3FFC5
3FFBE
3FFBE
3FFC5
3FFD3
3FFE7
00001
00020
00045
0006D
00098
000C6
000F5
00124
00152
0017E
001A8
001CE
001EF
0020B
00221
00231
0023A
0023C
00237
0022B
00219
00200
001E2
001BE
00197
0016C
0013F
00110
000E1
000B3
00086
0005C
00036
00014
3FFF7
3FFE0
3FFD0
3FFC6
3FFC4
3FFC8
3FFD4
3FFE6
3FFFF
0001D
00041
0006A
00095
000C4
000F4
00125
00155
00184
001B0
001D8
001FD
0021C
00235
00248
00253
00258
00256
0024C
0023C
00224
00207
001E4
001BD
00192
00164
00134
00103
000D3
000A4
00077
0004E
00029
00009
3FFEF
3FFDC
3FFD0
3FFCA
3FFCD
3FFD6
3FFE6
3FFFE
0001C
0003F
00067
00093
000C3
000F4
00127
00159
0018A
001B9
001E5
0020C
0022E
0024A
00260
0026F
00276
00277
0026F
00260
0024B
0022E
0020C
001E5
001B9
0018A
00159
00127
000F4
000C3
00094
00068
00040
0001D
00000
3FFEA
3FFDA
3FFD2
3FFD2
3FFD9
3FFE8
3FFFE
0001B
0003D
00066
00092
000C3
000F6
0012A
0015E
00192
001C4
001F2
0021D
00242
00262
0027B
0028D
00297
0029A
00294
00288
00273
00258
00236
0020F
001E3
001B3
00181
0014D
00118
000E4
000B2
00083
00058
00032
00012
3FFF8
3FFE6
3FFDB
3FFD8
3FFDD
3FFEA
3FFFF
0001B
0003D
00066
00093
000C4
000F9
0012F
00166
0019C
001D1
00202
00230
00259
0027C
00298
002AD
002BA
002BF
002BC
002B1
0029F
00284
00263
0023C
0020F
001DE
001AA
00174
0013D
00107
000D2
000A0
00071
00048
00025
00008
3FFF3
3FFE5
3FFE0
3FFE3
3FFEE
00002
0001D
0003F
00068
00096
000C9
000FF
00137
00170
001AA
001E1
00216
00247
00274
0029A
002B9
002D1
002E1
002E9
002E8
002DF
002CD
002B4
00293
0026B
0023E
0020B
001D6
0019D
00164
0012A
000F2
000BD
0008B
0005F
00038
00018
00000
3FFF0
3FFE8
3FFEA
3FFF4
00006
00021
00043
0006D
0009C
000D1
00109
00144
00180
001BC
001F7
00230
00265
00294
002BE
002E1
002FC
0030E
00318
00319
00311
00300
002E7
002C5
0029D
0026E
0023A
00202
001C7
0018B
0014E
00113
000DA
000A5
00075
0004B
00028
0000D
3FFFB
3FFF2
3FFF2
3FFFB
0000D
00028
0004C
00076
000A8
000DF
0011A
00158
00198
001D8
00217
00253
0028B
002BF
002EC
00311
0032F
00344
0034F
00351
0034A
00339
0031E
002FC
002D1
002A0
00269
0022E
001F0
001AF
0016F
00130
000F3
000BA
00087
0005A
00035
00018
00004
3FFFA
3FFFA
00004
00018
00034
0005A
00088
000BD
000F8
00137
0017A
001BE
00203
00246
00287
002C3
002FA
0032A
00353
00372
00388
00394
00395
0038C
00379
0035C
00336
00308
002D2
00296
00256
00212
001CD
00187
00143
00102
000C6
0008F
00060
00039
0001C
00009
00000
00002
0000F
00027
00049
00075
000AA
000E5
00127
0016E
001B8
00204
0024F
00299
002DF
00320
0035A
0038D
003B6
003D5
003E9
003F2
003EF
003E0
003C6
003A1
00373
0033B
002FC
002B6
0026C
0021E
001D0
00182
00137
000F1
000B0
00077
00047
00022
00008
3FFFB
3FFFA
00005
0001E
00043
00073
000AF
000F4
00140
00193
001EB
00245
0029F
002F8
0034C
0039C
003E3
00420
00453
00479
00492
0049C
00498
00484
00462
00432
003F5
003AD
0035A
002FE
0029D
00237
001D0
0016B
00109
000AD
0005A
00012
3FFD8
3FFAD
3FF93
3FF8C
3FF97
3FFB7
3FFEA
00032
0008B
000F7
00172
001FB
00290
0032D
003D0
00476
0051B
005BB
00654
006E3
00763
007D4
00832
0087D
008B4
008D6
008E7
008EA
008E4
008DF
008EC
00922
009AA
00ACF
00D27
01211
01DD8
0496C
37329
2E9F9
3D21C
3EB92
00271
39579
074E3
0C1C8
0D8A1
06691
02839
05B38
06D6B
062FB
2D4DA
06750
0611D
3C8CA
0037B
0A8FB
00C3C
016EE
07636
0628B
2AA5A
3C2AE
358A0
0FE74
00DAE
33D0B
04390
08AF2
00CE1
03BB1
36D9F
3CD13
3FB42
3F40B
3985B
01B4A
0641C
06F44
070E7
316AE
313BC
3DFB7
3D87F
0F781
3A845
034FF
3D842
3D7F6
37F7B
12A23
3823F
3B0AC
3DDA1
062E8
018E3
01E88
39A01
3D6E1
0C8D7
03A66
0D0C0
03959
0AA72
3D07D
064DB
02650
3C9BF
309C7
37E81
3EA1F
0107B
05C39
3B79E
0BD7B
3F89C
0807C
282A2
371F6
2DC69
06162
2DFCC
3E9F8
0B385
088BE
0E9D3
0AB9D
3B2A5
34AB3
18874
3FBE6
0D7F3
3F9DA
3392D
335DF
3B0DE
0103B
05718
0845D
27B61
3FEBF
3658A
05212
01550
0667D
35485
10564
3C40F
2FE93
3F1E6
34194
171A2
38B3E
0A9FD
058FA
07275
0DACC
173F8
0039A
12848
3918A
0116B
30AAC
2CB70
08DBE
2AD70
05D53
33145
03DB5
0929C
2E19D
1062F
123C6
34845
3E2C4
3AD89
0AF0D
3B022
04BB7
04ADB
050A8
0A6A1
0EE11
04AC3
36E02
2AD77
048C0
0C66B
3AA5E
2FD6F
03F91
3F87A
3FFBC
3BF01
37FBB
0BBB9
319D9
30362
35E07
37487
36779
3C845
0DD42
3EBCA
05155
3B8EC
18E11
3EFA8
066D5
3AF76
01E87
3EA23
0913E
2FCEE
02226
0A153
01C99
0136F
09F0C
3474F
10DC1
3FFE6
2DEC6
3CB3C
03923
0A4AF
3D35F
389B6
054D3
01442
17D90
3917D
29CF2
0AEDB
3E290
0EFBB
0044C
048E6
00CD2
074A9
3656C
3B31E
07DC6
2EE8C
04789
10DB6
01BE6
39AD1
3790C
0363D
3E109
3368F
00D1F
0D894
05478
3DF51
0E62C
0D8FC
34C8E
36E75
3F60A
3C2BF
38285
3F5D9
2C3EE
36F8E
29C06
05CF4
00D46
0D8FA
01B78
029E2
11DB1
0031E
3541D
0813D
1346C
38999
0A06F
0CE92
29787
323DF
117FF
05EDB
06F14
00C9C
039AD
34006
3BDC2
07E8D
03ED7
3BF7F
3F81C
0F901
3E2A7
33C00
0C4B8
3E5D6
3AAFF
39B11
2CB28
3DA6B
0163C
02119
38B89
0A80B
0585F
3B12C
13990
3AE07
3ED90
29BAA
3FCD0
0485C
033AB
353CC
3914E
082E3
3CF79
303EE
0A3EA
075D5
0A3A7
0B91B
09601
01624
37D49
30435
00492
3BC92
117D4
065AD
08A0A
1383A
056F0
3E460
061B1
3CF6E
3D103
35F60
33A80
010C4
3B058
01613
38008
01B07
019D7
0C87B
2F0F7
0CD84
360F1
3CADD
3C545
3F25E
3D65A
0CF48
071E9
3FDD1
32F5C
37538
1093F
132BA
3B7E9
38248
04252
172DA
37D8D
3747D
04424
0FBC6
04924
00395
3F3A2
15872
015C6
3EEDE
33237
35C7E
058EB
3EC13
36401
0204B
2FBBF
3AC9B
39451
30966
081B7
2A456
3579D
0E4BA
2E1FF
3CFB0
07B4D
3F9C9
1BDD8
3D719
3F445
0E51A
3DC02
3D874
33D27
3F47F
124A4
078E5
319A6
009C5
3F981
008D2
087F8
3119C
02186
02895
0896C
01DFD
03D8A
19213
3937D
0E88B
01287
3AFA2
05135
36D99
2CE18
3E28C
36CA9
08BFC
156DA
0D8C5
3D0D9
11680
00372
0D055
3D4E2
0C5A9
290E0
3EE77
3B68C
3C0A8
3CD9F
04CA6
37D54
3A590
0208E
0A5F0
1279C
0C203
01B3A
382E7
35611
35F62
13DBD
0E782
09DD9
35522
3444F
3CF1A
31380
08F74
2E612
3D233
2D068
059DE
0DF6A
05255
37A9F
31752
106AC
00DD9
33695
04C6D
3D04E
39870
3CBEB
3F29B
37F70
388F8
2F959
13820
073AB
32A04
01722
06AD1
0E26A
04C43
15C5F
0F32D
12176
363C9
04CB3
3BBFD
05324
04EE2
000CD
05B73
3D3FC
3F94E
2BA85
01DE1
0031C
041E0
35CA8
3EB94
15382
014FB
06CFC
3387F
0391C
03E3E
370F2
08A5F
35C87
074DF
03AC0
3FE58
14B2F
00F01
1E8A8
0C70F
3E301
001CA
0CFEC
386E8
3B926
03B99
1C8B3
0648E
3AD92
0EDE8
3804E
3D0C6
06B6F
3C02B
3AED1
066E3
3F86A
0965A
024FF
3D6A7
04567
32580
0A904
06FEB
049BE
39107
374A6
0A205
3DE15
0CBAC
06F7A
0E9FC
3540D
33EB9
00E53
03570
33C1E
35870
06AEF
01207
00F7B
09FEA
00000
32E2E
01035
3AEF4
3EC2E
00192
3C922
3C33F
3B1A3
3AE4F
385DD
0D1B0
3F08A
34A01
3C132
3037E
3932A
09AAF
0A101
3CEF3
0AEB0
0DBA5
33C54
07432
11097
37F25
3984D
33C3A
3CD0D
35FE2
38411
3DE05
3F5B5
01E4D
37F14
39C4D
03C02
352F1
37550
04F81
389B9
3E40A
3EB6D
37884
3CB24
05109
0948A
2F6F9
34097
016B8
3BC7F
03E57
35F30
0189C
385B1
3F35F
2A42C
023C7
05E96
081D4
3D99B
02C5A
34172
0AB10
094DC
015C4
33159
07AE2
03630
02C18
37ACC
3E014
3A3EA
3CC8C
3F4D1
39C00
0857E
3512C
3F4E5
05EF8
01A37
08102
31A25
0747B
02879
3BDD2
3784C
10BC3
3E09D
367EF
343FA
3DA08
386D4
0C227
2D966
02FCE
03043
3F156
024A5
05D0C
3A564
06E2E
0FC97
344B8
06985
00E2F
018FE
37537
05472
00430
09BD8
3BA53
0A80A
04525
28427
007AA
3AA5B
053E5
04AB0
38CAF
02A9E
0B033
3C183
3C734
3DE5B
02195
02D1D
372D5
00505
046A1
00671
025A1
03F4A
3F800
3B26A
3F378
3D550
05AFE
01BEE
3A57A
03ED5
3729A
3CA36
3D11F
06383
014BA
37045
39335
3E442
37088
3EFC2
3848E
345B0
3CD1E
3C019
3E77D
0400A
033C0
0373A
3420A
00262
0C578
3B3F9
0B4F8
3D804
3E904
37EA5
0688D
0119D
0548C
3A248
0308F
0347C
05DCD
06183
2F15C
031C9
3AF5D
3A8F7
0AEA3
3A7F2
095A7
3E92A
10DE3
03953
01A6D
0757F
3AE89
3F76A
37F44
3460C
0B8CA
3852B
3E8E1
3C377
38CED
3F358
0D991
3D680
3C350
3F2AC
355BD
0D5CE
006AB
00143
3E646
03465
3CD04
055A9
07E38
3F2A8
011F7
0193B
392CE
3E2E9
01489
3CF10
31AB4
2DA46
021C3
003A8
3EC57
09BAC
39812
3D963
0A7F4
09E05
35C9C
3F11C
3803F
03813
04E0F
3C489
05EED
051ED
0BBCC
02E7F
3349C
316D2
06C80
0799F
05F92
2EA80
3F913
00438
36349
07B57
010D6
01BAA
3F602
3BF06
00F1D
3A30C
0983E
35C03
00F75
01E7B
028F0
39DA6
35F7C
3AF8F
0261B
3E809
0F341
039AD
3B86C
0851D
3A1E6
073B5
3607E
38CEE
35D29
083F6
057BE
09661
3F7F1
3F0F5
077F0
35723
2A441
0B727
044DA
379D5
037FB
3E954
07BCF
16DF4
3843A
3823E
01324
35CAE
099F2
0456F
06762
3AA9A
088E7
3816B
0143A
00589
0BD52
002B0
39C6E
3C338
33ABC
08497
00118
079E9
06FC5
09EF1
38D3B
2D616
3A335
3CD1A
33E0A
3684C
3E8C9
0729C
03391
06E79
0EA64
381AA
3A02C
3F828
3A8B5
39F88
3DE6C
01122
0FA5B
3D5D1
00478
06A7D
30E10
05533
00705
0529F
39A5F
36D85
0141F
3EF26
3DD52
3A15E
03F42
3DB44
33ADF
3DDF8
02842
3E69E
01B5D
3B812
3D93A
0148D
026B5
0ED7F
3C34C
3DF33
3E44E
0688E
3299C
3EBF2
07A0A
0919C
077BF
001E3
0A249
0444C
08BB5
3C4A8
38883
3FC3B
0DE94
3E1C7
3E3B9
0013E
04539
07799
3DD76
3C90F
34716
3EACD
2D4B8
35646
3B73D
08C20
02EB6
38D6B
0F8D5
00415
0BB7D
3FE0D
0D439
0536E
0ACD7
3D27B
2CBA4
3FE68
30EE9
05015
3086C
38F92
36A50
01B61
035C9
33440
367E2
3EA08
05768
02EB6
3CAB4
0229F
3CC81
0D51A
00FFA
3C1CD
3F263
088E3
0668F
0595A
3EC23
3DBCD
2DC7C
3AF2B
337C6
15ECC
080A2
02CA0
36245
06AB2
08F96
372ED
344FD
359B9
0407B
12403
3CCAB
076A4
3B6F4
06A4D
3CF48
39D5D
09AA7
3CC3D
07736
3633A
09F39
3F8D7
00DD6
3F44A
3AC70
04F40
08B04
343BB
3E34D
04C70
3FAA2
00A2E
3B8F7
05126
2DB85
0B23C
3C980
065D7
00A57
3659E
3BB11
30E1B
3B749
3B0FF
052BF
047BC
3BE6A
009CD
008FE
037D2
03E06
0327A
013C4
3EA27
139E5
3655E
3E34A
09ED3
3A528
0ABD3
39169
0279E
045C1
3DF95
2D420
0B983
39203
37A86
08DF2
3F23E
3FDA1
352ED
0BFA9
02DDF
27E09
2C158
3BA0A
030C4
0282F
371FD
019A3
094ED
02128
3E3DB
03753
071C1
37930
3D9A1
04810
01778
04C73
05B99
33C40
158E8
04AE1
077F2
08FF0
0ABC0
2EADD
3735C
0A801
3B8F6
3D416
3DB24
3DEBF
3E12B
3E30E
3E4AA
3E620
3E782
3E8DA
3EA30
3EB86
3ECDF
3EE3C
3EF9B
3F0FD
3F25E
3F3BD
3F517
3F66A
3F7B1
3F8EB
3FA13
3FB28
3FC27
3FD0C
3FDD7
3FE85
3FF16
3FF87
3FFDA
0000E
00023
0001C
3FFF9
3FFBC
3FF68
3FEFF
3FE86
3FDFE
3FD6B
3FCD1
3FC34
3FB97
3FAFD
3FA6B
3F9E2
3F967
3F8FA
3F8A0
3F859
3F826
3F80A
3F803
3F812
3F836
3F86F
3F8BB
3F919
3F986
3FA00
3FA84
3FB10
3FBA0
3FC33
3FCC4
3FD51
3FDD8
3FE55
3FEC6
3FF2A
3FF7E
3FFC2
3FFF4
00013
0001F
00019
00001
3FFD7
3FF9E
3FF57
3FF03
3FEA5
3FE3F
3FDD3
3FD64
3FCF5
3FC87
3FC1E
3FBBC
3FB63
3FB14
3FAD2
3FA9D
3FA78
3FA62
3FA5C
3FA66
3FA80
3FAA8
3FADF
3FB23
3FB71
3FBCA
3FC2A
3FC8F
3FCF8
3FD62
3FDCA
3FE30
3FE90
3FEE8
3FF38
3FF7D
3FFB6
3FFE2
00000
00010
00012
00006
3FFEC
3FFC5
3FF92
3FF55
3FF0F
3FEC2
3FE6F
3FE18
3FDC0
3FD69
3FD13
3FCC2
3FC78
3FC34
3FBFA
3FBCB
3FBA6
3FB8E
3FB82
3FB84
3FB92
3FBAC
3FBD2
3FC03
3FC3D
3FC80
3FCCA
3FD19
3FD6C
3FDC0
3FE14
3FE67
3FEB6
3FF00
3FF43
3FF7E
3FFAF
3FFD7
3FFF3
00004
0000A
00003
3FFF2
3FFD5
3FFAE
3FF7F
3FF47
3FF09
3FEC5
3FE7E
3FE35
3FDEB
3FDA3
3FD5E
3FD1E
3FCE3
3FCAF
3FC84
3FC62
3FC4A
3FC3C
3FC39
3FC41
3FC53
3FC6F
3FC95
3FCC3
3FCF9
3FD35
3FD76
3FDBA
3FE01
3FE48
3FE8E
3FED2
3FF12
3FF4C
3FF80
3FFAC
3FFD0
3FFEB
3FFFC
00004
00001
3FFF5
3FFDF
3FFC0
3FF99
3FF6B
3FF37
3FEFE
3FEC2
3FE83
3FE44
3FE05
3FDC8
3FD8F
3FD5B
3FD2C
3FD05
3FCE5
3FCCD
3FCBF
3FCB9
3FCBD
3FCCA
3FCE0
3FCFE
3FD24
3FD50
3FD83
3FDBA
3FDF4
3FE31
3FE6F
3FEAC
3FEE8
3FF20
3FF54
3FF83
3FFAB
3FFCD
3FFE6
3FFF7
00000
00000
3FFF7
3FFE6
3FFCD
3FFAD
3FF86
3FF59
3FF28
3FEF4
3FEBD
3FE85
3FE4D
3FE17
3FDE4
3FDB5
3FD8A
3FD65
3FD47
3FD30
3FD21
3FD1A
3FD1B
3FD24
3FD35
3FD4E
3FD6D
3FD93
3FDBE
3FDEE
3FE21
3FE57
3FE8D
3FEC4
3FEF9
3FF2C
3FF5B
3FF86
3FFAB
3FFCB
3FFE3
3FFF4
3FFFE
00000
3FFFA
3FFEC
3FFD8
3FFBC
3FF9B
3FF74
3FF49
3FF1B
3FEEA
3FEB8
3FE86
3FE55
3FE27
3FDFB
3FDD3
3FDB1
3FD94
3FD7E
3FD6E
3FD66
3FD65
3FD6B
3FD78
3FD8D
3FDA8
3FDC8
3FDEE
3FE18
3FE45
3FE75
3FEA6
3FED7
3FF07
3FF36
3FF61
3FF89
3FFAC
3FFCA
3FFE1
3FFF3
3FFFD
00000
3FFFD
3FFF2
3FFE1
3FFCA
3FFAD
3FF8B
3FF65
3FF3B
3FF0F
3FEE2
3FEB5
3FE88
3FE5D
3FE34
3FE0F
3FDEF
3FDD3
3FDBD
3FDAD
3FDA4
3FDA1
3FDA5
3FDB0
3FDC1
3FDD7
3FDF4
3FE15
3FE3A
3FE63
3FE8E
3FEBA
3FEE7
3FF14
3FF3E
3FF67
3FF8C
3FFAD
3FFCA
3FFE1
3FFF2
3FFFD
00002
00000
3FFF8
3FFEA
3FFD6
3FFBC
3FF9E
3FF7C
3FF57
3FF2F
3FF06
3FEDC
3FEB3
3FE8A
3FE64
3FE41
3FE22
3FE08
3FDF2
3FDE2
3FDD8
3FDD4
3FDD6
3FDDE
3FDEC
3FDFF
3FE18
3FE36
3FE57
3FE7C
3FEA3
3FECC
3FEF5
3FF1E
3FF46
3FF6C
3FF8F
3FFAF
3FFCA
3FFE1
3FFF2
3FFFE
00003
00003
3FFFD
3FFF2
3FFE0
3FFCA
3FFAF
3FF91
3FF6F
3FF4A
3FF25
3FEFE
3FED7
3FEB2
3FE8E
3FE6D
3FE4F
3FE35
3FE1F
3FE0F
3FE04
3FDFF
3FDFF
3FE05
3FE11
3FE22
3FE38
3FE52
3FE70
3FE91
3FEB5
3FEDB
3FF01
3FF27
3FF4D
3FF70
3FF92
3FFB0
3FFCB
3FFE1
3FFF2
3FFFF
00005
00007
00003
3FFF9
3FFEA
3FFD7
3FFBF
3FFA3
3FF84
3FF63
3FF40
3FF1C
3FEF7
3FED4
3FEB2
3FE92
3FE75
3FE5C
3FE47
3FE36
3FE2B
3FE24
3FE23
3FE27
3FE31
3FE3F
3FE53
3FE6A
3FE86
3FEA4
3FEC5
3FEE8
3FF0B
3FF2F
3FF53
3FF75
3FF95
3FFB2
3FFCC
3FFE2
3FFF3
00000
00008
0000A
00008
00000
3FFF3
3FFE2
3FFCD
3FFB4
3FF97
3FF79
3FF58
3FF36
3FF14
3FEF3
3FED2
3FEB4
3FE98
3FE7F
3FE6A
3FE59
3FE4D
3FE46
3FE43
3FE46
3FE4D
3FE5A
3FE6B
3FE80
3FE98
3FEB4
3FED3
3FEF3
3FF14
3FF36
3FF58
3FF78
3FF97
3FFB3
3FFCD
3FFE2
3FFF4
00001
0000A
0000E
0000D
00007
3FFFC
3FFED
3FFDA
3FFC3
3FFA9
3FF8C
3FF6E
3FF4E
3FF2E
3FF0E
3FEEF
3FED2
3FEB7
3FE9E
3FE89
3FE78
3FE6C
3FE63
3FE60
3FE61
3FE67
3FE71
3FE80
3FE93
3FEA9
3FEC3
3FEDF
3FEFD
3FF1D
3FF3D
3FF5D
3FF7C
3FF99
3FFB5
3FFCE
3FFE3
3FFF5
00003
0000C
00011
00011
0000D
00004
3FFF7
3FFE6
3FFD1
3FFB9
3FF9E
3FF82
3FF64
3FF46
3FF27
3FF09
3FEED
3FED3
3FEBB
3FEA6
3FE95
3FE87
3FE7E
3FE79
3FE79
3FE7D
3FE86
3FE93
3FEA4
3FEB9
3FED0
3FEEA
3FF07
3FF24
3FF42
3FF61
3FF7F
3FF9B
3FFB6
3FFCF
3FFE4
3FFF6
00004
0000E
00014
00016
00013
0000B
00000
3FFF1
3FFDE
3FFC8
3FFAF
3FF94
3FF78
3FF5B
3FF3E
3FF22
3FF06
3FEEC
3FED5
3FEC0
3FEAE
3FEA0
3FE97
3FE91
3FE8F
3FE92
3FE99
3FEA5
3FEB4
3FEC6
3FEDC
3FEF5
3FF0F
3FF2B
3FF48
3FF65
3FF82
3FF9D
3FFB8
3FFD0
3FFE5
3FFF7
00006
00011
00017
0001A
00018
00013
00009
3FFFB
3FFEA
3FFD6
3FFBF
3FFA6
3FF8B
3FF70
3FF54
3FF38
3FF1D
3FF04
3FEED
3FED8
3FEC6
3FEB8
3FEAD
3FEA7
3FEA4
3FEA6
3FEAB
3FEB5
3FEC2
3FED3
3FEE7
3FEFE
3FF17
3FF31
3FF4D
3FF68
3FF84
3FF9F
3FFB9
3FFD0
3FFE6
3FFF8
00007
00013
0001A
0001E
0001E
00019
00011
00005
3FFF5
3FFE3
3FFCD
3FFB6
3FF9D
3FF82
3FF68
3FF4D
3FF33
3FF1A
3FF03
3FEEE
3FEDC
3FECD
3FEC2
3FEBB
3FEB7
3FEB7
3FEBC
3FEC4
3FED0
3FEDF
3FEF1
3FF06
3FF1E
3FF37
3FF51
3FF6C
3FF87
3FFA1
3FFBA
3FFD1
3FFE7
3FFF9
00009
00015
0001D
00022
00023
00020
00019
0000E
00000
3FFEF
3FFDB
3FFC5
3FFAD
3FF94
3FF7A
3FF60
3FF47
3FF2F
3FF18
3FF03
3FEF1
3FEE2
3FED6
3FECD
3FEC9
3FEC8
3FECB
3FED2
3FEDC
3FEEA
3FEFB
3FF0E
3FF24
3FF3C
3FF55
3FF6F
3FF89
3FFA2
3FFBB
3FFD2
3FFE7
3FFFA
0000A
00017
00020
00026
00028
00026
00020
00017
0000A
3FFFA
3FFE8
3FFD3
3FFBD
3FFA5
3FF8C
3FF73
3FF5A
3FF42
3FF2C
3FF17
3FF05
3FEF5
3FEE8
3FEDF
3FEDA
3FED8
3FED9
3FEDF
3FEE8
3FEF4
3FF04
3FF16
3FF2B
3FF41
3FF59
3FF72
3FF8B
3FFA4
3FFBC
3FFD3
3FFE8
3FFFB
0000B
00019
00023
00029
0002C
0002B
00027
0001F
00014
00005
3FFF4
3FFE1
3FFCB
3FFB4
3FF9D
3FF84
3FF6C
3FF55
3FF3E
3FF2A
3FF17
3FF07
3FEFA
3FEF0
3FEE9
3FEE7
3FEE7
3FEEB
3FEF3
3FEFE
3FF0C
3FF1D
3FF30
3FF46
3FF5D
3FF74
3FF8D
3FFA5
3FFBD
3FFD4
3FFE9
3FFFC
0000C
0001A
00025
0002C
00030
00031
0002E
00027
0001D
00010
00000
3FFEE
3FFD9
3FFC4
3FFAD
3FF95
3FF7D
3FF66
3FF50
3FF3B
3FF29
3FF18
3FF0B
3FF00
3FEF9
3FEF5
3FEF4
3FEF7
3FEFE
3FF07
3FF14
3FF24
3FF36
3FF4A
3FF60
3FF77
3FF8F
3FFA6
3FFBE
3FFD4
3FFE9
3FFFC
0000D
0001C
00027
0002F
00034
00036
00034
0002E
00026
0001A
0000B
3FFFA
3FFE7
3FFD2
3FFBC
3FFA5
3FF8E
3FF77
3FF61
3FF4D
3FF3A
3FF29
3FF1B
3FF0F
3FF07
3FF02
3FF01
3FF03
3FF08
3FF10
3FF1C
3FF2A
3FF3B
3FF4E
3FF63
3FF79
3FF90
3FFA8
3FFBE
3FFD5
3FFEA
3FFFD
0000E
0001D
00029
00032
00038
0003B
0003A
00035
0002E
00023
00016
00006
3FFF4
3FFE0
3FFCA
3FFB4
3FF9E
3FF87
3FF72
3FF5D
3FF4A
3FF39
3FF2A
3FF1E
3FF15
3FF0F
3FF0D
3FF0E
3FF12
3FF19
3FF23
3FF31
3FF41
3FF53
3FF66
3FF7C
3FF92
3FFA9
3FFBF
3FFD5
3FFEA
3FFFE
0000F
0001F
0002B
00035
0003C
0003F
0003F
0003C
00036
0002C
00020
00011
00000
3FFED
3FFD8
3FFC3
3FFAD
3FF97
3FF82
3FF6D
3FF5A
3FF48
3FF39
3FF2D
3FF23
3FF1C
3FF18
3FF18
3FF1B
3FF21
3FF2B
3FF37
3FF46
3FF57
3FF6A
3FF7E
3FF93
3FFAA
3FFC0
3FFD6
3FFEB
3FFFE
00010
00020
0002D
00038
0003F
00044
00045
00043
0003D
00035
0002A
0001C
0000C
3FFFA
3FFE6
3FFD1
3FFBC
3FFA6
3FF91
3FF7C
3FF69
3FF57
3FF48
3FF3B
3FF30
3FF28
3FF24
3FF23
3FF24
3FF2A
3FF32
3FF3D
3FF4A
3FF5A
3FF6D
3FF80
3FF95
3FFAB
3FFC0
3FFD6
3FFEB
3FFFF
00011
00021
0002F
0003A
00042
00048
0004A
00049
00045
0003E
00033
00027
00017
00006
3FFF3
3FFDF
3FFCA
3FFB5
3FFA0
3FF8B
3FF78
3FF66
3FF56
3FF48
3FF3D
3FF34
3FF2F
3FF2D
3FF2E
3FF32
3FF39
3FF43
3FF4F
3FF5E
3FF6F
3FF82
3FF96
3FFAB
3FFC1
3FFD6
3FFEB
3FFFF
00011
00022
00030
0003C
00045
0004C
0004F
0004F
0004C
00046
0003D
00031
00022
00012
00000
3FFED
3FFD8
3FFC3
3FFAE
3FF9A
3FF86
3FF74
3FF64
3FF55
3FF49
3FF40
3FF3A
3FF37
3FF36
3FF39
3FF3F
3FF48
3FF54
3FF62
3FF72
3FF84
3FF98
3FFAC
3FFC1
3FFD7
3FFEB
3FFFF
00012
00023
00032
0003E
00048
0004F
00054
00055
00053
0004D
00045
0003B
0002D
0001E
0000C
3FFFA
3FFE6
3FFD1
3FFBD
3FFA8
3FF95
3FF82
3FF71
3FF62
3FF56
3FF4C
3FF45
3FF40
3FF3F
3FF41
3FF46
3FF4E
3FF59
3FF66
3FF75
3FF86
3FF99
3FFAD
3FFC2
3FFD7
3FFEB
3FFFF
00012
00024
00033
00040
0004B
00053
00058
0005A
00059
00055
0004E
00044
00038
00029
00019
00006
3FFF3
3FFDF
3FFCA
3FFB6
3FFA3
3FF90
3FF7F
3FF6F
3FF62
3FF57
3FF4F
3FF4A
3FF48
3FF49
3FF4D
3FF54
3FF5D
3FF69
3FF78
3FF89
3FF9B
3FFAE
3FFC2
3FFD7
3FFEC
00000
00013
00024
00034
00042
0004E
00056
0005C
0005F
0005F
0005C
00056
0004D
00042
00034
00024
00013
00000
3FFEC
3FFD8
3FFC4
3FFB0
3FF9D
3FF8C
3FF7C
3FF6E
3FF63
3FF5A
3FF54
3FF51
3FF51
3FF53
3FF59
3FF62
3FF6D
3FF7B
3FF8B
3FF9C
3FFAF
3FFC3
3FFD7
3FFEC
00000
00013
00025
00035
00044
00050
0005A
00060
00064
00065
00063
0005E
00056
0004C
0003F
00030
0001F
0000D
3FFF9
3FFE6
3FFD2
3FFBE
3FFAB
3FF99
3FF89
3FF7A
3FF6E
3FF64
3FF5D
3FF59
3FF58
3FF5A
3FF5F
3FF67
3FF71
3FF7E
3FF8D
3FF9E
3FFB0
3FFC3
3FFD7
3FFEC
00000
00013
00026
00036
00045
00052
0005D
00064
00069
0006B
0006A
00066
0005F
00056
0004A
0003B
0002B
00019
00006
3FFF3
3FFDF
3FFCB
3FFB8
3FFA6
3FF95
3FF86
3FF79
3FF6F
3FF67
3FF62
3FF60
3FF61
3FF65
3FF6B
3FF75
3FF81
3FF8F
3FF9F
3FFB1
3FFC4
3FFD8
3FFEC
00000
00013
00026
00037
00047
00054
00060
00068
0006E
00071
00071
0006E
00068
0005F
00054
00046
00037
00026
00013
00000
3FFEC
3FFD8
3FFC5
3FFB3
3FFA2
3FF92
3FF85
3FF79
3FF71
3FF6B
3FF68
3FF68
3FF6A
3FF70
3FF79
3FF84
3FF91
3FFA1
3FFB2
3FFC4
3FFD8
3FFEC
00000
00014
00027
00038
00048
00057
00062
0006C
00073
00076
00077
00075
00070
00069
0005E
00051
00043
00032
00020
0000D
3FFF9
3FFE6
3FFD2
3FFC0
3FFAE
3FF9E
3FF90
3FF84
3FF7A
3FF73
3FF6F
3FF6E
3FF70
3FF75
3FF7D
3FF87
3FF94
3FFA2
3FFB3
3FFC5
3FFD8
3FFEC
00000
00014
00027
00039
0004A
00058
00065
0006F
00077
0007C
0007E
0007D
00079
00072
00068
0005C
0004E
0003E
0002D
0001A
00007
3FFF3
3FFDF
3FFCC
3FFBA
3FFAA
3FF9B
3FF8E
3FF84
3FF7C
3FF77
3FF75
3FF76
3FF7A
3FF81
3FF8A
3FF96
3FFA4
3FFB4
3FFC6
3FFD8
3FFEC
00000
00014
00027
0003A
0004B
0005A
00068
00073
0007B
00081
00084
00084
00081
0007B
00072
00067
0005A
0004A
00039
00027
00014
00000
3FFEC
3FFD9
3FFC7
3FFB6
3FFA6
3FF99
3FF8E
3FF85
3FF7F
3FF7C
3FF7C
3FF7F
3FF85
3FF8D
3FF98
3FFA6
3FFB5
3FFC6
3FFD9
3FFEC
00000
00014
00028
0003A
0004C
0005C
0006A
00076
0007F
00086
0008A
0008B
00089
00084
0007C
00072
00065
00056
00046
00034
00021
0000D
3FFF9
3FFE6
3FFD3
3FFC2
3FFB2
3FFA4
3FF98
3FF8E
3FF87
3FF83
3FF82
3FF84
3FF89
3FF91
3FF9B
3FFA8
3FFB6
3FFC7
3FFD9
3FFEC
00000
00014
00028
0003B
0004D
0005E
0006C
00079
00083
0008B
00090
00092
00091
0008D
00086
0007C
00070
00062
00052
00040
0002E
0001A
00007
3FFF3
3FFE0
3FFCE
3FFBD
3FFAF
3FFA2
3FF97
3FF90
3FF8B
3FF89
3FF8A
3FF8D
3FF94
3FF9E
3FFA9
3FFB8
3FFC8
3FFD9
3FFEC
00000
00014
00028
0003C
0004E
0005F
0006F
0007C
00087
00090
00096
00098
00098
00095
0008F
00087
0007B
0006E
0005E
0004D
0003B
00028
00014
00000
3FFED
3FFDA
3FFC9
3FFBA
3FFAC
3FFA1
3FF98
3FF92
3FF8F
3FF8F
3FF92
3FF98
3FFA0
3FFAC
3FFB9
3FFC9
3FFDA
3FFED
00000
00014
00028
0003C
0004F
00061
00071
0007F
0008B
00095
0009B
0009F
000A0
0009E
00099
00091
00087
0007A
0006B
0005A
00048
00035
00021
0000D
3FFFA
3FFE7
3FFD5
3FFC5
3FFB6
3FFAA
3FFA1
3FF9A
3FF96
3FF95
3FF97
3FF9C
3FFA3
3FFAE
3FFBB
3FFCA
3FFDA
3FFED
00000
00014
00029
0003D
00050
00062
00073
00082
0008F
00099
000A1
000A6
000A8
000A7
000A3
0009C
00092
00086
00077
00067
00055
00042
0002E
0001A
00007
3FFF3
3FFE1
3FFD0
3FFC1
3FFB4
3FFAA
3FFA2
3FF9D
3FF9B
3FF9C
3FFA0
3FFA6
3FFB0
3FFBC
3FFCB
3FFDB
3FFED
00000
00014
00029
0003D
00051
00064
00075
00085
00093
0009E
000A7
000AD
000AF
000AF
000AC
000A6
0009D
00092
00084
00074
00063
00050
0003C
00028
00014
00000
3FFED
3FFDC
3FFCC
3FFBE
3FFB3
3FFAA
3FFA4
3FFA1
3FFA1
3FFA4
3FFAA
3FFB2
3FFBE
3FFCC
3FFDC
3FFED
00000
00014
00029
0003E
00052
00065
00077
00088
00097
000A3
000AC
000B3
000B7
000B8
000B6
000B1
000A9
0009E
00091
00081
00070
0005D
0004A
00036
00021
0000D
3FFFA
3FFE7
3FFD7
3FFC8
3FFBC
3FFB2
3FFAB
3FFA7
3FFA6
3FFA8
3FFAD
3FFB5
3FFC0
3FFCD
3FFDC
3FFEE
00001
00015
00029
0003E
00053
00067
0007A
0008B
0009A
000A7
000B2
000BA
000BF
000C1
000C0
000BB
000B4
000AA
0009E
0008F
0007E
0006B
00058
00043
0002F
0001A
00006
3FFF4
3FFE2
3FFD3
3FFC5
3FFBB
3FFB3
3FFAD
3FFAB
3FFAC
3FFB1
3FFB8
3FFC2
3FFCE
3FFDD
3FFEE
00001
00015
00029
0003F
00054
00068
0007C
0008E
0009E
000AC
000B8
000C1
000C7
000CA
000C9
000C6
000C0
000B7
000AB
0009C
0008C
0007A
00066
00052
0003D
00028
00013
00000
3FFEE
3FFDE
3FFCF
3FFC3
3FFBA
3FFB4
3FFB1
3FFB1
3FFB4
3FFBB
3FFC4
3FFD0
3FFDE
3FFEF
00001
00015
0002A
0003F
00055
0006A
0007E
00091
000A2
000B1
000BD
000C7
000CE
000D2
000D3
000D1
000CC
000C3
000B8
000AA
0009A
00088
00075
00060
0004B
00036
00021
0000D
3FFFA
3FFE9
3FFD9
3FFCD
3FFC2
3FFBB
3FFB7
3FFB6
3FFB8
3FFBE
3FFC6
3FFD1
3FFDF
3FFEF
00001
00015
0002A
00040
00055
0006B
00080
00093
000A6
000B6
000C3
000CE
000D6
000DC
000DD
000DC
000D8
000D0
000C5
000B8
000A9
00097
00084
0006F
0005A
00044
0002F
0001A
00006
3FFF4
3FFE4
3FFD6
3FFCB
3FFC3
3FFBD
3FFBB
3FFBC
3FFC1
3FFC8
3FFD3
3FFE0
3FFF0
00002
00015
0002A
00040
00056
0006D
00082
00096
000A9
000BA
000C9
000D5
000DF
000E5
000E8
000E8
000E4
000DD
000D3
000C7
000B8
000A6
00093
0007E
00069
00053
0003D
00028
00013
00000
3FFEF
3FFE0
3FFD4
3FFCA
3FFC4
3FFC1
3FFC1
3FFC4
3FFCB
3FFD5
3FFE1
3FFF1
00002
00016
0002B
00041
00057
0006E
00084
0009A
000AD
000BF
000CF
000DD
000E7
000EE
000F2
000F3
000F1
000EB
000E2
000D6
000C7
000B6
000A3
0008E
00079
00062
0004C
00036
00020
0000C
3FFFA
3FFEA
3FFDD
3FFD2
3FFCB
3FFC6
3FFC5
3FFC8
3FFCE
3FFD7
3FFE3
3FFF2
00003
00016
0002B
00042
00058
00070
00087
0009D
000B2
000C5
000D6
000E4
000F0
000F8
000FD
000FF
000FE
000F9
000F1
000E5
000D7
000C6
000B3
0009F
00089
00072
0005B
00044
0002E
00019
00006
3FFF5
3FFE6
3FFDA
3FFD2
3FFCC
3FFCA
3FFCC
3FFD1
3FFD9
3FFE4
3FFF3
00004
00017
0002C
00042
0005A
00071
00089
000A0
000B6
000CA
000DC
000EC
000F9
00102
00109
0010C
0010B
00107
00100
000F5
000E8
000D7
000C5
000B0
0009A
00083
0006B
00053
0003C
00027
00012
00000
3FFF0
3FFE3
3FFD9
3FFD2
3FFCF
3FFD0
3FFD4
3FFDB
3FFE6
3FFF4
00004
00017
0002C
00043
0005B
00073
0008C
000A3
000BA
000D0
000E3
000F4
00102
0010D
00115
00119
00119
00117
00110
00106
000F9
000E9
000D6
000C2
000AB
00094
0007C
00063
0004C
00035
0001F
0000C
3FFFB
3FFEC
3FFE1
3FFD9
3FFD5
3FFD4
3FFD7
3FFDD
3FFE7
3FFF5
00005
00018
0002D
00044
0005C
00075
0008E
000A7
000BF
000D5
000EA
000FC
0010C
00118
00121
00127
00128
00126
00121
00118
0010B
000FB
000E9
000D4
000BE
000A6
0008D
00074
0005B
00043
0002D
00018
00006
3FFF6
3FFE9
3FFE0
3FFDA
3FFD8
3FFDA
3FFE0
3FFE9
3FFF6
00006
00019
0002E
00045
0005E
00077
00091
000AB
000C4
000DC
000F2
00105
00116
00124
0012E
00135
00138
00137
00133
0012A
0011E
0010F
000FD
000E8
000D1
000B9
000A0
00086
0006C
00053
0003B
00025
00011
00000
3FFF2
3FFE7
3FFE0
3FFDD
3FFDE
3FFE3
3FFEB
3FFF7
00007
00019
0002F
00046
0005F
00079
00094
000AF
000C9
000E2
000FA
0010F
00121
00130
0013C
00144
00149
00149
00145
0013E
00133
00124
00112
000FD
000E6
000CD
000B3
00098
0007E
00063
0004A
00033
0001D
0000B
3FFFB
3FFEF
3FFE7
3FFE2
3FFE2
3FFE6
3FFED
3FFF9
00008
0001A
00030
00047
00061
0007C
00098
000B3
000CF
000E9
00102
00119
0012D
0013E
0014B
00155
0015A
0015C
00159
00153
00148
0013A
00128
00113
000FC
000E3
000C8
000AC
00090
00075
0005A
00041
0002A
00016
00005
3FFF7
3FFED
3FFE8
3FFE6
3FFE9
3FFEF
3FFFA
00009
0001B
00030
00048
00063
0007E
0009B
000B8
000D5
000F1
0010B
00124
0013A
0014C
0015B
00167
0016E
00171
0016F
00169
00160
00152
00140
0012B
00114
000FA
000DE
000C2
000A5
00088
0006C
00051
00038
00022
0000F
00000
3FFF5
3FFED
3FFEA
3FFEC
3FFF2
3FFFC
0000A
0001C
00031
0004A
00065
00081
0009F
000BE
000DC
000F9
00116
00130
00147
0015C
0016D
0017A
00183
00187
00187
00182
00179
0016B
0015A
00145
0012D
00113
000F7
000D9
000BA
0009C
0007E
00062
00047
0002F
0001A
00009
3FFFC
3FFF3
3FFEF
3FFEF
3FFF4
3FFFD
0000B
0001D
00032
0004B
00067
00084
000A3
000C3
000E3
00103
00121
0013D
00157
0016D
00180
0018F
00199
0019F
001A0
0019D
00194
00188
00177
00162
00149
0012E
00111
000F2
000D2
000B2
00092
00074
00057
0003D
00026
00013
00004
3FFF9
3FFF3
3FFF2
3FFF6
3FFFF
0000C
0001E
00033
0004D
00069
00088
000A8
000CA
000EC
0010D
0012D
0014C
00168
00180
00195
001A6
001B3
001BA
001BD
001BA
001B3
001A7
00196
00181
00168
0014C
0012E
0010D
000EC
000CA
000A8
00087
00069
0004C
00033
0001E
0000D
00000
3FFF8
3FFF6
3FFF8
00000
0000D
0001E
00034
0004E
0006B
0008B
000AD
000D1
000F5
00118
0013B
0015C
0017A
00196
001AD
001C1
001CF
001D9
001DD
001DC
001D5
001CA
001B9
001A4
0018B
0016E
0014E
0012C
00109
000E4
000C0
0009D
0007C
0005D
00041
00029
00016
00007
3FFFD
3FFF9
3FFFB
00001
0000E
0001F
00035
00050
0006E
00090
000B3
000D9
000FF
00125
0014B
0016F
00190
001AE
001C8
001DE
001EF
001FB
00201
00201
001FC
001F1
001E1
001CB
001B1
00193
00172
0014E
00129
00102
000DB
000B6
00091
0006F
00051
00036
00020
0000E
00003
3FFFD
3FFFD
00002
0000E
0001F
00036
00051
00071
00094
000BA
000E2
0010B
00134
0015D
00184
001A9
001CA
001E8
00201
00214
00222
0022A
0022C
00228
0021E
0020E
001F8
001DE
001BF
0019C
00176
0014D
00124
000FA
000D1
000A9
00084
00062
00044
0002A
00016
00008
00000
3FFFE
00003
0000E
0001F
00036
00053
00074
00099
000C2
000EC
00119
00146
00172
0019D
001C6
001EB
0020C
00229
0023F
00250
0025B
0025F
0025C
00253
00243
0022D
00211
001F1
001CC
001A3
00178
0014B
0011E
000F1
000C5
0009B
00075
00053
00036
0001F
0000E
00003
00000
00003
0000D
0001F
00036
00054
00077
0009F
000CA
000F9
00129
0015A
0018B
001BB
001E8
00212
00238
00258
00273
00288
00295
0029B
0029A
00292
00282
0026C
0024F
0022D
00205
001D9
001AB
0017A
00148
00116
000E5
000B7
0008C
00065
00044
00028
00014
00006
00000
00002
0000C
0001D
00035
00055
0007A
000A5
000D4
00107
0013C
00173
001A9
001DF
00212
00242
0026D
00293
002B2
002CB
002DC
002E5
002E6
002DF
002D0
002B9
0029B
00276
0024B
0021C
001E9
001B3
0017B
00143
0010C
000D8
000A7
0007A
00053
00033
0001A
00009
00000
00000
00009
0001A
00033
00055
0007D
000AC
000E0
00118
00154
00191
001CF
0020C
00246
0027D
002B0
002DC
00302
00320
00336
00343
00347
00341
00333
0031B
002FB
002D4
002A5
00271
00238
001FB
001BC
0017D
0013E
00102
000C9
00095
00067
00040
00021
0000B
3FFFF
3FFFC
00004
00015
00030
00054
00080
000B4
000EE
0012E
00172
001B8
001FF
00246
0028A
002CB
00307
0033D
0036B
00391
003AD
003BF
003C7
003C4
003B6
0039E
0037C
00351
0031D
002E2
002A2
0025D
00215
001CB
00182
0013B
000F7
000B9
00081
00052
0002B
0000E
3FFFD
3FFF6
3FFFC
0000D
00029
00051
00082
000BD
00100
0014A
00199
001EC
00240
00294
002E7
00336
00380
003C3
003FD
0042E
00454
0046E
0047C
0047E
00472
0045A
00435
00406
003CC
00388
0033E
002ED
00297
00240
001E8
00191
0013E
000F1
000AB
0006E
0003B
00014
3FFFA
3FFEE
3FFF0
00000
0001E
0004A
00083
000C8
00118
00170
001D0
00236
0029E
00308
00371
003D6
00436
0048F
004DD
00521
00558
00580
0059A
005A4
0059E
00588
00563
0052E
004EC
0049D
00444
003E2
00379
0030B
0029C
0022D
001C1
0015B
000FD
000A9
00062
00029
3FFFF
3FFE7
3FFE1
3FFED
0000C
0003E
00082
000D6
0013A
001AB
00228
002AF
0033C
003CD
00460
004F0
0057C
00600
0067A
006E7
00745
00791
007CA
007EE
007FD
007F6
007DA
007A7
00760
00706
00699
0061E
00595
00503
00469
003CC
0032F
00295
00202
0017A
00101
00098
00044
00007
3FFE4
3FFDD
3FFF2
00026
00079
000EA
0017B
00229
002F4
003D9
004D8
005ED
00715
0084F
00996
00AE9
00C43
00DA2
00F03
01065
011C4
01321
0147A
015D0
01726
0187E
019E0
01B56
01CF2
01ED5
02141
024DC
02BEA
0470A
357FF
08CA4
11523
35440
37010
3880E
3B51F
2A718
0C3C0
3A467
3B38D
3E888
3B7F0
0265F
086D0
38E3F
3C8AD
01C25
3DED8
36B13
3E65D
08E03
3D7D1
3CF3C
045F6
13EA8
181F7
3D221
34057
0AD13
0025F
00DC2
3720E
0857A
06DFD
3467D
12BE0
0206B
3BA3F
3D862
06E97
3542D
05AD8
3612D
01CB6
09AA2
2C61B
015D9
3EC3C
3CD86
3C1FA
3C82E
3F702
3F633
04196
3B844
3AD41
04F01
048B7
0F1E5
044EF
09A62
3F5A9
39A29
03680
34DC4
1247B
3AEDA
04709
3F5D2
0055E
3B390
01CB3
0BC45
374FC
3B0C0
05390
00BB6
3F22A
00729
360C7
09CC6
388CA
033C3
36559
062A3
030B8
395B3
0490C
3895C
03355
2DBFD
3BF85
0A647
0BB03
08D13
3706A
3954E
09DBB
3D360
37F5E
2A134
0C83A
050D5
12384
02433
013DD
3A6A6
39971
3771D
00D9D
03E33
3F006
32AE6
0337F
3DD61
0354C
3D14A
3A898
015F8
0981E
0CBC0
3CA37
3E49F
095B0
0706E
0F794
3AFEB
0F117
00198
1345C
02D85
35329
3AC92
32BC7
001F3
34483
3FBEB
3072B
07295
3D14A
373E0
048C3
0A9BA
12B48
01533
0B8EA
036F1
0228A
38867
3BAC7
3FEC2
01C47
01E39
3216C
003C5
0777D
03B58
3744B
3BBB4
35DB7
3FE1D
38841
36E64
385F6
0140E
0D664
39772
01BB2
020CD
03CB4
31281
3D94B
3EB73
026C6
047EE
3E4A3
01962
3D7BE
02208
0C521
024BC
3C0BE
05EA2
022AE
010DA
3EBE1
0927B
065A1
3AD61
3F8FB
3AACD
0F1F0
39583
3FB88
02A2F
305A5
3EEDE
02194
06078
0574B
007D8
05FD4
07E56
3159C
39187
3CC6F
38D64
01737
097B4
0C1F6
032E6
05CCB
129EA
072C5
3610F
3903B
38617
3FEE8
37B69
0C544
03CC8
06392
3FD50
342AE
3FA77
3EBC6
07E95
37719
05566
3989E
3BA91
3660E
0A352
3ECDC
07DC2
07BC6
2920C
38431
016AC
3C805
0862B
3BB26
348D9
15BBF
0A8DD
38810
00F0B
0080F
3699F
3A842
37C0A
0A2D7
07312
09F82
38C4B
05E1A
37AE3
04794
3C653
30CBF
017F7
3D9E5
05071
0A084
0625A
3D710
3E185
3F08B
0A3FD
367C2
05CF4
3F0E3
040FA
009FE
3E456
3EF2A
384A9
09CB7
3FBC8
006ED
11580
3A06E
38661
39380
0E92E
0CB64
3D181
34434
3AE13
3A113
03B77
3B1F1
3C7ED
07FC1
00EE4
0A364
361FB
3580C
0269D
067EE
36454
013A9
3FC58
3DE3D
125BA
0E54C
030F0
3EB77
01D17
06D32
3E6C5
3EE09
00D58
381C8
3AA57
032FC
3CB9B
019BA
3FEBD
3F955
32A32
0AA43
00D54
03CB0
02980
3266F
00CA8
07313
03C89
0171F
07AD5
34736
0B9F4
080BC
00896
05177
38A81
3E593
3C6AD
2F21D
016D6
36A59
0580E
3515D
05709
050A3
3CE37
10EA4
39E7D
3A233
3CB84
3CF71
05DB8
3AB74
3EE63
39773
0815B
016FC
027FC
34B08
04C07
33A88
3FD9E
0BDF6
3C8C6
3CC40
3BFF6
01883
03FE7
032E2
0BA50
07B72
0103E
08F78
01BBE
06CCB
08FBB
3EB46
39C7D
02EE1
035CA
08D66
3C12B
05A86
3E412
3A502
02AB0
00C88
04D96
00800
3C0B6
3DA5F
3F98F
3B95F
3FAFB
08D2B
3D2E3
3DE6B
021A5
038CC
03E7D
34FCD
3D562
07351
3B550
3AC1B
055A5
3F856
17BD9
3BADB
357F6
045AD
36428
3FBD0
3AB8E
08AC9
3E702
3F1D1
3967B
0BB48
30369
391D2
05A9C
3A2F4
3DB5B
00EAA
3CFBD
3D032
1269A
33DD9
0792C
025F8
0BC06
09811
01F63
2F43D
087B4
0422E
3D787
38B85
0E5DB
37EFE
3E5C9
3A108
00B1B
0AED4
37A82
06400
00B2F
03374
05C16
01FEC
08534
3D3E8
3C9D0
3851E
0CEA7
3EA3C
36B24
354F0
0BE8E
3D3A6
02665
37E2C
3A16A
3DC39
15BD4
00CA1
07A4F
3E764
0A0D0
3C1A9
04381
3E948
0BF69
10907
36B76
3AEF7
034DC
0877C
01493
01BF6
07647
3B07F
08AB0
0AD0F
3C3FE
063B3
080EC
3E1B3
00A4B
021FB
07BEF
0A01E
032F3
0C3C6
067B3
080DB
2EF69
38BCE
0C3AC
3245B
35150
0310D
35EFF
36551
06CD6
0FC82
03ECE
0B5FF
00F76
32E50
07A23
051B1
04E5D
03CC1
036DE
3FE6E
013D2
0510C
3EFCB
0D1D2
00000
3B7EC
0316F
0A5EB
371D2
01D5C
3B8BB
24F82
0600C
0B01B
13DD5
03AF7
3AB66
3138C
3DFE3
03E00
3CF44
32D8B
0852B
3F136
03573
3A1A8
32FF6
273FD
04070
1125B
34AC6
0CBE9
0449D
06CAE
05E59
2CE3B
37B00
03A99
34F83
382A5
3DE02
056E4
15BA1
01972
2FB2C
2EB44
26AD4
00117
0336C
3BEE5
2D34E
08C14
3BCC1
025F2
363EB
0F969
02D8C
3A941
0290C
3C009
03258
01B87
36946
3AA24
22F68
03889
38748
36C74
32DB2
172C8
0CA58
03494
30940
021A4
3BDBD
11267
0358C
05385
3C12E
3B666
3B2D5
2E227
3E442
38FB4
3852E
03053
38903
1999C
022C8
0DC5A
3585F
0C8E3
0373C
39AEB
38D6A
3F1E6
00B6A
34F49
3DA08
3DF1B
2BDD0
36033
3F248
01A1D
05F62
36BD2
32C8A
0ACAB
3D1A6
0E94C
39B3F
04151
02887
02409
12CAE
396B8
0E1FA
3F250
3ADBE
07FD0
0ACA5
37B5C
3C8F5
3AD6A
069E7
3B410
08E2A
3C6C8
0B2CF
3EDC8
3A816
06838
30273
3C6E7
00B4C
39625
0827B
3D2C7
395E0
021CA
00B91
3FE0D
08EFA
04401
3DAD4
371CA
39349
3ACDF
2B437
39A2B
3EE43
3DD37
0BDFD
3B750
07F41
023AA
0827D
3A860
3D1D8
3F903
2CCEC
0608B
06C0E
0307A
0C9FB
3640A
0AAD9
014C7
085C1
3DCC7
3CB48
37E2C
3FEB1
3F361
3B411
0563F
2E2D1
00B25
0038A
38092
04EA1
0497E
3D66F
3FD5A
33E2F
01C5B
0C225
3BA2E
04E7E
3EF4B
39A17
3A54F
07421
38CD1
0017B
350CB
3DCB3
3FFD3
034DB
0485D
37729
01BD6
00AC0
2DA50
3F5E4
00636
3D0D0
3DE88
02C9A
3D1E6
3CA03
0C80F
13C65
012AE
0206E
0098E
0095F
03747
0E8A2
085BA
0995B
0F111
2B99E
3A364
3E9BB
35CB2
0E99D
3C859
0550F
066A0
3FC97
005E5
36386
05091
3EA51
3660E
39D10
04681
3A494
39F8B
05F62
3DE63
01FE0
02A0E
0D535
2F855
3A28C
02E5A
394CA
3FE9B
00C1B
0D066
06ECE
3E00F
358C3
3DFBE
00D73
3DB4D
383E7
3D88A
37E5B
02EB3
3A567
38573
39C1F
36ECB
3F9DF
34392
10CB3
021E1
00592
37F04
05B20
3766D
38C31
250E5
00B77
13A50
3ECD9
00C8D
3BC0D
0F91D
029D2
3B041
3885F
11160
00999
3EC72
10883
3FF2C
12A51
3DA46
0B626
3E1E9
019B8
35910
38001
06415
3FA1E
399BF
09ABC
0015C
3F1B8
3B15F
3E747
2DBAF
00517
3E16B
3B28E
048FE
0EB88
0C8B1
0718E
091AF
3DF22
37147
3DCCE
0BAF4
33A3D
3EB46
0B2B3
38950
3728E
02E98
04D29
2EEED
3C4A2
0A72D
3717E
3BAA9
3597C
07E65
27D72
05760
11ADE
0362E
259B3
0C59D
05E4D
3C082
3DFD3
07655
04708
3E510
07466
02C93
0580F
35E7E
33AD7
33C43
3BD38
0502A
3D788
3D372
07F2F
332EE
0737E
31DF5
09034
3D273
062D6
07BB8
059AF
39C64
3FF05
0A526
01AD3
3B2B9
0B252
3DE72
04BD6
0A454
3D5FC
3B37B
3574A
3E59D
089A4
0614E
3DD74
35E8C
2B730
07AF3
007B2
3092E
3D563
332AC
08A36
01C58
075F3
07BAC
09AD8
35BF9
044C1
3D663
34E8E
3B909
0FECF
379A6
3D688
3FB72
3D282
39248
05AEA
17561
00F0F
0E3F8
3DDD1
096D5
09F1C
071EE
2E552
0386B
02D9E
37D40
2EB5A
3ADF6
3D5F6
00FBE
04ABA
3E49A
38D5D
33859
060D9
3DD68
3A37F
0049D
3AC6C
01783
0E6CC
04462
026D5
37581
3DEED
05DC0
38DE8
05847
01340
01AE9
04516
2ECFA
011E1
02F90
0146A
38FA8
083B1
0BF9D
3DF23
022EC
011E3
0102B
2F40F
3C658
3C1D3
09E74
3E8F5
2F83A
02ECB
097C3
06173
0D0F9
3F705
020CB
361A9
3E425
2DC4C
3ED3C
37E24
331E0
39654
02F60
0D4A3
03A37
07380
3FEED
084F4
0C7D4
02E94
052F0
34B54
02FD6
36E08
071C6
37B45
000BF
03ED6
39D3C
053C4
29E91
07320
0638D
35CCF
009F0
00743
031E8
3A291
38594
3AB59
3D9DF
148F0
05946
39F41
36235
04482
3DE7A
15D73
3928E
07AFD
3DF57
03C71
3CD1E
01005
3DB2F
0D92C
3D418
3C0A3
3A073
3BC53
334C8
3A4AA
3DF8E
3A0FF
3F9E7
06E47
35575
07E86
3CC21
3CE12
01C39
00156
3FE13
3FB19
3F89C
3F67C
3F4AC
3F323
3F1DC
3F0D7
3F011
3EF88
3EF3C
3EF29
3EF4D
3EFA4
3F02A
3F0DB
3F1B1
3F2A8
3F3B8
3F4DD
3F610
3F74B
3F887
3F9BF
3FAED
3FC0C
3FD17
3FE0A
3FEE0
3FF98
0002E
000A2
000F2
0011E
00127
0010E
000D5
0007E
0000D
3FF86
3FEEB
3FE41
3FD8D
3FCD2
3FC16
3FB5D
3FAAB
3FA03
3F96A
3F8E2
3F86F
3F813
3F7CF
3F7A4
3F794
3F79E
3F7C1
3F7FD
3F84F
3F8B6
3F930
3F9B9
3FA4E
3FAEC
3FB90
3FC36
3FCDA
3FD7A
3FE11
3FE9D
3FF1C
3FF8A
3FFE6
0002E
00061
0007F
00087
00079
00057
00022
3FFDA
3FF83
3FF1E
3FEAE
3FE36
3FDB8
3FD38
3FCB8
3FC3B
3FBC5
3FB57
3FAF5
3FA9F
3FA59
3FA23
3F9FE
3F9EC
3F9EC
3F9FF
3FA23
3FA57
3FA9C
3FAEE
3FB4C
3FBB4
3FC23
3FC98
3FD0E
3FD85
3FDFA
3FE69
3FED1
3FF2F
3FF82
3FFC8
00000
00028
00041
00049
00042
0002A
00003
3FFCF
3FF8E
3FF42
3FEEE
3FE92
3FE31
3FDCE
3FD6A
3FD09
3FCAB
3FC54
3FC05
3FBBF
3FB85
3FB58
3FB38
3FB26
3FB22
3FB2D
3FB46
3FB6C
3FB9F
3FBDD
3FC25
3FC75
3FCCC
3FD28
3FD85
3FDE4
3FE41
3FE9A
3FEEE
3FF3B
3FF7F
3FFB9
3FFE8
0000A
00020
00029
00025
00013
3FFF6
3FFCD
3FF9A
3FF5D
3FF19
3FECF
3FE80
3FE2F
3FDDD
3FD8C
3FD3E
3FCF5
3FCB2
3FC77
3FC44
3FC1C
3FBFF
3FBEE
3FBE8
3FBEF
3FC01
3FC1E
3FC46
3FC78
3FCB2
3FCF3
3FD3B
3FD86
3FDD4
3FE22
3FE70
3FEBB
3FF02
3FF44
3FF7E
3FFB0
3FFD9
3FFF8
0000C
00016
00014
00007
3FFF0
3FFCF
3FFA5
3FF73
3FF3A
3FEFC
3FEB9
3FE74
3FE2E
3FDE9
3FDA6
3FD67
3FD2C
3FCF8
3FCCC
3FCA8
3FC8D
3FC7C
3FC75
3FC78
3FC86
3FC9D
3FCBD
3FCE6
3FD17
3FD4E
3FD8A
3FDCA
3FE0C
3FE50
3FE93
3FED4
3FF12
3FF4C
3FF7F
3FFAC
3FFD1
3FFED
00000
0000A
0000A
00001
3FFEE
3FFD3
3FFB0
3FF85
3FF55
3FF1F
3FEE6
3FEAA
3FE6D
3FE30
3FDF5
3FDBD
3FD89
3FD5A
3FD32
3FD11
3FCF8
3FCE7
3FCDF
3FCE0
3FCEA
3FCFD
3FD17
3FD3A
3FD63
3FD92
3FDC6
3FDFE
3FE38
3FE73
3FEAE
3FEE8
3FF1F
3FF53
3FF81
3FFAA
3FFCB
3FFE6
3FFF8
00002
00004
3FFFE
3FFEF
3FFD8
3FFBA
3FF96
3FF6C
3FF3D
3FF0A
3FED6
3FE9F
3FE69
3FE34
3FE02
3FDD3
3FDA8
3FD83
3FD64
3FD4C
3FD3B
3FD33
3FD32
3FD39
3FD48
3FD5E
3FD7C
3FD9F
3FDC8
3FDF6
3FE27
3FE5B
3FE8F
3FEC4
3FEF8
3FF2A
3FF59
3FF84
3FFA9
3FFC9
3FFE2
3FFF4
3FFFE
00001
3FFFD
3FFF1
3FFDE
3FFC4
3FFA4
3FF7F
3FF56
3FF29
3FEFA
3FEC9
3FE98
3FE68
3FE3A
3FE0F
3FDE7
3FDC5
3FDA7
3FD90
3FD80
3FD77
3FD74
3FD79
3FD86
3FD98
3FDB2
3FDD1
3FDF5
3FE1D
3FE49
3FE77
3FEA7
3FED7
3FF06
3FF34
3FF5F
3FF86
3FFA9
3FFC7
3FFDF
3FFF1
3FFFC
00000
3FFFD
3FFF4
3FFE4
3FFCE
3FFB2
3FF91
3FF6C
3FF44
3FF19
3FEED
3FEC0
3FE94
3FE6A
3FE41
3FE1D
3FDFC
3FDE0
3FDCA
3FDBA
3FDB0
3FDAC
3FDAF
3FDB9
3FDC9
3FDDF
3FDFA
3FE1A
3FE3E
3FE66
3FE8F
3FEBB
3FEE7
3FF12
3FF3D
3FF65
3FF8A
3FFAB
3FFC7
3FFDE
3FFEF
3FFFB
00000
3FFFF
3FFF8
3FFEA
3FFD7
3FFBE
3FFA1
3FF80
3FF5B
3FF35
3FF0C
3FEE3
3FEBA
3FE93
3FE6D
3FE4A
3FE2B
3FE11
3FDFB
3FDEB
3FDE0
3FDDB
3FDDD
3FDE4
3FDF2
3FE05
3FE1D
3FE3A
3FE5A
3FE7E
3FEA4
3FECC
3FEF5
3FF1D
3FF44
3FF6A
3FF8D
3FFAC
3FFC7
3FFDE
3FFEF
3FFFB
00001
00001
3FFFC
3FFF0
3FFE0
3FFCA
3FFB0
3FF92
3FF71
3FF4D
3FF28
3FF02
3FEDC
3FEB6
3FE93
3FE72
3FE54
3FE3B
3FE25
3FE15
3FE0A
3FE04
3FE05
3FE0A
3FE16
3FE26
3FE3B
3FE55
3FE73
3FE93
3FEB6
3FEDB
3FF01
3FF27
3FF4C
3FF6F
3FF90
3FFAE
3FFC8
3FFDE
3FFEF
3FFFC
00003
00004
00000
3FFF7
3FFE8
3FFD5
3FFBE
3FFA2
3FF84
3FF63
3FF40
3FF1D
3FEF9
3FED6
3FEB5
3FE95
3FE79
3FE60
3FE4B
3FE3A
3FE2F
3FE29
3FE27
3FE2B
3FE35
3FE43
3FE56
3FE6D
3FE88
3FEA6
3FEC6
3FEE9
3FF0C
3FF2F
3FF52
3FF74
3FF93
3FFB0
3FFC9
3FFDF
3FFF0
3FFFD
00005
00007
00005
3FFFD
3FFF0
3FFDF
3FFCA
3FFB1
3FF95
3FF77
3FF57
3FF36
3FF14
3FEF3
3FED3
3FEB5
3FE99
3FE81
3FE6C
3FE5C
3FE50
3FE49
3FE46
3FE49
3FE51
3FE5D
3FE6E
3FE83
3FE9B
3FEB7
3FED5
3FEF5
3FF16
3FF37
3FF58
3FF78
3FF96
3FFB2
3FFCB
3FFE0
3FFF1
3FFFE
00007
0000A
00009
00003
3FFF8
3FFE9
3FFD6
3FFC0
3FFA6
3FF8A
3FF6B
3FF4C
3FF2C
3FF0D
3FEEE
3FED1
3FEB7
3FE9F
3FE8B
3FE7A
3FE6D
3FE65
3FE62
3FE63
3FE6A
3FE74
3FE83
3FE96
3FEAC
3FEC6
3FEE2
3FEFF
3FF1E
3FF3E
3FF5D
3FF7C
3FF99
3FFB4
3FFCC
3FFE2
3FFF3
00000
00009
0000E
0000E
00009
00000
3FFF3
3FFE1
3FFCD
3FFB5
3FF9B
3FF7F
3FF61
3FF43
3FF25
3FF08
3FEEC
3FED2
3FEBA
3FEA6
3FE95
3FE88
3FE80
3FE7B
3FE7C
3FE80
3FE89
3FE96
3FEA7
3FEBC
3FED3
3FEED
3FF09
3FF27
3FF45
3FF63
3FF80
3FF9C
3FFB6
3FFCE
3FFE3
3FFF5
00002
0000C
00011
00012
0000F
00007
3FFFC
3FFEC
3FFD9
3FFC3
3FFAB
3FF90
3FF74
3FF58
3FF3B
3FF1F
3FF04
3FEEA
3FED3
3FEBF
3FEAE
3FEA1
3FE98
3FE93
3FE92
3FE95
3FE9C
3FEA8
3FEB7
3FECA
3FEE0
3FEF8
3FF12
3FF2E
3FF4B
3FF67
3FF84
3FF9F
3FFB8
3FFD0
3FFE5
3FFF6
00004
0000E
00015
00017
00015
0000E
00004
3FFF6
3FFE5
3FFD1
3FFBA
3FFA1
3FF86
3FF6B
3FF50
3FF34
3FF1A
3FF01
3FEEB
3FED7
3FEC6
3FEB8
3FEAE
3FEA8
3FEA6
3FEA8
3FEAE
3FEB8
3FEC6
3FED7
3FEEB
3FF02
3FF1B
3FF35
3FF50
3FF6C
3FF87
3FFA2
3FFBB
3FFD2
3FFE6
3FFF8
00006
00011
00018
0001B
0001A
00015
0000C
00000
3FFF0
3FFDD
3FFC8
3FFB0
3FF97
3FF7D
3FF63
3FF49
3FF2F
3FF17
3FF00
3FEEC
3FEDB
3FECD
3FEC3
3FEBC
3FEB9
3FEBA
3FEBF
3FEC7
3FED4
3FEE3
3FEF6
3FF0B
3FF22
3FF3B
3FF55
3FF70
3FF8A
3FFA4
3FFBD
3FFD3
3FFE8
3FFFA
00008
00014
0001C
00020
00020
0001C
00014
00009
3FFFB
3FFE9
3FFD5
3FFBF
3FFA7
3FF8F
3FF75
3FF5C
3FF43
3FF2B
3FF15
3FF01
3FEEF
3FEE1
3FED6
3FECE
3FECA
3FECA
3FECE
3FED5
3FEE0
3FEEF
3FF00
3FF14
3FF2A
3FF41
3FF5A
3FF74
3FF8D
3FFA7
3FFBF
3FFD5
3FFEA
3FFFC
0000B
00017
0001F
00024
00025
00022
0001C
00012
00005
3FFF5
3FFE2
3FFCD
3FFB7
3FF9F
3FF86
3FF6E
3FF55
3FF3E
3FF28
3FF14
3FF03
3FEF4
3FEE8
3FEE0
3FEDB
3FEDA
3FEDD
3FEE3
3FEEC
3FEF9
3FF09
3FF1C
3FF31
3FF47
3FF5F
3FF78
3FF90
3FFA9
3FFC1
3FFD7
3FFEB
3FFFD
0000D
00019
00022
00028
0002A
00028
00023
0001B
0000F
00000
3FFEF
3FFDB
3FFC5
3FFAE
3FF97
3FF7F
3FF67
3FF50
3FF3A
3FF26
3FF15
3FF06
3FEF9
3FEF0
3FEEB
3FEE9
3FEEA
3FEEF
3FEF8
3FF04
3FF12
3FF24
3FF37
3FF4D
3FF63
3FF7B
3FF93
3FFAB
3FFC2
3FFD8
3FFED
3FFFF
0000F
0001C
00025
0002C
0002F
0002E
0002A
00023
00018
0000B
3FFFA
3FFE8
3FFD3
3FFBD
3FFA6
3FF8F
3FF78
3FF61
3FF4C
3FF38
3FF26
3FF17
3FF0A
3FF00
3FEFA
3FEF7
3FEF7
3FEFB
3FF03
3FF0D
3FF1B
3FF2B
3FF3D
3FF52
3FF68
3FF7F
3FF96
3FFAD
3FFC4
3FFDA
3FFEE
00001
00011
0001E
00029
00030
00034
00034
00031
0002B
00021
00015
00006
3FFF4
3FFE1
3FFCC
3FFB5
3FF9F
3FF88
3FF72
3FF5D
3FF49
3FF37
3FF27
3FF1A
3FF0F
3FF08
3FF04
3FF04
3FF07
3FF0D
3FF16
3FF23
3FF32
3FF43
3FF57
3FF6C
3FF82
3FF99
3FFAF
3FFC6
3FFDC
3FFF0
00002
00013
00021
0002C
00034
00038
0003A
00038
00032
0002A
0001F
00011
00000
3FFED
3FFD9
3FFC4
3FFAE
3FF98
3FF82
3FF6D
3FF59
3FF47
3FF37
3FF29
3FF1E
3FF16
3FF11
3FF10
3FF12
3FF17
3FF1F
3FF2B
3FF39
3FF49
3FF5B
3FF70
3FF85
3FF9B
3FFB1
3FFC8
3FFDD
3FFF1
00004
00015
00023
0002F
00037
0003D
0003F
0003E
0003A
00033
00028
0001B
0000C
3FFFA
3FFE7
3FFD2
3FFBD
3FFA7
3FF91
3FF7C
3FF68
3FF56
3FF46
3FF38
3FF2C
3FF23
3FF1E
3FF1C
3FF1C
3FF21
3FF28
3FF32
3FF3F
3FF4E
3FF60
3FF73
3FF88
3FF9E
3FFB3
3FFC9
3FFDF
3FFF3
00006
00017
00025
00031
0003B
00041
00044
00044
00041
0003B
00031
00025
00017
00006
3FFF3
3FFE0
3FFCB
3FFB5
3FFA0
3FF8B
3FF77
3FF65
3FF54
3FF46
3FF3A
3FF30
3FF2A
3FF27
3FF27
3FF2A
3FF30
3FF39
3FF45
3FF54
3FF64
3FF77
3FF8B
3FFA0
3FFB5
3FFCB
3FFE0
3FFF4
00007
00018
00028
00034
0003E
00045
00049
0004A
00048
00043
0003A
0002F
00022
00012
00000
3FFED
3FFD9
3FFC4
3FFAF
3FF9A
3FF86
3FF74
3FF63
3FF54
3FF47
3FF3D
3FF36
3FF32
3FF31
3FF33
3FF38
3FF40
3FF4B
3FF59
3FF69
3FF7B
3FF8E
3FFA2
3FFB7
3FFCC
3FFE1
3FFF6
00009
0001A
0002A
00037
00042
00049
0004E
00050
0004F
0004A
00043
00039
0002C
0001D
0000C
3FFFA
3FFE6
3FFD2
3FFBD
3FFA8
3FF94
3FF82
3FF70
3FF61
3FF54
3FF49
3FF41
3FF3D
3FF3B
3FF3C
3FF40
3FF47
3FF51
3FF5E
3FF6D
3FF7E
3FF91
3FFA4
3FFB9
3FFCE
3FFE3
3FFF7
0000A
0001C
0002C
0003A
00045
0004D
00053
00056
00055
00052
0004C
00042
00037
00028
00018
00006
3FFF3
3FFDF
3FFCB
3FFB6
3FFA3
3FF90
3FF7E
3FF6E
3FF61
3FF55
3FF4D
3FF47
3FF44
3FF45
3FF48
3FF4E
3FF57
3FF63
3FF71
3FF81
3FF93
3FFA7
3FFBB
3FFCF
3FFE4
3FFF8
0000C
0001E
0002E
0003C
00048
00051
00058
0005B
0005C
00059
00054
0004C
00041
00033
00024
00013
00000
3FFEC
3FFD8
3FFC4
3FFB0
3FF9D
3FF8C
3FF7B
3FF6D
3FF61
3FF58
3FF51
3FF4E
3FF4D
3FF50
3FF55
3FF5D
3FF68
3FF75
3FF85
3FF96
3FFA9
3FFBD
3FFD1
3FFE5
3FFF9
0000D
0001F
00030
0003F
0004B
00055
0005C
00061
00062
00061
0005C
00055
0004B
0003E
0002F
0001F
0000D
3FFFA
3FFE6
3FFD2
3FFBE
3FFAB
3FF99
3FF88
3FF7A
3FF6D
3FF63
3FF5C
3FF57
3FF56
3FF57
3FF5C
3FF63
3FF6D
3FF79
3FF88
3FF99
3FFAB
3FFBE
3FFD2
3FFE7
3FFFB
0000E
00021
00032
00041
0004E
00059
00061
00066
00068
00068
00064
0005E
00054
00049
0003B
0002B
00019
00006
3FFF3
3FFDF
3FFCB
3FFB8
3FFA6
3FF95
3FF86
3FF79
3FF6E
3FF66
3FF61
3FF5E
3FF5F
3FF62
3FF69
3FF72
3FF7E
3FF8C
3FF9C
3FFAD
3FFC0
3FFD4
3FFE8
3FFFC
00010
00022
00034
00043
00051
0005D
00065
0006B
0006F
0006F
0006C
00066
0005E
00053
00046
00037
00026
00013
00000
3FFEC
3FFD9
3FFC5
3FFB3
3FFA2
3FF92
3FF84
3FF79
3FF70
3FF6A
3FF67
3FF66
3FF69
3FF6E
3FF77
3FF82
3FF8F
3FF9E
3FFAF
3FFC2
3FFD5
3FFE9
3FFFD
00011
00024
00036
00046
00054
00060
0006A
00071
00075
00076
00074
0006F
00068
0005D
00051
00042
00032
00020
0000D
3FFF9
3FFE6
3FFD2
3FFC0
3FFAE
3FF9E
3FF90
3FF84
3FF7A
3FF73
3FF6F
3FF6E
3FF70
3FF74
3FF7C
3FF86
3FF92
3FFA1
3FFB1
3FFC3
3FFD7
3FFEA
3FFFE
00012
00025
00037
00048
00057
00064
0006E
00076
0007A
0007C
0007C
00078
00071
00068
0005C
0004E
0003E
0002C
0001A
00007
3FFF3
3FFDF
3FFCC
3FFBB
3FFAA
3FF9B
3FF8E
3FF84
3FF7C
3FF77
3FF75
3FF76
3FF7A
3FF81
3FF8A
3FF96
3FFA4
3FFB4
3FFC5
3FFD8
3FFEB
3FFFF
00013
00027
00039
0004A
0005A
00067
00072
0007B
00080
00083
00083
00080
0007A
00072
00067
00059
0004A
00039
00027
00014
00000
3FFEC
3FFD9
3FFC7
3FFB6
3FFA7
3FF99
3FF8E
3FF86
3FF80
3FF7D
3FF7D
3FF80
3FF85
3FF8E
3FF99
3FFA6
3FFB6
3FFC7
3FFD9
3FFED
00001
00015
00028
0003B
0004C
0005C
0006A
00076
0007F
00086
0008A
0008B
00089
00084
0007C
00072
00065
00056
00045
00034
00021
0000D
3FFF9
3FFE6
3FFD4
3FFC2
3FFB2
3FFA4
3FF98
3FF8F
3FF88
3FF84
3FF84
3FF86
3FF8A
3FF92
3FF9C
3FFA9
3FFB8
3FFC9
3FFDB
3FFEE
00002
00016
00029
0003D
0004F
0005F
0006E
0007A
00084
0008C
00090
00092
00091
0008D
00086
0007C
00070
00062
00052
00040
0002E
0001A
00007
3FFF3
3FFE0
3FFCE
3FFBE
3FFAF
3FFA3
3FF98
3FF91
3FF8C
3FF8A
3FF8B
3FF8F
3FF96
3FFA0
3FFAC
3FFBA
3FFCA
3FFDC
3FFEF
00003
00017
0002B
0003E
00051
00062
00071
0007E
00089
00092
00097
0009A
00099
00096
00090
00087
0007C
0006E
0005E
0004D
0003B
00027
00014
00000
3FFED
3FFDA
3FFC9
3FFBA
3FFAD
3FFA2
3FF9A
3FF94
3FF91
3FF91
3FF95
3FF9B
3FFA3
3FFAF
3FFBD
3FFCC
3FFDE
3FFF0
00004
00018
0002C
00040
00053
00064
00074
00082
0008E
00097
0009E
000A1
000A2
0009F
0009A
00092
00087
0007A
0006B
0005A
00048
00035
00021
0000D
3FFFA
3FFE7
3FFD5
3FFC5
3FFB7
3FFAC
3FFA2
3FF9C
3FF98
3FF98
3FF9A
3FF9F
3FFA7
3FFB2
3FFBF
3FFCE
3FFDF
3FFF2
00005
00019
0002E
00042
00055
00067
00078
00087
00093
0009D
000A4
000A9
000AA
000A9
000A4
0009D
00093
00086
00078
00067
00055
00042
0002E
0001A
00006
3FFF3
3FFE1
3FFD1
3FFC2
3FFB5
3FFAB
3FFA4
3FF9F
3FF9E
3FF9F
3FFA4
3FFAB
3FFB5
3FFC1
3FFD0
3FFE1
3FFF3
00007
0001B
0002F
00043
00057
0006A
0007B
0008B
00098
000A3
000AB
000B0
000B3
000B2
000AF
000A8
0009F
00093
00085
00074
00063
00050
0003C
00028
00014
00000
3FFED
3FFDC
3FFCD
3FFBF
3FFB4
3FFAC
3FFA7
3FFA4
3FFA5
3FFA8
3FFAF
3FFB8
3FFC4
3FFD2
3FFE2
3FFF4
00008
0001C
00031
00045
00059
0006D
0007F
0008F
0009D
000A9
000B2
000B8
000BB
000BC
000B9
000B3
000AB
0009F
00092
00082
00070
0005D
0004A
00035
00021
0000D
3FFFA
3FFE8
3FFD8
3FFC9
3FFBE
3FFB4
3FFAE
3FFAB
3FFAA
3FFAD
3FFB3
3FFBB
3FFC6
3FFD4
3FFE4
3FFF6
00009
0001D
00032
00047
0005C
0006F
00082
00093
000A2
000AF
000B9
000C0
000C4
000C5
000C3
000BF
000B7
000AC
0009F
00090
0007E
0006C
00058
00043
0002E
0001A
00006
3FFF4
3FFE3
3FFD4
3FFC7
3FFBD
3FFB6
3FFB1
3FFB0
3FFB2
3FFB7
3FFBE
3FFC9
3FFD6
3FFE6
3FFF7
0000A
0001F
00034
00049
0005E
00072
00085
00097
000A7
000B5
000C0
000C8
000CD
000CF
000CE
000CA
000C3
000B9
000AC
0009D
0008C
0007A
00066
00051
0003C
00027
00013
00000
3FFEE
3FFDE
3FFD1
3FFC6
3FFBD
3FFB8
3FFB6
3FFB7
3FFBB
3FFC2
3FFCC
3FFD8
3FFE8
3FFF9
0000C
00020
00035
0004B
00060
00075
00089
0009C
000AC
000BB
000C7
000D0
000D6
000D9
000D9
000D6
000D0
000C6
000BA
000AC
0009B
00089
00075
00060
0004B
00035
00020
0000D
3FFFA
3FFE9
3FFDB
3FFCF
3FFC5
3FFBF
3FFBC
3FFBC
3FFBF
3FFC5
3FFCF
3FFDB
3FFE9
3FFFA
0000D
00021
00037
0004D
00062
00078
0008D
000A0
000B2
000C1
000CE
000D8
000DF
000E4
000E4
000E2
000DD
000D4
000C8
000BA
000AA
00098
00084
0006F
00059
00043
0002E
00019
00006
3FFF4
3FFE5
3FFD8
3FFCD
3FFC6
3FFC2
3FFC1
3FFC3
3FFC9
3FFD1
3FFDD
3FFEB
3FFFC
0000F
00023
00038
0004F
00065
0007B
00090
000A5
000B7
000C7
000D5
000E1
000E9
000EE
000F0
000EF
000EA
000E2
000D7
000C9
000B9
000A7
00093
0007E
00068
00052
0003C
00027
00013
00000
3FFEF
3FFE1
3FFD6
3FFCE
3FFC8
3FFC6
3FFC8
3FFCC
3FFD4
3FFDF
3FFED
3FFFE
00010
00024
0003A
00051
00067
0007E
00094
000A9
000BD
000CE
000DD
000EA
000F3
000F9
000FC
000FC
000F8
000F1
000E6
000D9
000C9
000B7
000A3
0008E
00078
00061
0004B
00034
0001F
0000C
3FFFA
3FFEB
3FFDF
3FFD5
3FFCF
3FFCC
3FFCC
3FFD0
3FFD7
3FFE2
3FFEF
3FFFF
00012
00026
0003C
00053
0006A
00081
00098
000AE
000C3
000D5
000E5
000F3
000FD
00105
00109
00109
00106
00100
000F6
000E9
000DA
000C8
000B4
0009F
00088
00071
0005A
00043
0002D
00018
00006
3FFF5
3FFE8
3FFDD
3FFD6
3FFD2
3FFD1
3FFD4
3FFDB
3FFE4
3FFF1
00001
00013
00028
0003E
00055
0006D
00085
0009D
000B3
000C9
000DC
000EE
000FC
00108
00111
00116
00117
00115
00110
00107
000FA
000EB
000DA
000C6
000B0
00099
00081
00069
00052
0003B
00025
00011
00000
3FFF1
3FFE5
3FFDD
3FFD8
3FFD6
3FFD8
3FFDE
3FFE7
3FFF3
00003
00015
00029
0003F
00057
00070
00088
000A1
000B9
000CF
000E4
000F7
00107
00114
0011D
00123
00126
00125
00120
00118
0010C
000FD
000EC
000D8
000C2
000AB
00092
0007A
00061
00049
00033
0001E
0000B
3FFFB
3FFEE
3FFE4
3FFDE
3FFDB
3FFDC
3FFE1
3FFE9
3FFF5
00004
00016
0002B
00041
00059
00073
0008C
000A6
000BF
000D6
000EC
00100
00111
00120
0012B
00132
00136
00136
00132
0012A
0011F
00111
000FF
000EB
000D5
000BD
000A4
0008B
00071
00059
00041
0002B
00017
00005
3FFF7
3FFEC
3FFE4
3FFE0
3FFE0
3FFE4
3FFEC
3FFF8
00006
00018
0002D
00043
0005C
00076
00090
000AB
000C5
000DE
000F5
0010A
0011D
0012C
00139
00141
00146
00147
00144
0013D
00133
00125
00114
00100
000E9
000D1
000B7
0009D
00083
00069
00050
00038
00023
00010
00000
3FFF4
3FFEB
3FFE6
3FFE5
3FFE8
3FFEF
3FFFA
00008
0001A
0002E
00045
0005E
00079
00094
000B0
000CB
000E5
000FE
00115
00129
0013A
00148
00152
00158
0015A
00158
00152
00148
0013A
00129
00115
000FF
000E6
000CC
000B0
00095
0007A
0005F
00046
0002F
0001B
0000A
3FFFC
3FFF2
3FFEB
3FFE9
3FFEB
3FFF2
3FFFC
0000A
0001B
00030
00048
00061
0007C
00099
000B5
000D2
000EE
00108
00120
00136
00149
00158
00164
0016B
0016E
0016D
00168
0015F
00152
00141
0012D
00116
000FC
000E1
000C5
000A8
0008C
00070
00055
0003D
00027
00014
00004
3FFF9
3FFF1
3FFEE
3FFEF
3FFF4
3FFFE
0000B
0001D
00032
0004A
00064
00080
0009D
000BB
000D9
000F7
00113
0012D
00144
00159
0016A
00177
00180
00184
00185
00180
00178
0016B
0015A
00146
0012E
00114
000F8
000DB
000BD
0009F
00081
00065
0004B
00033
0001F
0000D
00000
3FFF7
3FFF2
3FFF2
3FFF7
00000
0000D
0001E
00034
0004C
00067
00084
000A3
000C2
000E2
00101
0011E
0013A
00154
0016A
0017D
0018C
00196
0019D
0019E
0019B
00193
00186
00175
00161
00149
0012F
00112
000F3
000D4
000B4
00095
00076
0005A
00040
0002A
00017
00008
3FFFD
3FFF7
3FFF6
3FFF9
00002
0000F
00020
00035
0004E
0006A
00088
000A8
000C9
000EA
0010B
0012B
00149
00165
0017D
00192
001A3
001AF
001B7
001BA
001B7
001B0
001A4
00194
0017F
00167
0014B
0012D
0010D
000EC
000CA
000A9
00089
0006B
0004F
00036
00021
00010
00003
3FFFB
3FFF9
3FFFB
00003
00010
00021
00037
00050
0006D
0008C
000AE
000D1
000F4
00117
0013A
0015A
00178
00193
001AA
001BD
001CB
001D5
001D9
001D7
001D1
001C6
001B5
001A0
00187
0016B
0014B
0012A
00107
000E3
000C0
0009D
0007C
0005E
00042
0002B
00018
00009
00000
3FFFC
3FFFD
00004
00011
00022
00038
00052
00070
00091
000B4
000D9
000FF
00125
0014A
0016D
0018D
001AB
001C5
001DA
001EA
001F6
001FB
001FC
001F6
001EB
001DB
001C5
001AC
0018E
0016D
0014A
00124
000FE
000D8
000B3
0008F
0006E
00050
00036
00020
00010
00004
3FFFF
3FFFF
00005
00011
00022
00039
00054
00073
00096
000BC
000E3
0010B
00134
0015C
00182
001A6
001C6
001E3
001FB
0020E
0021C
00223
00225
00220
00215
00205
001EF
001D5
001B6
00193
0016D
00146
0011D
000F4
000CB
000A5
00080
0005F
00042
00029
00016
00008
00001
00000
00005
00011
00022
00039
00055
00076
0009B
000C3
000EE
00119
00145
00171
0019A
001C2
001E6
00206
00221
00237
00247
00251
00254
00250
00246
00236
00220
00204
001E3
001BF
00196
0016C
00140
00113
000E7
000BC
00094
0006F
0004E
00032
0001C
0000C
00003
00000
00004
0000F
00021
00039
00057
0007A
000A1
000CC
000FA
00129
00159
00189
001B7
001E3
0020B
0022F
0024E
00268
0027A
00287
0028C
00289
00280
00270
00259
0023B
00219
001F1
001C6
00198
00168
00137
00106
000D7
000AA
00081
0005C
0003C
00022
0000F
00003
3FFFF
00002
0000C
0001E
00037
00057
0007C
000A7
000D6
00108
0013C
00171
001A5
001D9
0020A
00238
00261
00284
002A2
002B8
002C7
002CE
002CD
002C5
002B4
0029C
0027D
00258
0022D
001FE
001CC
00197
00161
0012A
000F6
000C3
00094
0006A
00046
00028
00011
00002
3FFFC
3FFFE
00008
0001A
00035
00056
0007F
000AD
000E1
00118
00152
0018D
001C8
00202
0023A
0026E
0029D
002C6
002E9
00303
00316
00320
00321
00319
00308
002EF
002CE
002A6
00277
00243
0020B
001D0
00193
00156
0011A
000E1
000AB
0007B
00050
0002D
00012
3FFFF
3FFF6
3FFF6
00000
00013
0002F
00054
00081
000B4
000EE
0012C
0016D
001B0
001F4
00236
00276
002B2
002E9
0031A
00343
00363
0037A
00388
0038B
00384
00373
00358
00334
00308
002D4
00299
0025A
00217
001D2
0018C
00147
00104
000C6
0008D
0005B
00031
00010
3FFF9
3FFEC
3FFEA
3FFF4
00008
00027
00050
00082
000BC
000FE
00145
00190
001DE
0022C
0027A
002C5
0030D
0034E
00388
003BA
003E2
003FF
00411
00418
00412
00401
003E4
003BC
00389
0034E
0030B
002C2
00274
00223
001D1
00180
00131
000E7
000A3
00066
00033
0000A
3FFED
3FFDB
3FFD7
3FFE0
3FFF6
00018
00047
00081
000C5
00112
00166
001BF
0021C
0027B
002D8
00334
0038B
003DB
00423
00461
00494
004BA
004D3
004DE
004DA
004C8
004A8
0047B
00441
003FB
003AC
00355
002F7
00296
00232
001CF
0016E
00112
000BE
00072
00031
3FFFD
3FFD6
3FFBE
3FFB7
3FFBF
3FFD8
00000
00038
0007E
000D1
0012F
00197
00206
0027B
002F2
00368
003DD
0044C
004B4
00512
00564
005A9
005DD
00601
00614
00614
00602
005DD
005A7
00561
0050B
004A9
0043B
003C5
00348
002C8
00248
001CA
00152
000E2
0007D
00026
3FFDE
3FFA9
3FF87
3FF79
3FF81
3FF9F
3FFD2
0001A
00076
000E4
00163
001EF
00286
00326
003CA
00470
00514
005B2
00647
006D0
0074A
007B1
00803
0083F
00862
0086C
0085C
00831
007ED
00791
0071E
00696
005FD
00555
004A3
003EA
0032E
00273
001BF
00115
0007A
3FFF3
3FF82
3FF2B
3FEF2
3FED9
3FEE2
3FF0E
3FF5E
3FFD2
00068
00120
001F6
002E9
003F4
00513
00641
00779
008B5
009F0
00B23
00C48
00D58
00E4F
00F25
00FD6
0105C
010B3
010D7
010C4
01078
00FEF
00F29
00E24
00CDD
00B54
00984
00764
004E7
001ED
3FEAA
3E3C7
031EE
033DF
3817A
0AA8B
391B9
00619
05F01
02072
05B56
0CB38
043AD
05F8D
03F5D
02BE8
326D4
024D1
3EFFB
032E2
3C38F
020A9
38503
06D72
2A28D
02186
3BB7E
09DCB
060BF
3A6BA
2B710
02621
054A7
07A6C
05D6F
3CE18
3F8BD
3F610
0A331
39C73
38CE0
1616F
3AC3C
062C4
3C12A
3FF41
084BB
38E3A
091F8
3D02A
0B4AC
3AD10
3D16C
3382C
37B0C
00113
38C80
3C5C9
32B5D
3D0A0
069AC
0CE20
081DC
012C4
123B4
01BDB
09E57
3DF35
008FB
32F07
39E8D
3683D
3D135
107C6
0170B
3618C
03E2D
039A8
10BF1
3EFD5
3EE1D
3DD14
020DD
34063
37C4F
07058
3EB96
3D070
3EE1F
11306
3BAEA
3E517
3ECC0
3A7B9
07218
3A240
02113
08A7F
3D92B
3BB9E
31934
3E87D
05394
3FB63
05C81
02298
39F27
0C7A7
072A3
01B66
3B546
3F042
02A0A
0520A
114A6
082C0
3D262
3C795
11AAE
38E12
360E4
3692B
0222F
31C08
3F0F1
28A9F
3A516
06DB8
02D7E
0048E
02978
0865A
30131
046F7
0B172
0299D
3BB3F
0A407
36528
38454
38A0D
3E3A8
375CA
0CD54
02A9D
0F6D2
3F84E
3850D
148D0
0A174
0228C
39EB2
3765C
01A63
0A8B6
04C85
02A04
35BAC
3B42A
0218E
34DAE
04D47
3E52D
35ADA
000FB
0639C
3A651
38448
39D2A
02D8D
36FCC
0E20B
38C82
0CD12
380D1
02C8E
02878
3AFD6
042C8
0C3BD
0C529
0A182
3A7F1
3D36D
38B9A
01AF0
3B8F8
389AB
0202D
03F7E
3A1B3
33A63
1A64D
3C9D2
2E522
3A8A0
1828E
3819B
0A684
04557
08E82
358D3
03B5E
11113
3B2D7
3D168
08D72
076B0
34D4D
014BA
0C5C3
3450C
02332
08EB9
020DE
36E51
38E72
3374F
31478
3B702
04D72
01E95
3FAE9
12451
018B9
04EA1
00E48
3FEA4
36544
06641
005E2
39BEB
07FFF
0A6F0
3E648
01E17
349DA
025BA
2D5AF
000D4
2F77D
0138E
3F667
2EEA0
077A1
04FBF
3D62E
306E3
043F3
3F373
01327
2C5B0
3F489
1AF1B
073CF
08993
3A4E0
080FC
3FA6E
3DE1F
2F34D
0BC6E
00621
09135
063E1
07A8D
05A99
3D14D
081A5
02776
07C19
024B3
3F28D
02042
0A73D
01FF1
39132
32F9A
3F3E5
00165
06B36
3D1A6
05D74
107AB
32ACB
3D5F2
3E020
0219D
3A09E
06075
05B6C
3B97F
062F0
099F2
015AF
3AF6F
09C7A
3FA1B
00369
39960
3AAF1
037A7
31663
0A34E
01645
05C9C
14662
30EEF
366A5
37A46
3175E
3C8B9
3F6A1
3F672
3DF92
3ED52
2C39B
337F1
035FD
02E1A
3D366
02178
02F30
3F9CA
00A1C
125B0
3F540
3E42A
088D7
3B7A3
3CB25
0002D
0234D
0AF35
3FE85
0732F
38BDF
05AB1
065E9
010B5
3B182
045D2
33DDB
3E3A5
0C1D1
002A6
02991
3B682
3B15F
07F6E
3FC76
3F4DB
11D2F
3A9C1
04BEF
00C9F
0014F
081D4
034B8
02339
37A3F
3EB39
35527
09BF6
33605
3CF86
393F2
39F75
13314
006FD
02E28
057A0
37D83
3DC56
380BF
048B0
34203
022C9
011BD
065D5
14BC9
05321
06CB7
08E36
0252C
3BBFF
37106
001F3
3F46F
3DE36
06A20
02D39
37D85
069DB
3F4B4
03919
0FD8D
397C8
057EA
01238
34D31
03938
371D6
04BF0
39619
05296
0370B
084A4
3535B
38030
05242
00DB0
31E06
06948
2D352
3DBF7
3D779
3BEAF
064C1
316B4
02E5A
35355
0D376
0942E
3A09E
3E5E3
00DB8
09FCD
14230
020E5
025F8
0B0B7
3F496
00E1A
07296
06515
3C8C4
3371D
0A7A1
323A6
3DD38
26664
076FD
3CFAD
07AD2
0704C
01BBE
11DD9
04D2B
0499A
03ED2
3AC7B
3CA74
2ED99
04243
3DE5C
0F6C0
3CB6C
335A8
28D38
0D24E
0938C
078B8
3C777
1D098
055DC
096BA
3E479
3CDA8
03FF7
3D6F4
056BF
3D274
30697
09C15
3DA0E
0433F
373EC
12CB2
0411B
3CC94
3FEE9
1952C
114BC
104D4
3E68E
2A45F
3A91C
021FE
07D5B
0B07D
3C567
08500
131C5
3A1A7
39352
3BB63
33417
0B53A
2EDA5
3BF90
18C03
0D00A
05E58
3CA8D
00ECA
37AD5
0D275
030BC
3C200
0201D
0EC74
0549A
3C509
2C22B
34FE5
39FF4
1B07E
04745
3E2A4
08E2E
35A15
3CE91
04814
00000
39C72
3AB8C
39FF9
3D396
05119
05113
39F3A
3BDDA
32D7C
3C9D2
39504
38AF8
3E242
2D4A5
36F66
3BBDE
3D2AD
3A826
3EF51
35738
321F3
00432
01B83
0AB42
077E7
378E3
31F04
35259
3C5C5
00B9B
3B755
33B32
366AC
34249
129E0
00E94
004C6
39E2F
2EEA7
0269C
3F52C
09963
3ED1C
03F28
0105F
39699
3FA52
3F19C
3DD78
32C14
0AC73
00841
30CF9
01232
05DD9
031CF
3B3E6
064E0
00F11
3BEA9
2C09C
38847
38EEA
0E0C5
1178E
01697
0DA3A
37790
3E35F
0ACC1
2EB02
2B5B7
3EECD
01C6C
3C15A
35A46
0B875
04772
34A5B
07C63
351CE
0CEDE
00162
051AB
37A99
04480
0B7C0
37F5C
0B738
3BA5C
3351C
30C45
05CE0
3D6E0
022D5
0C68A
2F8D8
01E64
073F2
04FF6
35ACF
0475A
02D88
2AD55
087CC
33A9B
00B09
34E58
3E761
3EA93
37C21
02457
3E8A1
37B80
3D69C
06C12
0C134
09F4A
08061
051A4
027EC
09CEF
35625
06982
0C0C9
3AED0
055DC
3E142
2EE19
39057
07AD2
39C56
3FE4B
33E87
022B2
0A4A3
3ED1A
36649
32DFD
35B95
0386A
3CF78
009CF
3504F
0C93E
2D1C7
07024
0F762
10368
35C29
36DBC
00CF1
038B5
08885
0647D
0C997
0330A
3C251
36840
371BD
33E4C
04C06
01881
0574D
09BCC
341BD
3C19B
3EC11
049E0
39DEC
36788
05A15
0531F
36A78
06541
2E06C
13CCD
3736D
31E05
3E03F
37944
33AFC
01C0E
13FC9
0A3E1
3BD14
06D2E
03395
3FB17
08A8D
39433
075C2
02B12
06E8F
07DE9
3B729
39402
089C1
0308B
3C030
2FD3A
3468A
06C99
39BCD
32D71
0582A
09D39
089E8
0001B
35C7A
3C920
065AF
3FB2B
35C99
315C6
36971
01400
1175C
32FC6
056BF
04465
10A90
305CD
3A9AB
02B3C
398E1
3B317
0B32E
33FE8
3792C
0F2BB
3B651
0C23C
036D8
38D4D
3E8C4
00CCE
109C4
11148
36C05
0130D
39DAE
036AC
376F9
3E89D
030B1
11438
33349
0E64D
3BEDF
3B2FE
3F6DE
3D581
3A5FC
08DCF
34307
3578B
3D303
3B5A6
39B40
3B659
3CB36
27956
0C144
3D69F
0B031
3CA9A
0DB89
06ECA
0441F
3EA60
07F1D
314BF
03CA8
00F89
38AFB
16C3B
3A0E8
00045
3091C
3E444
0F082
018E2
32926
12387
36A76
34B6E
30C49
39EDD
3F5F7
00D95
0F849
0C8EC
04C70
0B941
3D5FF
3CB10
0153D
02643
38190
39F01
1218D
04A42
3A913
00495
3771D
01BEC
3DC4C
304D1
33B2D
09DDE
3797D
3D174
05305
32158
08096
3E78E
348FF
0227D
023DA
02EDA
3FA5D
06109
0E205
07899
0236D
0A9B8
3A2A1
2B9FE
35811
0F971
344D1
04230
03F13
006A0
3ACB3
37DB6
0895F
0AA2E
03167
0916B
09B0F
3495F
2EEAE
30F4F
3DFF6
389F4
02522
02DD4
0C5D2
00026
31C41
0FC4C
0A348
39A09
3D19E
3A281
05593
01C33
378E7
00BC1
02CD4
07B90
07D9A
0A468
06FA6
3ED90
02BDA
35870
025FF
3BC24
28E81
38DD8
3BEDC
0B318
3D632
38499
33BB8
083D0
3CFB2
3F972
01766
3E14C
3EB4F
3ED80
03D53
35815
06FC7
3E911
0F2C3
35040
0D049
3D727
05415
3D294
10911
3EBC1
3F1EA
3F5DD
012A8
01971
02845
02A2A
33D5A
047F3
08D59
3BFB2
3EEF7
3FF7E
2F248
3E6D1
3129E
35F04
05797
0C9C8
3B66E
01BCB
3DDC7
0ADF2
107ED
2CE73
33865
01917
3489F
3E163
05888
03190
0BF27
0F40C
3DFEE
016E9
3C7EA
3D427
3A404
0CE01
04D62
02812
03EFE
31D87
03223
311DD
0DB01
36991
00988
3D068
3A214
2FE52
05D9F
3D780
349EB
3DA75
0C55E
0600B
05F4F
3EDFD
3B49D
3931D
0B594
00860
076D0
374E7
01B2C
32E7F
092FB
3DEA0
05FC2
02568
12F31
0B726
38EDD
2E565
06985
3EFF9
3E8EB
06797
0711F
3F787
003C1
32C00
3A5C4
0355B
3EEEC
309D1
0018E
3FA69
0904D
39C77
0D94E
3EEF4
3DA2F
3B627
00D72
2FDD0
3C163
034AB
2C077
37288
00E38
0657B
0E7DE
0C7D4
38459
3B0BB
175A1
006FA
08E17
28FB0
04259
3447A
01E04
0B625
08E6E
38659
07F36
0F83E
05A6F
3BB73
2DEE0
0894D
3D532
3BAAB
3E66D
06B12
3E151
3F110
3F4BD
3F676
3F796
3F87B
3F945
3FA01
3FAB5
3FB63
3FC0D
3FCB2
3FD50
3FDE8
3FE78
3FEFE
3FF79
3FFE9
0004B
000A0
000E5
0011B
00140
00155
0015A
0014E
00133
00109
000D0
0008C
0003B
3FFE1
3FF7F
3FF16
3FEAA
3FE3B
3FDCD
3FD60
3FCF7
3FC95
3FC3A
3FBE9
3FBA3
3FB69
3FB3C
3FB1D
3FB0D
3FB0B
3FB18
3FB33
3FB5C
3FB91
3FBD2
3FC1E
3FC71
3FCCC
3FD2C
3FD8F
3FDF3
3FE56
3FEB6
3FF11
3FF66
3FFB2
3FFF4
0002C
00057
00076
00087
0008A
0007F
00068
00043
00013
3FFD7
3FF92
3FF45
3FEF2
3FE9A
3FE3F
3FDE4
3FD89
3FD32
3FCDF
3FC93
3FC4E
3FC14
3FBE4
3FBBF
3FBA7
3FB9C
3FB9D
3FBAC
3FBC7
3FBEE
3FC20
3FC5C
3FCA1
3FCEC
3FD3E
3FD93
3FDEB
3FE42
3FE98
3FEEB
3FF39
3FF80
3FFBE
3FFF4
0001F
0003E
00052
0005A
00055
00044
00027
00000
3FFCE
3FF94
3FF52
3FF09
3FEBD
3FE6D
3FE1C
3FDCB
3FD7D
3FD33
3FCEF
3FCB1
3FC7C
3FC50
3FC2F
3FC19
3FC0E
3FC0F
3FC1B
3FC33
3FC56
3FC82
3FCB8
3FCF5
3FD3A
3FD83
3FDCF
3FE1E
3FE6D
3FEBA
3FF04
3FF49
3FF89
3FFC1
3FFF0
00016
00032
00042
00048
00043
00032
00017
3FFF3
3FFC5
3FF8F
3FF52
3FF10
3FECA
3FE82
3FE39
3FDF0
3FDAA
3FD68
3FD2B
3FCF4
3FCC6
3FCA0
3FC84
3FC72
3FC6A
3FC6D
3FC7B
3FC93
3FCB5
3FCDF
3FD12
3FD4B
3FD8B
3FDCE
3FE14
3FE5C
3FEA4
3FEE9
3FF2C
3FF6A
3FFA2
3FFD3
3FFFC
0001C
00032
0003F
00041
00039
00027
0000B
3FFE7
3FFBA
3FF87
3FF4E
3FF10
3FECF
3FE8C
3FE49
3FE07
3FDC8
3FD8C
3FD56
3FD27
3FCFF
3FCDF
3FCC8
3FCBB
3FCB7
3FCBE
3FCCE
3FCE7
3FD09
3FD33
3FD64
3FD9B
3FDD7
3FE16
3FE58
3FE9A
3FEDB
3FF1A
3FF56
3FF8D
3FFBF
3FFE9
0000C
00026
00037
0003E
0003C
00031
0001D
00000
3FFDB
3FFAF
3FF7D
3FF46
3FF0C
3FECF
3FE90
3FE53
3FE16
3FDDD
3FDA8
3FD78
3FD4F
3FD2D
3FD13
3FD01
3FCF9
3FCFA
3FD03
3FD16
3FD31
3FD54
3FD7E
3FDAE
3FDE3
3FE1C
3FE58
3FE96
3FED3
3FF0F
3FF49
3FF7E
3FFAF
3FFDA
3FFFF
0001B
00030
0003B
0003E
00039
0002A
00013
3FFF5
3FFCF
3FFA4
3FF73
3FF3E
3FF06
3FECC
3FE92
3FE59
3FE21
3FDEE
3FDBE
3FD94
3FD71
3FD55
3FD40
3FD34
3FD30
3FD34
3FD42
3FD57
3FD74
3FD98
3FDC2
3FDF1
3FE25
3FE5C
3FE95
3FECE
3FF07
3FF3E
3FF73
3FFA3
3FFCE
3FFF4
00012
00029
00038
0003F
0003E
00034
00023
0000A
3FFEA
3FFC4
3FF98
3FF68
3FF34
3FEFF
3FEC8
3FE92
3FE5D
3FE2A
3FDFC
3FDD1
3FDAD
3FD8F
3FD78
3FD68
3FD61
3FD61
3FD6A
3FD7A
3FD92
3FDB0
3FDD5
3FDFF
3FE2E
3FE61
3FE95
3FECB
3FF02
3FF37
3FF69
3FF99
3FFC4
3FFEA
0000A
00023
00035
0003F
00042
0003C
00030
0001B
00000
3FFDF
3FFB8
3FF8C
3FF5D
3FF2B
3FEF8
3FEC4
3FE91
3FE60
3FE32
3FE08
3FDE3
3FDC3
3FDAA
3FD98
3FD8D
3FD8A
3FD8F
3FD9A
3FDAE
3FDC8
3FDE8
3FE0E
3FE38
3FE66
3FE97
3FECA
3FEFD
3FF30
3FF61
3FF90
3FFBB
3FFE1
00002
0001D
00031
0003E
00044
00043
0003A
0002A
00013
3FFF6
3FFD3
3FFAB
3FF80
3FF52
3FF22
3FEF0
3FEC0
3FE90
3FE63
3FE39
3FE13
3FDF3
3FDD8
3FDC4
3FDB6
3FDB0
3FDB1
3FDB9
3FDC8
3FDDE
3FDFA
3FE1B
3FE42
3FE6C
3FE9A
3FEC9
3FEFA
3FF2B
3FF5A
3FF88
3FFB3
3FFD9
3FFFB
00017
0002D
0003D
00046
00047
00042
00036
00023
0000A
3FFEB
3FFC7
3FF9F
3FF74
3FF47
3FF18
3FEEA
3FEBC
3FE8F
3FE66
3FE40
3FE1F
3FE03
3FDEC
3FDDC
3FDD3
3FDD1
3FDD6
3FDE1
3FDF3
3FE0B
3FE29
3FE4B
3FE72
3FE9D
3FEC9
3FEF8
3FF26
3FF54
3FF81
3FFAB
3FFD2
3FFF4
00012
00029
0003B
00046
0004B
00049
00040
00031
0001B
00000
3FFE0
3FFBB
3FF93
3FF69
3FF3D
3FF10
3FEE3
3FEB8
3FE8F
3FE69
3FE47
3FE2A
3FE12
3FE00
3FDF4
3FDEF
3FDF1
3FDF9
3FE07
3FE1C
3FE36
3FE55
3FE79
3FEA0
3FECA
3FEF6
3FF22
3FF4F
3FF7A
3FFA4
3FFCA
3FFED
0000C
00025
00039
00046
0004E
0004E
00049
0003D
0002A
00013
3FFF6
3FFD5
3FFB0
3FF88
3FF5E
3FF33
3FF08
3FEDD
3FEB5
3FE8F
3FE6D
3FE4E
3FE35
3FE21
3FE13
3FE0C
3FE0A
3FE0F
3FE1A
3FE2C
3FE42
3FE5E
3FE7F
3FEA3
3FECB
3FEF4
3FF1F
3FF4A
3FF74
3FF9D
3FFC4
3FFE7
00006
00021
00036
00046
0004F
00053
00050
00047
00038
00023
0000A
3FFEB
3FFC9
3FFA4
3FF7C
3FF53
3FF29
3FF00
3FED8
3FEB3
3FE90
3FE71
3FE56
3FE41
3FE31
3FE27
3FE23
3FE25
3FE2D
3FE3B
3FE4F
3FE68
3FE85
3FEA7
3FECC
3FEF3
3FF1C
3FF45
3FF6E
3FF97
3FFBD
3FFE0
00000
0001C
00033
00044
00050
00056
00056
00050
00044
00032
0001B
00000
3FFE0
3FFBE
3FF98
3FF71
3FF49
3FF21
3FEF9
3FED4
3FEB1
3FE92
3FE76
3FE5F
3FE4D
3FE41
3FE3A
3FE3A
3FE3F
3FE4A
3FE5B
3FE71
3FE8C
3FEAB
3FECD
3FEF2
3FF19
3FF41
3FF69
3FF90
3FFB6
3FFDA
3FFFA
00017
0002F
00042
00050
00059
0005B
00057
0004E
00040
0002C
00013
3FFF6
3FFD5
3FFB2
3FF8D
3FF66
3FF3F
3FF19
3FEF4
3FED1
3FEB0
3FE94
3FE7C
3FE68
3FE5A
3FE51
3FE4E
3FE51
3FE59
3FE67
3FE7B
3FE93
3FEAF
3FECF
3FEF1
3FF16
3FF3D
3FF64
3FF8B
3FFB0
3FFD4
3FFF4
00012
0002B
00040
00050
0005A
0005F
0005E
00057
0004B
0003A
00024
0000A
3FFEC
3FFCA
3FFA7
3FF82
3FF5C
3FF36
3FF11
3FEEE
3FECE
3FEB1
3FE97
3FE82
3FE72
3FE68
3FE62
3FE62
3FE68
3FE74
3FE84
3FE99
3FEB3
3FED1
3FEF1
3FF14
3FF39
3FF5F
3FF85
3FFAA
3FFCD
3FFEF
0000D
00027
0003D
0004F
0005B
00062
00064
0005F
00056
00047
00034
0001C
00000
3FFE1
3FFBF
3FF9C
3FF77
3FF52
3FF2E
3FF0B
3FEEA
3FECC
3FEB2
3FE9C
3FE8A
3FE7D
3FE76
3FE74
3FE77
3FE80
3FE8E
3FEA0
3FEB8
3FED3
3FEF1
3FF13
3FF36
3FF5B
3FF7F
3FFA4
3FFC7
3FFE9
00007
00023
0003A
0004D
0005B
00064
00068
00066
0005F
00053
00042
0002D
00013
3FFF6
3FFD6
3FFB4
3FF91
3FF6D
3FF49
3FF26
3FF05
3FEE7
3FECC
3FEB4
3FEA1
3FE92
3FE89
3FE84
3FE85
3FE8C
3FE97
3FEA8
3FEBC
3FED5
3FEF2
3FF11
3FF33
3FF56
3FF7A
3FF9E
3FFC1
3FFE3
00002
0001E
00037
0004B
0005B
00066
0006C
0006C
00068
0005E
0004F
0003C
00025
0000A
3FFEC
3FFCB
3FFA9
3FF86
3FF63
3FF41
3FF20
3FF01
3FEE5
3FECC
3FEB7
3FEA7
3FE9C
3FE95
3FE94
3FE98
3FEA1
3FEAF
3FEC2
3FED8
3FEF3
3FF10
3FF31
3FF52
3FF75
3FF99
3FFBB
3FFDD
3FFFC
00019
00033
00049
0005A
00067
0006F
00072
0006F
00068
0005B
0004A
00035
0001C
00000
3FFE1
3FFC0
3FF9E
3FF7C
3FF5A
3FF39
3FF1A
3FEFD
3FEE3
3FECD
3FEBC
3FEAE
3FEA6
3FEA2
3FEA4
3FEAB
3FEB7
3FEC7
3FEDB
3FEF4
3FF10
3FF2E
3FF4F
3FF71
3FF93
3FFB5
3FFD7
3FFF7
00014
0002F
00046
00059
00067
00071
00076
00076
00071
00067
00058
00045
0002E
00013
3FFF6
3FFD7
3FFB6
3FF94
3FF72
3FF52
3FF32
3FF15
3FEFA
3FEE3
3FED0
3FEC1
3FEB7
3FEB1
3FEB1
3FEB5
3FEBE
3FECD
3FEDF
3FEF5
3FF0F
3FF2C
3FF4B
3FF6C
3FF8E
3FFB0
3FFD1
3FFF1
0000F
0002A
00042
00057
00067
00073
00079
0007B
00078
00071
00064
00053
0003E
00025
0000A
3FFEC
3FFCC
3FFAB
3FF8A
3FF69
3FF4A
3FF2C
3FF11
3FEF8
3FEE4
3FED3
3FEC7
3FEC0
3FEBD
3FEBF
3FEC7
3FED3
3FEE3
3FEF7
3FF0F
3FF2B
3FF48
3FF68
3FF89
3FFAA
3FFCB
3FFEB
0000A
00026
0003F
00054
00066
00073
0007C
00080
0007F
0007A
0006F
00060
0004D
00037
0001D
00000
3FFE1
3FFC1
3FFA1
3FF80
3FF61
3FF43
3FF27
3FF0E
3FEF8
3FEE6
3FED8
3FECE
3FECA
3FECA
3FECF
3FED9
3FEE7
3FEFA
3FF10
3FF29
3FF46
3FF64
3FF84
3FFA5
3FFC5
3FFE5
00004
00021
0003B
00052
00065
00074
0007E
00084
00086
00082
0007A
0006D
0005C
00047
0002F
00013
3FFF6
3FFD7
3FFB7
3FF97
3FF77
3FF59
3FF3C
3FF22
3FF0B
3FEF8
3FEE8
3FEDD
3FED7
3FED5
3FED8
3FEE0
3FEEC
3FEFC
3FF11
3FF29
3FF43
3FF61
3FF7F
3FF9F
3FFC0
3FFE0
3FFFF
0001C
00037
0004F
00063
00074
00080
00088
0008B
00089
00083
00078
00069
00056
00040
00026
0000A
3FFEC
3FFCD
3FFAD
3FF8D
3FF6F
3FF52
3FF37
3FF1F
3FF0A
3FEF9
3FEEC
3FEE4
3FEE0
3FEE1
3FEE7
3FEF1
3FEFF
3FF12
3FF28
3FF41
3FF5D
3FF7B
3FF9A
3FFBA
3FFDA
3FFF9
00017
00032
0004B
00061
00073
00081
0008B
00090
00090
0008C
00083
00076
00065
00050
00038
0001D
00000
3FFE2
3FFC2
3FFA3
3FF84
3FF67
3FF4C
3FF32
3FF1D
3FF0A
3FEFC
3FEF1
3FEEC
3FEEB
3FEEE
3FEF6
3FF03
3FF14
3FF28
3FF40
3FF5A
3FF77
3FF95
3FFB5
3FFD4
3FFF3
00011
0002D
00047
0005E
00072
00081
0008D
00094
00096
00094
0008D
00082
00073
0005F
00049
0002F
00014
3FFF6
3FFD7
3FFB8
3FF9A
3FF7C
3FF60
3FF46
3FF2F
3FF1B
3FF0B
3FEFF
3FEF8
3FEF5
3FEF6
3FEFC
3FF07
3FF16
3FF28
3FF3F
3FF58
3FF73
3FF91
3FFAF
3FFCF
3FFEE
0000C
00029
00043
0005B
00070
00081
0008E
00097
0009B
0009B
00096
0008D
00080
0006E
00059
00041
00026
0000A
3FFEC
3FFCD
3FFAF
3FF91
3FF74
3FF59
3FF41
3FF2C
3FF1B
3FF0D
3FF04
3FEFF
3FEFF
3FF03
3FF0B
3FF18
3FF29
3FF3E
3FF55
3FF70
3FF8C
3FFAA
3FFC9
3FFE8
00006
00023
0003F
00058
0006E
00080
0008F
0009A
000A0
000A2
0009F
00098
0008C
0007C
00069
00052
00039
0001D
00000
3FFE2
3FFC3
3FFA5
3FF88
3FF6D
3FF54
3FF3E
3FF2B
3FF1B
3FF10
3FF0A
3FF07
3FF0A
3FF10
3FF1B
3FF2A
3FF3D
3FF54
3FF6D
3FF88
3FFA5
3FFC4
3FFE2
00001
0001E
0003A
00054
0006B
0007F
00090
0009C
000A4
000A8
000A7
000A1
00098
0008A
00078
00063
0004B
00030
00014
3FFF6
3FFD8
3FFBA
3FF9C
3FF80
3FF66
3FF4F
3FF3B
3FF2A
3FF1D
3FF15
3FF11
3FF11
3FF16
3FF1F
3FF2C
3FF3D
3FF52
3FF6A
3FF84
3FFA1
3FFBE
3FFDD
3FFFB
00019
00036
00050
00068
0007E
00090
0009D
000A7
000AD
000AE
000AA
000A2
00096
00086
00073
0005C
00042
00027
0000A
3FFEC
3FFCE
3FFB0
3FF94
3FF79
3FF61
3FF4B
3FF39
3FF2B
3FF20
3FF1A
3FF19
3FF1B
3FF23
3FF2E
3FF3E
3FF51
3FF67
3FF81
3FF9C
3FFB9
3FFD7
3FFF5
00014
00031
0004C
00065
0007C
0008F
0009F
000AA
000B1
000B4
000B3
000AD
000A3
00094
00082
0006D
00054
0003A
0001D
00000
3FFE2
3FFC4
3FFA7
3FF8C
3FF73
3FF5C
3FF48
3FF38
3FF2C
3FF24
3FF21
3FF22
3FF27
3FF31
3FF3F
3FF50
3FF65
3FF7D
3FF98
3FFB4
3FFD2
3FFF0
0000E
0002B
00048
00062
00079
0008E
0009F
000AC
000B5
000BA
000BB
000B6
000AE
000A1
00091
0007D
00066
0004C
00031
00014
3FFF6
3FFD8
3FFBB
3FF9F
3FF85
3FF6D
3FF58
3FF46
3FF39
3FF2F
3FF2A
3FF29
3FF2C
3FF34
3FF40
3FF50
3FF64
3FF7A
3FF94
3FFAF
3FFCC
3FFEA
00008
00026
00043
0005E
00077
0008C
0009F
000AE
000B9
000C0
000C2
000C0
000B9
000AE
0009F
0008D
00077
0005F
00044
00027
0000A
3FFEC
3FFCF
3FFB2
3FF97
3FF7E
3FF68
3FF55
3FF45
3FF3A
3FF33
3FF30
3FF32
3FF38
3FF42
3FF50
3FF62
3FF78
3FF90
3FFAB
3FFC7
3FFE5
00003
00021
0003E
0005A
00073
0008B
0009F
000AF
000BC
000C4
000C8
000C8
000C3
000BA
000AD
0009C
00088
00070
00057
0003B
0001E
00000
3FFE2
3FFC5
3FFA9
3FF90
3FF78
3FF64
3FF53
3FF46
3FF3D
3FF38
3FF38
3FF3C
3FF44
3FF51
3FF61
3FF75
3FF8D
3FFA6
3FFC2
3FFDF
3FFFD
0001B
00039
00055
00070
00088
0009E
000B0
000BE
000C8
000CE
000D0
000CD
000C6
000BB
000AB
00098
00082
00069
0004E
00031
00014
3FFF6
3FFD9
3FFBC
3FFA1
3FF89
3FF73
3FF61
3FF52
3FF47
3FF40
3FF3E
3FF40
3FF47
3FF52
3FF61
3FF74
3FF89
3FFA2
3FFBD
3FFDA
3FFF8
00016
00034
00051
0006C
00086
0009C
000B0
000C0
000CC
000D4
000D7
000D6
000D1
000C7
000BA
000A8
00093
0007B
00061
00045
00028
0000A
3FFEC
3FFCF
3FFB4
3FF9A
3FF83
3FF6F
3FF5F
3FF52
3FF4A
3FF45
3FF46
3FF4B
3FF54
3FF61
3FF72
3FF87
3FF9E
3FFB8
3FFD5
3FFF2
00010
0002E
0004C
00068
00083
0009B
000B0
000C1
000CF
000D9
000DE
000DF
000DC
000D4
000C8
000B8
000A4
0008D
00074
00059
0003C
0001E
00000
3FFE3
3FFC6
3FFAC
3FF93
3FF7E
3FF6C
3FF5D
3FF53
3FF4D
3FF4C
3FF4F
3FF56
3FF61
3FF71
3FF84
3FF9B
3FFB4
3FFCF
3FFEC
0000B
00029
00047
00064
0007F
00099
000AF
000C2
000D2
000DD
000E5
000E7
000E6
000E0
000D5
000C7
000B5
0009F
00087
0006C
00050
00032
00014
3FFF6
3FFD9
3FFBE
3FFA4
3FF8D
3FF7A
3FF6A
3FF5E
3FF56
3FF52
3FF53
3FF59
3FF63
3FF70
3FF82
3FF98
3FFB0
3FFCA
3FFE7
00005
00023
00042
0005F
0007C
00096
000AE
000C3
000D4
000E1
000EA
000EF
000EF
000EB
000E3
000D6
000C5
000B1
0009A
00080
00064
00046
00028
0000A
3FFEC
3FFD0
3FFB5
3FF9D
3FF88
3FF76
3FF68
3FF5F
3FF59
3FF58
3FF5C
3FF64
3FF70
3FF81
3FF95
3FFAC
3FFC6
3FFE2
3FFFF
0001E
0003C
0005B
00078
00093
000AC
000C3
000D6
000E5
000F0
000F6
000F9
000F6
000F0
000E5
000D5
000C2
000AC
00093
00078
0005B
0003D
0001E
00000
3FFE3
3FFC7
3FFAE
3FF97
3FF84
3FF74
3FF68
3FF61
3FF5E
3FF60
3FF66
3FF71
3FF80
3FF92
3FFA8
3FFC1
3FFDD
3FFFA
00018
00037
00056
00074
00090
000AB
000C2
000D7
000E8
000F5
000FD
00101
00101
000FC
000F3
000E5
000D4
000BF
000A7
0008C
0006F
00051
00033
00014
3FFF6
3FFDA
3FFBF
3FFA7
3FF92
3FF80
3FF73
3FF6A
3FF65
3FF65
3FF69
3FF72
3FF7F
3FF90
3FFA5
3FFBD
3FFD7
3FFF4
00012
00031
00051
0006F
0008D
000A8
000C1
000D8
000EA
000F9
00104
0010A
0010B
00108
00101
000F5
000E5
000D1
000BA
000A0
00084
00066
00048
00029
0000A
3FFEC
3FFD1
3FFB7
3FFA1
3FF8D
3FF7E
3FF73
3FF6C
3FF6A
3FF6C
3FF73
3FF7F
3FF8E
3FFA2
3FFB9
3FFD3
3FFEF
0000D
0002C
0004B
0006B
00089
000A6
000C0
000D8
000EC
000FD
0010A
00112
00115
00114
0010F
00104
000F6
000E3
000CE
000B4
00099
0007C
0005D
0003E
0001E
00000
3FFE3
3FFC8
3FFB0
3FF9B
3FF8A
3FF7D
3FF74
3FF70
3FF70
3FF75
3FF7F
3FF8D
3FF9F
3FFB5
3FFCE
3FFE9
00007
00026
00046
00066
00085
000A3
000BF
000D8
000EE
00101
0010F
00119
0011F
00120
0011C
00114
00107
000F6
000E1
000C9
000AE
00091
00073
00053
00033
00014
3FFF6
3FFDA
3FFC0
3FFAA
3FF97
3FF88
3FF7D
3FF77
3FF75
3FF78
3FF80
3FF8C
3FF9D
3FFB1
3FFC9
3FFE4
00001
00020
00040
00061
00081
0009F
000BD
000D7
000EF
00104
00114
00120
00128
0012B
00129
00123
00118
00108
000F5
000DE
000C4
000A7
00089
00069
00049
00029
0000A
3FFED
3FFD1
3FFB9
3FFA4
3FF93
3FF86
3FF7E
3FF7A
3FF7C
3FF82
3FF8C
3FF9B
3FFAE
3FFC5
3FFDF
3FFFC
0001B
0003B
0005B
0007C
0009C
000BA
000D7
000F0
00106
00119
00127
00131
00136
00136
00132
00128
0011A
00108
000F2
000D9
000BD
0009F
00080
0005F
0003F
0001F
00000
3FFE3
3FFC9
3FFB3
3FFA0
3FF91
3FF86
3FF81
3FF80
3FF84
3FF8D
3FF9A
3FFAC
3FFC1
3FFDA
3FFF6
00015
00035
00056
00077
00098
000B8
000D5
000F1
00109
0011D
0012D
00139
00141
00143
00140
00139
0012D
0011C
00108
000EF
000D4
000B6
00097
00076
00055
00034
00014
3FFF6
3FFDB
3FFC2
3FFAD
3FF9C
3FF8F
3FF88
3FF85
3FF87
3FF8D
3FF99
3FFA9
3FFBE
3FFD6
3FFF1
0000F
0002F
00050
00072
00094
000B5
000D4
000F1
0010B
00121
00133
00142
0014B
0014F
0014F
00149
0013F
00130
0011D
00106
000EB
000CE
000AE
0008E
0006C
0004A
00029
0000A
3FFED
3FFD2
3FFBB
3FFA8
3FF99
3FF8F
3FF8A
3FF8A
3FF8F
3FF99
3FFA7
3FFBA
3FFD1
3FFEC
00009
00029
0004B
0006D
0008F
000B1
000D2
000F0
0010C
00125
00139
00149
00155
0015C
0015E
0015A
00152
00144
00133
0011D
00103
000E6
000C7
000A6
00084
00062
00040
0001F
00000
3FFE4
3FFCB
3FFB6
3FFA5
3FF98
3FF91
3FF8E
3FF91
3FF99
3FFA6
3FFB7
3FFCD
3FFE7
00004
00023
00045
00067
0008B
000AE
000CF
000F0
0010D
00128
0013E
00151
0015F
00168
0016C
0016B
00164
00159
00149
00134
0011B
000FF
000E0
000BF
0009D
0007A
00057
00035
00014
3FFF6
3FFDB
3FFC4
3FFB1
3FFA2
3FF98
3FF94
3FF94
3FF9A
3FFA5
3FFB5
3FFC9
3FFE2
3FFFE
0001D
0003F
00062
00086
000AA
000CD
000EF
0010E
0012B
00144
00158
00169
00174
0017B
0017C
00177
0016E
0015F
0014C
00134
00119
000FB
000DA
000B7
00093
0006F
0004C
0002A
0000A
3FFED
3FFD3
3FFBE
3FFAD
3FFA1
3FF9A
3FF98
3FF9C
3FFA5
3FFB3
3FFC6
3FFDD
3FFF9
00017
00039
0005C
00081
000A5
000CA
000ED
0010F
0012D
00148
00160
00172
00180
00189
0018C
0018A
00183
00176
00164
0014E
00134
00116
000F5
000D2
000AE
00089
00064
00041
0001F
00000
3FFE4
3FFCC
3FFB9
3FFAA
3FFA1
3FF9C
3FF9E
3FFA5
3FFB1
3FFC3
3FFD9
3FFF3
00011
00033
00056
0007B
000A1
000C7
000EC
0010F
0012F
0014D
00167
0017C
0018C
00198
0019E
0019E
00198
0018E
0017E
00169
0014F
00132
00112
000EF
000CA
000A4
0007E
00059
00036
00014
3FFF6
3FFDC
3FFC6
3FFB5
3FFA9
3FFA2
3FFA1
3FFA6
3FFB0
3FFC0
3FFD5
3FFEE
0000C
0002C
00050
00075
0009C
000C3
000EA
0010F
00131
00151
0016D
00185
00199
001A7
001AF
001B2
001AF
001A6
00198
00184
0016C
00150
0012F
0010C
000E7
000C1
0009A
00073
0004E
0002B
0000A
3FFED
3FFD4
3FFC0
3FFB2
3FFA9
3FFA5
3FFA7
3FFB0
3FFBE
3FFD1
3FFE9
00006
00026
0004A
00070
00097
000BF
000E7
0010E
00133
00155
00174
0018F
001A5
001B6
001C1
001C6
001C6
001BF
001B3
001A1
0018A
0016E
0014F
0012C
00107
000DF
000B7
0008F
00068
00042
00020
00000
3FFE5
3FFCE
3FFBC
3FFB0
3FFAA
3FFAA
3FFB0
3FFBC
3FFCD
3FFE4
00000
00020
00043
00069
00092
000BB
000E4
0010D
00134
00159
0017B
00198
001B1
001C5
001D3
001DB
001DD
001D9
001CF
001BF
001AA
0018F
00170
0014D
00128
00100
000D7
000AD
00084
0005C
00037
00015
3FFF6
3FFDD
3FFC8
3FFB9
3FFB0
3FFAD
3FFB1
3FFBA
3FFCA
3FFDF
3FFFA
00019
0003C
00063
0008C
000B6
000E1
0010C
00135
0015D
00181
001A2
001BE
001D4
001E6
001F1
001F6
001F4
001ED
001DF
001CB
001B2
00193
00171
0014B
00123
000F8
000CD
000A2
00078
00050
0002B
0000A
3FFED
3FFD6
3FFC3
3FFB7
3FFB2
3FFB2
3FFBA
3FFC7
3FFDB
3FFF4
00013
00036
0005C
00086
000B1
000DE
0010A
00136
00160
00187
001AB
001CA
001E4
001F9
00207
0020F
00211
0020C
00200
001EE
001D6
001B9
00197
00171
00148
0011D
000F0
000C3
00097
0006D
00045
00020
00000
3FFE5
3FFCF
3FFC0
3FFB7
3FFB5
3FFBA
3FFC5
3FFD7
3FFEE
0000C
0002E
00055
0007F
000AC
000DA
00108
00137
00163
0018E
001B5
001D7
001F5
0020D
0021F
0022A
0022F
0022D
00224
00214
001FD
001E1
001C0
0019A
00171
00144
00116
000E8
000B9
0008C
00061
00039
00015
3FFF6
3FFDD
3FFCA
3FFBE
3FFB9
3FFBA
3FFC3
3FFD3
3FFE9
00005
00027
0004D
00078
000A6
000D5
00106
00137
00166
00194
001BE
001E5
00206
00222
00238
00247
0024F
00250
0024A
0023C
00228
0020D
001ED
001C7
0019D
00170
00140
00110
000DE
000AE
00080
00055
0002D
0000A
3FFED
3FFD6
3FFC6
3FFBD
3FFBC
3FFC2
3FFCF
3FFE3
3FFFE
0001F
00045
00070
0009F
000D0
00103
00136
00169
0019A
001C8
001F2
00218
00238
00252
00266
00271
00276
00273
00268
00256
0023D
0021D
001F8
001CE
001A0
0016F
0013C
00108
000D5
000A3
00074
00048
00021
00000
3FFE5
3FFD0
3FFC4
3FFBE
3FFC1
3FFCB
3FFDD
3FFF6
00016
0003C
00067
00097
000C9
000FE
00135
0016B
0019F
001D2
00201
0022B
00250
0026E
00286
00296
0029F
0029F
00298
00288
00271
00253
0022F
00204
001D6
001A3
0016E
00138
00101
000CC
00098
00068
0003C
00016
3FFF6
3FFDD
3FFCC
3FFC2
3FFC1
3FFC8
3FFD7
3FFEE
0000C
00032
0005D
0008D
000C2
000F9
00132
0016B
001A4
001DB
0020F
0023E
00268
0028C
002A9
002BE
002CC
002D0
002CC
002C0
002AB
0028F
0026C
00242
00212
001DF
001A7
0016E
00134
000FA
000C2
0008D
0005C
00031
0000B
3FFED
3FFD6
3FFC7
3FFC2
3FFC5
3FFD0
3FFE5
00001
00026
00051
00082
000B7
000F1
0012D
0016A
001A8
001E4
0021D
00252
00282
002AC
002CF
002EA
002FD
00306
00307
002FF
002ED
002D3
002B1
00288
00258
00223
001EA
001AD
00170
00131
000F4
000BA
00083
00051
00025
00000
3FFE3
3FFCF
3FFC4
3FFC2
3FFC9
3FFDA
3FFF4
00017
00041
00073
000AA
000E6
00125
00166
001A8
001EA
00229
00265
0029C
002CD
002F7
00319
00332
00342
00349
00345
00338
00321
00301
002D9
002AA
00274
00238
001F9
001B7
00174
00131
000F0
000B2
00079
00046
00019
3FFF5
3FFD9
3FFC7
3FFBF
3FFC1
3FFCE
3FFE4
00004
0002D
0005E
00096
000D4
00117
0015C
001A4
001EC
00232
00275
002B5
002EE
00321
0034B
0036D
00385
00393
00396
0038E
0037C
00360
0033A
0030C
002D5
00298
00256
00210
001C7
0017E
00136
000F0
000AE
00071
0003B
0000D
3FFE9
3FFCE
3FFBD
3FFB8
3FFBE
3FFCE
3FFEA
00010
0003F
00077
000B7
000FC
00146
00193
001E2
00231
0027D
002C6
0030B
00348
0037E
003AA
003CD
003E5
003F1
003F2
003E7
003D1
003B0
00384
0034F
00311
002CD
00283
00235
001E4
00193
00143
000F7
000AE
0006C
00032
00000
3FFD9
3FFBC
3FFAB
3FFA6
3FFAE
3FFC2
3FFE1
0000C
00042
00080
000C7
00115
00168
001BE
00215
0026D
002C2
00314
0035F
003A4
003E0
00412
00439
00454
00463
00464
00459
00441
0041C
003EC
003B2
0036D
00321
002CE
00277
0021C
001C1
00166
0010E
000BB
0006E
00029
3FFED
3FFBD
3FF98
3FF81
3FF76
3FF79
3FF8A
3FFA9
3FFD4
0000C
0004E
0009A
000EF
0014A
001AA
0020D
00271
002D4
00334
0038F
003E2
0042E
0046F
004A4
004CD
004E8
004F5
004F3
004E3
004C4
00497
0045D
00417
003C6
0036B
00309
002A0
00233
001C5
00156
000EA
00081
0001F
3FFC5
3FF74
3FF30
3FEF7
3FECD
3FEB2
3FEA6
3FEAB
3FEC0
3FEE5
3FF1B
3FF60
3FFB5
00017
00087
00102
00188
00218
002B0
0034E
003F3
0049D
0054B
005FF
006BB
00785
0086A
0098A
00B43
00EF0
01EAF
394EE
01993
04555
02ACE
376B3
12120
0448D
3A591
307C2
380CA
079A7
37192
349DB
3E1FC
0BB86
3BDA7
17050
371E9
3F906
28A5F
04F45
07BA7
3382C
31822
39A85
3F1C8
08D78
13F89
3CB55
03E9D
10230
3F28E
049D9
025D1
0110C
326B2
06389
36FB3
00597
3FE72
0F62F
01114
3CAA5
05A3C
0D400
3FC3F
00879
38EE1
39869
01715
01007
3967B
11A9B
07123
348DA
2D0CF
3DA98
3A03E
02160
36D05
0D181
3E4D4
08B19
38930
3F7A0
34A6C
06CE3
04B63
01203
3A0B1
39FF5
33AA2
0258B
0B615
02880
3A261
101AE
05DEC
02F98
3F678
0966F
324FF
0EE23
3CDDD
0E279
3C102
3D7EE
3B29E
331FF
05BFC
02BD9
03816
3E917
02012
30BF4
340D9
3CE70
3A778
01E9D
0B761
3E6E9
0C79B
1318D
2F813
3520E
02239
3E435
04992
33638
3A869
0A0FC
0ED62
0192F
10DB8
00082
01109
0404E
372A7
3B80D
0C2A6
3D5D6
3D7BB
3E68F
3ED58
00A23
00E16
0143F
2F6EF
02D6C
3ABEB
028D9
32FB7
0AFC0
30D3D
016EF
39039
0A7EB
3C2AD
01280
014B1
01EB4
3E89A
0068E
0304E
37C30
0C448
07B67
029CE
34CE8
04124
07228
1717F
043DC
3DA01
0A790
3D426
01270
3905A
35B98
38266
38470
3D32C
3F43F
08719
3E3CD
3AA6D
05D7F
02E62
065F7
35CB8
303B4
0E3BF
3FFDA
33A2E
3D22C
3DADE
0760C
0200A
0F0B1
11152
0B6A1
364F1
36E95
3CE99
355D2
376A1
0824A
0534D
3F960
3C0ED
3BDD0
0BB2F
3068F
0A7EF
14602
05D5F
35648
3DC93
38767
31DFB
39EF7
005A3
3D126
3DC26
3DD83
0B701
01872
37F6A
0DEA8
3ACFB
02E8C
08683
36222
0C4D3
0FB2F
023B4
3E414
088E3
3FB6B
056ED
3B5BE
2DE73
060FF
07E70
3D9BD
3EAC3
034F0
02A01
346BF
3B390
33714
307B7
3F26B
00A09
06123
0F3B7
0B492
0958A
2DC79
0D6DA
3E71E
30F7E
01BBC
0F6E4
3FFBB
05F18
293C5
07505
3F077
3C358
0EB41
380E3
015A0
3BBE1
39136
32477
03566
34FCF
02961
33EBC
186AA
034CA
049A7
064C0
04A5A
02CFD
0A875
0BCF9
37231
05A04
02A7F
00922
04D02
04121
319B3
0CCB7
2EBC8
3CF4F
01763
08907
3C954
06252
3ECF3
093FB
2EEB8
2F63C
3F332
0173C
072B3
3C928
33DC4
049AF
30D45
086D4
0C018
34CD2
04CE9
0671F
3D4C4
05655
0FA33
2F570
3BB9B
3A941
0D03A
2E8A4
3EC00
0968F
0EA3A
0A367
004D5
39A51
036E0
0A386
3FFE5
37618
362C7
3A7D6
0D28F
06433
39367
0B976
102C6
03FD0
3CF75
3763F
06BFE
048D7
38217
39171
3D4EE
38A3E
06BCD
37573
004E9
3CC6B
392D2
042EC
35C1F
2C037
3E3F2
0C504
086BC
01FC1
0E1FB
08C93
2C333
11F94
39ABF
09588
3ACE1
3A5EB
09878
06214
3B620
013EF
03E65
0BE43
36434
3A8B3
3E77F
3B3FA
0C1B4
08E43
097C0
03DAF
3CCF6
33669
39B83
3777B
3C74B
3F30F
09244
0A3D7
2FC98
3089E
38FDC
12E39
336C2
0AFB1
3F631
03088
3C796
0A46B
0D203
099B7
012E6
35B5D
3DD4E
0C179
001B5
063AA
3852E
06FA9
111E7
01EBE
3AA24
05130
33F37
3967E
0A9DB
36311
3D814
3AE5C
37F9F
360B6
33ECC
393EE
02964
08480
0175F
3DBA9
083DF
0156D
0189F
0B1A8
3F4F7
0C565
37834
152AB
3D278
3B8A6
0A531
3B00A
38C0E
3E19C
10728
33976
3DD2B
02920
3A320
0F3BB
0CAE4
045A4
348C8
080A4
34840
3BB80
08567
3AE55
3FE9E
33122
0AE32
3839D
0B5A5
3B88E
3478B
0A5BA
03EA6
3E394
01133
14A49
114FE
3533F
01CA1
08870
325C6
3E969
2E872
31F3B
07116
077B9
13F64
04157
3F0EF
39B20
04C1A
3CE31
3A227
3EDCE
0F307
3F7BF
3538D
0D3EC
02288
00E64
005AE
06967
3EFA1
3C0D8
012E4
3669D
00AD4
3D964
11159
061D1
3FB3A
3F16C
2D620
0BDB7
09954
0C4CE
048AB
3F465
03A3B
0ADA7
0E0FC
0871D
38819
354BE
3E47D
3FBCE
0DE0D
0A8C8
010AF
057DA
02D53
04422
0909A
12B5B
01DBE
07508
06AFC
0362E
0D284
04226
060C6
3AEED
3AEE7
02C6A
06007
05474
0638E
00000
35CCC
372F6
0D074
298C5
07E44
02D92
2F09A
03979
04B80
3C482
061A1
05EDD
3B0D7
33B3E
0A398
2FE43
364A9
06034
00DF2
05B19
09FA8
36392
38572
37AB3
31768
05529
10CDF
33830
3B6BC
132EC
2F556
06BE9
39116
3B5FB
017EC
3F899
01966
0D15E
04C32
35844
34DBD
2B533
2CA99
02C2A
03C77
3401E
3934A
3C1FE
3D11D
3A9EC
059F9
054F9
05130
0AF17
370D0
0585F
30B8B
3FEF6
335DB
3B0A4
276B9
08D4F
3CEC2
37601
12894
02F05
3907E
00072
32530
3A099
3F056
01A90
08765
02793
03276
07773
3C68C
01753
3B98C
02EB7
07929
03813
39BDF
2B63B
3D46F
097DD
3A6DB
08716
3791D
04435
3DD27
06746
077FE
347BD
3F6A6
3E38E
3BB46
04051
05819
34753
09D4D
3DB26
3F01F
30805
3127F
05A78
04EBD
39FB9
38189
0E4B9
01D7D
00032
3F913
020EC
3EE52
3CF78
09B61
070E3
094C9
3F89E
3E6FE
04F0C
3EC61
3E0D5
09592
35872
3CE3A
03F5F
37D74
00BAB
340CB
3DE54
0149E
3A69A
034D3
03903
06074
02E0C
393A1
017DA
07653
00FCD
01F4D
3E415
38DD2
3EDFF
04649
39BE3
3AEBF
30FCA
02AB5
3F83B
0354A
05B3A
02CEF
01A6F
09A51
05A09
3B8D3
01357
3705F
34301
31B9C
38D0E
0DD70
3E641
2C6BB
0EB85
0C820
07908
3297B
0A937
313B7
3AC22
3BB7C
333CF
04C65
35F15
07452
383D4
372CE
0555B
3C52B
0C1BE
397B1
3DE49
3F251
0BF4E
154A2
3F453
33E26
3E4B9
0A06F
386CE
32820
0854E
33BAA
06A89
0547A
0579F
3FE66
03F66
3D8FE
3ACFD
00979
034AC
06A71
393B9
03B2A
086E3
00B85
3D540
2DC7C
02526
02995
088FB
0535C
3BF77
2DCF9
3F571
02B95
3F4BC
3E44D
3AC17
0DFEC
05FBA
093F6
020BA
0293A
0A790
0AF85
34DFC
0063B
3BB2B
3963D
03002
06AD2
0EF93
3AE80
3C878
370D0
3BBD0
002F8
376DB
3F16E
38715
034BD
0133B
3E186
389B8
38709
3D65F
36E50
016CD
3ACBD
06C5C
3A108
06C19
3AC43
384F6
21AC8
3F0DE
1359F
05DAE
03A59
3F25E
078A4
340A9
04E89
3F212
00F84
04A46
3DEFB
04382
01486
3924E
020E4
3F14D
371CB
38439
04124
3CFF8
03F49
0009F
0E52D
3A89B
0265D
3CF14
3DC96
0F53C
36F41
077A4
39284
053C0
03300
3B0A2
0289C
0F94D
374FC
0AC3E
37D9E
39D49
38A27
398AF
0A7FF
08744
3F222
13843
044C0
3C5C0
3E27B
3A48C
08364
0EA2B
04AD2
3A0D4
2A3A4
0B85D
3ACF1
3E77C
322E8
011AA
360C2
3CCDB
0263D
381AD
07170
00F5B
06A6E
073B1
3E1CB
36809
3601D
03961
00EB5
3BD55
36F3B
3D0F1
39858
08131
39E41
3DF89
0367E
00180
3050D
3D8FE
32C48
3E9DE
10E0C
36AB7
0BBC5
03E0D
352AE
3F399
39F9E
02B24
1A5DF
3F7F4
02381
03B36
067EB
3CD65
04859
07F7F
15C8A
38D27
06E84
03B5F
34598
2DBA8
37913
087C4
3EA7C
00BBB
07D47
345E3
008B8
3E75B
34A0C
3BCCD
0070A
038F0
035D1
07C06
3659A
00AD3
2D1F7
002FA
035EB
0E7A0
357FB
37491
2AB74
03898
040E2
07988
064C0
05153
0BE69
3E62E
086A2
09E32
3C85E
3DDB1
02666
3C321
33C30
04E59
3FA4F
01C89
395B2
09435
01CEF
3DA0D
0548B
3E8F6
3D4F0
394D0
3CAFF
06B8D
0CE83
2E80E
3EFD7
3D565
14659
33B35
06D39
08688
3DE4F
38591
3A2C8
31B12
3D2CF
3EF5D
00A11
041E9
3B693
374E6
0DA71
0AFA9
0B471
3D1A1
3D143
36E2B
3C496
051FF
30AD5
039DC
2C38E
04F21
0201B
02D9D
071C6
3CF45
04455
03A39
327B6
3CEA4
04C3B
3652B
3D9A0
0DD48
349DF
0130B
042B7
3CB8D
119E2
3FB10
05CAE
04D35
38B16
02916
0B21F
038F8
07383
08004
2DFDA
381D1
3B38D
33F69
3857A
02D9F
0222F
39EB6
3DD85
3BA8D
37D9F
394E3
09F8F
00B93
05224
075C6
0605D
3EE9B
094B2
027F4
3CA7B
36E8B
00B66
3BA4F
0636C
3EC06
05C83
0D67E
05E89
07534
3AE6C
3FC42
2C2A5
2992E
01FD2
3E908
332BB
0A893
3DF9D
04FAB
3BBC2
39291
09116
13AB1
06F66
25EB4
0C989
3D989
3EC0F
3EF8E
3F0D0
3F15F
3F1A7
3F1D3
3F1F7
3F221
3F257
3F29F
3F2FB
3F36B
3F3F0
3F48A
3F535
3F5F1
3F6BA
3F78D
3F867
3F945
3FA23
3FAFD
3FBCF
3FC98
3FD52
3FDFD
3FE94
3FF16
3FF82
3FFD6
00011
00034
0003E
00030
0000C
3FFD3
3FF87
3FF2B
3FEC0
3FE4B
3FDCD
3FD4A
3FCC5
3FC41
3FBC2
3FB49
3FADA
3FA78
3FA23
3F9DE
3F9AB
3F989
3F97B
3F97F
3F996
3F9BE
3F9F8
3FA41
3FA98
3FAFB
3FB67
3FBDB
3FC53
3FCCD
3FD47
3FDBE
3FE2F
3FE99
3FEF9
3FF4D
3FF94
3FFCD
3FFF6
0000F
00018
00011
3FFFA
3FFD4
3FFA0
3FF60
3FF16
3FEC2
3FE68
3FE09
3FDA8
3FD47
3FCE7
3FC8C
3FC37
3FBEA
3FBA7
3FB6F
3FB43
3FB25
3FB15
3FB12
3FB1E
3FB38
3FB5F
3FB92
3FBD0
3FC17
3FC67
3FCBD
3FD17
3FD73
3FDD0
3FE2C
3FE83
3FED6
3FF21
3FF63
3FF9C
3FFC9
3FFEB
00000
00008
00004
3FFF3
3FFD6
3FFAE
3FF7B
3FF40
3FEFD
3FEB5
3FE68
3FE19
3FDC9
3FD7A
3FD2F
3FCE8
3FCA7
3FC6E
3FC3E
3FC18
3FBFC
3FBEC
3FBE8
3FBEF
3FC02
3FC1F
3FC47
3FC78
3FCB2
3FCF3
3FD39
3FD83
3FDCF
3FE1C
3FE68
3FEB2
3FEF7
3FF37
3FF70
3FFA1
3FFC8
3FFE6
3FFF9
00002
3FFFF
3FFF2
3FFDB
3FFBA
3FF91
3FF5F
3FF27
3FEEA
3FEA9
3FE65
3FE20
3FDDC
3FD9B
3FD5D
3FD24
3FCF2
3FCC7
3FCA4
3FC8A
3FC7A
3FC74
3FC78
3FC86
3FC9E
3FCBE
3FCE7
3FD18
3FD4E
3FD8A
3FDC9
3FE0B
3FE4E
3FE90
3FED1
3FF0E
3FF46
3FF78
3FFA4
3FFC8
3FFE4
3FFF6
3FFFF
3FFFF
3FFF5
3FFE2
3FFC7
3FFA3
3FF79
3FF49
3FF13
3FEDA
3FE9F
3FE62
3FE26
3FDEC
3FDB4
3FD81
3FD53
3FD2B
3FD0B
3FCF2
3FCE2
3FCDB
3FCDC
3FCE7
3FCFA
3FD15
3FD38
3FD61
3FD90
3FDC5
3FDFC
3FE36
3FE72
3FEAD
3FEE6
3FF1D
3FF51
3FF7F
3FFA7
3FFC9
3FFE3
3FFF5
3FFFF
00000
3FFF9
3FFEA
3FFD3
3FFB4
3FF8F
3FF65
3FF36
3FF03
3FECE
3FE97
3FE61
3FE2C
3FDF9
3FDCA
3FD9F
3FD7A
3FD5B
3FD43
3FD33
3FD2A
3FD2A
3FD31
3FD41
3FD58
3FD76
3FD9A
3FDC3
3FDF1
3FE23
3FE57
3FE8D
3FEC3
3FEF7
3FF2A
3FF59
3FF84
3FFAA
3FFC9
3FFE3
3FFF5
3FFFF
00002
3FFFE
3FFF1
3FFDE
3FFC4
3FFA3
3FF7E
3FF54
3FF26
3FEF6
3FEC4
3FE92
3FE61
3FE32
3FE06
3FDDE
3FDBB
3FD9D
3FD85
3FD75
3FD6B
3FD69
3FD6E
3FD7A
3FD8E
3FDA7
3FDC7
3FDEC
3FE15
3FE42
3FE72
3FEA3
3FED4
3FF04
3FF33
3FF5F
3FF88
3FFAC
3FFCA
3FFE3
3FFF5
00001
00005
00002
3FFF9
3FFE8
3FFD2
3FFB5
3FF94
3FF6E
3FF44
3FF18
3FEEB
3FEBD
3FE8F
3FE63
3FE39
3FE13
3FDF1
3FDD4
3FDBD
3FDAC
3FDA1
3FD9E
3FDA0
3FDAA
3FDBA
3FDD1
3FDED
3FE0E
3FE33
3FE5C
3FE87
3FEB4
3FEE2
3FF0F
3FF3B
3FF65
3FF8B
3FFAE
3FFCB
3FFE4
3FFF6
00002
00008
00007
00000
3FFF2
3FFDF
3FFC5
3FFA7
3FF85
3FF5F
3FF37
3FF0C
3FEE2
3FEB7
3FE8D
3FE66
3FE41
3FE21
3FE04
3FDED
3FDDC
3FDD0
3FDCB
3FDCC
3FDD3
3FDE0
3FDF4
3FE0D
3FE2A
3FE4C
3FE71
3FE99
3FEC3
3FEED
3FF18
3FF41
3FF69
3FF8E
3FFAF
3FFCC
3FFE4
3FFF7
00004
0000B
0000C
00007
3FFFC
3FFEB
3FFD4
3FFB9
3FF9A
3FF77
3FF52
3FF2B
3FF03
3FEDA
3FEB3
3FE8D
3FE6A
3FE4A
3FE2E
3FE17
3FE05
3FDF9
3FDF2
3FDF1
3FDF7
3FE02
3FE12
3FE28
3FE43
3FE61
3FE84
3FEA9
3FECF
3FEF7
3FF1F
3FF47
3FF6D
3FF90
3FFB0
3FFCD
3FFE5
3FFF8
00006
0000E
00011
0000D
00004
3FFF6
3FFE2
3FFCA
3FFAD
3FF8D
3FF6B
3FF46
3FF20
3FEFA
3FED5
3FEB0
3FE8F
3FE6F
3FE54
3FE3D
3FE2A
3FE1D
3FE15
3FE13
3FE16
3FE1F
3FE2D
3FE40
3FE58
3FE74
3FE94
3FEB6
3FEDA
3FF00
3FF26
3FF4B
3FF70
3FF92
3FFB1
3FFCE
3FFE6
3FFF9
00008
00011
00015
00013
0000C
00000
3FFEF
3FFD9
3FFBF
3FFA2
3FF81
3FF5F
3FF3B
3FF17
3FEF3
3FED1
3FEB0
3FE91
3FE76
3FE5F
3FE4C
3FE3E
3FE35
3FE31
3FE32
3FE39
3FE45
3FE56
3FE6C
3FE85
3FEA2
3FEC2
3FEE4
3FF07
3FF2B
3FF4F
3FF72
3FF93
3FFB2
3FFCE
3FFE6
3FFFA
00009
00014
00019
00019
00014
0000A
3FFFA
3FFE7
3FFCF
3FFB4
3FF96
3FF76
3FF54
3FF32
3FF10
3FEEE
3FECE
3FEB0
3FE95
3FE7E
3FE6A
3FE5B
3FE51
3FE4C
3FE4C
3FE51
3FE5B
3FE6A
3FE7D
3FE94
3FEAF
3FECC
3FEEC
3FF0E
3FF30
3FF52
3FF74
3FF94
3FFB3
3FFCE
3FFE6
3FFFB
0000B
00016
0001D
0001E
0001B
00012
00005
3FFF4
3FFDE
3FFC5
3FFAA
3FF8B
3FF6B
3FF4B
3FF2A
3FF09
3FEEA
3FECD
3FEB2
3FE9A
3FE87
3FE77
3FE6C
3FE65
3FE63
3FE67
3FE6F
3FE7C
3FE8D
3FEA2
3FEBA
3FED6
3FEF4
3FF14
3FF34
3FF55
3FF76
3FF95
3FFB3
3FFCE
3FFE7
3FFFB
0000C
00018
00020
00023
00021
0001B
0000F
00000
3FFED
3FFD6
3FFBC
3FF9F
3FF81
3FF62
3FF42
3FF22
3FF04
3FEE7
3FECD
3FEB5
3FEA1
3FE90
3FE84
3FE7C
3FE79
3FE7B
3FE81
3FE8C
3FE9B
3FEAE
3FEC5
3FEDF
3FEFB
3FF19
3FF38
3FF58
3FF77
3FF96
3FFB3
3FFCE
3FFE7
3FFFC
0000D
0001A
00023
00027
00027
00022
00019
0000B
3FFFA
3FFE5
3FFCC
3FFB2
3FF95
3FF77
3FF59
3FF3A
3FF1C
3FF00
3FEE6
3FECE
3FEB9
3FEA8
3FE9B
3FE92
3FE8E
3FE8E
3FE92
3FE9C
3FEA9
3FEBA
3FECF
3FEE7
3FF01
3FF1E
3FF3B
3FF5A
3FF79
3FF97
3FFB3
3FFCE
3FFE6
3FFFC
0000E
0001C
00026
0002B
0002D
00029
00022
00016
00006
3FFF3
3FFDC
3FFC3
3FFA8
3FF8B
3FF6E
3FF50
3FF33
3FF17
3FEFD
3FEE5
3FED0
3FEBF
3FEB1
3FEA7
3FEA1
3FEA0
3FEA3
3FEAA
3FEB6
3FEC5
3FED8
3FEEE
3FF07
3FF22
3FF3E
3FF5C
3FF7A
3FF97
3FFB3
3FFCE
3FFE6
3FFFC
0000E
0001D
00028
0002F
00032
00030
0002A
00020
00012
00000
3FFEB
3FFD4
3FFBA
3FF9F
3FF82
3FF66
3FF49
3FF2E
3FF14
3FEFC
3FEE6
3FED4
3FEC5
3FEBA
3FEB3
3FEB1
3FEB2
3FEB8
3FEC2
3FECF
3FEE1
3FEF5
3FF0D
3FF26
3FF41
3FF5E
3FF7A
3FF97
3FFB3
3FFCD
3FFE6
3FFFC
0000F
0001E
0002A
00032
00036
00036
00032
00029
0001D
0000C
3FFF9
3FFE3
3FFCB
3FFB1
3FF95
3FF7A
3FF5E
3FF43
3FF29
3FF11
3FEFB
3FEE8
3FED9
3FECD
3FEC5
3FEC1
3FEC1
3FEC5
3FECD
3FED9
3FEE9
3FEFC
3FF12
3FF2A
3FF44
3FF5F
3FF7B
3FF97
3FFB2
3FFCD
3FFE5
3FFFC
0000F
0001F
0002C
00035
0003B
0003C
00039
00032
00027
00018
00007
3FFF2
3FFDB
3FFC2
3FFA8
3FF8D
3FF72
3FF57
3FF3D
3FF25
3FF0F
3FEFC
3FEEC
3FEDF
3FED6
3FED0
3FECF
3FED2
3FED8
3FEE3
3FEF1
3FF03
3FF17
3FF2E
3FF46
3FF61
3FF7C
3FF97
3FFB2
3FFCC
3FFE5
3FFFB
0000F
00020
0002E
00038
0003E
00041
0003F
0003A
00030
00023
00013
00000
3FFEA
3FFD3
3FFB9
3FF9F
3FF85
3FF6A
3FF51
3FF39
3FF23
3FF0F
3FEFE
3FEF0
3FEE6
3FEDF
3FEDD
3FEDE
3FEE3
3FEEC
3FEF9
3FF09
3FF1C
3FF31
3FF49
3FF62
3FF7C
3FF97
3FFB1
3FFCB
3FFE4
3FFFB
0000F
00021
0002F
0003A
00042
00046
00045
00041
00039
0002E
0001F
0000D
3FFF9
3FFE2
3FFCA
3FFB1
3FF97
3FF7D
3FF64
3FF4C
3FF35
3FF21
3FF0F
3FF01
3FEF5
3FEEE
3FEEA
3FEEA
3FEEE
3FEF5
3FF00
3FF0F
3FF21
3FF35
3FF4B
3FF63
3FF7D
3FF97
3FFB1
3FFCA
3FFE3
3FFFA
0000F
00021
00030
0003D
00045
0004A
0004B
00049
00042
00038
0002B
0001A
00007
3FFF1
3FFDA
3FFC2
3FFA8
3FF8F
3FF76
3FF5E
3FF47
3FF33
3FF20
3FF11
3FF05
3FEFC
3FEF7
3FEF6
3FEF8
3FEFE
3FF08
3FF15
3FF25
3FF38
3FF4D
3FF65
3FF7D
3FF97
3FFB0
3FFC9
3FFE2
3FFF9
0000E
00021
00031
0003E
00048
0004E
00051
0004F
0004A
00041
00035
00026
00014
00000
3FFEA
3FFD2
3FFB9
3FFA0
3FF88
3FF70
3FF59
3FF44
3FF31
3FF21
3FF14
3FF0A
3FF04
3FF01
3FF02
3FF07
3FF0F
3FF1B
3FF2A
3FF3C
3FF50
3FF66
3FF7E
3FF96
3FFAF
3FFC8
3FFE1
3FFF8
0000E
00021
00032
00040
0004B
00052
00055
00055
00052
0004A
00040
00032
00021
0000E
3FFF9
3FFE2
3FFCA
3FFB1
3FF99
3FF81
3FF6A
3FF55
3FF41
3FF31
3FF23
3FF18
3FF10
3FF0C
3FF0C
3FF10
3FF17
3FF21
3FF2F
3FF3F
3FF52
3FF67
3FF7E
3FF96
3FFAF
3FFC7
3FFE0
3FFF7
0000D
00021
00032
00041
0004D
00055
0005A
0005B
00059
00053
0004A
0003D
0002E
0001B
00007
3FFF1
3FFDA
3FFC2
3FFAA
3FF92
3FF7B
3FF65
3FF51
3FF40
3FF31
3FF25
3FF1D
3FF18
3FF16
3FF18
3FF1E
3FF27
3FF33
3FF42
3FF54
3FF69
3FF7F
3FF96
3FFAE
3FFC6
3FFDF
3FFF6
0000C
00020
00033
00042
0004F
00058
0005E
00061
00060
0005B
00053
00048
00039
00028
00015
00000
3FFE9
3FFD2
3FFBA
3FFA2
3FF8B
3FF75
3FF61
3FF4F
3FF3F
3FF33
3FF29
3FF23
3FF20
3FF21
3FF25
3FF2D
3FF38
3FF46
3FF57
3FF6A
3FF7F
3FF96
3FFAD
3FFC5
3FFDD
3FFF5
0000B
00020
00033
00043
00051
0005B
00062
00066
00066
00063
0005C
00052
00045
00035
00023
0000E
3FFF9
3FFE2
3FFCA
3FFB3
3FF9B
3FF85
3FF71
3FF5E
3FF4E
3FF40
3FF35
3FF2E
3FF2A
3FF29
3FF2C
3FF33
3FF3D
3FF4A
3FF59
3FF6B
3FF80
3FF96
3FFAD
3FFC4
3FFDC
3FFF3
0000A
0001F
00033
00044
00052
0005E
00066
0006B
0006C
0006A
00065
0005C
00050
00041
00030
0001C
00007
3FFF1
3FFDA
3FFC2
3FFAB
3FF95
3FF80
3FF6D
3FF5C
3FF4D
3FF42
3FF39
3FF34
3FF32
3FF34
3FF39
3FF42
3FF4D
3FF5C
3FF6D
3FF80
3FF95
3FFAC
3FFC3
3FFDB
3FFF2
00009
0001E
00032
00044
00053
00060
00069
0006F
00072
00071
0006D
00065
0005B
0004D
0003D
0002A
00016
00000
3FFE9
3FFD2
3FFBB
3FFA5
3FF8F
3FF7C
3FF6A
3FF5A
3FF4E
3FF44
3FF3E
3FF3B
3FF3B
3FF3F
3FF47
3FF51
3FF5F
3FF6F
3FF81
3FF95
3FFAB
3FFC2
3FFD9
3FFF1
00008
0001D
00032
00044
00054
00062
0006C
00073
00077
00078
00075
0006F
00065
00058
00049
00038
00024
0000F
3FFF8
3FFE2
3FFCB
3FFB4
3FF9E
3FF8A
3FF78
3FF68
3FF5A
3FF50
3FF48
3FF44
3FF43
3FF46
3FF4C
3FF55
3FF61
3FF70
3FF82
3FF96
3FFAB
3FFC1
3FFD8
3FFEF
00006
0001C
00031
00044
00055
00063
0006F
00077
0007C
0007E
0007C
00077
0006F
00064
00055
00045
00032
0001D
00007
3FFF1
3FFDA
3FFC3
3FFAE
3FF99
3FF86
3FF75
3FF67
3FF5B
3FF52
3FF4D
3FF4B
3FF4C
3FF51
3FF59
3FF64
3FF72
3FF83
3FF96
3FFAA
3FFC0
3FFD7
3FFEE
00005
0001B
00031
00044
00056
00065
00071
0007B
00081
00084
00084
00080
00079
0006E
00061
00051
0003F
0002C
00016
00000
3FFE9
3FFD3
3FFBD
3FFA7
3FF94
3FF82
3FF73
3FF66
3FF5D
3FF56
3FF53
3FF53
3FF57
3FF5D
3FF67
3FF74
3FF84
3FF96
3FFAA
3FFBF
3FFD6
3FFED
00004
0001A
00030
00044
00056
00066
00074
0007E
00086
0008A
0008B
00088
00082
00079
0006D
0005E
0004D
0003A
00025
0000F
3FFF8
3FFE2
3FFCC
3FFB6
3FFA2
3FF90
3FF80
3FF72
3FF67
3FF5F
3FF5B
3FF5A
3FF5C
3FF62
3FF6B
3FF77
3FF85
3FF96
3FFAA
3FFBE
3FFD4
3FFEB
00002
00019
0002F
00043
00056
00067
00076
00081
0008A
0008F
00091
00090
0008B
00083
00078
0006A
0005A
00048
00033
0001E
00008
3FFF1
3FFDA
3FFC5
3FFB0
3FF9D
3FF8C
3FF7E
3FF72
3FF69
3FF63
3FF61
3FF62
3FF67
3FF6E
3FF79
3FF87
3FF97
3FFA9
3FFBE
3FFD3
3FFEA
00001
00018
0002E
00043
00057
00068
00078
00084
0008E
00094
00098
00097
00094
0008D
00083
00076
00067
00055
00042
0002D
00017
00000
3FFE9
3FFD3
3FFBE
3FFAB
3FF99
3FF8A
3FF7D
3FF73
3FF6C
3FF69
3FF68
3FF6C
3FF72
3FF7C
3FF88
3FF98
3FFA9
3FFBD
3FFD2
3FFE8
3FFFF
00016
0002D
00042
00057
00069
00079
00087
00092
00099
0009E
0009F
0009D
00097
0008E
00082
00074
00063
00050
0003B
00026
0000F
3FFF8
3FFE2
3FFCD
3FFB8
3FFA6
3FF96
3FF88
3FF7D
3FF75
3FF70
3FF6F
3FF71
3FF76
3FF7F
3FF8A
3FF99
3FFAA
3FFBD
3FFD1
3FFE7
3FFFE
00015
0002C
00042
00056
0006A
0007B
00089
00095
0009E
000A4
000A6
000A5
000A1
00099
0008E
00080
00070
0005E
0004A
00034
0001E
00008
3FFF1
3FFDB
3FFC6
3FFB3
3FFA2
3FF93
3FF87
3FF7E
3FF78
3FF75
3FF76
3FF7A
3FF82
3FF8C
3FF9A
3FFAA
3FFBC
3FFD0
3FFE6
3FFFC
00013
0002A
00041
00056
0006A
0007C
0008C
00099
000A3
000A9
000AD
000AD
000AA
000A3
0009A
0008D
0007E
0006C
00059
00043
0002D
00017
00000
3FFEA
3FFD4
3FFC1
3FFAF
3FF9F
3FF92
3FF87
3FF80
3FF7C
3FF7C
3FF7F
3FF85
3FF8F
3FF9B
3FFAA
3FFBC
3FFCF
3FFE5
3FFFB
00012
00029
00040
00056
0006A
0007D
0008E
0009C
000A7
000AF
000B4
000B5
000B3
000AE
000A5
00099
0008B
0007A
00067
00052
0003D
00026
0000F
3FFF9
3FFE3
3FFCE
3FFBB
3FFAB
3FF9C
3FF91
3FF89
3FF84
3FF82
3FF84
3FF89
3FF91
3FF9D
3FFAB
3FFBC
3FFCF
3FFE4
3FFFA
00011
00028
0003F
00055
0006A
0007E
00090
0009F
000AB
000B4
000BA
000BD
000BC
000B8
000B0
000A6
00098
00088
00076
00062
0004C
00035
0001E
00008
3FFF1
3FFDC
3FFC8
3FFB7
3FFA8
3FF9B
3FF91
3FF8B
3FF88
3FF89
3FF8D
3FF94
3FF9E
3FFAC
3FFBC
3FFCE
3FFE3
3FFF8
0000F
00027
0003E
00055
0006B
0007F
00091
000A1
000AF
000B9
000C1
000C5
000C5
000C2
000BC
000B2
000A6
00096
00084
00071
0005B
00045
0002E
00017
00000
3FFEA
3FFD6
3FFC3
3FFB3
3FFA5
3FF9B
3FF93
3FF8F
3FF8E
3FF91
3FF97
3FFA0
3FFAD
3FFBC
3FFCE
3FFE2
3FFF7
0000E
00025
0003D
00054
0006B
00080
00093
000A4
000B3
000BE
000C7
000CC
000CE
000CC
000C7
000BE
000B3
000A4
00093
00080
0006B
00055
0003E
00026
0000F
3FFF9
3FFE4
3FFD0
3FFBF
3FFB0
3FFA4
3FF9B
3FF96
3FF94
3FF95
3FF9A
3FFA2
3FFAE
3FFBC
3FFCD
3FFE1
3FFF6
0000D
00024
0003C
00053
0006A
00080
00095
000A7
000B6
000C3
000CD
000D4
000D7
000D6
000D2
000CB
000C0
000B2
000A2
0008F
0007B
00065
0004D
00036
0001E
00007
3FFF2
3FFDD
3FFCB
3FFBB
3FFAE
3FFA4
3FF9D
3FF9A
3FF9A
3FF9E
3FFA5
3FFAF
3FFBD
3FFCD
3FFE0
3FFF5
0000B
00023
0003B
00053
0006A
00081
00096
000A9
000BA
000C8
000D3
000DB
000DF
000E0
000DD
000D7
000CD
000C1
000B1
0009F
0008B
00075
0005E
00046
0002E
00017
00000
3FFEB
3FFD8
3FFC7
3FFB8
3FFAD
3FFA5
3FFA0
3FF9F
3FFA2
3FFA8
3FFB1
3FFBE
3FFCD
3FFE0
3FFF4
0000A
00021
0003A
00052
0006A
00081
00097
000AC
000BE
000CD
000D9
000E2
000E8
000EA
000E8
000E3
000DB
000CF
000C0
000AF
0009B
00085
0006E
00056
0003E
00026
0000F
3FFF9
3FFE5
3FFD2
3FFC3
3FFB6
3FFAD
3FFA7
3FFA5
3FFA6
3FFAB
3FFB3
3FFBF
3FFCE
3FFDF
3FFF3
00009
00020
00039
00051
0006A
00082
00099
000AE
000C1
000D1
000DF
000E9
000F0
000F4
000F4
000F0
000E8
000DD
000CF
000BF
000AB
00096
0007F
00067
0004F
00036
0001E
00007
3FFF2
3FFDF
3FFCE
3FFC0
3FFB6
3FFAE
3FFAB
3FFAB
3FFAE
3FFB5
3FFC0
3FFCE
3FFDF
3FFF2
00008
0001F
00038
00051
0006A
00082
0009A
000B0
000C4
000D6
000E5
000F1
000F9
000FE
000FF
000FC
000F6
000EC
000DF
000CF
000BC
000A7
00090
00078
00060
00047
0002E
00016
00000
3FFEC
3FFDA
3FFCB
3FFBF
3FFB6
3FFB1
3FFAF
3FFB2
3FFB8
3FFC2
3FFCF
3FFDF
3FFF2
00007
0001E
00037
00050
00069
00083
0009B
000B3
000C8
000DB
000EB
000F8
00102
00108
0010A
00109
00104
000FB
000EF
000E0
000CD
000B9
000A2
0008A
00071
00058
0003E
00026
0000F
3FFF9
3FFE6
3FFD5
3FFC8
3FFBE
3FFB7
3FFB5
3FFB6
3FFBB
3FFC3
3FFD0
3FFDF
3FFF1
00006
0001D
00036
0004F
00069
00083
0009D
000B5
000CB
000DF
000F1
00100
0010B
00112
00116
00116
00112
0010B
000FF
000F1
000DF
000CB
000B4
0009C
00083
00069
0004F
00036
0001E
00007
3FFF3
3FFE1
3FFD2
3FFC7
3FFBF
3FFBB
3FFBA
3FFBE
3FFC6
3FFD1
3FFDF
3FFF1
00005
0001C
00035
0004F
00069
00084
0009E
000B7
000CF
000E4
000F7
00107
00114
0011D
00122
00123
00121
0011A
00110
00102
000F1
000DD
000C7
000AF
00096
0007B
00061
00047
0002D
00016
00000
3FFED
3FFDD
3FFD0
3FFC6
3FFC1
3FFBF
3FFC2
3FFC8
3FFD2
3FFE0
3FFF1
00005
0001B
00034
0004E
00069
00084
0009F
000BA
000D2
000E9
000FD
0010F
0011D
00128
0012E
00131
00130
0012A
00121
00114
00104
000F1
000DB
000C3
000A9
0008E
00073
00058
0003E
00025
0000E
3FFF9
3FFE8
3FFD9
3FFCE
3FFC7
3FFC4
3FFC5
3FFCB
3FFD4
3FFE1
3FFF1
00004
0001B
00033
0004E
00069
00085
000A1
000BC
000D6
000EE
00104
00117
00127
00133
0013B
0013F
0013F
0013B
00133
00127
00118
00105
000EF
000D7
000BD
000A2
00086
0006B
0004F
00035
0001D
00007
3FFF4
3FFE3
3FFD7
3FFCE
3FFCA
3FFCA
3FFCE
3FFD6
3FFE2
3FFF1
00004
0001A
00033
0004D
00069
00086
000A2
000BF
000DA
000F3
0010B
0011F
00131
0013E
00148
0014E
0014F
0014D
00146
0013B
0012C
0011A
00104
000EC
000D2
000B7
0009A
0007E
00061
00046
0002C
00015
00000
3FFEE
3FFE0
3FFD6
3FFD0
3FFCE
3FFD1
3FFD8
3FFE3
3FFF2
00004
0001A
00032
0004D
00069
00086
000A4
000C2
000DE
000F9
00112
00128
0013B
0014A
00156
0015D
00160
0015F
00159
0014F
00141
00130
0011B
00103
000E9
000CD
000B0
00092
00075
00058
0003D
00024
0000D
3FFFA
3FFEA
3FFDE
3FFD7
3FFD3
3FFD5
3FFDA
3FFE4
3FFF2
00004
0001A
00032
0004D
00069
00087
000A6
000C5
000E2
000FF
00119
00131
00146
00157
00164
0016E
00172
00172
0016E
00165
00158
00147
00132
0011A
00100
000E4
000C6
000A7
00089
0006B
0004E
00034
0001B
00006
3FFF5
3FFE7
3FFDE
3FFD9
3FFD9
3FFDD
3FFE6
3FFF3
00004
00019
00032
0004D
0006A
00089
000A8
000C8
000E7
00105
00121
0013B
00152
00165
00174
0017F
00185
00187
00184
0017C
00170
0015F
0014B
00133
00119
000FC
000DE
000BE
0009E
0007F
00061
00044
0002A
00013
00000
3FFF1
3FFE5
3FFDF
3FFDD
3FFE0
3FFE8
3FFF4
00005
00019
00032
0004D
0006B
0008A
000AB
000CC
000EC
0010C
0012A
00146
0015E
00173
00184
00191
00199
0019D
0019B
00194
00189
00179
00166
0014E
00133
00116
000F7
000D6
000B5
00095
00075
00056
0003B
00022
0000C
3FFFB
3FFEE
3FFE5
3FFE2
3FFE3
3FFEA
3FFF5
00005
0001A
00032
0004D
0006C
0008C
000AE
000D0
000F2
00114
00134
00151
0016C
00183
00196
001A5
001AF
001B4
001B4
001AF
001A5
00196
00182
0016B
00150
00132
00112
000F0
000CE
000AC
0008A
0006A
0004C
00031
00019
00006
3FFF6
3FFEC
3FFE7
3FFE7
3FFEC
3FFF7
00006
0001A
00032
0004E
0006D
0008E
000B1
000D5
000F9
0011C
0013E
0015E
0017B
00194
001AA
001BB
001C7
001CE
001CF
001CB
001C2
001B4
001A1
0018A
0016F
00150
0012F
0010D
000E9
000C5
000A1
0007F
0005E
00041
00027
00011
00000
3FFF4
3FFED
3FFEB
3FFEF
3FFF8
00007
0001A
00032
0004F
0006E
00090
000B5
000DA
00100
00126
0014A
0016C
0018C
001A8
001C0
001D3
001E1
001EA
001ED
001EB
001E3
001D6
001C3
001AC
00191
00171
00150
0012B
00106
000E0
000BA
00095
00073
00053
00036
0001E
0000A
3FFFC
3FFF3
3FFEF
3FFF2
3FFFA
00008
0001B
00033
00050
00070
00093
000B9
000E1
00109
00131
00157
0017C
0019F
001BD
001D8
001EE
001FE
00209
0020F
0020E
00207
001FB
001E9
001D2
001B6
00196
00173
0014D
00126
000FD
000D5
000AE
00089
00066
00047
0002C
00015
00004
3FFF9
3FFF4
3FFF5
3FFFC
00009
0001C
00034
00051
00072
00097
000BF
000E8
00113
0013D
00167
0018F
001B4
001D6
001F3
0020C
00220
0022D
00234
00235
00230
00224
00213
001FC
001DF
001BF
0019A
00173
00149
0011E
000F4
000C9
000A1
0007B
00059
0003B
00021
0000E
00000
3FFF9
3FFF8
3FFFE
0000A
0001C
00035
00052
00075
0009B
000C5
000F1
0011E
0014C
00179
001A4
001CD
001F2
00213
0022F
00246
00256
00260
00262
0025F
00254
00243
0022C
0020F
001ED
001C7
0019D
00171
00143
00115
000E8
000BC
00092
0006C
0004B
0002E
00018
00007
3FFFE
3FFFB
3FFFF
0000B
0001D
00036
00054
00078
000A1
000CD
000FC
0012C
0015D
0018E
001BE
001EB
00214
00239
00259
00272
00286
00292
00297
00295
0028B
0027B
00263
00245
00222
001FA
001CE
0019F
0016E
0013C
0010A
000DA
000AC
00082
0005D
0003C
00022
0000F
00002
3FFFE
00001
0000B
0001D
00037
00056
0007C
000A7
000D6
00109
0013D
00173
001A9
001DD
0020F
0023D
00266
0028A
002A8
002BF
002CF
002D6
002D6
002CD
002BD
002A5
00286
00261
00236
00207
001D4
0019F
00169
00132
000FD
000CA
0009B
00071
0004C
0002D
00016
00007
00000
00001
0000B
0001D
00037
00059
00081
000AF
000E3
0011A
00153
0018E
001CA
00204
0023B
00270
0029F
002C8
002EB
00306
00319
00324
00325
0031E
0030E
002F5
002D5
002AD
0027F
0024C
00214
001DA
0019E
00161
00126
000ED
000B7
00087
0005D
00039
0001E
0000B
00001
00001
0000A
0001C
00038
0005C
00088
000BA
000F2
0012F
00170
001B2
001F5
00237
00276
002B2
002E8
00319
00342
00362
0037A
00388
0038C
00386
00376
0035C
00339
0030E
002DC
002A3
00265
00224
001E0
0019B
00157
00116
000D9
000A1
0006F
00046
00025
0000E
00001
3FFFE
00007
0001A
00038
0005F
00090
000C9
00109
0014E
00198
001E4
00231
0027D
002C7
0030D
0034E
00388
003B9
003E1
003FE
00411
00418
00414
00404
003E8
003C2
00392
00359
00318
002D1
00286
00237
001E7
00198
0014B
00103
000C0
00085
00052
0002A
0000D
3FFFC
3FFF8
00000
00015
00037
00064
0009D
000DF
0012A
0017D
001D4
00230
0028D
002E9
00343
00399
003E9
00430
0046E
004A1
004C8
004E2
004EE
004EB
004DB
004BD
00491
00459
00416
003C9
00374
00319
002B9
00258
001F7
00198
0013E
000EA
000A0
00060
0002C
00006
3FFEF
3FFE8
3FFF1
0000A
00033
0006C
000B3
00107
00167
001D1
00242
002B9
00333
003AD
00425
00499
00505
00568
005BF
00608
00642
0066A
00681
00685
00677
00655
00622
005DD
00588
00526
004B7
0043E
003BF
0033B
002B6
00233
001B5
00140
000D5
00079
0002D
3FFF4
3FFD0
3FFC2
3FFCC
3FFEF
0002A
0007E
000EA
0016C
00203
002AE
00368
00431
00503
005DD
006BB
00799
00873
00946
00A0F
00ACB
00B76
00C10
00C95
00D05
00D61
00DA9
00DDF
00E09
00E2D
00E59
00EA1
00F30
01072
013F1
02677
33677
1A14C
3909A
2C54F
36EEA
06D6F
0443E
3B055
02063
3576D
0CD45
016F8
3E02E
166D2
13D5B
003BE
05194
38ACC
3A177
32982
3A37D
013FA
39C94
045B1
3F49A
09175
03585
3D80C
36B4E
01165
39FA3
38A3A
3ADDC
3F46D
36071
06B1D
08261
04573
0227B
0614A
3DDD1
3D261
07A86
0C097
04C73
07E2F
12026
37FFC
38C7D
3C708
34DE1
3D6EA
074EA
3B2CB
3A352
004F0
2E61E
03473
3BD49
3ECF5
0B621
322B8
02660
09AD5
3B3C5
0315C
0D84A
3C5C7
3BBAB
030BB
38E3A
3D263
3DFE5
3B0DF
13C72
3C624
0F52B
3AE01
03B6A
091D5
02EBD
02E5F
34B8F
35057
3258F
08B1A
0496D
3BE17
3F5EF
010A3
02D31
0E4EE
05D38
07A6F
021B1
37978
392C7
0C4CB
2B9A7
02A9B
01029
117F2
3317D
39473
03501
06B30
02B10
0170A
3AB75
025F3
3E311
36BCB
06A4E
3E377
005B1
3B1A7
0C3D0
03CDF
3D99A
0224F
037A2
361CE
3795E
019D2
34197
3AEAD
39B40
38678
3BF1E
3C768
1548C
08B6F
0A805
31860
3CA15
3FD06
12E09
3F52D
09A66
383FA
3CA2F
3C710
3F8F6
04333
0B5F4
018A5
3F748
0BA1D
382B9
3F445
01584
3783C
086ED
12458
0BA68
3C4A1
3917C
072D9
2A376
38081
3B7A7
0329B
39815
3C4CA
3DC7F
0080C
25A21
3D4DC
06062
00C67
0AD52
3C1F3
3443B
09549
2F1F4
01622
0D3B8
02702
0FAF3
3FE80
3C982
02077
061BF
37ECF
067A8
02F0F
090C5
042AB
3F14B
3C69F
09FE3
097F7
01E35
38C4F
39592
3F0A5
38E90
07E53
3D9C3
03325
09F3E
3EE56
0DD18
01884
0530F
347A3
15C5C
05F2C
3B52E
315D5
37C9C
05B74
01D85
03A40
3BB40
2C7BD
00DDE
378BC
35801
06751
075D9
062B7
08262
353C2
08B04
306B3
3D764
04F5E
3CD00
3AC40
06D7C
3885C
090BF
30AC4
0236A
030EC
3D9A3
05765
31AD3
3FF61
3C0B7
03008
3BEDC
07BC7
08E35
00EB3
3DF1C
06DB2
3EB7A
3BC7E
02105
3B5BA
3F07C
00DEE
3B177
0BF57
3875C
00DA2
3C5A7
3A252
2CA61
00F22
1E538
07B0A
053BD
393E7
05EF8
393A4
05343
3E933
091B0
029A1
078F7
07648
01E7A
3ECC5
3CB43
078EB
00E92
08925
3FD08
04430
08F30
03788
05180
3106D
3952E
3CFFE
069C3
044D5
3F9C5
0B204
3507B
35870
3D6C6
3DF46
36C0A
3A046
32014
053E9
01BB3
00B44
3D46B
00A8F
12307
04089
3ACA4
37705
3D66B
3DADA
12384
02AC0
3F47B
3791D
3C4D6
06C47
3958F
3CB54
3F687
05303
02702
3C09A
0019A
3A861
3AB86
39577
0C456
37AB2
0D7E0
07932
35F91
01B47
0C1DA
00BAD
2AB5E
340B2
00DAF
021B7
0684F
33E42
03AD5
3AAA5
08D32
07C2C
38BAE
0A0EB
3B39B
0CC31
04484
053DE
0EC49
356C9
0D685
386F8
337E0
3147B
13945
019BF
32290
072F2
0E464
0BCFF
08FA1
3ECA9
0472D
3A5F7
365AF
3E591
3D311
3A4C6
3CAB6
007C5
3D54B
0F036
05141
0641D
3B9B7
01201
0722E
01BEB
3E0B3
3F033
389AD
3E826
06C5F
3D1F4
39F8C
3C6FD
3CB2D
05966
3EB62
021AC
0BF35
3F455
0828C
3C0A1
031C6
0A78E
36A6E
01F2B
0139F
3B0F4
01902
00762
36B37
38F1D
3649F
03088
011AE
3DF14
006ED
3FFCE
3E283
31B47
07E77
06047
3B143
3A588
0ED81
0F7FB
00FE1
024DA
362B3
0B8AD
3A7E7
3BFAF
044BA
01C72
0095A
0B843
38802
398BA
022D9
3BBCB
086E3
378EA
05925
36823
02B91
149C5
06421
3C7ED
386D7
3D149
04674
3E8AD
03974
3888D
3CD8A
3D86D
3789B
3E570
00FAA
05F67
0DAD0
3FF8E
06F82
3D0FB
2D76C
089FF
0313E
372B1
18947
04F5C
0CA25
0010A
0F475
3A7A1
08F30
350E9
3AED0
3AB07
3A607
05614
02EE3
03E02
06CB6
0BFE2
3C389
3D3D6
13567
14ACD
0B243
0A7BC
3B3CE
32EA2
3E69A
00767
3E814
04A05
06EEA
39417
10AAA
2CD14
04944
0C7D0
2F321
3AAD7
0E898
0854D
07A8E
09C6E
36058
3A4E7
3F20E
39FCC
09B57
101BD
35C68
0C4C2
04F29
3A123
39E5F
03B7E
3B480
3C687
10F66
3D26E
381BC
1673B
32F8C
08D0A
0A334
00000
3FF16
3FE2F
3FD4D
3FC73
3FBA2
3FADE
3FA27
3F981
3F8EB
3F869
3F7FA
3F7A1
3F75C
3F72D
3F713
3F70D
3F71D
3F73F
3F774
3F7B9
3F80E
3F871
3F8DF
3F956
3F9D5
3FA5A
3FAE2
3FB6B
3FBF3
3FC79
3FCFA
3FD75
3FDE8
3FE52
3FEB2
3FF06
3FF4F
3FF8B
3FFBB
3FFDE
3FFF4
3FFFF
3FFFF
3FFF3
3FFDF
3FFC1
3FF9D
3FF72
3FF43
3FF10
3FEDB
3FEA5
3FE71
3FE3E
3FE0E
3FDE2
3FDBB
3FD9A
3FD7F
3FD6B
3FD5F
3FD5A
3FD5C
3FD65
3FD75
3FD8C
3FDA9
3FDCA
3FDF1
3FE1A
3FE47
3FE75
3FEA5
3FED4
3FF02
3FF2E
3FF58
3FF7E
3FFA0
3FFBD
3FFD6
3FFE9
3FFF6
3FFFE
00001
3FFFD
3FFF5
3FFE7
3FFD5
3FFC0
3FFA7
3FF8B
3FF6E
3FF4F
3FF30
3FF12
3FEF4
3FED8
3FEBE
3FEA7
3FE93
3FE83
3FE77
3FE6F
3FE6C
3FE6D
3FE73
3FE7C
3FE8A
3FE9B
3FEB0
3FEC7
3FEE0
3FEFB
3FF18
3FF35
3FF51
3FF6D
3FF88
3FFA2
3FFB9
3FFCD
3FFDE
3FFEC
3FFF7
3FFFD
00001
00000
3FFFC
3FFF4
3FFE9
3FFDC
3FFCC
3FFB9
3FFA5
3FF90
3FF7B
3FF65
3FF4F
3FF3A
3FF27
3FF15
3FF05
3FEF8
3FEEE
3FEE6
3FEE2
3FEE0
3FEE2
3FEE7
3FEEF
3FEF9
3FF06
3FF16
3FF27
3FF3A
3FF4E
3FF62
3FF77
3FF8C
3FFA0
3FFB3
3FFC4
3FFD4
3FFE2
3FFED
3FFF6
3FFFD
00000
00001
3FFFF
3FFFA
3FFF3
3FFEA
3FFDE
3FFD1
3FFC2
3FFB3
3FFA2
3FF91
3FF80
3FF70
3FF60
3FF51
3FF44
3FF39
3FF2F
3FF28
3FF23
3FF21
3FF21
3FF23
3FF28
3FF2F
3FF38
3FF43
3FF50
3FF5E
3FF6D
3FF7D
3FF8D
3FF9D
3FFAD
3FFBC
3FFCB
3FFD8
3FFE4
3FFEE
3FFF6
3FFFC
00000
00001
00001
3FFFE
3FFF9
3FFF2
3FFEA
3FFE0
3FFD4
3FFC8
3FFBA
3FFAD
3FF9F
3FF91
3FF84
3FF78
3FF6C
3FF62
3FF5A
3FF53
3FF4E
3FF4A
3FF49
3FF4A
3FF4D
3FF52
3FF58
3FF61
3FF6A
3FF75
3FF81
3FF8E
3FF9B
3FFA9
3FFB6
3FFC3
3FFCF
3FFDB
3FFE5
3FFEE
3FFF5
3FFFB
3FFFF
00001
00002
00000
3FFFD
3FFF8
3FFF1
3FFE9
3FFE0
3FFD6
3FFCB
3FFC0
3FFB4
3FFA8
3FF9D
3FF92
3FF88
3FF7F
3FF77
3FF70
3FF6B
3FF68
3FF66
3FF66
3FF67
3FF6B
3FF6F
3FF76
3FF7D
3FF86
3FF90
3FF9A
3FFA6
3FFB1
3FFBC
3FFC7
3FFD2
3FFDC
3FFE5
3FFEE
3FFF5
3FFFA
3FFFE
00001
00002
00001
3FFFF
3FFFB
3FFF6
3FFF0
3FFE9
3FFE0
3FFD7
3FFCD
3FFC3
3FFB9
3FFAF
3FFA5
3FF9C
3FF94
3FF8D
3FF86
3FF81
3FF7E
3FF7B
3FF7A
3FF7B
3FF7D
3FF81
3FF86
3FF8C
3FF93
3FF9B
3FFA4
3FFAD
3FFB7
3FFC1
3FFCB
3FFD4
3FFDD
3FFE6
3FFED
3FFF4
3FFF9
3FFFE
00000
00002
00002
00001
3FFFE
3FFFA
3FFF5
3FFEF
3FFE8
3FFE0
3FFD8
3FFCF
3FFC6
3FFBD
3FFB4
3FFAC
3FFA4
3FF9D
3FF97
3FF92
3FF8E
3FF8C
3FF8A
3FF8A
3FF8C
3FF8E
3FF92
3FF97
3FF9D
3FFA4
3FFAB
3FFB3
3FFBC
3FFC5
3FFCD
3FFD6
3FFDE
3FFE6
3FFED
3FFF3
3FFF9
3FFFD
00000
00002
00002
00002
00000
3FFFD
3FFF9
3FFF4
3FFEE
3FFE7
3FFE0
3FFD8
3FFD0
3FFC8
3FFC0
3FFB9
3FFB1
3FFAB
3FFA5
3FFA0
3FF9C
3FF99
3FF97
3FF97
3FF97
3FF99
3FF9C
3FFA0
3FFA5
3FFAB
3FFB1
3FFB8
3FFC0
3FFC7
3FFCF
3FFD7
3FFDF
3FFE6
3FFED
3FFF3
3FFF8
3FFFC
3FFFF
00001
00003
00003
00001
3FFFF
3FFFC
3FFF8
3FFF3
3FFED
3FFE6
3FFE0
3FFD9
3FFD1
3FFCA
3FFC3
3FFBC
3FFB6
3FFB0
3FFAB
3FFA7
3FFA4
3FFA2
3FFA1
3FFA1
3FFA2
3FFA4
3FFA8
3FFAC
3FFB0
3FFB6
3FFBC
3FFC3
3FFCA
3FFD1
3FFD8
3FFDF
3FFE6
3FFEC
3FFF2
3FFF7
3FFFB
3FFFF
00001
00003
00003
00002
00001
3FFFE
3FFFB
3FFF6
3FFF1
3FFEC
3FFE6
3FFDF
3FFD9
3FFD2
3FFCB
3FFC5
3FFBF
3FFBA
3FFB5
3FFB1
3FFAE
3FFAB
3FFAA
3FFA9
3FFAA
3FFAC
3FFAE
3FFB1
3FFB5
3FFBA
3FFC0
3FFC6
3FFCC
3FFD2
3FFD9
3FFE0
3FFE6
3FFEC
3FFF1
3FFF6
3FFFB
3FFFE
00001
00002
00003
00003
00002
00000
3FFFD
3FFFA
3FFF5
3FFF0
3FFEB
3FFE5
3FFDF
3FFD9
3FFD3
3FFCD
3FFC7
3FFC2
3FFBD
3FFB9
3FFB6
3FFB3
3FFB1
3FFB1
3FFB1
3FFB2
3FFB4
3FFB6
3FFBA
3FFBE
3FFC3
3FFC8
3FFCE
3FFD4
3FFDA
3FFE0
3FFE6
3FFEB
3FFF1
3FFF6
3FFFA
3FFFD
00000
00002
00003
00004
00003
00001
3FFFF
3FFFC
3FFF8
3FFF4
3FFEF
3FFEA
3FFE4
3FFDF
3FFD9
3FFD3
3FFCE
3FFC9
3FFC4
3FFC0
3FFBD
3FFBA
3FFB8
3FFB7
3FFB7
3FFB7
3FFB9
3FFBB
3FFBE
3FFC1
3FFC5
3FFCA
3FFCF
3FFD5
3FFDA
3FFE0
3FFE6
3FFEB
3FFF0
3FFF5
3FFF9
3FFFD
00000
00002
00003
00004
00004
00003
00001
3FFFE
3FFFB
3FFF7
3FFF3
3FFEE
3FFE9
3FFE4
3FFDE
3FFD9
3FFD4
3FFCF
3FFCB
3FFC6
3FFC3
3FFC0
3FFBE
3FFBD
3FFBC
3FFBC
3FFBD
3FFBF
3FFC1
3FFC4
3FFC8
3FFCC
3FFD1
3FFD6
3FFDB
3FFE0
3FFE5
3FFEB
3FFF0
3FFF4
3FFF8
3FFFC
3FFFF
00001
00003
00004
00004
00003
00002
00000
3FFFD
3FFFA
3FFF6
3FFF2
3FFED
3FFE8
3FFE3
3FFDE
3FFD9
3FFD5
3FFD0
3FFCC
3FFC9
3FFC6
3FFC3
3FFC2
3FFC1
3FFC0
3FFC1
3FFC2
3FFC4
3FFC7
3FFCA
3FFCE
3FFD2
3FFD7
3FFDB
3FFE0
3FFE5
3FFEA
3FFEF
3FFF3
3FFF8
3FFFB
3FFFE
00001
00003
00004
00004
00004
00003
00001
3FFFF
3FFFC
3FFF9
3FFF5
3FFF1
3FFEC
3FFE7
3FFE3
3FFDE
3FFD9
3FFD5
3FFD1
3FFCE
3FFCB
3FFC8
3FFC6
3FFC5
3FFC4
3FFC5
3FFC6
3FFC7
3FFC9
3FFCC
3FFCF
3FFD3
3FFD7
3FFDC
3FFE0
3FFE5
3FFEA
3FFEE
3FFF3
3FFF7
3FFFB
3FFFE
00000
00002
00004
00005
00005
00004
00003
00001
3FFFE
3FFFB
3FFF8
3FFF4
3FFF0
3FFEB
3FFE7
3FFE2
3FFDE
3FFDA
3FFD6
3FFD2
3FFCF
3FFCC
3FFCA
3FFC9
3FFC8
3FFC8
3FFC9
3FFCA
3FFCC
3FFCE
3FFD1
3FFD4
3FFD8
3FFDC
3FFE1
3FFE5
3FFEA
3FFEE
3FFF2
3FFF6
3FFFA
3FFFD
00000
00002
00004
00005
00005
00005
00004
00002
00000
3FFFD
3FFFA
3FFF7
3FFF3
3FFEF
3FFEA
3FFE6
3FFE2
3FFDE
3FFDA
3FFD6
3FFD3
3FFD0
3FFCE
3FFCD
3FFCC
3FFCB
3FFCB
3FFCC
3FFCE
3FFD0
3FFD2
3FFD5
3FFD9
3FFDD
3FFE1
3FFE5
3FFE9
3FFED
3FFF2
3FFF5
3FFF9
3FFFC
3FFFF
00002
00003
00005
00005
00005
00005
00003
00001
3FFFF
3FFFC
3FFF9
3FFF6
3FFF2
3FFEE
3FFEA
3FFE6
3FFE2
3FFDE
3FFDA
3FFD7
3FFD4
3FFD2
3FFD0
3FFCF
3FFCE
3FFCE
3FFCF
3FFD0
3FFD2
3FFD4
3FFD7
3FFDA
3FFDD
3FFE1
3FFE5
3FFE9
3FFED
3FFF1
3FFF5
3FFF8
3FFFC
3FFFF
00001
00003
00004
00005
00006
00005
00004
00003
00001
3FFFE
3FFFB
3FFF8
3FFF5
3FFF1
3FFED
3FFE9
3FFE5
3FFE1
3FFDE
3FFDB
3FFD8
3FFD5
3FFD3
3FFD2
3FFD1
3FFD1
3FFD1
3FFD2
3FFD3
3FFD5
3FFD8
3FFDA
3FFDE
3FFE1
3FFE5
3FFE9
3FFED
3FFF0
3FFF4
3FFF8
3FFFB
3FFFE
00001
00003
00004
00005
00006
00006
00005
00004
00002
00000
3FFFD
3FFFA
3FFF7
3FFF4
3FFF0
3FFEC
3FFE8
3FFE5
3FFE1
3FFDE
3FFDB
3FFD9
3FFD6
3FFD5
3FFD4
3FFD3
3FFD3
3FFD4
3FFD5
3FFD6
3FFD9
3FFDB
3FFDE
3FFE1
3FFE5
3FFE8
3FFEC
3FFF0
3FFF4
3FFF7
3FFFA
3FFFD
00000
00002
00004
00005
00006
00006
00006
00005
00003
00002
3FFFF
3FFFC
3FFF9
3FFF6
3FFF3
3FFEF
3FFEB
3FFE8
3FFE4
3FFE1
3FFDE
3FFDC
3FFD9
3FFD8
3FFD6
3FFD6
3FFD5
3FFD6
3FFD6
3FFD8
3FFDA
3FFDC
3FFDF
3FFE1
3FFE5
3FFE8
3FFEC
3FFEF
3FFF3
3FFF6
3FFFA
3FFFD
3FFFF
00002
00004
00005
00006
00006
00006
00006
00004
00003
00001
3FFFE
3FFFB
3FFF8
3FFF5
3FFF2
3FFEE
3FFEB
3FFE7
3FFE4
3FFE1
3FFDE
3FFDC
3FFDA
3FFD9
3FFD8
3FFD7
3FFD7
3FFD8
3FFD9
3FFDB
3FFDD
3FFDF
3FFE2
3FFE5
3FFE8
3FFEB
3FFEF
3FFF2
3FFF6
3FFF9
3FFFC
3FFFF
00001
00003
00005
00006
00007
00007
00006
00005
00004
00002
00000
3FFFD
3FFFB
3FFF7
3FFF4
3FFF1
3FFED
3FFEA
3FFE7
3FFE4
3FFE1
3FFDF
3FFDD
3FFDB
3FFDA
3FFD9
3FFD9
3FFD9
3FFDA
3FFDC
3FFDD
3FFDF
3FFE2
3FFE5
3FFE8
3FFEB
3FFEE
3FFF2
3FFF5
3FFF8
3FFFB
3FFFE
00001
00003
00005
00006
00007
00007
00007
00006
00005
00004
00002
3FFFF
3FFFD
3FFFA
3FFF6
3FFF3
3FFF0
3FFED
3FFEA
3FFE7
3FFE4
3FFE1
3FFDF
3FFDD
3FFDC
3FFDB
3FFDB
3FFDB
3FFDC
3FFDD
3FFDE
3FFE0
3FFE2
3FFE5
3FFE8
3FFEB
3FFEE
3FFF1
3FFF5
3FFF8
3FFFB
3FFFE
00000
00002
00004
00006
00007
00007
00007
00007
00006
00005
00003
00001
3FFFE
3FFFC
3FFF9
3FFF6
3FFF2
3FFEF
3FFEC
3FFE9
3FFE6
3FFE4
3FFE1
3FFE0
3FFDE
3FFDD
3FFDD
3FFDC
3FFDD
3FFDE
3FFDF
3FFE1
3FFE3
3FFE5
3FFE8
3FFEB
3FFEE
3FFF1
3FFF4
3FFF7
3FFFA
3FFFD
00000
00002
00004
00006
00007
00007
00008
00007
00007
00006
00004
00002
00000
3FFFD
3FFFB
3FFF8
3FFF5
3FFF2
3FFEE
3FFEB
3FFE9
3FFE6
3FFE4
3FFE2
3FFE0
3FFDF
3FFDE
3FFDE
3FFDE
3FFDF
3FFE0
3FFE1
3FFE3
3FFE5
3FFE8
3FFEA
3FFED
3FFF0
3FFF4
3FFF7
3FFFA
3FFFC
3FFFF
00002
00004
00005
00007
00008
00008
00008
00008
00007
00005
00004
00002
3FFFF
3FFFD
3FFFA
3FFF7
3FFF4
3FFF1
3FFEE
3FFEB
3FFE8
3FFE6
3FFE4
3FFE2
3FFE1
3FFE0
3FFDF
3FFDF
3FFE0
3FFE1
3FFE2
3FFE3
3FFE5
3FFE8
3FFEA
3FFED
3FFF0
3FFF3
3FFF6
3FFF9
3FFFC
3FFFF
00001
00003
00005
00006
00008
00008
00008
00008
00007
00006
00005
00003
00001
3FFFE
3FFFC
3FFF9
3FFF6
3FFF3
3FFF0
3FFED
3FFEB
3FFE8
3FFE6
3FFE4
3FFE3
3FFE1
3FFE1
3FFE1
3FFE1
3FFE1
3FFE2
3FFE4
3FFE6
3FFE8
3FFEA
3FFED
3FFF0
3FFF2
3FFF5
3FFF8
3FFFB
3FFFE
00000
00003
00005
00006
00007
00008
00009
00009
00008
00007
00006
00004
00002
00000
3FFFD
3FFFB
3FFF8
3FFF5
3FFF2
3FFEF
3FFED
3FFEA
3FFE8
3FFE6
3FFE4
3FFE3
3FFE2
3FFE2
3FFE2
3FFE2
3FFE3
3FFE4
3FFE6
3FFE8
3FFEA
3FFED
3FFEF
3FFF2
3FFF5
3FFF8
3FFFB
3FFFD
00000
00002
00004
00006
00007
00008
00009
00009
00009
00008
00007
00005
00004
00002
3FFFF
3FFFD
3FFFA
3FFF7
3FFF4
3FFF1
3FFEF
3FFEC
3FFEA
3FFE8
3FFE6
3FFE5
3FFE4
3FFE3
3FFE3
3FFE3
3FFE4
3FFE5
3FFE6
3FFE8
3FFEA
3FFEC
3FFEF
3FFF2
3FFF4
3FFF7
3FFFA
3FFFD
3FFFF
00002
00004
00006
00007
00008
00009
00009
00009
00009
00008
00007
00005
00003
00001
3FFFE
3FFFC
3FFF9
3FFF6
3FFF3
3FFF1
3FFEE
3FFEC
3FFEA
3FFE8
3FFE6
3FFE5
3FFE4
3FFE4
3FFE4
3FFE4
3FFE5
3FFE7
3FFE8
3FFEA
3FFEC
3FFEF
3FFF1
3FFF4
3FFF7
3FFF9
3FFFC
3FFFF
00001
00003
00005
00007
00008
00009
0000A
0000A
00009
00009
00008
00006
00004
00002
00000
3FFFE
3FFFB
3FFF8
3FFF5
3FFF3
3FFF0
3FFEE
3FFEC
3FFEA
3FFE8
3FFE7
3FFE6
3FFE5
3FFE5
3FFE5
3FFE6
3FFE7
3FFE8
3FFEA
3FFEC
3FFEE
3FFF1
3FFF3
3FFF6
3FFF9
3FFFC
3FFFE
00001
00003
00005
00007
00008
00009
0000A
0000A
0000A
00009
00009
00007
00006
00004
00002
3FFFF
3FFFD
3FFFA
3FFF7
3FFF5
3FFF2
3FFF0
3FFED
3FFEB
3FFEA
3FFE8
3FFE7
3FFE6
3FFE6
3FFE6
3FFE7
3FFE7
3FFE9
3FFEA
3FFEC
3FFEE
3FFF1
3FFF3
3FFF6
3FFF8
3FFFB
3FFFE
00000
00002
00005
00006
00008
00009
0000A
0000A
0000A
0000A
00009
00008
00007
00005
00003
00001
3FFFE
3FFFC
3FFF9
3FFF7
3FFF4
3FFF1
3FFEF
3FFED
3FFEB
3FFEA
3FFE8
3FFE7
3FFE7
3FFE7
3FFE7
3FFE8
3FFE9
3FFEA
3FFEC
3FFEE
3FFF0
3FFF3
3FFF5
3FFF8
3FFFA
3FFFD
00000
00002
00004
00006
00008
00009
0000A
0000B
0000B
0000B
0000A
00009
00008
00006
00004
00002
00000
3FFFE
3FFFB
3FFF8
3FFF6
3FFF3
3FFF1
3FFEF
3FFED
3FFEB
3FFEA
3FFE9
3FFE8
3FFE8
3FFE8
3FFE8
3FFE9
3FFEA
3FFEC
3FFEE
3FFF0
3FFF2
3FFF5
3FFF7
3FFFA
3FFFC
3FFFF
00001
00004
00006
00007
00009
0000A
0000B
0000B
0000B
0000B
0000A
00009
00008
00006
00004
00002
3FFFF
3FFFD
3FFFA
3FFF8
3FFF5
3FFF3
3FFF0
3FFEE
3FFED
3FFEB
3FFEA
3FFE9
3FFE9
3FFE9
3FFE9
3FFEA
3FFEB
3FFEC
3FFEE
3FFF0
3FFF2
3FFF4
3FFF7
3FFF9
3FFFC
3FFFE
00001
00003
00005
00007
00009
0000A
0000B
0000B
0000C
0000B
0000B
0000A
00009
00007
00005
00003
00001
3FFFE
3FFFC
3FFF9
3FFF7
3FFF4
3FFF2
3FFF0
3FFEE
3FFEC
3FFEB
3FFEA
3FFEA
3FFE9
3FFEA
3FFEA
3FFEB
3FFEC
3FFEE
3FFF0
3FFF2
3FFF4
3FFF6
3FFF9
3FFFB
3FFFE
00000
00003
00005
00007
00009
0000A
0000B
0000C
0000C
0000C
0000C
0000B
0000A
00008
00007
00005
00002
00000
3FFFE
3FFFB
3FFF9
3FFF6
3FFF4
3FFF2
3FFF0
3FFEE
3FFEC
3FFEB
3FFEB
3FFEA
3FFEA
3FFEB
3FFEB
3FFEC
3FFEE
3FFEF
3FFF1
3FFF4
3FFF6
3FFF8
3FFFB
3FFFD
00000
00002
00004
00006
00008
0000A
0000B
0000C
0000C
0000C
0000C
0000C
0000B
00009
00008
00006
00004
00002
3FFFF
3FFFD
3FFFA
3FFF8
3FFF5
3FFF3
3FFF1
3FFEF
3FFEE
3FFEC
3FFEC
3FFEB
3FFEB
3FFEB
3FFEC
3FFEC
3FFEE
3FFEF
3FFF1
3FFF3
3FFF5
3FFF8
3FFFA
3FFFD
3FFFF
00002
00004
00006
00008
0000A
0000B
0000C
0000D
0000D
0000D
0000C
0000C
0000A
00009
00007
00005
00003
00001
3FFFE
3FFFC
3FFF9
3FFF7
3FFF5
3FFF3
3FFF1
3FFEF
3FFEE
3FFED
3FFEC
3FFEC
3FFEC
3FFEC
3FFED
3FFEE
3FFEF
3FFF1
3FFF3
3FFF5
3FFF7
3FFFA
3FFFC
3FFFF
00001
00003
00006
00008
00009
0000B
0000C
0000D
0000D
0000D
0000D
0000C
0000B
0000A
00009
00007
00005
00002
00000
3FFFE
3FFFB
3FFF9
3FFF6
3FFF4
3FFF2
3FFF0
3FFEF
3FFEE
3FFED
3FFEC
3FFEC
3FFEC
3FFED
3FFEE
3FFEF
3FFF1
3FFF3
3FFF5
3FFF7
3FFF9
3FFFC
3FFFE
00001
00003
00005
00007
00009
0000B
0000C
0000D
0000E
0000E
0000E
0000D
0000C
0000B
0000A
00008
00006
00004
00002
3FFFF
3FFFD
3FFFA
3FFF8
3FFF6
3FFF4
3FFF2
3FFF0
3FFEF
3FFEE
3FFED
3FFED
3FFED
3FFED
3FFEE
3FFEF
3FFF1
3FFF2
3FFF4
3FFF6
3FFF9
3FFFB
3FFFE
00000
00002
00005
00007
00009
0000B
0000C
0000D
0000E
0000E
0000E
0000E
0000D
0000C
0000B
00009
00007
00005
00003
00001
3FFFE
3FFFC
3FFFA
3FFF7
3FFF5
3FFF3
3FFF1
3FFF0
3FFEF
3FFEE
3FFEE
3FFED
3FFEE
3FFEE
3FFEF
3FFF1
3FFF2
3FFF4
3FFF6
3FFF8
3FFFB
3FFFD
3FFFF
00002
00004
00006
00008
0000A
0000C
0000D
0000E
0000F
0000F
0000F
0000E
0000D
0000C
0000B
00009
00007
00005
00002
00000
3FFFE
3FFFB
3FFF9
3FFF7
3FFF5
3FFF3
3FFF1
3FFF0
3FFEF
3FFEE
3FFEE
3FFEE
3FFEF
3FFEF
3FFF1
3FFF2
3FFF4
3FFF6
3FFF8
3FFFA
3FFFD
3FFFF
00001
00004
00006
00008
0000A
0000C
0000D
0000E
0000F
0000F
0000F
0000F
0000E
0000D
0000C
0000A
00008
00006
00004
00002
3FFFF
3FFFD
3FFFA
3FFF8
3FFF6
3FFF4
3FFF2
3FFF1
3FFF0
3FFEF
3FFEF
3FFEF
3FFEF
3FFF0
3FFF1
3FFF2
3FFF3
3FFF5
3FFF7
3FFFA
3FFFC
3FFFE
00001
00003
00006
00008
0000A
0000B
0000D
0000E
0000F
00010
00010
00010
0000F
0000E
0000D
0000B
0000A
00008
00005
00003
00001
3FFFE
3FFFC
3FFFA
3FFF8
3FFF5
3FFF4
3FFF2
3FFF1
3FFF0
3FFEF
3FFEF
3FFEF
3FFF0
3FFF1
3FFF2
3FFF3
3FFF5
3FFF7
3FFF9
3FFFB
3FFFE
00000
00003
00005
00007
00009
0000B
0000D
0000E
0000F
00010
00010
00010
00010
0000F
0000E
0000D
0000B
00009
00007
00005
00002
00000
3FFFE
3FFFB
3FFF9
3FFF7
3FFF5
3FFF3
3FFF2
3FFF1
3FFF0
3FFF0
3FFF0
3FFF0
3FFF1
3FFF2
3FFF3
3FFF5
3FFF7
3FFF9
3FFFB
3FFFD
00000
00002
00005
00007
00009
0000B
0000D
0000E
0000F
00010
00011
00011
00011
00010
0000F
0000E
0000C
0000B
00008
00006
00004
00002
3FFFF
3FFFD
3FFFB
3FFF8
3FFF6
3FFF5
3FFF3
3FFF2
3FFF1
3FFF0
3FFF0
3FFF0
3FFF1
3FFF2
3FFF3
3FFF5
3FFF6
3FFF8
3FFFA
3FFFD
3FFFF
00002
00004
00006
00009
0000B
0000D
0000E
0000F
00010
00011
00011
00011
00011
00010
0000F
0000E
0000C
0000A
00008
00006
00003
00001
3FFFE
3FFFC
3FFFA
3FFF8
3FFF6
3FFF4
3FFF3
3FFF2
3FFF1
3FFF1
3FFF1
3FFF1
3FFF2
3FFF3
3FFF4
3FFF6
3FFF8
3FFFA
3FFFC
3FFFF
00001
00003
00006
00008
0000A
0000C
0000E
0000F
00011
00011
00012
00012
00012
00011
00010
0000F
0000D
0000B
00009
00007
00005
00002
00000
3FFFE
3FFFB
3FFF9
3FFF7
3FFF5
3FFF4
3FFF3
3FFF2
3FFF1
3FFF1
3FFF1
3FFF2
3FFF3
3FFF4
3FFF6
3FFF8
3FFFA
3FFFC
3FFFE
00001
00003
00005
00008
0000A
0000C
0000E
0000F
00011
00012
00012
00013
00012
00012
00011
00010
0000F
0000D
0000B
00009
00006
00004
00002
3FFFF
3FFFD
3FFFB
3FFF9
3FFF7
3FFF5
3FFF4
3FFF3
3FFF2
3FFF2
3FFF2
3FFF2
3FFF3
3FFF4
3FFF5
3FFF7
3FFF9
3FFFB
3FFFE
00000
00002
00005
00007
0000A
0000C
0000E
0000F
00011
00012
00013
00013
00013
00013
00012
00011
00010
0000E
0000C
0000A
00008
00006
00003
00001
3FFFE
3FFFC
3FFFA
3FFF8
3FFF6
3FFF5
3FFF4
3FFF3
3FFF2
3FFF2
3FFF2
3FFF3
3FFF4
3FFF5
3FFF7
3FFF9
3FFFB
3FFFD
3FFFF
00002
00004
00007
00009
0000B
0000D
0000F
00011
00012
00013
00014
00014
00014
00013
00012
00011
00010
0000E
0000C
0000A
00007
00005
00002
00000
3FFFE
3FFFB
3FFF9
3FFF7
3FFF6
3FFF5
3FFF4
3FFF3
3FFF3
3FFF3
3FFF3
3FFF4
3FFF5
3FFF7
3FFF8
3FFFA
3FFFD
3FFFF
00001
00004
00006
00009
0000B
0000D
0000F
00011
00012
00013
00014
00014
00014
00014
00013
00012
00011
0000F
0000D
0000B
00009
00007
00004
00002
3FFFF
3FFFD
3FFFB
3FFF9
3FFF7
3FFF6
3FFF4
3FFF4
3FFF3
3FFF3
3FFF3
3FFF4
3FFF5
3FFF6
3FFF8
3FFFA
3FFFC
3FFFE
00001
00003
00006
00008
0000B
0000D
0000F
00011
00012
00014
00014
00015
00015
00015
00014
00014
00012
00011
0000F
0000D
0000B
00008
00006
00003
00001
3FFFE
3FFFC
3FFFA
3FFF8
3FFF7
3FFF5
3FFF4
3FFF4
3FFF4
3FFF4
3FFF4
3FFF5
3FFF6
3FFF8
3FFFA
3FFFC
3FFFE
00000
00003
00005
00008
0000A
0000C
0000F
00011
00012
00014
00015
00015
00016
00016
00015
00015
00014
00012
00010
0000E
0000C
0000A
00007
00005
00002
00000
3FFFE
3FFFB
3FFF9
3FFF8
3FFF6
3FFF5
3FFF4
3FFF4
3FFF4
3FFF4
3FFF5
3FFF6
3FFF7
3FFF9
3FFFB
3FFFD
00000
00002
00005
00007
0000A
0000C
0000E
00010
00012
00014
00015
00016
00016
00017
00016
00016
00015
00014
00012
00010
0000E
0000C
00009
00007
00004
00002
3FFFF
3FFFD
3FFFB
3FFF9
3FFF7
3FFF6
3FFF5
3FFF5
3FFF4
3FFF5
3FFF5
3FFF6
3FFF7
3FFF9
3FFFB
3FFFD
3FFFF
00002
00004
00007
00009
0000C
0000E
00010
00012
00014
00015
00016
00017
00017
00017
00017
00016
00015
00013
00012
00010
0000D
0000B
00008
00006
00003
00001
3FFFE
3FFFC
3FFFA
3FFF8
3FFF7
3FFF6
3FFF5
3FFF5
3FFF5
3FFF5
3FFF6
3FFF7
3FFF9
3FFFA
3FFFC
3FFFF
00001
00004
00006
00009
0000B
0000E
00010
00012
00014
00016
00017
00018
00018
00018
00018
00017
00016
00015
00013
00011
0000F
0000D
0000A
00008
00005
00002
00000
3FFFE
3FFFC
3FFFA
3FFF8
3FFF7
3FFF6
3FFF5
3FFF5
3FFF5
3FFF6
3FFF7
3FFF8
3FFFA
3FFFC
3FFFE
00000
00003
00006
00008
0000B
0000D
00010
00012
00014
00016
00017
00018
00019
00019
00019
00019
00018
00016
00015
00013
00011
0000F
0000C
00009
00007
00004
00002
3FFFF
3FFFD
3FFFB
3FFF9
3FFF8
3FFF7
3FFF6
3FFF6
3FFF6
3FFF6
3FFF7
3FFF8
3FFFA
3FFFB
3FFFE
00000
00002
00005
00008
0000A
0000D
0000F
00012
00014
00016
00017
00019
00019
0001A
0001A
0001A
00019
00018
00016
00015
00013
00010
0000E
0000B
00009
00006
00003
00001
3FFFE
3FFFC
3FFFA
3FFF9
3FFF7
3FFF7
3FFF6
3FFF6
3FFF6
3FFF7
3FFF8
3FFF9
3FFFB
3FFFD
3FFFF
00002
00004
00007
0000A
0000D
0000F
00012
00014
00016
00018
00019
0001A
0001B
0001B
0001B
0001A
00019
00018
00016
00014
00012
00010
0000D
0000B
00008
00005
00002
00000
3FFFE
3FFFC
3FFFA
3FFF8
3FFF7
3FFF7
3FFF6
3FFF6
3FFF7
3FFF8
3FFF9
3FFFB
3FFFD
3FFFF
00001
00004
00007
00009
0000C
0000F
00011
00014
00016
00018
00019
0001B
0001C
0001C
0001C
0001C
0001B
0001A
00018
00016
00014
00012
0000F
0000D
0000A
00007
00004
00002
3FFFF
3FFFD
3FFFB
3FFF9
3FFF8
3FFF7
3FFF7
3FFF7
3FFF7
3FFF8
3FFF9
3FFFA
3FFFC
3FFFE
00001
00003
00006
00009
0000C
0000E
00011
00014
00016
00018
0001A
0001B
0001C
0001D
0001D
0001D
0001C
0001B
0001A
00018
00016
00014
00011
0000F
0000C
00009
00006
00003
00001
3FFFE
3FFFC
3FFFB
3FFF9
3FFF8
3FFF7
3FFF7
3FFF7
3FFF8
3FFF9
3FFFA
3FFFC
3FFFE
00000
00003
00005
00008
0000B
0000E
00011
00013
00016
00018
0001A
0001C
0001D
0001E
0001E
0001E
0001E
0001D
0001C
0001A
00018
00016
00013
00011
0000E
0000B
00008
00005
00003
00000
3FFFE
3FFFC
3FFFA
3FFF9
3FFF8
3FFF7
3FFF7
3FFF8
3FFF9
3FFFA
3FFFB
3FFFD
00000
00002
00005
00008
0000B
0000E
00010
00013
00016
00018
0001A
0001C
0001E
0001F
0001F
0001F
0001F
0001F
0001D
0001C
0001A
00018
00015
00013
00010
0000D
0000A
00007
00004
00002
3FFFF
3FFFD
3FFFB
3FFFA
3FFF9
3FFF8
3FFF8
3FFF8
3FFF8
3FFFA
3FFFB
3FFFD
3FFFF
00001
00004
00007
0000A
0000D
00010
00013
00016
00018
0001B
0001D
0001E
0001F
00020
00021
00021
00020
0001F
0001E
0001C
0001A
00018
00015
00012
0000F
0000C
00009
00006
00003
00001
3FFFE
3FFFC
3FFFB
3FFF9
3FFF8
3FFF8
3FFF8
3FFF8
3FFF9
3FFFB
3FFFC
3FFFE
00001
00004
00006
00009
0000C
00010
00013
00016
00018
0001B
0001D
0001F
00020
00021
00022
00022
00022
00021
00020
0001E
0001C
0001A
00017
00015
00012
0000E
0000B
00008
00005
00003
00000
3FFFE
3FFFC
3FFFA
3FFF9
3FFF9
3FFF8
3FFF9
3FFF9
3FFFA
3FFFC
3FFFE
00000
00003
00006
00009
0000C
0000F
00012
00015
00018
0001B
0001D
0001F
00021
00022
00023
00024
00023
00023
00022
00020
0001F
0001C
0001A
00017
00014
00011
0000E
0000A
00007
00004
00002
3FFFF
3FFFD
3FFFB
3FFFA
3FFF9
3FFF9
3FFF9
3FFF9
3FFFA
3FFFC
3FFFE
00000
00002
00005
00008
0000B
0000F
00012
00015
00018
0001B
0001E
00020
00022
00023
00024
00025
00025
00025
00024
00023
00021
0001F
0001C
00019
00016
00013
00010
0000D
0000A
00006
00003
00001
3FFFE
3FFFC
3FFFB
3FFFA
3FFF9
3FFF9
3FFF9
3FFFA
3FFFB
3FFFD
3FFFF
00002
00005
00008
0000B
0000E
00012
00015
00018
0001B
0001E
00021
00023
00024
00026
00027
00027
00027
00026
00025
00023
00021
0001F
0001C
00019
00016
00013
0000F
0000C
00009
00005
00003
00000
3FFFE
3FFFC
3FFFB
3FFFA
3FFF9
3FFF9
3FFFA
3FFFB
3FFFD
3FFFF
00001
00004
00007
0000A
0000E
00011
00015
00018
0001B
0001E
00021
00023
00025
00027
00028
00029
00029
00028
00027
00026
00024
00022
0001F
0001C
00019
00015
00012
0000E
0000B
00008
00005
00002
3FFFF
3FFFD
3FFFC
3FFFA
3FFFA
3FFFA
3FFFA
3FFFB
3FFFC
3FFFE
00001
00003
00006
0000A
0000D
00011
00014
00018
0001B
0001F
00021
00024
00026
00028
0002A
0002A
0002B
0002A
0002A
00028
00027
00024
00022
0001F
0001C
00018
00015
00011
0000D
0000A
00007
00004
00001
3FFFE
3FFFD
3FFFB
3FFFA
3FFFA
3FFFA
3FFFB
3FFFC
3FFFE
00000
00003
00006
00009
0000C
00010
00014
00018
0001B
0001F
00022
00025
00027
0002A
0002B
0002C
0002D
0002D
0002C
0002B
0002A
00027
00025
00022
0001F
0001B
00018
00014
00010
0000C
00009
00006
00003
00000
3FFFE
3FFFC
3FFFB
3FFFA
3FFFA
3FFFB
3FFFC
3FFFD
3FFFF
00002
00005
00008
0000C
00010
00013
00017
0001B
0001F
00022
00026
00028
0002B
0002D
0002E
0002F
0002F
0002F
0002E
0002D
0002B
00028
00025
00022
0001F
0001B
00017
00013
0000F
0000B
00008
00005
00002
3FFFF
3FFFD
3FFFC
3FFFB
3FFFA
3FFFB
3FFFC
3FFFD
3FFFF
00001
00004
00008
0000B
0000F
00013
00017
0001B
0001F
00023
00026
00029
0002C
0002E
00030
00031
00032
00032
00031
00030
0002E
0002C
00029
00026
00022
0001E
0001A
00016
00012
0000E
0000A
00007
00004
00001
3FFFF
3FFFD
3FFFB
3FFFB
3FFFB
3FFFB
3FFFD
3FFFE
00001
00004
00007
0000B
0000E
00013
00017
0001B
0001F
00023
00027
0002B
0002E
00030
00032
00034
00035
00035
00034
00033
00032
00030
0002D
0002A
00026
00022
0001E
0001A
00016
00011
0000D
00009
00006
00003
00000
3FFFE
3FFFC
3FFFB
3FFFB
3FFFB
3FFFC
3FFFE
00000
00003
00006
0000A
0000E
00012
00016
0001B
0001F
00024
00028
0002C
0002F
00032
00034
00036
00037
00038
00038
00037
00036
00034
00031
0002E
0002A
00026
00022
0001E
00019
00015
00010
0000C
00008
00005
00002
3FFFF
3FFFD
3FFFC
3FFFB
3FFFB
3FFFC
3FFFE
00000
00002
00005
00009
0000D
00012
00016
0001B
00020
00024
00029
0002D
00031
00034
00037
00039
0003A
0003B
0003C
0003B
0003A
00038
00035
00032
0002F
0002B
00027
00022
0001D
00019
00014
0000F
0000B
00007
00004
00001
3FFFF
3FFFD
3FFFC
3FFFC
3FFFC
3FFFD
3FFFF
00002
00005
00008
0000D
00011
00016
0001B
00020
00025
00029
0002E
00032
00036
00039
0003C
0003E
0003F
00040
0003F
0003E
0003D
0003A
00037
00034
00030
0002B
00027
00022
0001D
00018
00013
0000E
0000A
00006
00003
00000
3FFFE
3FFFD
3FFFC
3FFFC
3FFFD
3FFFF
00001
00004
00008
0000C
00010
00015
0001B
00020
00025
0002A
0002F
00034
00038
0003C
0003F
00041
00043
00044
00044
00043
00042
00040
0003D
0003A
00035
00031
0002C
00027
00022
0001C
00017
00012
0000D
00009
00005
00002
3FFFF
3FFFD
3FFFC
3FFFC
3FFFD
3FFFE
00000
00003
00007
0000B
00010
00015
0001A
00020
00026
0002B
00031
00036
0003B
0003F
00042
00045
00047
00049
00049
00049
00048
00046
00043
00040
0003C
00037
00032
0002D
00027
00021
0001C
00016
00011
0000C
00008
00004
00001
3FFFF
3FFFD
3FFFC
3FFFD
3FFFE
00000
00003
00006
0000A
0000F
00015
0001A
00020
00026
0002C
00032
00038
0003D
00042
00046
0004A
0004C
0004E
0004F
0004F
0004F
0004D
0004A
00047
00043
0003E
00039
00033
0002D
00027
00021
0001B
00015
00010
0000B
00006
00003
00000
3FFFE
3FFFD
3FFFD
3FFFE
3FFFF
00002
00005
0000A
0000F
00014
0001A
00020
00027
0002E
00034
0003A
00040
00046
0004B
0004F
00052
00054
00056
00057
00056
00055
00052
0004F
0004B
00046
00041
0003B
00035
0002E
00027
00021
0001A
00014
0000F
0000A
00005
00002
3FFFF
3FFFE
3FFFD
3FFFD
3FFFF
00001
00005
00009
0000E
00014
0001A
00021
00028
0002F
00036
0003D
00044
0004A
00050
00054
00058
0005C
0005E
0005F
0005F
0005E
0005C
00059
00055
00050
0004A
00044
0003D
00036
0002F
00027
00020
0001A
00013
0000D
00008
00004
00001
3FFFF
3FFFD
3FFFD
3FFFF
00001
00004
00008
0000D
00013
0001A
00021
00029
00031
00039
00040
00048
0004F
00055
0005B
00060
00064
00067
00069
00069
00069
00067
00064
00060
0005B
00055
0004F
00047
00040
00038
00030
00028
00020
00019
00012
0000C
00007
00003
00000
3FFFE
3FFFE
3FFFE
00000
00003
00007
0000D
00013
0001A
00022
0002A
00033
0003B
00044
0004D
00055
0005C
00063
00069
0006E
00072
00074
00076
00076
00074
00072
0006E
00069
00063
0005C
00054
0004C
00043
0003A
00031
00028
00020
00018
00011
0000B
00006
00002
3FFFF
3FFFE
3FFFE
00000
00002
00007
0000C
00013
0001A
00023
0002C
00035
0003F
00049
00053
0005C
00065
0006D
00074
0007A
0007F
00083
00085
00086
00085
00082
0007F
0007A
00073
0006C
00064
0005B
00051
00047
0003D
00033
00029
00020
00017
00010
0000A
00005
00001
3FFFF
3FFFE
3FFFF
00002
00006
0000B
00012
0001B
00024
0002E
00039
00044
0004F
0005A
00066
00070
0007A
00083
0008A
00091
00095
00099
0009A
0009A
00098
00095
00090
00089
00081
00078
0006E
00063
00058
0004C
00040
00035
0002A
00020
00017
0000F
00008
00003
00000
3FFFE
3FFFF
00001
00005
0000B
00012
0001B
00025
00031
0003D
0004A
00057
00065
00072
0007F
0008B
00096
0009F
000A8
000AE
000B3
000B6
000B7
000B6
000B2
000AD
000A6
0009E
00094
00088
0007C
0006F
00061
00053
00046
00038
0002C
00020
00016
0000E
00007
00002
3FFFF
3FFFF
00000
00004
0000A
00012
0001C
00028
00035
00044
00053
00063
00073
00083
00093
000A2
000B0
000BD
000C8
000D1
000D8
000DD
000DF
000DF
000DD
000D8
000D1
000C7
000BC
000AF
000A0
00090
00080
0006F
0005E
0004D
0003E
0002F
00022
00016
0000D
00006
00001
3FFFF
00000
00003
0000A
00013
0001E
0002C
0003C
0004D
00060
00074
00089
0009E
000B2
000C6
000D9
000EA
000FA
00107
00111
00119
0011E
00120
0011E
0011A
00112
00108
000FB
000EB
000D9
000C6
000B1
0009B
00085
00070
0005B
00047
00034
00024
00017
0000C
00004
00000
3FFFF
00003
00009
00014
00022
00033
00047
0005E
00078
00093
000AF
000CB
000E8
00105
00120
00139
00150
00165
00176
00184
0018D
00193
00194
00191
00189
0017D
0016D
00159
00142
00128
0010C
000EE
000D0
000B1
00092
00075
00059
00040
0002B
00019
0000B
00003
3FFFF
00002
0000A
00017
0002A
00043
00060
00082
000A8
000D2
000FE
0012C
0015B
0018B
001B9
001E6
0020F
00236
00257
00274
0028B
0029B
002A4
002A6
002A1
00295
00281
00266
00245
0021E
001F2
001C2
0018F
0015B
00125
000F0
000BD
0008E
00063
0003F
00021
0000D
00001
00001
0000C
00022
00045
00075
000B1
000FA
0014E
001AE
00218
0028B
00306
00387
0040D
00495
0051E
005A6
0062B
006AA
00721
0078F
007F2
00847
0088C
008C1
008E3
008F3
008ED
008D3
008A4
0085F
00806
00797
00715
0067F
005D9
00522
0045E
0038D
002B3
001D1
000EA
00000
02DE3
34704
03311
3839F
3EA82
3A558
37830
3D912
3A9CC
0352A
35D20
07F71
0546C
3B4DF
068EF
3EC2B
0A9AD
3958D
32B85
0FE0D
36B48
336BF
3F09F
3CB78
3BEFF
38AF0
3D86A
01E60
36A2F
00878
3B04A
08C78
00F03
3BA41
3BA38
0CBE7
3EEED
3F17D
36B38
3B339
39164
3E293
3E58B
35DB8
3AB05
3BEF7
367D8
022CD
01628
3B755
0C72A
324E2
0E6A7
0B2A7
31B17
3D2F5
37E79
395AC
2E4D7
3731E
01168
00F92
04339
02155
042F7
0494E
01264
33BD9
3DA36
3179C
27A33
3F343
363E2
3E9CA
00DD8
3C136
0A127
02809
06E28
10933
03DA9
3E66F
0B510
0776A
09757
3C9E0
3ECA5
00CC5
365C3
015DC
02319
0A04A
013A3
370FA
3B092
39D18
3C9C5
037C5
3FB82
0F827
39DA1
39020
3E360
05D2D
3BC48
05F26
3CBA2
06304
3F48E
040CC
07E48
3C877
0A8B6
0358C
382BF
3DA02
32465
3B4B3
34D08
3AC91
01F75
2DA31
04E9E
3B78D
360FF
3A353
0CA99
365D2
3483B
0C926
02F82
3D96E
3FB06
3FE92
01999
3FA0E
085E1
03AD7
380E9
05A7C
03F3F
08A7B
01AE0
3FCD8
3A520
0304D
3CE04
35B4A
0851D
318D4
03306
3025C
062EA
072BC
012E0
0B04F
39014
0E26B
04F28
399EB
351C5
07CF1
3690F
07B2D
38F38
316A3
3BC6F
16532
34B62
093C5
3F43E
3779C
3277E
14EEC
3D8AE
0854C
37C45
02074
041B2
369B7
35540
3949C
03567
32CB1
05EB4
0F4C8
08217
06719
362D4
2FECA
00A68
3D60D
35BA3
049F3
3AFCF
0F14D
3C8A5
3BABE
0F074
08AAE
32948
3B51B
0891A
3EC3D
39792
0E567
00DF8
03D92
36CA6
04E9B
0E259
3F6FB
2AC77
36046
3EB80
39125
3C839
0C591
3E843
0DC08
379F5
344D1
39F6E
0F12A
09A95
074E7
00908
09326
3E144
39DEB
313C2
002C6
0C361
06260
0303F
34277
3990E
3E5C2
0754B
32FE0
3BCC7
3D39A
3846A
3D984
3BDF1
3963B
0AB4C
3A78C
39869
0D0C1
3C008
0CDEA
2FC19
3DE8D
0C434
0F8F2
08D94
01847
397B5
358FE
0389D
36049
3A411
3B6EA
068AB
3E692
308BC
3C8DA
09571
0326B
3E0AD
0B908
3A5AB
3DBD2
0B80C
3E460
0A2AC
3DFD2
346A7
3AFD4
38323
0710D
350C5
3C9BE
06B4B
05E86
0126B
3FC1C
09260
063FD
3F0CC
39F75
03505
39F35
3C023
01F12
02FA9
09A91
02943
0201D
3D329
01764
03F0F
034C2
3E1A1
3E3F7
0578E
3348E
39FCD
38AF7
3B62C
39B0A
030A8
39EC3
07627
087F4
37615
3E328
02F8D
3FA0A
017AA
0908C
3FB1C
051A2
32645
38162
38E1D
0B54B
3CF9E
04163
3EBC6
048D7
38DEB
35344
0A83D
03447
09B81
0493D
094FD
3DD2D
07D63
3608E
07DAC
36F84
35689
32E84
3A538
3E3C1
39395
04485
3B1BA
39EED
0B3DB
367F3
03C1B
020FD
081ED
3D76F
04725
3D70F
031F0
02299
3D560
3D1E4
36D8C
2F7CC
05B15
02EF5
085CC
02409
37E68
0369A
3BFAC
07FCD
05202
3B926
0AD4A
0630D
01F75
0A133
0673B
007BF
3EE5A
359EF
0134B
3CDA9
3DECA
292C5
04D66
02CBB
0A368
04C55
3F062
083DD
01661
0B071
3BA95
34CD0
04186
3D748
388D4
02331
3B5FA
044ED
39B21
072D6
3D2DA
3A1B6
3EA26
30927
37F45
03612
08CEB
3AA8F
0CA5D
3F362
39901
037AC
00544
0E54D
01E71
3D854
32AB2
33A2C
07607
3E3F0
33E3C
05B3D
3DFE5
3A2C1
053F0
34338
3EE25
0249E
0D098
3D817
0844D
07746
3D3D9
36D81
2B810
020A8
3D392
041B0
070C0
040A5
39236
04E3C
00D95
3F458
02C4E
01391
3DFB4
02DCA
3CDA2
0C538
02B3A
03D73
3E6D5
39157
34330
0E7B4
3DEA1
2DFB2
05D5A
04EA2
064AC
13780
3E44B
3B2CD
3C451
35FD8
3FC05
067E2
01990
05977
3FDBC
081E3
04E29
3D809
3DEAD
37777
389E9
37883
07DA6
3FEC6
006AD
391FF
036D6
3F852
02C36
06884
3BD70
385B7
36E67
3FD2F
07DF6
2E3CD
001AC
3AA96
3DAF4
394F1
3F813
05455
11D26
010C8
38B0C
34426
02E3C
081EB
01EB7
0A14A
32FDE
31942
04C16
371CB
0B5A1
04243
3762E
05573
3DF22
0B85F
3B8DD
3EDF8
3F110
3F2AE
3F35D
3F39B
3F3A1
3F391
3F37C
3F36E
3F370
3F384
3F3B0
3F3F3
3F44F
3F4C2
3F54C
3F5EB
3F69B
3F75B
3F826
3F8F9
3F9D0
3FAA7
3FB7B
3FC48
3FD0A
3FDBE
3FE61
3FEF0
3FF6A
3FFCC
00016
00046
0005D
0005A
00040
0000E
3FFC7
3FF6E
3FF04
3FE8C
3FE09
3FD80
3FCF2
3FC63
3FBD7
3FB50
3FAD2
3FA5F
3F9FA
3F9A4
3F961
3F930
3F912
3F909
3F914
3F933
3F965
3F9A9
3F9FD
3FA5F
3FACD
3FB44
3FBC2
3FC45
3FCC9
3FD4C
3FDCB
3FE44
3FEB3
3FF18
3FF6F
3FFB8
3FFF1
00019
00030
00035
00029
0000D
3FFE1
3FFA6
3FF5F
3FF0C
3FEB0
3FE4E
3FDE7
3FD7E
3FD16
3FCB0
3FC4F
3FBF5
3FBA4
3FB5E
3FB24
3FAF7
3FAD9
3FACA
3FACA
3FAD9
3FAF7
3FB23
3FB5B
3FB9F
3FBED
3FC43
3FCA0
3FD01
3FD64
3FDC7
3FE29
3FE86
3FEDD
3FF2C
3FF72
3FFAE
3FFDD
00000
00015
0001D
00018
00005
3FFE5
3FFBA
3FF84
3FF45
3FEFE
3FEB1
3FE60
3FE0D
3FDB8
3FD66
3FD16
3FCCC
3FC88
3FC4D
3FC1B
3FBF3
3FBD7
3FBC6
3FBC2
3FBCA
3FBDE
3FBFD
3FC27
3FC5B
3FC98
3FCDC
3FD25
3FD73
3FDC3
3FE13
3FE63
3FEB0
3FEF8
3FF3B
3FF76
3FFA9
3FFD2
3FFF1
00006
0000F
0000D
00000
3FFE8
3FFC6
3FF9B
3FF68
3FF2F
3FEF0
3FEAC
3FE67
3FE20
3FDDA
3FD97
3FD57
3FD1C
3FCE8
3FCBC
3FC98
3FC7D
3FC6C
3FC66
3FC6A
3FC77
3FC8F
3FCB0
3FCDA
3FD0B
3FD43
3FD80
3FDC0
3FE04
3FE48
3FE8C
3FECD
3FF0C
3FF46
3FF7A
3FFA7
3FFCC
3FFE8
3FFFC
00006
00006
3FFFD
3FFEA
3FFCF
3FFAC
3FF82
3FF51
3FF1C
3FEE3
3FEA7
3FE6A
3FE2D
3FDF2
3FDBA
3FD86
3FD57
3FD2F
3FD0E
3FCF5
3FCE4
3FCDC
3FCDD
3FCE7
3FCF9
3FD14
3FD36
3FD60
3FD8F
3FDC3
3FDFA
3FE34
3FE6F
3FEAA
3FEE4
3FF1B
3FF4F
3FF7D
3FFA6
3FFC8
3FFE3
3FFF5
00000
00002
3FFFC
3FFED
3FFD7
3FFBA
3FF96
3FF6C
3FF3E
3FF0C
3FED8
3FEA2
3FE6C
3FE38
3FE05
3FDD7
3FDAC
3FD87
3FD68
3FD50
3FD3F
3FD36
3FD35
3FD3C
3FD4B
3FD61
3FD7E
3FDA1
3FDC9
3FDF6
3FE27
3FE5A
3FE8E
3FEC3
3FEF7
3FF28
3FF57
3FF81
3FFA7
3FFC6
3FFDF
3FFF2
3FFFD
00000
3FFFC
3FFF1
3FFDF
3FFC6
3FFA7
3FF83
3FF5A
3FF2E
3FF00
3FED0
3FE9F
3FE70
3FE42
3FE17
3FDF0
3FDCD
3FDB0
3FD99
3FD88
3FD7E
3FD7C
3FD80
3FD8C
3FD9E
3FDB6
3FDD5
3FDF8
3FE20
3FE4B
3FE78
3FEA7
3FED7
3FF06
3FF33
3FF5E
3FF85
3FFA8
3FFC6
3FFDE
3FFF0
3FFFB
00000
3FFFE
3FFF5
3FFE6
3FFD1
3FFB6
3FF96
3FF72
3FF4B
3FF21
3FEF5
3FEC9
3FE9E
3FE74
3FE4C
3FE27
3FE07
3FDEB
3FDD5
3FDC4
3FDBA
3FDB6
3FDB8
3FDC1
3FDD0
3FDE5
3FDFF
3FE1E
3FE42
3FE68
3FE91
3FEBC
3FEE7
3FF12
3FF3C
3FF64
3FF88
3FFA9
3FFC6
3FFDD
3FFEF
3FFFB
00000
00000
3FFF9
3FFED
3FFDB
3FFC3
3FFA7
3FF87
3FF63
3FF3D
3FF16
3FEED
3FEC5
3FE9E
3FE79
3FE56
3FE38
3FE1D
3FE07
3FDF6
3FDEB
3FDE6
3FDE7
3FDEE
3FDFA
3FE0C
3FE23
3FE3F
3FE5E
3FE81
3FEA7
3FECE
3FEF5
3FF1D
3FF44
3FF69
3FF8C
3FFAB
3FFC6
3FFDD
3FFEF
3FFFB
00002
00003
3FFFE
3FFF3
3FFE4
3FFCF
3FFB6
3FF99
3FF79
3FF56
3FF32
3FF0D
3FEE7
3FEC3
3FEA0
3FE7F
3FE61
3FE48
3FE32
3FE21
3FE16
3FE10
3FE0F
3FE14
3FE1E
3FE2E
3FE42
3FE5B
3FE77
3FE97
3FEB9
3FEDD
3FF02
3FF27
3FF4B
3FF6E
3FF8F
3FFAD
3FFC7
3FFDD
3FFEF
3FFFC
00003
00005
00002
3FFFA
3FFEC
3FFDA
3FFC4
3FFAA
3FF8C
3FF6C
3FF4B
3FF28
3FF05
3FEE3
3FEC2
3FEA3
3FE86
3FE6D
3FE58
3FE47
3FE3B
3FE34
3FE32
3FE35
3FE3E
3FE4B
3FE5D
3FE73
3FE8D
3FEA9
3FEC9
3FEEA
3FF0C
3FF2F
3FF51
3FF73
3FF92
3FFAF
3FFC8
3FFDE
3FFF0
3FFFD
00005
00008
00007
00000
3FFF5
3FFE5
3FFD1
3FFB9
3FF9E
3FF81
3FF61
3FF41
3FF20
3FF00
3FEE0
3FEC2
3FEA7
3FE8E
3FE7A
3FE69
3FE5C
3FE54
3FE51
3FE53
3FE59
3FE65
3FE74
3FE88
3FE9F
3FEBA
3FED7
3FEF6
3FF16
3FF37
3FF57
3FF77
3FF95
3FFB0
3FFC9
3FFDF
3FFF0
3FFFE
00007
0000B
0000B
00006
3FFFC
3FFEE
3FFDC
3FFC7
3FFAE
3FF93
3FF76
3FF57
3FF38
3FF1A
3FEFB
3FEDF
3FEC4
3FEAC
3FE98
3FE87
3FE7A
3FE71
3FE6D
3FE6D
3FE72
3FE7C
3FE89
3FE9B
3FEB0
3FEC9
3FEE4
3FF00
3FF1F
3FF3D
3FF5C
3FF7A
3FF97
3FFB2
3FFCA
3FFE0
3FFF1
3FFFF
00009
0000E
0000F
0000C
00004
3FFF7
3FFE7
3FFD4
3FFBD
3FFA4
3FF89
3FF6C
3FF4F
3FF31
3FF14
3FEF9
3FEDF
3FEC7
3FEB3
3FEA2
3FE94
3FE8B
3FE86
3FE85
3FE89
3FE90
3FE9C
3FEAC
3FEC0
3FED6
3FEEF
3FF0A
3FF26
3FF43
3FF61
3FF7E
3FF9A
3FFB4
3FFCC
3FFE1
3FFF3
00001
0000B
00011
00013
00011
0000B
00000
3FFF2
3FFE0
3FFCB
3FFB4
3FF9A
3FF7F
3FF63
3FF47
3FF2B
3FF11
3FEF7
3FEE0
3FECC
3FEBB
3FEAD
3FEA3
3FE9D
3FE9B
3FE9D
3FEA3
3FEAE
3FEBC
3FECD
3FEE2
3FEF9
3FF12
3FF2D
3FF49
3FF65
3FF81
3FF9C
3FFB5
3FFCD
3FFE2
3FFF4
00002
0000D
00014
00017
00016
00011
00008
3FFFB
3FFEB
3FFD8
3FFC2
3FFAA
3FF91
3FF76
3FF5B
3FF41
3FF27
3FF0E
3FEF7
3FEE3
3FED2
3FEC3
3FEB9
3FEB2
3FEAF
3FEB0
3FEB5
3FEBE
3FECA
3FEDA
3FEED
3FF03
3FF1A
3FF34
3FF4E
3FF69
3FF84
3FF9E
3FFB7
3FFCE
3FFE3
3FFF5
00004
0000F
00017
0001B
0001B
00017
00010
00005
3FFF6
3FFE4
3FFD0
3FFBA
3FFA1
3FF88
3FF6E
3FF55
3FF3B
3FF23
3FF0D
3FEF9
3FEE7
3FED8
3FECD
3FEC5
3FEC1
3FEC1
3FEC5
3FECC
3FED7
3FEE6
3FEF7
3FF0B
3FF22
3FF3A
3FF53
3FF6D
3FF86
3FFA0
3FFB8
3FFCF
3FFE4
3FFF6
00005
00011
0001A
0001F
00020
0001D
00017
0000D
00000
3FFF0
3FFDD
3FFC8
3FFB1
3FF99
3FF80
3FF67
3FF4F
3FF37
3FF21
3FF0D
3FEFB
3FEEC
3FEE0
3FED8
3FED3
3FED2
3FED4
3FEDA
3FEE4
3FEF1
3FF01
3FF14
3FF28
3FF3F
3FF57
3FF70
3FF89
3FFA2
3FFB9
3FFD0
3FFE5
3FFF7
00007
00013
0001C
00022
00024
00023
0001E
00015
0000A
3FFFB
3FFE9
3FFD5
3FFC0
3FFA9
3FF91
3FF79
3FF61
3FF4A
3FF34
3FF20
3FF0E
3FEFE
3FEF2
3FEE9
3FEE3
3FEE1
3FEE2
3FEE7
3FEF0
3FEFB
3FF0A
3FF1B
3FF2F
3FF44
3FF5B
3FF73
3FF8B
3FFA3
3FFBB
3FFD1
3FFE5
3FFF8
00008
00015
0001F
00026
00029
00028
00025
0001D
00013
00005
3FFF5
3FFE2
3FFCE
3FFB8
3FFA1
3FF8A
3FF72
3FF5C
3FF46
3FF32
3FF20
3FF10
3FF03
3FEF9
3FEF3
3FEEF
3FEF0
3FEF3
3FEFB
3FF05
3FF12
3FF22
3FF35
3FF49
3FF5F
3FF76
3FF8D
3FFA5
3FFBC
3FFD2
3FFE6
3FFF9
00009
00017
00021
00029
0002D
0002E
0002B
00025
0001B
0000F
00000
3FFEF
3FFDB
3FFC6
3FFB0
3FF9A
3FF83
3FF6C
3FF57
3FF43
3FF31
3FF21
3FF13
3FF09
3FF01
3FEFD
3FEFD
3FEFF
3FF05
3FF0E
3FF1A
3FF29
3FF3B
3FF4E
3FF63
3FF79
3FF8F
3FFA6
3FFBD
3FFD3
3FFE7
3FFFA
0000A
00018
00024
0002C
00031
00032
00031
0002C
00024
00019
0000B
3FFFA
3FFE8
3FFD4
3FFBF
3FFA9
3FF93
3FF7D
3FF67
3FF53
3FF41
3FF31
3FF23
3FF18
3FF10
3FF0B
3FF09
3FF0A
3FF0F
3FF17
3FF22
3FF30
3FF40
3FF52
3FF66
3FF7B
3FF91
3FFA8
3FFBE
3FFD3
3FFE8
3FFFB
0000B
0001A
00026
0002F
00034
00037
00036
00033
0002C
00022
00015
00006
3FFF4
3FFE1
3FFCD
3FFB7
3FFA2
3FF8C
3FF77
3FF63
3FF51
3FF40
3FF32
3FF26
3FF1D
3FF17
3FF15
3FF15
3FF19
3FF20
3FF2A
3FF36
3FF45
3FF56
3FF6A
3FF7E
3FF93
3FFA9
3FFBF
3FFD4
3FFE8
3FFFB
0000C
0001B
00028
00031
00038
0003C
0003C
00039
00033
0002A
0001F
00010
00000
3FFEE
3FFDA
3FFC6
3FFB0
3FF9B
3FF86
3FF73
3FF60
3FF4F
3FF40
3FF34
3FF2A
3FF24
3FF20
3FF20
3FF22
3FF28
3FF31
3FF3C
3FF4A
3FF5B
3FF6D
3FF80
3FF95
3FFAA
3FFC0
3FFD5
3FFE9
3FFFC
0000D
0001D
0002A
00034
0003B
00040
00041
0003F
0003A
00033
00028
0001B
0000B
3FFFA
3FFE7
3FFD3
3FFBF
3FFAA
3FF95
3FF81
3FF6F
3FF5E
3FF4E
3FF42
3FF37
3FF30
3FF2B
3FF2A
3FF2B
3FF30
3FF38
3FF42
3FF4F
3FF5F
3FF70
3FF83
3FF97
3FFAB
3FFC0
3FFD5
3FFE9
3FFFC
0000E
0001E
0002B
00036
0003E
00044
00046
00045
00041
0003B
00031
00025
00016
00006
3FFF4
3FFE0
3FFCC
3FFB8
3FFA4
3FF90
3FF7D
3FF6C
3FF5C
3FF4F
3FF44
3FF3B
3FF36
3FF34
3FF34
3FF38
3FF3F
3FF48
3FF54
3FF63
3FF73
3FF85
3FF98
3FFAD
3FFC1
3FFD6
3FFEA
3FFFD
0000F
0001F
0002D
00039
00042
00048
0004B
0004B
00048
00042
0003A
0002F
00021
00011
00000
3FFED
3FFDA
3FFC6
3FFB2
3FF9E
3FF8B
3FF79
3FF69
3FF5C
3FF50
3FF47
3FF41
3FF3D
3FF3D
3FF40
3FF45
3FF4E
3FF59
3FF66
3FF76
3FF87
3FF9A
3FFAE
3FFC2
3FFD6
3FFEA
3FFFD
00010
00020
0002E
0003B
00044
0004B
0004F
00051
0004F
0004A
00042
00038
0002B
0001D
0000C
3FFFA
3FFE7
3FFD3
3FFBF
3FFAC
3FF99
3FF87
3FF77
3FF68
3FF5C
3FF52
3FF4B
3FF47
3FF46
3FF47
3FF4C
3FF54
3FF5E
3FF6A
3FF79
3FF8A
3FF9C
3FFAF
3FFC3
3FFD7
3FFEB
3FFFE
00010
00021
00030
0003D
00047
0004F
00054
00056
00055
00051
0004B
00041
00035
00027
00018
00006
3FFF3
3FFE0
3FFCD
3FFB9
3FFA6
3FF94
3FF83
3FF75
3FF68
3FF5D
3FF56
3FF51
3FF4E
3FF4F
3FF53
3FF59
3FF62
3FF6E
3FF7C
3FF8C
3FF9D
3FFB0
3FFC3
3FFD7
3FFEB
3FFFE
00011
00022
00031
0003F
0004A
00052
00058
0005B
0005B
00058
00053
0004A
0003F
00032
00023
00012
00000
3FFED
3FFDA
3FFC6
3FFB3
3FFA1
3FF90
3FF81
3FF74
3FF68
3FF60
3FF5A
3FF57
3FF57
3FF59
3FF5F
3FF67
3FF72
3FF7F
3FF8E
3FF9F
3FFB1
3FFC4
3FFD8
3FFEB
3FFFF
00011
00023
00032
00040
0004C
00055
0005C
00060
00061
0005F
0005A
00053
00049
0003C
0002E
0001E
0000C
3FFFA
3FFE7
3FFD3
3FFC0
3FFAE
3FF9D
3FF8D
3FF7F
3FF73
3FF6A
3FF63
3FF5F
3FF5E
3FF60
3FF64
3FF6C
3FF76
3FF82
3FF90
3FFA1
3FFB2
3FFC5
3FFD8
3FFEC
3FFFF
00012
00023
00034
00042
0004E
00058
00060
00065
00067
00066
00062
0005B
00052
00047
00039
00029
00018
00006
3FFF3
3FFE0
3FFCD
3FFBB
3FFA9
3FF99
3FF8B
3FF7E
3FF74
3FF6D
3FF68
3FF66
3FF66
3FF6A
3FF71
3FF7A
3FF85
3FF93
3FFA2
3FFB3
3FFC5
3FFD8
3FFEC
3FFFF
00012
00024
00035
00044
00051
0005B
00064
00069
0006C
0006C
00069
00064
0005B
00051
00044
00035
00024
00013
00000
3FFED
3FFDA
3FFC7
3FFB6
3FFA5
3FF96
3FF89
3FF7E
3FF76
3FF70
3FF6D
3FF6D
3FF70
3FF75
3FF7D
3FF88
3FF95
3FFA4
3FFB4
3FFC6
3FFD9
3FFEC
3FFFF
00012
00025
00036
00045
00053
0005E
00067
0006E
00072
00072
00071
0006C
00064
0005A
0004E
00040
00030
0001F
0000D
3FFFA
3FFE7
3FFD4
3FFC2
3FFB1
3FFA2
3FF94
3FF88
3FF7F
3FF79
3FF75
3FF74
3FF76
3FF7A
3FF81
3FF8B
3FF97
3FFA6
3FFB6
3FFC7
3FFD9
3FFEC
00000
00013
00025
00037
00047
00055
00061
0006B
00072
00077
00079
00078
00074
0006D
00064
00059
0004B
0003C
0002B
00019
00006
3FFF3
3FFE1
3FFCE
3FFBD
3FFAD
3FF9F
3FF93
3FF89
3FF81
3FF7D
3FF7B
3FF7B
3FF7F
3FF85
3FF8E
3FF9A
3FFA7
3FFB7
3FFC8
3FFDA
3FFED
00000
00013
00026
00037
00048
00057
00064
0006E
00076
0007C
0007F
0007F
0007C
00076
0006E
00063
00056
00047
00037
00025
00013
00000
3FFED
3FFDB
3FFC9
3FFB9
3FFAA
3FF9D
3FF92
3FF8A
3FF84
3FF81
3FF81
3FF84
3FF8A
3FF92
3FF9C
3FFA9
3FFB8
3FFC9
3FFDA
3FFED
00000
00013
00026
00038
00049
00059
00066
00072
0007B
00081
00085
00085
00083
0007F
00077
0006D
00061
00053
00043
00032
0001F
0000D
3FFFA
3FFE7
3FFD5
3FFC4
3FFB5
3FFA7
3FF9C
3FF93
3FF8C
3FF88
3FF87
3FF89
3FF8E
3FF95
3FF9F
3FFAB
3FFB9
3FFC9
3FFDB
3FFED
00000
00014
00027
00039
0004A
0005A
00069
00075
0007F
00086
0008A
0008C
0008B
00087
00081
00078
0006C
0005E
0004F
0003E
0002C
00019
00006
3FFF3
3FFE1
3FFD0
3FFC0
3FFB2
3FFA6
3FF9C
3FF94
3FF8F
3FF8E
3FF8E
3FF92
3FF99
3FFA2
3FFAD
3FFBB
3FFCA
3FFDB
3FFEE
00001
00014
00027
0003A
0004C
0005C
0006B
00078
00083
0008B
00090
00093
00093
00090
0008A
00082
00077
0006A
0005B
0004A
00039
00026
00013
00000
3FFED
3FFDC
3FFCB
3FFBC
3FFAF
3FFA5
3FF9C
3FF97
3FF94
3FF94
3FF97
3FF9C
3FFA5
3FFAF
3FFBC
3FFCB
3FFDC
3FFEE
00001
00014
00028
0003B
0004D
0005E
0006D
0007B
00086
0008F
00096
0009A
0009A
00098
00093
0008C
00082
00075
00067
00057
00045
00033
00020
0000D
3FFFA
3FFE8
3FFD7
3FFC7
3FFB9
3FFAE
3FFA5
3FF9E
3FF9A
3FF99
3FF9B
3FFA0
3FFA8
3FFB2
3FFBE
3FFCC
3FFDD
3FFEE
00001
00014
00028
0003B
0004E
0005F
00070
0007E
0008A
00094
0009C
000A0
000A2
000A1
0009D
00096
0008D
00081
00073
00063
00052
00040
0002D
00019
00006
3FFF4
3FFE2
3FFD2
3FFC4
3FFB7
3FFAD
3FFA6
3FFA1
3FF9F
3FFA0
3FFA4
3FFAB
3FFB4
3FFC0
3FFCE
3FFDD
3FFEF
00001
00015
00028
0003C
0004F
00061
00072
00081
0008E
00099
000A1
000A7
000A9
000A9
000A6
000A0
00098
0008C
0007F
00070
0005F
0004D
0003A
00026
00013
00000
3FFEE
3FFDD
3FFCE
3FFC1
3FFB6
3FFAD
3FFA8
3FFA5
3FFA5
3FFA8
3FFAE
3FFB6
3FFC1
3FFCF
3FFDE
3FFEF
00002
00015
00029
0003D
00050
00063
00074
00084
00092
0009E
000A7
000AD
000B1
000B2
000AF
000AA
000A3
00098
0008B
0007D
0006C
0005A
00047
00033
00020
0000D
3FFFA
3FFE8
3FFD9
3FFCB
3FFBF
3FFB5
3FFAF
3FFAB
3FFAA
3FFAC
3FFB1
3FFB9
3FFC3
3FFD0
3FFDF
3FFF0
00002
00015
00029
0003D
00051
00064
00076
00087
00096
000A2
000AC
000B4
000B9
000BA
000B9
000B5
000AE
000A4
00098
00089
00079
00067
00054
00041
0002D
00019
00006
3FFF4
3FFE3
3FFD5
3FFC8
3FFBE
3FFB6
3FFB1
3FFAF
3FFB1
3FFB5
3FFBC
3FFC5
3FFD2
3FFE0
3FFF0
00003
00016
0002A
0003E
00052
00066
00079
0008A
0009A
000A7
000B2
000BB
000C0
000C3
000C3
000BF
000B9
000B0
000A4
00097
00087
00075
00062
0004E
0003A
00026
00013
00000
3FFEF
3FFDF
3FFD1
3FFC6
3FFBE
3FFB8
3FFB5
3FFB5
3FFB8
3FFBE
3FFC7
3FFD3
3FFE1
3FFF1
00003
00016
0002A
0003F
00053
00068
0007B
0008D
0009D
000AC
000B8
000C1
000C8
000CC
000CC
000CA
000C5
000BC
000B1
000A4
00094
00083
00070
0005C
00048
00034
00020
0000C
3FFFA
3FFEA
3FFDB
3FFCF
3FFC5
3FFBF
3FFBB
3FFBA
3FFBC
3FFC2
3FFCA
3FFD5
3FFE2
3FFF2
00004
00017
0002B
00040
00055
00069
0007D
00090
000A1
000B1
000BE
000C8
000D0
000D5
000D6
000D5
000D0
000C9
000BE
000B2
000A2
00091
0007F
0006B
00056
00041
0002D
00019
00006
3FFF5
3FFE5
3FFD8
3FFCD
3FFC6
3FFC1
3FFBF
3FFC0
3FFC5
3FFCC
3FFD6
3FFE3
3FFF3
00004
00017
0002B
00040
00056
0006B
00080
00093
000A5
000B6
000C4
000CF
000D8
000DE
000E0
000E0
000DC
000D6
000CC
000C0
000B1
000A0
0008D
0007A
00065
00050
0003A
00026
00012
00000
3FFF0
3FFE1
3FFD6
3FFCD
3FFC7
3FFC4
3FFC4
3FFC8
3FFCF
3FFD8
3FFE5
3FFF4
00005
00018
0002C
00041
00057
0006D
00082
00096
000AA
000BB
000CA
000D6
000E0
000E7
000EB
000EB
000E9
000E3
000DA
000CE
000C0
000AF
0009D
00089
00074
0005E
00049
00033
0001F
0000C
3FFFA
3FFEB
3FFDE
3FFD4
3FFCD
3FFCA
3FFC9
3FFCC
3FFD1
3FFDA
3FFE6
3FFF5
00005
00018
0002D
00042
00058
0006F
00085
0009A
000AE
000C0
000D0
000DE
000E9
000F1
000F6
000F7
000F5
000F0
000E8
000DD
000CF
000BF
000AD
00099
00083
0006D
00057
00041
0002C
00018
00006
3FFF5
3FFE7
3FFDC
3FFD4
3FFCF
3FFCE
3FFCF
3FFD4
3FFDC
3FFE8
3FFF6
00006
00019
0002D
00043
0005A
00071
00087
0009D
000B2
000C5
000D7
000E6
000F2
000FB
00101
00103
00103
000FF
000F7
000ED
000DF
000CF
000BD
000A9
00094
0007D
00066
00050
0003A
00025
00011
00000
3FFF1
3FFE5
3FFDB
3FFD5
3FFD2
3FFD3
3FFD7
3FFDF
3FFE9
3FFF7
00007
0001A
0002E
00044
0005B
00073
0008A
000A1
000B7
000CB
000DE
000EE
000FB
00105
0010D
00110
00111
0010D
00107
000FD
000F0
000E0
000CE
000BA
000A4
0008E
00076
0005F
00048
00032
0001E
0000B
3FFFB
3FFED
3FFE3
3FFDB
3FFD8
3FFD7
3FFDA
3FFE1
3FFEB
3FFF8
00008
0001B
0002F
00045
0005D
00075
0008D
000A5
000BC
000D1
000E5
000F6
00105
00110
00119
0011E
0011F
0011D
00117
0010E
00102
000F2
000E0
000CC
000B6
0009F
00087
0006F
00057
00040
0002B
00017
00005
3FFF6
3FFEB
3FFE2
3FFDD
3FFDC
3FFDE
3FFE4
3FFED
3FFF9
00009
0001B
00030
00047
0005E
00077
00090
000A9
000C1
000D8
000EC
000FF
0010F
0011C
00126
0012C
0012E
0012D
00128
00120
00114
00105
000F3
000DF
000C9
000B1
00099
00080
00067
0004F
00038
00023
00010
00000
3FFF3
3FFE9
3FFE3
3FFE0
3FFE1
3FFE6
3FFEF
3FFFB
0000A
0001C
00031
00048
00060
0007A
00093
000AD
000C6
000DE
000F5
00109
0011A
00129
00134
0013B
0013F
0013F
0013B
00133
00128
00119
00107
000F3
000DD
000C5
000AB
00092
00078
0005F
00046
00030
0001C
0000A
3FFFB
3FFF0
3FFE9
3FFE5
3FFE5
3FFE9
3FFF1
3FFFC
0000B
0001D
00032
00049
00062
0007C
00097
000B2
000CC
000E6
000FD
00113
00126
00136
00142
0014B
00150
00151
0014E
00147
0013D
0012E
0011D
00109
000F2
000D9
000BF
000A5
0008A
0006F
00056
0003E
00028
00015
00005
3FFF8
3FFEF
3FFEA
3FFE9
3FFEC
3FFF3
3FFFE
0000C
0001E
00033
0004B
00064
0007F
0009B
000B7
000D3
000EE
00107
0011E
00133
00144
00152
0015D
00163
00165
00163
0015D
00153
00145
00134
00120
00109
000EF
000D5
000B9
0009D
00081
00066
0004C
00035
00020
0000E
00000
3FFF5
3FFEF
3FFED
3FFEF
3FFF5
3FFFF
0000D
0001F
00034
0004C
00066
00082
0009F
000BD
000DA
000F6
00111
0012A
00140
00154
00164
00170
00177
0017B
0017A
00175
0016C
0015E
0014D
00139
00121
00107
000EC
000CF
000B1
00094
00077
0005C
00043
0002C
00019
00009
3FFFC
3FFF4
3FFF1
3FFF2
3FFF7
00001
0000F
00020
00036
0004E
00069
00086
000A4
000C3
000E1
00100
0011C
00137
00150
00165
00177
00184
0018E
00193
00193
0018F
00186
00179
00168
00154
0013C
00121
00105
000E6
000C8
000A9
0008A
0006D
00052
00039
00024
00012
00004
3FFFA
3FFF5
3FFF5
3FFF9
00002
00010
00021
00037
00050
0006B
00089
000A9
000C9
000EA
0010A
00129
00146
00161
00178
0018C
0019B
001A7
001AD
001AF
001AC
001A4
00197
00186
00172
00159
0013E
00120
00100
000E0
000BF
0009F
0007F
00062
00047
0002F
0001B
0000B
00000
3FFF9
3FFF8
3FFFB
00003
00010
00022
00038
00051
0006E
0008D
000AF
000D1
000F4
00116
00137
00157
00173
0018D
001A3
001B5
001C2
001CB
001CE
001CC
001C5
001B9
001A8
00193
0017A
0015D
0013E
0011D
000FB
000D8
000B5
00094
00074
00056
0003C
00026
00014
00006
3FFFE
3FFFB
3FFFD
00004
00011
00023
00039
00053
00071
00092
000B5
000D9
000FE
00123
00147
00169
00189
001A5
001BE
001D2
001E2
001EC
001F1
001F0
001EA
001DF
001CE
001B8
0019F
00181
00160
0013D
00119
000F3
000CE
000AA
00087
00067
0004A
00031
0001C
0000D
00002
3FFFD
3FFFE
00005
00011
00023
0003A
00055
00074
00097
000BC
000E3
0010B
00132
00159
0017F
001A2
001C1
001DD
001F4
00206
00212
00219
0021A
00215
0020A
001F9
001E3
001C8
001AA
00187
00162
0013B
00113
000EA
000C3
0009D
00079
00059
0003D
00025
00013
00007
00000
00000
00005
00011
00023
0003A
00057
00078
0009C
000C4
000EE
00119
00144
0016F
00198
001BE
001E2
00201
0021B
00230
0023F
00248
0024A
00246
0023C
0022B
00215
001F9
001D9
001B4
0018C
00162
00137
0010B
000DF
000B5
0008E
0006A
0004A
0002F
0001A
0000B
00002
00000
00005
00010
00022
0003A
00058
0007B
000A2
000CD
000FA
00129
00159
00188
001B5
001E0
00208
0022B
0024A
00262
00274
00280
00284
00282
00278
00267
00250
00233
00210
001E9
001BE
00190
00161
00130
00100
000D2
000A6
0007D
00059
0003A
00021
0000F
00004
00000
00003
0000E
00021
0003A
00059
0007F
000A9
000D8
00109
0013D
00172
001A6
001D9
0020A
00237
0025F
00282
0029F
002B5
002C4
002CB
002CA
002C1
002B0
00298
00279
00254
00229
001FB
001C8
00194
0015E
00128
000F4
000C2
00094
0006A
00046
00029
00013
00004
3FFFE
00000
0000B
0001D
00038
0005A
00083
000B1
000E5
0011C
00156
00191
001CC
00206
0023D
00271
002A0
002CA
002EC
00307
00319
00323
00324
0031C
0030B
002F2
002D1
002A9
0027A
00246
0020E
001D3
00196
00159
0011D
000E4
000AF
0007E
00054
00031
00016
00003
3FFFA
3FFFA
00004
00018
00034
00059
00086
000BA
000F4
00133
00174
001B8
001FC
00240
00280
002BD
002F5
00326
00350
00371
00389
00396
0039A
00394
00383
00368
00344
00318
002E4
002A9
00269
00226
001E0
00199
00154
00110
000D1
00098
00065
0003A
00018
00000
3FFF3
3FFF1
3FFFA
0000F
0002E
00057
0008A
000C5
00108
00150
0019D
001ED
0023D
0028D
002DB
00324
00368
003A5
003D9
00403
00422
00436
0043E
0043A
00429
0040D
003E5
003B3
00378
00334
002EA
0029A
00248
001F3
001A0
0014F
00102
000BB
0007C
00046
0001B
3FFFB
3FFE8
3FFE3
3FFEB
00000
00023
00052
0008E
000D4
00123
0017A
001D7
00239
0029C
002FF
00360
003BD
00413
00461
004A5
004DD
00509
00527
00536
00536
00527
00509
004DC
004A2
0045C
0040B
003B1
00350
002EA
00282
00219
001B2
00150
000F4
000A1
0005A
0001F
3FFF3
3FFD7
3FFCB
3FFD0
3FFE7
0000F
00048
00091
000E8
0014D
001BC
00235
002B4
00337
003BB
0043E
004BC
00533
005A1
00603
00657
0069B
006CD
006EC
006F7
006EE
006D0
0069F
0065C
00606
005A1
0052E
004B0
00429
0039D
0030E
00280
001F7
00174
000FC
00092
00039
3FFF2
3FFC0
3FFA6
3FFA3
3FFBA
3FFEA
00034
00096
00110
0019F
00242
002F6
003B8
00485
00559
00630
00707
007DA
008A5
00965
00A15
00AB4
00B3E
00BB1
00C0D
00C50
00C7C
00C90
00C92
00C84
00C6F
00C5F
00C65
00CA3
00D52
00EF0
01208
04723
347A1
020DE
3AA8D
089D2
3BDBD
34A5F
08E35
3B3EA
0E6BE
0D022
35EB6
3E149
37E15
3D1C4
0BBDA
074F4
3EF38
2E2DA
3ABAB
007ED
06B0F
0250C
0556A
3FE54
11C33
3820A
002D1
09199
07A49
04290
3977C
3D3CA
007AE
3C92A
06E01
3F953
0013A
3825A
0877D
07617
08889
02153
027F7
3B1D7
37E1D
00244
3A689
3E670
3981E
003FB
0A028
03BAF
04D33
01BB5
2C880
39B54
3B15E
3A2A6
1204E
0215F
3184C
0BCD0
06EA9
0192B
3C28D
3D4C6
33AC8
0325E
3D236
0204C
3EC6F
3D3B2
00BA8
3F26B
3B1C4
06DCA
3BF5B
38F40
3BE50
02C6E
3DF58
147F0
0927F
02C27
388BA
37BB3
027E9
32F68
3DB62
011DB
0BCC8
3AC10
05D3F
0201B
3A4C3
0C1C4
01C10
389F9
0C5D4
0D54E
027AC
3E18F
31AB3
3FABC
3C854
066FF
00C9E
335A3
05571
37315
3C9EE
080BB
0F6D9
015DA
05E4A
02D26
38D2A
064DF
3BB13
04A06
3DCCF
0772C
028B8
3BE7A
0B330
0456B
34F8F
3E99F
37C23
00F9E
3B3AB
35C98
3D345
3B29A
16D3B
02136
03257
3ECB5
0A611
011A6
3F841
398C5
35ECD
3E08B
39CF3
352B6
046DA
3ADFE
38033
04054
3C966
08198
3DBF7
37A34
3D10B
3A4EB
10834
09274
02E1C
02AA0
3DD67
3CE10
028F1
3B8DB
02891
37E13
3DF03
3C3E5
0980D
34C25
06113
04E46
3BB7B
06C6B
01C3F
05AC8
0D17C
0A977
0907C
38254
09F72
3829D
022D3
36B03
3B6C3
3647F
3CBB9
357C3
0ACBC
07215
3B729
0143A
3BE9D
03062
34AB5
071E3
07E9E
0D9BB
3AE5E
004E4
36F74
3E856
005F6
3D073
01CD8
089EB
3780C
389D9
0613D
3CF58
064F6
049D4
07509
06033
0CB72
3A872
01C09
01E5F
3CB3E
3C0F1
3E89C
02CD7
3DFE3
3D6BD
3656F
3D057
3E0EE
03FDD
060CB
3CAFB
0608B
00F34
39C03
36DA0
003E4
3ED95
3A17A
394B5
03642
0AF3B
38EF3
07CDD
0502C
0B959
0202E
35D54
01BA0
347F4
0242E
05A55
346F8
01F53
3CD95
36A8F
03726
0F744
0196E
39755
04916
05BEF
09FB7
3C763
0A702
0684B
3E7B9
3726C
3070E
33BCC
02173
103E7
33216
03FF8
32F3F
06797
05874
354B4
069C5
0420F
0267C
07B96
02C66
04339
0D020
38AB5
01A3E
066F2
0BD89
3CFC1
39DA0
33C9F
3FD3A
0EC3E
06215
01EBC
36CDA
3F6F8
38B19
3656B
30ED6
06092
0BB2F
0860B
323F8
017BD
33A6F
037C7
06EDB
01480
09FBA
15389
00905
31DA7
3B165
0935A
3C26E
3F208
31A99
0686E
013C3
376E6
04AE5
0D6B8
37552
30F8C
04542
0375B
30EB3
05031
3B60D
0A45D
029F3
3F598
10136
09D2C
398E7
37DE9
30B38
3A14C
0D34F
3CA99
06B64
0AAC0
09649
3BE4E
3DF8C
083BB
37AB4
02752
2B114
0D882
08864
00BC2
36C3B
0B49E
29ACE
04391
0E95D
070C8
384D3
096F1
3830F
0AE3B
06615
3B0D8
31D95
06FEC
34FB1
3ED20
38D44
39D16
0FDA4
3CCFA
0E72C
37AE3
0A4B6
031FC
3CFB3
05AE0
00328
3E520
37585
3C0C1
3A584
07F17
3C529
37A1F
005F2
3E667
0016E
004FA
02692
3D07E
336DA
0B7C5
09A2E
33567
05CAD
09F01
04873
3B162
125CF
3E08B
0536F
0B2F8
04B4D
0DB9B
025FE
07D41
3CA74
3574A
03789
381B8
3BF34
00B72
39CFC
0345E
3A0DA
043B8
3A2D3
01CA0
06FE0
0625F
307D9
0047E
3C83B
0363B
062E8
04F6E
08F06
3EC5D
35FB6
3DCE7
3EA24
09A3D
3F33B
0135B
03620
368A9
38896
34AF0
01991
3C257
2F6CD
391D8
3D7F7
35ED9
03ECA
3F228
01636
09C1E
00CBD
185CD
0E864
025CA
0C427
3ED9C
3B6B2
3BD09
3DEAB
3BCC7
3F06E
3EE98
08CE2
11B29
06A54
08187
02D0B
0E4E9
34D59
31959
0DB1E
338D6
048AB
3E9D8
3DD33
09828
04109
054FB
0A248
01A75
01D6D
06E9C
04CC7
094C8
00E83
01113
33419
045C8
045BF
3F0FD
37388
04FB6
3F788
095D1
3E1A0
02796
07510
04101
03488
00F61
0C941
094B8
301F3
0D47B
06A73
35653
013D5
39711
04B21
3AB94
3808F
0A2E0
3CAD6
05634
026EE
087D0
05AA8
0157E
07C61
3CCEF
0B8FC
3D21D
00000
3580C
35FBF
3D2B6
39EEB
05886
2F7EA
3885B
38B01
00F60
04C56
09F21
0388A
02264
3C51F
3EAAC
3F362
0EBE7
2F71B
3F950
2FC42
0C6A1
00E16
02291
3C029
02EA6
2A996
2B7B2
356B8
0A4C5
055C3
01442
3F3A8
3A385
39B0D
36F10
32A49
08031
3E4B8
37085
3361D
01FDD
2998E
2AD9A
0623A
3ACD2
33FD9
3CFFC
137DD
02310
0519E
344F8
00780
11446
01459
38FF3
3D5D0
088A7
0126F
367D0
01E2F
3C1B2
01E26
36778
03F47
39C63
32587
02B45
024EB
080C0
29909
301CB
0626D
01615
30A5E
3F0D9
30ACC
02936
3D38B
28F30
36477
06081
3C866
0F16A
157C0
13DF1
00A26
04290
37945
35293
05B8E
0706E
0DD15
0C801
2E039
0B12A
09AE3
02D0A
3E256
011CD
027BD
34801
3B19B
0DA56
3FBF7
0CD17
39632
0A5DF
38D3D
02402
32D50
3F1CF
02B51
38AC8
097D1
3260F
33CC3
3E2DA
0A252
2F4DC
3E9DB
38D2C
3DEAA
34A8A
00EE2
39336
01030
39245
3A5E8
33E46
0CEAA
00E9B
3887C
3EEF5
3D87F
17125
0CEA5
0D115
3B31F
2986E
34DD2
015DC
37577
057A5
121AB
0B849
2ECFB
3F1EE
2F86E
12E8B
00712
06B5B
0845B
2F899
3195B
003BE
3A9F1
38EB1
2877B
027A4
3EEBF
32840
3E59F
38421
13D9E
14779
12892
06DD1
13701
3C383
06F75
3CDDF
09FE5
374AC
01903
36159
3B5E8
1755A
37842
2F7DB
34D22
040BA
01B9D
0E06F
33292
0A8D8
38A03
0BDB8
315D3
36D08
37665
3FD92
3EE5C
04598
3FE29
33F02
099E9
00965
3FB84
3D070
0612F
3D05F
0C63C
07092
2F6CB
3E99D
2E662
3C012
06F13
0ADA5
04BC8
041F8
070B8
34998
07A06
335D4
06C5A
3991A
342CC
3AACC
35A96
0E4FB
08D37
2F8B3
0DF45
3206E
03BBC
3973F
3D466
3C156
02A01
0B323
3E9AD
02BDD
3E271
0551A
33B5C
38BA4
0B173
0059C
31F25
00D27
0094A
0BB10
31E24
0CE2B
03316
09617
2ACD9
0D158
0DFA4
34304
2D4BD
0C813
09B8E
35974
005B2
0C918
2741E
05CCE
0310C
00C5F
0676F
02D93
06397
11686
3C8C4
06A53
06522
316C4
3E83D
3CBC1
3E181
017D9
0DA57
022A5
32945
02FC6
3D265
36D20
3D761
39F0E
34753
3A3F0
381F3
3A319
03630
3F962
08505
39629
01C02
07DCB
3AFBA
01CC5
113F3
06C4B
092AE
3AF94
340FA
39055
3C1E0
052C6
03AA3
35F0A
36529
36C0E
2C87D
01BA1
3F99C
024F8
3498D
083B3
0DA8E
0059A
02059
3A545
14F79
0F828
10A0B
3D3EB
3918A
286B3
092CF
2F7D4
3D807
00C0F
0FA12
3F399
0051A
0EDB7
394CE
0C815
0B1DE
045BD
00E56
3D795
007B4
30203
082AE
025AF
2E43B
31A5E
00126
02EA8
01C16
24472
32A64
0620F
010FF
38A48
0D750
17D5C
3EE62
3F19E
01017
04B66
37633
32538
046CF
3BB15
07875
13EEA
2E874
34740
07570
316AA
04716
04A39
027FD
0F548
385A8
2DE19
0E3B6
08A27
07C12
04F07
0B6D5
01DC8
38FCC
3A508
35980
37DE3
01A75
3E0E2
3A481
0D756
02C97
3EA1A
31EAB
33CD4
2E676
02935
04235
3F24A
3BDCD
0C0EE
0648B
0CFFA
02B34
3975D
04586
3CDD3
007BB
3D5FB
1B2A4
0544C
049A8
3507A
3CA77
30E18
02D2C
0071A
3004E
32BC2
02DEF
3952C
07303
00018
3DE76
09276
2CE4D
09EBC
0112B
35B36
0D9F6
00403
35D94
07101
02C97
08CCC
0869F
0B578
3C90E
298F7
3EB16
3DB4D
05BF8
12EF0
39F22
00FE0
07ADE
032DF
01546
39BAB
02DF8
02263
02581
2A3A7
38809
33D9E
34B9B
1320F
38372
0A873
12191
39BE1
0718A
01CB4
333C3
3488D
36C94
117FC
3910E
0A6B8
3078D
123C8
04DDF
07549
03A3B
39F08
03973
3DE02
00242
3B54C
03113
00654
3F7B3
3CB45
339CE
3F3F3
37D52
34322
05B6C
35B02
0B1E7
0889B
2BA8E
08F12
31803
08F9D
06442
01586
3ED7C
01BFF
3A582
04A2B
30DB1
3C7A3
06500
01C66
37F7D
3DD02
0CE97
3C0ED
2F1C7
3E7B2
1B4C0
3A46D
076B4
0A35B
009A2
09B8B
35FFF
13344
0F01D
0D314
088C8
06D3C
33E56
0B56A
3F663
38CF1
3804A
34F7F
025F9
00682
00055
3FF1F
3FFA4
000E5
00278
00428
005D8
00774
008F0
00A42
00B66
00C56
00D0F
00D8F
00DD7
00DE7
00DC0
00D65
00CD9
00C1F
00B3C
00A34
0090E
007CF
0067C
0051C
003B5
0024C
000E8
3FF8E
3FE44
3FD0E
3FBF1
3FAF1
3FA11
3F953
3F8BA
3F848
3F7FC
3F7D6
3F7D7
3F7FD
3F845
3F8AD
3F932
3F9D1
3FA86
3FB4D
3FC20
3FCFD
3FDDE
3FEBF
3FF9B
0006E
00134
001E9
0028B
00317
00389
003E1
0041D
0043D
00440
00427
003F2
003A4
0033E
002C3
00235
00198
000EE
0003D
3FF86
3FECE
3FE18
3FD69
3FCC3
3FC29
3FB9F
3FB27
3FAC3
3FA74
3FA3D
3FA1D
3FA15
3FA25
3FA4C
3FA8A
3FADB
3FB3F
3FBB4
3FC35
3FCC2
3FD57
3FDF0
3FE8A
3FF23
3FFB6
00042
000C3
00137
0019C
001EF
0022F
0025C
00273
00276
00264
0023E
00204
001B9
0015D
000F4
0007E
00000
3FF7B
3FEF2
3FE69
3FDE2
3FD5F
3FCE4
3FC73
3FC0E
3FBB7
3FB70
3FB3B
3FB17
3FB07
3FB09
3FB1E
3FB45
3FB7E
3FBC6
3FC1D
3FC7F
3FCEC
3FD61
3FDDB
3FE57
3FED4
3FF4E
3FFC3
00031
00095
000ED
00137
00173
0019E
001B9
001C2
001BA
001A0
00177
0013E
000F6
000A2
00044
3FFDD
3FF6F
3FEFE
3FE8B
3FE19
3FDAA
3FD40
3FCDF
3FC87
3FC3B
3FBFC
3FBCB
3FBAA
3FB99
3FB98
3FBA7
3FBC6
3FBF4
3FC30
3FC78
3FCCC
3FD29
3FD8C
3FDF5
3FE61
3FECD
3FF38
3FF9E
3FFFE
00056
000A4
000E6
0011C
00143
0015C
00165
00160
0014B
00127
000F6
000B9
00070
0001D
3FFC3
3FF63
3FEFF
3FE9A
3FE35
3FDD3
3FD76
3FD20
3FCD2
3FC8F
3FC57
3FC2C
3FC0F
3FC00
3FBFF
3FC0D
3FC29
3FC52
3FC88
3FCC9
3FD14
3FD67
3FDC1
3FE1F
3FE80
3FEE1
3FF40
3FF9C
3FFF2
00040
00086
000C1
000F0
00113
00128
00130
00129
00115
000F4
000C7
0008E
0004B
00000
3FFAE
3FF56
3FEFC
3FEA0
3FE45
3FDEC
3FD99
3FD4B
3FD06
3FCCA
3FC99
3FC73
3FC5A
3FC4F
3FC50
3FC5F
3FC7A
3FCA2
3FCD5
3FD12
3FD58
3FDA5
3FDF8
3FE4E
3FEA7
3FF00
3FF57
3FFAA
3FFF8
0003E
0007D
000B1
000DA
000F8
00109
0010D
00105
000F1
000D0
000A4
0006E
0002E
3FFE8
3FF9B
3FF49
3FEF5
3FEA1
3FE4D
3FDFC
3FDB0
3FD6A
3FD2C
3FCF7
3FCCC
3FCAC
3FC97
3FC8F
3FC94
3FCA4
3FCC0
3FCE7
3FD19
3FD54
3FD96
3FDDF
3FE2D
3FE7E
3FED1
3FF23
3FF73
3FFC0
00006
00046
0007E
000AC
000CF
000E8
000F5
000F6
000EB
000D5
000B4
00088
00053
00016
3FFD2
3FF89
3FF3C
3FEEE
3FE9F
3FE51
3FE07
3FDC1
3FD82
3FD4A
3FD1B
3FCF5
3FCDA
3FCCB
3FCC7
3FCCE
3FCE1
3FCFE
3FD26
3FD57
3FD91
3FDD1
3FE17
3FE61
3FEAE
3FEFB
3FF48
3FF92
3FFD8
00019
00053
00084
000AD
000CB
000DE
000E7
000E5
000D7
000BF
0009C
00070
0003C
00000
3FFBE
3FF78
3FF2F
3FEE5
3FE9B
3FE53
3FE0E
3FDCE
3FD94
3FD62
3FD39
3FD19
3FD03
3FCF8
3FCF8
3FD02
3FD17
3FD37
3FD5F
3FD91
3FDC9
3FE08
3FE4C
3FE93
3FEDC
3FF25
3FF6D
3FFB2
3FFF3
0002D
00061
0008D
000B0
000C9
000D8
000DD
000D7
000C6
000AB
00087
0005B
00026
3FFEC
3FFAC
3FF68
3FF22
3FEDC
3FE96
3FE53
3FE13
3FDD8
3FDA4
3FD78
3FD53
3FD39
3FD28
3FD21
3FD24
3FD32
3FD4A
3FD6B
3FD95
3FDC6
3FDFF
3FE3C
3FE7E
3FEC2
3FF08
3FF4D
3FF91
3FFD1
0000D
00042
00071
00097
000B5
000C9
000D4
000D4
000CA
000B7
0009A
00074
00047
00013
3FFD9
3FF9A
3FF59
3FF16
3FED3
3FE91
3FE52
3FE17
3FDE1
3FDB2
3FD8B
3FD6C
3FD56
3FD49
3FD47
3FD4E
3FD5F
3FD79
3FD9C
3FDC7
3FDF9
3FE31
3FE6E
3FEAE
3FEF0
3FF32
3FF74
3FFB3
3FFEF
00026
00056
00080
000A2
000BA
000CA
000D0
000CD
000BF
000A9
0008A
00063
00034
00000
3FFC7
3FF89
3FF4A
3FF0A
3FECA
3FE8B
3FE50
3FE1A
3FDE9
3FDBF
3FD9C
3FD82
3FD71
3FD69
3FD6A
3FD75
3FD89
3FDA6
3FDCB
3FDF7
3FE29
3FE61
3FE9D
3FEDB
3FF1B
3FF5A
3FF99
3FFD4
0000C
0003E
0006A
0008F
000AB
000BF
000CB
000CD
000C5
000B5
0009C
0007A
00052
00023
3FFEE
3FFB5
3FF79
3FF3C
3FEFE
3FEC1
3FE86
3FE4F
3FE1D
3FDF1
3FDCB
3FDAD
3FD98
3FD8B
3FD87
3FD8C
3FD9B
3FDB2
3FDD1
3FDF7
3FE24
3FE57
3FE8F
3FEC9
3FF06
3FF44
3FF80
3FFBB
3FFF3
00027
00054
0007C
0009C
000B4
000C4
000CB
000C9
000BE
000AA
0008E
0006B
00041
00011
3FFDC
3FFA4
3FF6A
3FF2E
3FEF2
3FEB8
3FE81
3FE4E
3FE20
3FDF8
3FDD7
3FDBE
3FDAD
3FDA4
3FDA4
3FDAD
3FDBF
3FDD8
3FDFA
3FE22
3FE50
3FE83
3FEBA
3FEF4
3FF2F
3FF6B
3FFA5
3FFDC
00011
00040
0006A
0008D
000A8
000BC
000C7
000CA
000C4
000B6
0009F
00081
0005C
00031
00000
3FFCB
3FF94
3FF5A
3FF21
3FEE8
3FEB1
3FE7D
3FE4D
3FE23
3FE00
3FDE3
3FDCE
3FDC1
3FDBD
3FDC1
3FDCD
3FDE2
3FDFE
3FE22
3FE4B
3FE7A
3FEAE
3FEE4
3FF1D
3FF57
3FF90
3FFC7
3FFFB
0002C
00058
0007D
0009C
000B3
000C3
000CA
000C9
000BF
000AD
00094
00074
0004D
00020
3FFEF
3FFBB
3FF84
3FF4C
3FF14
3FEDE
3FEA9
3FE79
3FE4D
3FE27
3FE08
3FDEF
3FDDE
3FDD6
3FDD5
3FDDD
3FDED
3FE04
3FE23
3FE48
3FE73
3FEA3
3FED7
3FF0D
3FF44
3FF7C
3FFB3
3FFE7
00019
00046
0006D
0008F
000A9
000BD
000C8
000CB
000C6
000B9
000A4
00088
00066
0003D
00010
3FFDF
3FFAA
3FF75
3FF3E
3FF08
3FED4
3FEA3
3FE76
3FE4E
3FE2C
3FE10
3FDFC
3FDEF
3FDEA
3FDEE
3FDF9
3FE0C
3FE26
3FE47
3FE6E
3FE9A
3FECB
3FEFE
3FF34
3FF6A
3FFA0
3FFD4
00006
00034
0005E
00082
0009F
000B5
000C5
000CC
000CB
000C3
000B2
0009B
0007C
00058
0002E
00000
3FFCE
3FF9B
3FF66
3FF31
3FEFD
3FECB
3FE9D
3FE74
3FE4F
3FE31
3FE19
3FE09
3FE00
3FDFF
3FE06
3FE15
3FE2B
3FE48
3FE6B
3FE93
3FEC0
3FEF1
3FF24
3FF59
3FF8E
3FFC2
3FFF4
00023
0004E
00074
00094
000AD
000C0
000CB
000CE
000CA
000BE
000AB
00091
00070
0004A
0001F
3FFF0
3FFBE
3FF8B
3FF57
3FF24
3FEF2
3FEC4
3FE99
3FE72
3FE51
3FE37
3FE23
3FE17
3FE12
3FE15
3FE1F
3FE31
3FE4A
3FE69
3FE8E
3FEB8
3FEE5
3FF16
3FF49
3FF7D
3FFB0
3FFE2
00012
0003E
00066
00088
000A5
000BA
000C9
000D0
000D0
000C8
000B9
000A2
00086
00063
0003B
0000F
3FFE0
3FFAF
3FF7C
3FF4A
3FF18
3FEE9
3FEBD
3FE95
3FE72
3FE55
3FE3E
3FE2E
3FE25
3FE24
3FE2B
3FE38
3FE4D
3FE68
3FE8A
3FEB0
3FEDB
3FF0A
3FF3B
3FF6D
3FFA0
3FFD1
00001
0002E
00058
0007C
0009B
000B4
000C5
000D0
000D4
000D0
000C5
000B2
00099
0007A
00056
0002D
00000
3FFD1
3FF9F
3FF6E
3FF3D
3FF0D
3FEE0
3FEB7
3FE92
3FE72
3FE59
3FE46
3FE39
3FE35
3FE37
3FE41
3FE52
3FE69
3FE87
3FEAA
3FED2
3FEFE
3FF2D
3FF5E
3FF8F
3FFC1
3FFF1
0001F
00049
0006F
00091
000AC
000C1
000CF
000D6
000D6
000CF
000C0
000AB
0008F
0006E
00048
0001E
3FFF1
3FFC1
3FF91
3FF60
3FF30
3FF03
3FED8
3FEB2
3FE90
3FE74
3FE5E
3FE4E
3FE46
3FE45
3FE4B
3FE58
3FE6C
3FE86
3FEA6
3FECB
3FEF4
3FF21
3FF50
3FF80
3FFB1
3FFE1
0000F
0003B
00062
00086
000A3
000BB
000CD
000D7
000DB
000D7
000CC
000BB
000A3
00085
00062
0003A
0000F
3FFE1
3FFB2
3FF82
3FF53
3FF25
3FEF9
3FED1
3FEAD
3FE8F
3FE76
3FE64
3FE58
3FE53
3FE56
3FE5F
3FE6F
3FE86
3FEA2
3FEC4
3FEEB
3FF15
3FF43
3FF72
3FFA2
3FFD1
00000
0002C
00055
0007A
0009A
000B5
000C9
000D7
000DE
000DE
000D6
000C8
000B4
00099
00079
00055
0002C
00000
3FFD2
3FFA3
3FF74
3FF46
3FF1A
3FEF0
3FECB
3FEAA
3FE8F
3FE7A
3FE6B
3FE63
3FE61
3FE67
3FE74
3FE87
3FEA0
3FEBF
3FEE3
3FF0B
3FF36
3FF64
3FF93
3FFC2
3FFF1
0001D
00048
0006E
00090
000AD
000C4
000D5
000DF
000E3
000DF
000D5
000C4
000AC
00090
0006D
00047
0001D
3FFF1
3FFC3
3FF95
3FF66
3FF3A
3FF10
3FEE9
3FEC6
3FEA8
3FE90
3FE7F
3FE73
3FE6E
3FE71
3FE7A
3FE8A
3FEA0
3FEBB
3FEDC
3FF02
3FF2B
3FF57
3FF85
3FFB3
3FFE2
0000F
0003A
00062
00086
000A5
000BF
000D2
000E0
000E6
000E6
000DF
000D2
000BE
000A4
00085
00061
00039
0000F
3FFE2
3FFB4
3FF86
3FF5A
3FF2F
3FF06
3FEE2
3FEC2
3FEA8
3FE93
3FE84
3FE7C
3FE7B
3FE81
3FE8D
3FEA0
3FEB9
3FED7
3FEFA
3FF21
3FF4B
3FF77
3FFA5
3FFD3
00000
0002C
00055
0007B
0009C
000B8
000CE
000DF
000E9
000EC
000E9
000DE
000CE
000B7
0009B
0007A
00054
0002B
00000
3FFD3
3FFA6
3FF79
3FF4D
3FF24
3FEFE
3FEDC
3FEBF
3FEA8
3FE97
3FE8B
3FE87
3FE89
3FE92
3FEA1
3FEB7
3FED2
3FEF2
3FF17
3FF3F
3FF6A
3FF97
3FFC4
3FFF2
0001E
00048
0006F
00092
000B0
000CA
000DD
000EA
000F0
000F0
000E9
000DC
000C8
000AF
00091
0006E
00047
0001D
3FFF1
3FFC4
3FF98
3FF6C
3FF42
3FF1A
3FEF7
3FED8
3FEBE
3FEA9
3FE9B
3FE94
3FE93
3FE98
3FEA4
3FEB7
3FECF
3FEEC
3FF0F
3FF35
3FF5E
3FF8A
3FFB6
3FFE3
00010
0003B
00063
00088
000A8
000C4
000DA
000EA
000F3
000F7
000F3
000E9
000D9
000C2
000A6
00086
00061
00039
0000F
3FFE3
3FFB6
3FF8A
3FF5F
3FF37
3FF12
3FEF1
3FED4
3FEBD
3FEAC
3FEA1
3FE9D
3FE9F
3FEA8
3FEB7
3FECC
3FEE7
3FF07
3FF2B
3FF53
3FF7D
3FFA9
3FFD5
00002
0002D
00056
0007D
0009F
000BD
000D6
000E8
000F5
000FB
000FB
000F4
000E7
000D4
000BB
0009D
0007A
00054
0002B
00000
3FFD4
3FFA8
3FF7D
3FF53
3FF2D
3FF0A
3FEEB
3FED2
3FEBE
3FEB0
3FEA9
3FEA8
3FEAD
3FEB9
3FECB
3FEE3
3FF00
3FF22
3FF48
3FF70
3FF9B
3FFC7
3FFF4
00020
0004A
00071
00095
000B5
000D0
000E6
000F6
000FF
00102
000FF
000F5
000E4
000CE
000B3
00093
0006E
00047
0001D
3FFF1
3FFC6
3FF9A
3FF70
3FF48
3FF24
3FF03
3FEE7
3FED1
3FEC0
3FEB5
3FEB1
3FEB3
3FEBC
3FECB
3FEE0
3FEFB
3FF1A
3FF3E
3FF65
3FF8E
3FFBA
3FFE6
00012
0003D
00065
0008B
000AD
000CA
000E3
000F5
00102
00108
00107
00101
000F3
000E0
000C7
000AA
00087
00062
00039
0000E
3FFE3
3FFB7
3FF8D
3FF64
3FF3E
3FF1B
3FEFD
3FEE4
3FED1
3FEC3
3FEBC
3FEBB
3FEC0
3FECC
3FEDE
3FEF6
3FF13
3FF34
3FF5A
3FF82
3FFAD
3FFD8
00004
0002F
00059
00080
000A4
000C3
000DE
000F3
00103
0010C
0010F
0010B
00101
000F1
000DB
000C0
000A0
0007C
00055
0002B
00000
3FFD4
3FFA9
3FF80
3FF58
3FF34
3FF14
3FEF8
3FEE2
3FED2
3FEC7
3FEC3
3FEC6
3FECF
3FEDE
3FEF2
3FF0D
3FF2C
3FF4F
3FF76
3FFA0
3FFCB
3FFF6
00022
0004C
00075
0009A
000BC
000D9
000F1
00103
0010F
00115
00115
0010E
00101
000ED
000D5
000B7
00095
0006F
00047
0001D
3FFF2
3FFC6
3FF9C
3FF73
3FF4E
3FF2C
3FF0E
3FEF5
3FEE2
3FED4
3FECD
3FECC
3FED2
3FEDE
3FEF0
3FF08
3FF24
3FF46
3FF6B
3FF93
3FFBD
3FFE9
00014
0003F
00069
00090
000B3
000D2
000ED
00102
00111
0011A
0011D
00119
0010F
000FF
000E9
000CE
000AE
0008A
00063
00039
0000E
3FFE3
3FFB8
3FF8F
3FF68
3FF44
3FF24
3FF08
3FEF2
3FEE2
3FED8
3FED4
3FED6
3FEDF
3FEEF
3FF03
3FF1E
3FF3D
3FF60
3FF87
3FFB0
3FFDB
00007
00032
0005C
00085
000AA
000CB
000E8
00100
00112
0011E
00124
00123
0011C
0010F
000FC
000E3
000C5
000A3
0007E
00055
0002B
00000
3FFD5
3FFAB
3FF82
3FF5D
3FF3B
3FF1D
3FF04
3FEF1
3FEE4
3FEDD
3FEDC
3FEE2
3FEEE
3FF00
3FF18
3FF35
3FF56
3FF7B
3FFA4
3FFCE
3FFF9
00025
00050
00079
000A0
000C3
000E2
000FD
00111
00121
0012A
0012C
00128
0011E
0010E
000F8
000DC
000BC
00098
00071
00048
0001D
3FFF2
3FFC7
3FF9D
3FF76
3FF52
3FF32
3FF17
3FF01
3FEF1
3FEE7
3FEE3
3FEE6
3FEEF
3FEFE
3FF13
3FF2E
3FF4D
3FF70
3FF97
3FFC1
3FFEC
00017
00043
0006D
00095
000BA
000DC
000F8
00110
00122
0012E
00134
00133
0012C
0011E
0010B
000F2
000D4
000B2
0008D
00064
0003A
0000E
3FFE3
3FFB9
3FF91
3FF6B
3FF49
3FF2B
3FF13
3FEFF
3FEF2
3FEEB
3FEEB
3FEF1
3FEFD
3FF0F
3FF27
3FF44
3FF66
3FF8B
3FFB4
3FFDE
0000A
00035
00060
0008A
000B1
000D4
000F3
0010E
00122
00131
0013A
0013D
00139
0012E
0011E
00108
000EC
000CC
000A8
00080
00057
0002C
00000
3FFD5
3FFAB
3FF84
3FF60
3FF40
3FF25
3FF0F
3FEFF
3FEF5
3FEF1
3FEF4
3FEFD
3FF0D
3FF22
3FF3D
3FF5C
3FF80
3FFA7
3FFD1
3FFFC
00028
00053
0007E
000A6
000CC
000ED
0010A
00122
00134
00140
00145
00144
0013D
0012F
0011C
00103
000E5
000C2
0009C
00073
00049
0001D
3FFF2
3FFC7
3FF9E
3FF79
3FF56
3FF39
3FF20
3FF0D
3FEFF
3FEF9
3FEF8
3FEFE
3FF0B
3FF1D
3FF36
3FF53
3FF75
3FF9B
3FFC3
3FFEE
0001A
00046
00072
0009B
000C2
000E6
00105
00120
00135
00144
0014D
0014F
0014B
00140
0012F
00119
000FD
000DC
000B8
00090
00066
0003A
0000F
3FFE3
3FFB9
3FF92
3FF6D
3FF4D
3FF32
3FF1C
3FF0B
3FF01
3FEFE
3FF01
3FF0A
3FF1A
3FF30
3FF4B
3FF6B
3FF8F
3FFB6
3FFE0
0000C
00039
00065
00090
000B8
000DE
00100
0011D
00135
00147
00153
00158
00157
00150
00142
0012E
00115
000F6
000D3
000AD
00083
00058
0002C
00000
3FFD5
3FFAC
3FF86
3FF63
3FF45
3FF2C
3FF19
3FF0C
3FF05
3FF05
3FF0B
3FF18
3FF2A
3FF43
3FF61
3FF83
3FFAA
3FFD3
3FFFE
0002B
00057
00083
000AD
000D5
000F9
00119
00134
00149
00158
00161
00163
0015F
00154
00143
0012C
0010F
000EE
000C9
000A1
00076
0004A
0001D
3FFF1
3FFC7
3FF9F
3FF7A
3FF5A
3FF3E
3FF27
3FF17
3FF0D
3FF09
3FF0D
3FF16
3FF26
3FF3C
3FF58
3FF78
3FF9D
3FFC5
3FFF0
0001D
0004A
00076
000A2
000CB
000F1
00114
00131
00149
0015C
00168
0016D
0016C
00165
00157
00142
00128
00109
000E6
000BE
00094
00068
0003C
0000F
3FFE3
3FFB9
3FF92
3FF6F
3FF51
3FF38
3FF24
3FF17
3FF10
3FF10
3FF16
3FF23
3FF36
3FF50
3FF6E
3FF91
3FFB8
3FFE2
0000E
0003C
00069
00096
000C1
000E9
0010E
0012E
00149
0015F
0016E
00177
00179
00175
00169
00158
00141
00124
00102
000DC
000B3
00087
0005A
0002D
00000
3FFD5
3FFAC
3FF86
3FF65
3FF49
3FF32
3FF22
3FF17
3FF14
3FF17
3FF21
3FF32
3FF48
3FF64
3FF85
3FFAB
3FFD4
00000
0002D
0005B
00089
000B5
000DF
00106
00129
00147
00160
00173
0017F
00185
00184
0017C
0016D
00158
0013E
0011E
000FA
000D1
000A6
0007A
0004C
0001E
3FFF1
3FFC7
3FF9F
3FF7B
3FF5C
3FF42
3FF2E
3FF21
3FF1A
3FF1A
3FF20
3FF2E
3FF41
3FF5B
3FF7A
3FF9E
3FFC6
3FFF1
0001E
0004D
0007B
000A9
000D5
000FE
00124
00145
00160
00176
00186
0018F
00192
0018D
00181
00170
00158
0013A
00117
000F0
000C6
0009A
0006B
0003D
0000F
3FFE3
3FFB9
3FF93
3FF70
3FF54
3FF3C
3FF2B
3FF21
3FF1D
3FF21
3FF2B
3FF3C
3FF53
3FF70
3FF92
3FFB8
3FFE3
0000F
0003E
0006D
0009C
000CA
000F5
0011D
00141
00160
00179
0018C
00199
0019F
0019D
00195
00186
00171
00156
00135
00110
000E6
000BA
0008C
0005D
0002E
00000
3FFD4
3FFAB
3FF87
3FF67
3FF4C
3FF38
3FF2A
3FF22
3FF22
3FF29
3FF37
3FF4B
3FF66
3FF86
3FFAB
3FFD4
00000
0002F
0005E
0008E
000BD
000EB
00115
0013C
0015E
0017A
00191
001A1
001AA
001AD
001A8
0019C
0018A
00171
00153
0012F
00107
000DB
000AD
0007E
0004E
0001F
3FFF1
3FFC6
3FF9E
3FF7B
3FF5D
3FF45
3FF34
3FF29
3FF25
3FF29
3FF33
3FF45
3FF5D
3FF7A
3FF9E
3FFC5
3FFF1
0001F
0004F
00080
000B0
000DF
0010C
00135
0015A
0017A
00194
001A8
001B5
001BB
001BA
001B2
001A2
0018C
00170
0014E
00128
000FD
000D0
000A0
0006F
0003F
0000F
3FFE2
3FFB8
3FF92
3FF71
3FF55
3FF40
3FF31
3FF2A
3FF2A
3FF31
3FF3F
3FF54
3FF6F
3FF91
3FFB7
3FFE1
0000F
0003F
00071
000A2
000D3
00102
0012E
00156
00179
00197
001AE
001BF
001C9
001CB
001C7
001BA
001A7
0018E
0016E
00149
00120
000F3
000C3
00092
00061
0002F
00000
3FFD3
3FFAA
3FF86
3FF67
3FF4E
3FF3B
3FF30
3FF2C
3FF30
3FF3B
3FF4C
3FF65
3FF84
3FFA8
3FFD2
3FFFF
0002F
00060
00093
000C5
000F6
00125
00150
00176
00198
001B3
001C8
001D5
001DC
001DB
001D2
001C2
001AB
0018E
0016B
00143
00117
000E8
000B6
00084
00051
00020
3FFF1
3FFC5
3FF9D
3FF7A
3FF5E
3FF47
3FF38
3FF30
3FF30
3FF37
3FF46
3FF5B
3FF78
3FF9A
3FFC2
3FFEE
0001E
00050
00083
000B7
000EA
0011B
00148
00172
00197
001B6
001CF
001E1
001EB
001EE
001E9
001DD
001C9
001AF
0018E
00167
0013C
0010E
000DC
000A9
00075
00042
00010
3FFE1
3FFB6
3FF90
3FF6F
3FF55
3FF42
3FF36
3FF32
3FF35
3FF40
3FF53
3FF6C
3FF8C
3FFB2
3FFDD
0000C
0003E
00072
000A7
000DC
0010F
00140
0016D
00195
001B8
001D5
001EB
001FA
00201
00200
001F7
001E7
001CF
001B1
0018C
00163
00135
00103
000CF
0009A
00065
00032
00000
3FFD2
3FFA8
3FF84
3FF65
3FF4E
3FF3D
3FF35
3FF34
3FF3B
3FF4B
3FF61
3FF7E
3FFA2
3FFCC
3FFFA
0002C
00060
00096
000CC
00102
00135
00166
00192
001B9
001DA
001F4
00207
00212
00216
00211
00204
001F0
001D4
001B2
0018A
0015D
0012C
000F8
000C2
0008B
00056
00021
3FFF0
3FFC3
3FF9A
3FF78
3FF5C
3FF47
3FF3A
3FF35
3FF38
3FF43
3FF57
3FF71
3FF93
3FFBA
3FFE7
00019
0004D
00084
000BC
000F3
00129
0015D
0018D
001B8
001DD
001FC
00213
00223
0022B
0022A
00222
00211
001F8
001D9
001B3
00187
00157
00122
000EC
000B4
0007C
00045
00011
3FFE0
3FFB3
3FF8C
3FF6C
3FF53
3FF41
3FF37
3FF36
3FF3D
3FF4D
3FF64
3FF83
3FFA8
3FFD4
00005
00039
00070
000A9
000E3
0011C
00152
00186
001B5
001DE
00202
0021E
00233
0023F
00243
0023F
00232
0021D
00200
001DD
001B3
00183
0014F
00118
000DF
000A6
0006C
00035
00000
3FFCF
3FFA4
3FF7F
3FF61
3FF4A
3FF3C
3FF36
3FF39
3FF44
3FF58
3FF73
3FF96
3FFC0
3FFEF
00024
0005B
00095
000D1
0010C
00146
0017D
001B0
001DE
00206
00228
00241
00253
0025C
0025C
00253
00242
00229
00208
001E0
001B2
0017F
00148
0010E
000D2
00096
0005C
00024
3FFEF
3FFBF
3FF95
3FF72
3FF56
3FF42
3FF37
3FF35
3FF3C
3FF4C
3FF64
3FF84
3FFAC
3FFD9
0000D
00045
00080
000BC
000FA
00137
00171
001A9
001DC
00209
0022F
0024E
00265
00274
00279
00275
00268
00253
00235
0020F
001E3
001B1
0017A
0013F
00102
000C4
00087
0004B
00012
3FFDD
3FFAE
3FF86
3FF64
3FF4B
3FF3B
3FF33
3FF35
3FF41
3FF55
3FF71
3FF96
3FFC2
3FFF4
0002C
00067
000A6
000E5
00125
00163
0019F
001D7
00209
00235
0025A
00277
0028B
00296
00297
0028F
0027E
00264
00241
00217
001E6
001B0
00175
00136
000F6
000B6
00077
00039
00000
3FFCC
3FF9D
3FF76
3FF57
3FF41
3FF33
3FF30
3FF36
3FF46
3FF5E
3FF80
3FFAA
3FFDA
00011
0004D
0008C
000CE
00110
00152
00192
001CF
00207
00239
00264
00287
002A1
002B2
002B9
002B7
002AA
00294
00275
0024E
0021F
001E9
001AE
0016F
0012D
000EA
000A7
00066
00027
3FFED
3FFB9
3FF8C
3FF66
3FF49
3FF36
3FF2C
3FF2C
3FF37
3FF4B
3FF69
3FF8F
3FFBE
3FFF3
0002F
0006F
000B3
000F8
0013E
00182
001C4
00201
0023A
0026B
00295
002B6
002CE
002DC
002DF
002D8
002C7
002AD
00288
0025C
00228
001ED
001AD
0016A
00124
000DE
00098
00054
00014
3FFDA
3FFA5
3FF79
3FF55
3FF3A
3FF29
3FF23
3FF28
3FF37
3FF50
3FF73
3FF9F
3FFD3
0000D
0004E
00093
000DB
00124
0016D
001B4
001F8
00237
0026F
002A1
002C9
002E9
002FE
00308
00308
002FD
002E7
002C7
0029E
0026C
00232
001F2
001AD
00165
0011B
000D1
00088
00042
00000
3FFC4
3FF90
3FF64
3FF41
3FF29
3FF1B
3FF19
3FF22
3FF35
3FF53
3FF7C
3FFAD
3FFE7
00028
0006E
000B8
00105
00152
0019F
001E9
0022F
0026F
002A9
002DA
00302
0031F
00332
00339
00335
00326
0030B
002E5
002B6
0027E
0023F
001F9
001AF
00161
00112
000C4
00077
0002E
3FFEA
3FFAD
3FF78
3FF4C
3FF2B
3FF15
3FF0A
3FF0B
3FF18
3FF31
3FF54
3FF82
3FFBA
3FFFA
00040
0008D
000DD
0012F
00182
001D3
00221
0026A
002AC
002E7
00319
00340
0035C
0036C
00371
00369
00354
00334
00309
002D4
00296
00250
00204
001B3
0015F
0010B
000B7
00065
00018
3FFD2
3FF92
3FF5C
3FF30
3FF0F
3FEFB
3FEF3
3FEF7
3FF08
3FF26
3FF4F
3FF83
3FFC2
00008
00056
000A9
00100
00159
001B2
00208
0025B
002A8
002EE
0032B
0035E
00386
003A1
003B0
003B1
003A6
0038D
00367
00336
002FA
002B5
00267
00214
001BB
00160
00104
000AA
00052
00000
3FFB5
3FF72
3FF39
3FF0C
3FEEB
3FED7
3FED0
3FED8
3FEED
3FF10
3FF3F
3FF7A
3FFC0
0000E
00064
000C0
0011F
00180
001E1
0023F
00299
002EC
00337
00378
003AE
003D7
003F3
00401
00400
003F1
003D4
003A9
00371
0032E
002E0
0028A
0022D
001CB
00166
00101
0009D
0003D
3FFE3
3FF90
3FF47
3FF0A
3FED9
3FEB5
3FEA0
3FE9B
3FEA4
3FEBD
3FEE4
3FF1A
3FF5C
3FFAA
00002
00062
000C8
00133
0019F
0020B
00274
002D7
00334
00388
003D0
0040C
0043A
00459
00468
00467
00456
00435
00404
003C5
00379
00321
002C0
00256
001E7
00175
00102
00091
00023
3FFBC
3FF5E
3FF0A
3FEC2
3FE89
3FE60
3FE46
3FE3E
3FE47
3FE62
3FE8D
3FEC9
3FF13
3FF6B
3FFCF
0003D
000B2
0012C
001A9
00225
0029F
00314
00381
003E3
0043A
00482
004BB
004E2
004F7
004F9
004E9
004C5
00490
00449
003F2
0038D
0031C
002A1
0021E
00197
0010E
00085
00000
3FF82
3FF0C
3FEA3
3FE47
3FDFC
3FDC2
3FD9C
3FD8A
3FD8D
3FDA4
3FDD1
3FE11
3FE64
3FEC9
3FF3D
3FFBE
0004A
000DD
00176
00210
002A9
0033E
003CB
0044C
004C1
00525
00576
005B4
005DB
005EB
005E3
005C3
0058C
0053D
004D9
00461
003D7
0033D
00297
001E8
00132
0007A
3FFC3
3FF12
3FE68
3FDCB
3FD3D
3FCC2
3FC5C
3FC0E
3FBD9
3FBC0
3FBC3
3FBE3
3FC1F
3FC77
3FCE9
3FD75
3FE17
3FECC
3FF92
00065
00141
00222
00303
003E0
004B3
0057A
0062F
006CE
00753
007BB
00803
00829
0082A
00804
007B8
00746
006AD
005EF
0050F
0040F
002F2
001BC
00072
3FF18
3FDB4
3FC4B
3FAE4
3F984
3F831
3F6F2
3F5CC
3F4C4
3F3E1
3F327
3F29B
3F240
3F219
3F229
3F271
3F2F1
3F3AA
3F49A
3F5BE
3F710
3F88C
3FA28
3FBD8
3FD88
3FF1B
0005C
000E1
3FFAB
3F97E
3DA07
0B081
07FB6
0730F
0099D
34A96
0C1AA
392C4
37738
32CEC
30FE3
2CCBC
0A001
36475
3F65E
35CA5
3894C
05B93
24B40
0184E
10E39
03F13
33169
022FE
08083
3E39A
39B00
0385D
0F24F
3B5D5
05A7E
3E401
01284
3EA7A
39BBE
37063
0E7FD
370EE
14572
37765
34E19
0A4FE
3A494
0BCDE
082AE
00C0D
0C632
034BB
0084D
3F9AC
3CEED
04AB4
3FDBE
021FE
3C68D
060F8
3C5C5
38AB7
3B221
2DC38
0F873
35948
06EF2
2E804
0936C
0B773
0CC3D
3E34C
38E76
0641F
2DE6F
3578D
07C8E
2CDF1
0B465
0C262
077F7
15C59
3DA7F
3DD9D
3D208
06455
3EABA
3CD21
38522
3F020
060DE
2D110
3A408
024B3
014EA
16709
036F2
34A88
37961
37334
3D369
38EFF
0A26C
3FBFD
3260A
0A4CA
3EED5
36144
131B3
36D8A
0218A
3FFE8
38CFD
06AD4
3D211
0D43E
0FFB2
3F8E6
3D2D4
0F1E8
03589
0AF86
3B658
3ABB4
24D5C
02A05
3F845
0322D
3BA7A
068A3
3D4CC
33006
39B75
33F12
04233
00DB6
3BDCB
3D6CB
1198A
0C32C
0E155
015E6
3D369
328AA
05B7F
01F1E
3E58B
0821D
0A680
05AF8
07034
3E238
3492B
3B0F9
383EE
375D9
31C4A
121E7
07A58
30AB8
3D803
3B5C7
3B8EA
0E956
38A90
0B8C0
1178C
2C116
3878B
044EB
3B931
0DAC8
089CD
3B49A
3EFE9
00E62
0119E
282A4
328B0
075B8
3EF01
39DF1
0D59C
1BB8E
3E3EA
3D158
3FEDA
0E5A2
11BC5
3DA51
37D52
0FDFD
3F84C
0286B
3F1AA
3BA43
34E22
337EB
06B32
31249
3FAE6
00C67
305EE
3F3F1
027F9
1082C
36D31
1794D
06E76
02C15
2F5F5
307D8
2B087
05ABB
3DFA7
3FA66
32572
37C4D
0B673
3DB08
00664
3E45F
13783
093F2
09AD7
0A0F6
3C55D
3AD3A
03E20
06FAB
0BF06
0506C
36D52
393B5
2EC0D
3E33B
05046
38235
3E3FE
069D7
37AFB
0069E
3C9D0
05CE7
07E0D
05C10
0B8AD
060F2
0289F
092E0
02D9B
3D03A
0D6BB
3DD5B
325A9
3E827
01E7F
0343F
017C3
0E93C
39ADE
395AD
0373C
2E97A
39C69
3D26D
39891
3F3A1
3CEF4
3A332
18BE2
336E8
3FA4E
0A68C
36472
337ED
12B43
0BCFC
3205C
32EA8
15327
369E9
3CCEA
331D5
0E1DC
344F0
3F6B6
3F2D9
0E0DB
3FA64
34E8D
0745C
0C4A4
3AAE6
01D8F
3D423
01653
34CDD
3D5FF
03EAA
02B9A
068C1
3C444
0DF92
320BB
1074D
372C9
31B05
0A56A
05534
0BD34
066E6
393A6
0CA2C
385FA
0B668
38F48
3BE08
3B438
3525B
390ED
03FEE
1199E
01663
10935
38F6E
339C4
02FA1
39ED1
02F90
0047C
3F69B
36617
0C0FE
001D7
3BA68
011A4
0026E
0899B
092F8
0EA2D
34248
075FD
35728
0CD6E
31F91
3E463
3BF46
0B2DE
10825
087BE
28AA6
04A18
09EA7
3E6FD
08B54
3601B
03221
3908B
03C7D
2C8FF
3922F
2D76E
2B887
2C262
07BDF
01A61
0D7C0
01141
3D85C
17885
0714F
0560F
3FC42
0E6A5
10767
37BA5
394A5
3F8EE
2D175
10792
00E12
11305
347B7
2DE55
3A85B
08A89
3EA24
0B22E
16792
04CE1
32EEB
3315B
28EDB
02781
0110B
07784
3F165
33156
0C1BA
05A18
06DBB
3EFD0
06CCA
3F11E
0B576
02156
072D4
01625
10B24
35DAE
01D26
0C33D
0D9F1
3682F
07538
3D4AF
00E31
0D2B0
3DBFE
072C3
35A21
069CE
332E9
00409
325AA
04E65
0B7FF
3D843
3EE33
01DAA
3D2F6
3651D
34ED6
11FC7
337FF
322EB
38F92
3A472
0AD6D
086BB
3BD70
3F5DA
2C20F
2A840
30E96
0379A
39F7F
09B89
170D0
02C75
3D6CA
0F534
00F27
0F5A2
3E9EB
39D93
0FE35
166F7
37F40
3DB15
3D4BB
0DA79
0639D
3C0B9
09888
3E1DA
03E4E
3E1D1
09830
3ED91
37759
02A30
0700D
3EBA7
2EBBA
3F880
0BB08
3AE62
3DCF0
2C823
03004
0C027
0532E
39DC6
15266
16672
3E023
0C9E3
08F7B
01B48
37FCF
0D5B7
090F0
064F3
05C7B
00C58
3EBBE
3AA3D
35B3B
0A948
1484E
1566A
3D15A
03FD7
3DD6F
3F1EA
3395F
103BE
006B0
108E5
31419
00C9E
01554
03AE1
3DD9C
3C776
360DF
3B3AA
3F0A0
074FF
077A5
10816
3A77A
06115
02D4A
0A041
0A7F4
00000
03B41
17410
3B9D8
094E8
31A89
3E907
28CF9
38A2F
02582
3B366
341E9
056CA
0C3D0
328A6
3E8F5
29F95
38F14
34031
3E187
0D920
313B8
30D5C
00AEC
39B0E
0A131
3E5CB
24C2E
3D2E2
32D02
05D19
06B5C
38D35
3DFCB
3891F
3C540
2504A
3F2B3
3A66F
05BDF
0D045
2CA8E
36276
108EC
024F3
0CCA2
03211
1307D
36467
3BCA5
3FCA7
03074
2688A
3B0FC
024E2
3D21F
3B084
038A4
079E4
375E3
009C6
2BFA3
3CD6A
02B5D
01A0C
11932
32CDA
3773B
3FEC1
3DE27
00E2E
3FA59
102C8
3A8B0
2EDED
0D18C
0FD07
2F7BE
3DEF1
2C0E6
3B34F
37AA2
3EC90
00A09
3D8D3
00EE1
34308
37286
1341D
3DB40
331EB
3A718
2A4D9
07A0E
395E7
1473A
05590
1099E
032C2
2C678
070C1
05141
02813
3FBA5
0B7FD
0709F
3229E
00885
32E0B
08025
10F81
3907A
3F264
3C21A
3DFBC
063C8
0040B
3D4E9
039E9
0FD51
30627
34A52
04406
3D3BC
09C6D
3D52F
29647
066A5
0F798
30B47
32220
10B7A
03F01
33350
3F74E
3BAFD
0364E
08961
3B4D6
3F62A
3FC6C
01C62
290A2
3EA10
361B6
06AB2
0C726
3BD06
00B5C
033E3
048DF
31CF4
05AA0
1915C
00ADD
0BD0D
3982F
0303F
323D6
3D333
244A5
3B4BA
2C646
06949
0C689
31F6A
3377C
11B71
01876
038AA
3C9D5
2E6AA
3F337
318B7
0C2AD
3E2CE
19347
08171
2C3E4
02558
3DD8B
054FD
0A2CC
364B7
3852C
0EE40
02A38
1A8D1
01CE2
3E311
0680E
0FF6B
32343
3DE0A
2F699
39415
21E52
38602
29AB9
00111
331D3
1082D
06881
04F4E
04834
11F52
06966
1738A
3BB6F
0192C
3EE6F
035AF
32013
3D5EA
0B2E1
3D1FD
2DB55
0D42B
1230C
35302
0072C
36DF0
3F2B3
3F70D
02239
048DE
054FB
0FE6B
31A80
009CD
28D7E
3B5DF
3C69D
01F80
13870
35C5F
3CF36
39A7E
3D39D
3731A
3C587
3DB2D
3D7A0
3E3D1
3C05A
3702C
0C6E9
06E35
325FE
3EE58
34CAD
02F0D
09B4E
3B46A
3A489
095F8
0560B
3B99C
02B94
167B7
0150C
05084
029CD
0B11E
2E48B
39541
005F9
3C6A6
25C1A
00EE1
03006
39DD1
3687C
069F8
3D548
1785D
02E8D
3ECD7
01062
02B90
3C135
399BA
06EEE
00DAF
05919
01664
05FB4
003F6
02F23
3F7FB
050BB
31030
385FC
0DE50
3E9A4
2C0AE
05499
0EAC2
36B56
3BA4E
3D5E0
3C896
0DDD6
00B4D
3B950
01833
3FCFA
05183
09B3D
2EDC5
3944D
12DF7
3FB84
34660
02C4F
05F1D
3833B
3416A
13C36
05BFD
34A29
0025B
0E05E
37CF3
30749
01806
36D1A
10AF1
0251E
3C012
3C2BD
31C44
3B146
2E6E6
05B82
39857
10644
02871
05C46
3E861
2FA3E
03C0E
040E1
3D804
3FEB8
394B2
3C462
08DBC
3E911
0002B
3C76D
38C62
01C9E
3B43D
13362
07CAE
2C85F
04EFF
15621
3E4A5
01EBA
012A0
03BB6
3BC14
01214
27A3E
3FD7C
04516
3C3F7
34E05
0B265
04923
02437
01671
0BF81
3F5B2
30335
067AA
03FFE
3EB13
3A4CB
18AD6
07C20
2C389
04895
0B4EC
015C1
07030
3BDE0
0296B
30522
3B98D
04597
3DAD1
3BEFF
3FEDB
00054
0099C
03767
3039A
3B744
1546F
3B1C4
29CCF
08638
058AB
025F7
05061
36395
3F4B8
27E06
02B7D
0FE76
37639
36BD1
01A13
3A057
16EDF
03A0D
3C910
3E51D
31342
05082
3D84A
073D7
00ED2
0AB3A
0269F
3BF93
3EB21
30358
0B192
0D69F
33766
39E81
083A0
3FA44
333FA
3FE84
00746
3F6BC
0377D
33805
361BD
1270C
008AE
3A9B3
007E6
09B90
35573
34915
01F51
3AC29
0FFD3
00AA8
0DBA0
39A66
2A3C5
09B4B
07075
38C63
3BDCA
09177
010E7
13572
3DB9E
061B8
3353B
2E5AF
0DD81
3FDA9
121CE
03884
07943
01D7C
05D78
00C62
09AF8
2BA67
37A4B
063DD
3F23A
14C11
37EA1
2B53B
0C42F
0BAB0
3389C
3CC3C
3F2EE
3E3D7
340AA
3FE8E
367CA
0C7DC
0EC59
31674
3EFF8
25245
3878A
23266
3D108
2D7E3
08DC5
3B314
16E19
08B27
05C4D
054E1
0C66E
010C5
3E27E
06583
05924
01AC9
04D58
32715
03FC3
1AAC3
01A40
114E0
369D8
04C79
2A988
02224
3FD85
3F85A
3F804
3F900
3FA67
3FBEB
3FD6C
3FED9
0002D
00162
00276
00369
00438
004E4
0056C
005D2
00615
00637
00638
0061C
005E3
0058F
00523
004A2
0040E
0036B
002BB
00202
00143
00081
3FFC0
3FF02
3FE4B
3FD9D
3FCFB
3FC68
3FBE5
3FB75
3FB18
3FAD1
3FA9F
3FA83
3FA7D
3FA8C
3FAB1
3FAE8
3FB32
3FB8C
3FBF4
3FC68
3FCE6
3FD6B
3FDF3
3FE7E
3FF07
3FF8C
0000A
00080
000EB
00148
00197
001D5
00203
0021E
00228
0021E
00203
001D7
0019B
0014F
000F7
00093
00026
3FFB2
3FF39
3FEBE
3FE44
3FDCC
3FD59
3FCEE
3FC8C
3FC35
3FBEC
3FBB0
3FB85
3FB69
3FB5E
3FB64
3FB7A
3FBA0
3FBD5
3FC17
3FC66
3FCC0
3FD22
3FD8A
3FDF7
3FE66
3FED5
3FF41
3FFA8
00009
00060
000AD
000EE
00121
00146
0015C
00162
00159
00140
00119
000E4
000A3
00056
00000
3FFA2
3FF3F
3FED8
3FE70
3FE08
3FDA4
3FD45
3FCED
3FC9D
3FC58
3FC1F
3FBF3
3FBD5
3FBC6
3FBC5
3FBD2
3FBEE
3FC18
3FC4F
3FC91
3FCDD
3FD31
3FD8C
3FDEC
3FE4E
3FEB1
3FF12
3FF70
3FFC8
00018
00060
0009D
000CE
000F3
0010A
00113
0010E
000FB
000DA
000AD
00075
00032
3FFE6
3FF92
3FF3A
3FEDD
3FE80
3FE22
3FDC7
3FD70
3FD20
3FCD7
3FC98
3FC64
3FC3B
3FC1F
3FC10
3FC0F
3FC1B
3FC34
3FC5A
3FC8C
3FCC8
3FD0D
3FD5B
3FDAE
3FE06
3FE60
3FEBB
3FF15
3FF6B
3FFBC
00006
00047
0007F
000AC
000CE
000E2
000EA
000E5
000D3
000B4
0008A
00055
00017
3FFD0
3FF83
3FF30
3FEDB
3FE84
3FE2E
3FDDA
3FD8A
3FD41
3FCFE
3FCC5
3FC96
3FC72
3FC59
3FC4D
3FC4E
3FC5B
3FC74
3FC99
3FCC9
3FD03
3FD45
3FD8E
3FDDD
3FE2F
3FE83
3FED8
3FF2B
3FF7B
3FFC5
00009
00045
00078
000A0
000BC
000CE
000D2
000CB
000B8
00099
00070
0003C
00000
3FFBC
3FF73
3FF25
3FED5
3FE83
3FE33
3FDE5
3FD9C
3FD58
3FD1C
3FCE8
3FCBE
3FC9F
3FC8B
3FC83
3FC86
3FC96
3FCB0
3FCD6
3FD05
3FD3E
3FD7E
3FDC4
3FE0F
3FE5D
3FEAD
3FEFD
3FF4A
3FF94
3FFD9
00017
0004D
0007A
0009D
000B5
000C2
000C3
000B9
000A4
00084
0005A
00027
3FFEC
3FFAA
3FF63
3FF19
3FECC
3FE80
3FE34
3FDEC
3FDA8
3FD6A
3FD34
3FD06
3FCE1
3FCC7
3FCB8
3FCB3
3FCBA
3FCCC
3FCE9
3FD10
3FD3F
3FD77
3FDB6
3FDFA
3FE43
3FE8E
3FED9
3FF24
3FF6D
3FFB1
3FFF0
00029
00059
00081
0009E
000B2
000BA
000B8
000AB
00093
00071
00046
00013
3FFD8
3FF98
3FF54
3FF0C
3FEC3
3FE7B
3FE34
3FDF0
3FDB2
3FD79
3FD48
3FD20
3FD01
3FCEB
3FCE1
3FCE0
3FCEB
3FD00
3FD1F
3FD47
3FD77
3FDAF
3FDED
3FE30
3FE76
3FEBD
3FF05
3FF4C
3FF90
3FFCF
00009
0003C
00067
0008A
000A2
000B1
000B5
000AF
0009E
00084
00060
00034
00000
3FFC6
3FF87
3FF44
3FEFF
3FEBA
3FE75
3FE32
3FDF4
3FDBA
3FD87
3FD5B
3FD38
3FD1E
3FD0D
3FD07
3FD0B
3FD19
3FD31
3FD52
3FD7C
3FDAD
3FDE5
3FE22
3FE63
3FEA7
3FEEC
3FF30
3FF73
3FFB2
3FFED
00022
00050
00076
00093
000A6
000B0
000B0
000A6
00092
00075
0004F
00022
3FFEE
3FFB4
3FF76
3FF35
3FEF3
3FEB0
3FE6F
3FE30
3FDF6
3FDC1
3FD93
3FD6D
3FD4E
3FD39
3FD2E
3FD2C
3FD34
3FD45
3FD60
3FD83
3FDAE
3FDE0
3FE18
3FE55
3FE95
3FED6
3FF18
3FF5A
3FF99
3FFD4
0000A
0003A
00063
00083
0009B
000AA
000B0
000AB
0009E
00087
00067
0003F
00011
3FFDC
3FFA3
3FF66
3FF27
3FEE6
3FEA7
3FE69
3FE2F
3FDF9
3FDC9
3FD9F
3FD7E
3FD64
3FD54
3FD4D
3FD4F
3FD5B
3FD70
3FD8D
3FDB3
3FDDF
3FE12
3FE4A
3FE86
3FEC4
3FF04
3FF43
3FF81
3FFBC
3FFF3
00025
00050
00074
00090
000A3
000AD
000AE
000A6
00095
0007B
00059
00030
00000
3FFCB
3FF92
3FF56
3FF18
3FEDB
3FE9E
3FE64
3FE2D
3FDFC
3FDD0
3FDAB
3FD8F
3FD7A
3FD6E
3FD6B
3FD72
3FD81
3FD99
3FDB9
3FDE1
3FE0E
3FE42
3FE7A
3FEB5
3FEF2
3FF2F
3FF6C
3FFA7
3FFDE
00011
0003E
00065
00084
0009B
000AA
000AF
000AC
000A0
0008C
0006F
0004B
00020
3FFEF
3FFBA
3FF81
3FF47
3FF0B
3FECF
3FE96
3FE5F
3FE2C
3FDFF
3FDD8
3FDB8
3FD9F
3FD8F
3FD88
3FD8A
3FD94
3FDA7
3FDC2
3FDE4
3FE0D
3FE3C
3FE70
3FEA8
3FEE2
3FF1D
3FF59
3FF93
3FFCA
3FFFE
0002D
00055
00078
00092
000A5
000AF
000B0
000A9
0009A
00082
00062
0003C
00010
3FFDF
3FFA9
3FF71
3FF38
3FEFE
3FEC5
3FE8E
3FE5B
3FE2C
3FE03
3FDE0
3FDC4
3FDB1
3FDA5
3FDA2
3FDA8
3FDB5
3FDCB
3FDE9
3FE0E
3FE38
3FE68
3FE9D
3FED4
3FF0D
3FF47
3FF80
3FFB7
3FFEB
0001B
00046
0006B
00088
0009F
000AD
000B3
000B0
000A5
00092
00077
00056
0002D
00000
3FFCE
3FF99
3FF62
3FF29
3FEF1
3FEBB
3FE87
3FE57
3FE2C
3FE07
3FDE9
3FDD2
3FDC2
3FDBB
3FDBC
3FDC5
3FDD7
3FDF0
3FE10
3FE36
3FE63
3FE93
3FEC8
3FEFE
3FF36
3FF6E
3FFA5
3FFDA
0000B
00037
0005E
0007E
00097
000A9
000B3
000B5
000AE
000A0
00089
0006C
00048
0001E
3FFF0
3FFBE
3FF89
3FF52
3FF1C
3FEE6
3FEB2
3FE81
3FE55
3FE2E
3FE0D
3FDF2
3FDE0
3FDD4
3FDD1
3FDD6
3FDE3
3FDF8
3FE14
3FE36
3FE5E
3FE8C
3FEBD
3FEF1
3FF27
3FF5E
3FF94
3FFC9
3FFFA
00028
00050
00073
0008F
000A4
000B2
000B8
000B5
000AB
00099
00080
00060
0003A
0000F
3FFE0
3FFAE
3FF79
3FF44
3FF0F
3FEDB
3FEAA
3FE7C
3FE54
3FE30
3FE13
3FDFD
3FDEE
3FDE7
3FDE8
3FDF1
3FE01
3FE19
3FE37
3FE5C
3FE86
3FEB4
3FEE6
3FF1A
3FF4F
3FF84
3FFB8
3FFEA
00018
00043
00068
00086
0009F
000B0
000B9
000BB
000B5
000A7
00092
00076
00054
0002C
00000
3FFD0
3FF9E
3FF6A
3FF36
3FF02
3FED1
3FEA3
3FE78
3FE53
3FE34
3FE1A
3FE08
3FDFE
3FDFB
3FDFF
3FE0C
3FE1F
3FE3A
3FE5A
3FE81
3FEAC
3FEDB
3FF0D
3FF40
3FF75
3FFA8
3FFDA
00009
00035
0005C
0007D
00098
000AC
000B9
000BE
000BC
000B3
000A1
00089
0006B
00047
0001E
3FFF1
3FFC0
3FF8E
3FF5B
3FF28
3FEF7
3FEC8
3FE9D
3FE76
3FE54
3FE38
3FE23
3FE15
3FE0E
3FE0F
3FE17
3FE27
3FE3D
3FE5B
3FE7E
3FEA6
3FED2
3FF01
3FF33
3FF66
3FF99
3FFCB
3FFFB
00027
0004F
00073
00090
000A7
000B8
000C1
000C2
000BC
000AF
0009B
00080
0005F
00039
0000F
3FFE1
3FFB1
3FF7F
3FF4D
3FF1C
3FEED
3FEC0
3FE98
3FE74
3FE56
3FE3E
3FE2C
3FE22
3FE1F
3FE24
3FE30
3FE42
3FE5C
3FE7B
3FEA0
3FECA
3FEF7
3FF27
3FF58
3FF8A
3FFBC
3FFEC
00019
00043
00068
00088
000A2
000B5
000C1
000C7
000C4
000BB
000AA
00093
00076
00053
0002B
00000
3FFD2
3FFA1
3FF70
3FF40
3FF10
3FEE3
3FEB9
3FE94
3FE73
3FE58
3FE44
3FE37
3FE30
3FE31
3FE39
3FE49
3FE5E
3FE7B
3FE9C
3FEC3
3FEEE
3FF1B
3FF4B
3FF7C
3FFAD
3FFDD
0000B
00036
0005D
0007F
0009B
000B1
000C1
000C9
000CB
000C5
000B8
000A4
0008B
0006B
00046
0001D
3FFF1
3FFC2
3FF92
3FF62
3FF33
3FF05
3FEDA
3FEB3
3FE91
3FE74
3FE5D
3FE4C
3FE42
3FE40
3FE44
3FE50
3FE62
3FE7B
3FE99
3FEBD
3FEE5
3FF11
3FF3F
3FF6F
3FF9F
3FFCF
3FFFD
00029
00051
00075
00094
000AD
000BF
000CB
000D0
000CD
000C4
000B4
0009D
00081
0005F
00039
0000F
3FFE2
3FFB3
3FF84
3FF54
3FF27
3FEFB
3FED3
3FEAE
3FE8F
3FE75
3FE62
3FE55
3FE4F
3FE50
3FE58
3FE67
3FE7C
3FE98
3FEB8
3FEDE
3FF07
3FF34
3FF62
3FF92
3FFC1
3FFF0
0001C
00045
0006B
0008C
000A7
000BC
000CB
000D3
000D4
000CF
000C2
000AF
00095
00077
00053
0002B
00000
3FFD3
3FFA4
3FF75
3FF47
3FF1B
3FEF2
3FECC
3FEAB
3FE8F
3FE78
3FE69
3FE5F
3FE5D
3FE62
3FE6D
3FE7F
3FE97
3FEB5
3FED8
3FEFF
3FF29
3FF56
3FF85
3FFB4
3FFE2
0000F
00039
00060
00083
000A0
000B8
000CA
000D5
000DA
000D7
000CE
000BE
000A8
0008C
0006B
00046
0001D
3FFF1
3FFC4
3FF96
3FF68
3FF3B
3FF11
3FEEA
3FEC6
3FEA8
3FE8F
3FE7D
3FE70
3FE6B
3FE6C
3FE74
3FE83
3FE98
3FEB2
3FED2
3FEF7
3FF1F
3FF4B
3FF78
3FFA6
3FFD5
00002
0002D
00055
00079
00099
000B4
000C8
000D6
000DE
000DF
000D9
000CD
000BA
000A1
00082
0005F
00039
0000F
3FFE2
3FFB5
3FF87
3FF5B
3FF2F
3FF07
3FEE2
3FEC2
3FEA7
3FE91
3FE82
3FE79
3FE77
3FE7C
3FE87
3FE99
3FEB1
3FECE
3FEF0
3FF17
3FF40
3FF6C
3FF99
3FFC7
3FFF5
00020
0004A
0006F
00091
000AE
000C5
000D6
000E1
000E5
000E2
000D9
000C9
000B4
00098
00078
00053
0002B
00000
3FFD4
3FFA6
3FF7A
3FF4E
3FF25
3FEFF
3FEDC
3FEBF
3FEA7
3FE95
3FE89
3FE84
3FE85
3FE8D
3FE9C
3FEB1
3FECB
3FEEA
3FF0E
3FF36
3FF61
3FF8D
3FFBA
3FFE7
00014
0003E
00065
00088
000A7
000C1
000D5
000E3
000EA
000EA
000E4
000D8
000C5
000AD
0008F
0006C
00046
0001D
3FFF1
3FFC5
3FF98
3FF6C
3FF42
3FF1B
3FEF7
3FED8
3FEBD
3FEA8
3FE99
3FE91
3FE8F
3FE94
3FEA0
3FEB1
3FEC9
3FEE6
3FF07
3FF2D
3FF56
3FF81
3FFAE
3FFDB
00007
00032
0005A
0007F
000A0
000BC
000D3
000E3
000ED
000F1
000EE
000E5
000D5
000C0
000A4
00084
00060
00039
0000E
3FFE3
3FFB6
3FF8A
3FF60
3FF37
3FF12
3FEF0
3FED4
3FEBC
3FEAB
3FE9F
3FE9B
3FE9C
3FEA4
3FEB3
3FEC8
3FEE2
3FF01
3FF25
3FF4C
3FF76
3FFA1
3FFCE
3FFFA
00025
0004F
00075
00098
000B6
000CF
000E2
000F0
000F7
000F7
000F1
000E4
000D1
000B9
0009B
00079
00053
0002B
00000
3FFD4
3FFA8
3FF7D
3FF54
3FF2D
3FF0A
3FEEB
3FED1
3FEBD
3FEAF
3FEA7
3FEA5
3FEAA
3FEB6
3FEC7
3FEDF
3FEFC
3FF1D
3FF42
3FF6B
3FF95
3FFC1
3FFED
00019
00043
0006B
0008F
000AF
000CB
000E1
000F1
000FB
000FE
000FB
000F2
000E2
000CC
000B1
00091
0006E
00046
0001D
3FFF1
3FFC6
3FF9A
3FF70
3FF48
3FF24
3FF03
3FEE7
3FED0
3FEBF
3FEB4
3FEAF
3FEB1
3FEBA
3FEC8
3FEDD
3FEF7
3FF16
3FF39
3FF60
3FF8A
3FFB5
3FFE1
0000D
00037
00060
00086
000A8
000C6
000DE
000F1
000FE
00104
00104
000FE
000F1
000DE
000C6
000A9
00087
00061
00039
0000E
3FFE3
3FFB8
3FF8D
3FF64
3FF3E
3FF1B
3FEFD
3FEE4
3FED0
3FEC2
3FEBB
3FEB9
3FEBF
3FECA
3FEDC
3FEF3
3FF10
3FF31
3FF56
3FF7E
3FFA9
3FFD4
00000
0002B
00055
0007C
000A0
000C0
000DA
000F0
00100
00109
0010C
00109
000FF
000EF
000DA
000BF
0009F
0007B
00054
0002B
00000
3FFD5
3FFAA
3FF80
3FF59
3FF34
3FF14
3FEF8
3FEE2
3FED1
3FEC7
3FEC3
3FEC5
3FECD
3FEDC
3FEF1
3FF0B
3FF2A
3FF4D
3FF74
3FF9D
3FFC8
3FFF4
0001F
00049
00072
00097
000B9
000D6
000EE
00100
0010D
00113
00113
0010C
000FF
000EC
000D4
000B6
00095
0006F
00047
0001D
3FFF2
3FFC6
3FF9C
3FF74
3FF4E
3FF2C
3FF0E
3FEF5
3FEE2
3FED4
3FECD
3FECC
3FED1
3FEDD
3FEEF
3FF07
3FF23
3FF45
3FF6A
3FF92
3FFBC
3FFE7
00013
0003E
00067
0008E
000B1
000D0
000EB
00100
0010F
00119
0011B
00118
0010E
000FE
000E8
000CD
000AD
00089
00062
00039
0000E
3FFE3
3FFB8
3FF8F
3FF68
3FF44
3FF24
3FF09
3FEF3
3FEE2
3FED8
3FED4
3FED7
3FEE0
3FEEF
3FF03
3FF1E
3FF3D
3FF60
3FF87
3FFB0
3FFDB
00006
00032
0005C
00084
000A9
000CA
000E7
000FF
00111
0011D
00123
00122
0011B
0010E
000FB
000E2
000C5
000A3
0007D
00055
0002B
00000
3FFD5
3FFAB
3FF83
3FF5D
3FF3B
3FF1E
3FF05
3FEF2
3FEE5
3FEDE
3FEDD
3FEE3
3FEEF
3FF01
3FF19
3FF36
3FF57
3FF7C
3FFA4
3FFCE
3FFFA
00025
00050
00079
000A0
000C3
000E2
000FD
00111
00120
00129
0012C
00128
0011E
0010D
000F7
000DC
000BC
00098
00071
00048
0001D
3FFF2
3FFC7
3FF9E
3FF77
3FF53
3FF33
3FF18
3FF02
3FEF2
3FEE8
3FEE5
3FEE7
3FEF1
3FF00
3FF15
3FF30
3FF4F
3FF72
3FF99
3FFC2
3FFED
00019
00044
0006E
00096
000BB
000DD
000F9
00111
00123
0012F
00134
00133
0012C
0011E
0010B
000F2
000D4
000B2
0008C
00064
0003A
0000E
3FFE3
3FFB9
3FF91
3FF6B
3FF4A
3FF2C
3FF14
3FF01
3FEF4
3FEED
3FEED
3FEF3
3FF00
3FF12
3FF2A
3FF47
3FF69
3FF8E
3FFB7
3FFE1
0000C
00038
00063
0008C
000B3
000D6
000F5
0010F
00124
00133
0013B
0013D
00139
0012F
0011E
00108
000EC
000CC
000A7
00080
00056
0002B
00000
3FFD5
3FFAC
3FF85
3FF61
3FF41
3FF26
3FF11
3FF01
3FEF7
3FEF4
3FEF7
3FF00
3FF10
3FF26
3FF40
3FF60
3FF84
3FFAB
3FFD5
00000
0002C
00057
00082
000AA
000CF
000F0
0010D
00124
00136
00141
00147
00145
0013E
00130
0011C
00103
000E5
000C2
0009C
00073
00048
0001D
3FFF2
3FFC7
3FF9F
3FF79
3FF57
3FF3A
3FF22
3FF0F
3FF02
3FEFC
3FEFC
3FF02
3FF0F
3FF22
3FF3A
3FF58
3FF7A
3FFA0
3FFC9
3FFF3
0001F
0004B
00076
000A0
000C7
000EA
00109
00123
00138
00146
0014F
00151
0014C
00141
00130
00119
000FD
000DC
000B8
00090
00066
0003A
0000F
3FFE3
3FFBA
3FF92
3FF6F
3FF4F
3FF34
3FF1E
3FF0E
3FF05
3FF02
3FF05
3FF0F
3FF1F
3FF35
3FF51
3FF71
3FF95
3FFBD
3FFE7
00013
0003F
0006B
00095
000BE
000E3
00104
00121
00139
0014A
00156
0015B
00159
00151
00143
0012F
00115
000F6
000D3
000AC
00083
00058
0002C
00000
3FFD5
3FFAD
3FF87
3FF65
3FF47
3FF2F
3FF1C
3FF0F
3FF09
3FF09
3FF10
3FF1E
3FF31
3FF4A
3FF68
3FF8B
3FFB1
3FFDB
00006
00032
0005F
0008A
000B4
000DB
000FF
0011E
00138
0014D
0015C
00164
00165
00161
00155
00144
0012C
00110
000EE
000C9
000A0
00076
0004A
0001D
3FFF2
3FFC7
3FFA0
3FF7C
3FF5C
3FF40
3FF2B
3FF1B
3FF12
3FF0F
3FF13
3FF1D
3FF2D
3FF44
3FF60
3FF81
3FFA6
3FFCE
3FFF9
00025
00052
0007F
000AA
000D3
000F9
0011A
00137
0014F
00160
0016C
00171
0016F
00167
00158
00143
00128
00109
000E5
000BE
00094
00068
0003B
0000F
3FFE3
3FFBA
3FF94
3FF71
3FF53
3FF3B
3FF28
3FF1C
3FF16
3FF16
3FF1D
3FF2B
3FF3F
3FF59
3FF78
3FF9B
3FFC2
3FFEC
00019
00046
00073
0009F
000CA
000F2
00116
00135
0014F
00164
00173
0017B
0017C
00177
0016B
00159
00141
00124
00101
000DB
000B2
00086
0005A
0002C
00000
3FFD5
3FFAD
3FF88
3FF68
3FF4C
3FF37
3FF27
3FF1E
3FF1B
3FF1F
3FF2A
3FF3B
3FF52
3FF6F
3FF91
3FFB6
3FFE0
0000B
00039
00067
00094
000C0
000E9
00110
00132
0014F
00167
00179
00184
00189
00187
0017E
0016F
00159
0013E
0011E
000F9
000D1
000A5
00079
0004B
0001E
3FFF1
3FFC7
3FFA1
3FF7E
3FF5F
3FF46
3FF33
3FF27
3FF21
3FF22
3FF2A
3FF38
3FF4C
3FF67
3FF87
3FFAB
3FFD3
3FFFE
0002B
0005A
00088
000B5
000E1
00109
0012E
0014E
00168
0017D
0018C
00194
00195
00190
00183
00171
00158
0013A
00116
000EF
000C5
00098
0006A
0003C
0000F
3FFE3
3FFBA
3FF95
3FF74
3FF58
3FF42
3FF32
3FF29
3FF26
3FF2B
3FF36
3FF48
3FF60
3FF7D
3FFA0
3FFC7
3FFF1
0001E
0004C
0007B
000AA
000D7
00101
00128
0014B
00169
00181
00193
0019E
001A3
001A1
00197
00188
00171
00155
00134
0010E
000E5
000B9
0008B
0005C
0002D
00000
3FFD5
3FFAD
3FF89
3FF6B
3FF51
3FF3E
3FF31
3FF2C
3FF2D
3FF35
3FF44
3FF59
3FF74
3FF95
3FFBB
3FFE4
00010
0003F
0006E
0009E
000CC
000F9
00122
00148
00168
00184
00199
001A8
001B0
001B1
001AB
0019E
0018B
00171
00152
0012D
00105
000D9
000AC
0007C
0004D
0001E
3FFF1
3FFC7
3FFA1
3FF7F
3FF63
3FF4C
3FF3C
3FF33
3FF30
3FF35
3FF41
3FF53
3FF6C
3FF8B
3FFAF
3FFD7
00003
00031
00061
00091
000C1
000EF
0011B
00143
00167
00185
0019E
001B0
001BC
001C0
001BE
001B4
001A3
0018C
0016F
0014D
00126
000FB
000CD
0009E
0006E
0003E
0000F
3FFE3
3FFBA
3FF95
3FF75
3FF5C
3FF48
3FF3B
3FF35
3FF37
3FF3F
3FF4F
3FF65
3FF81
3FFA3
3FFCA
3FFF5
00023
00053
00084
000B5
000E5
00112
0013D
00164
00185
001A2
001B7
001C7
001CF
001D0
001C9
001BC
001A8
0018D
0016C
00147
0011D
000F0
000C0
00090
0005F
0002E
00000
3FFD5
3FFAD
3FF8A
3FF6D
3FF56
3FF45
3FF3C
3FF39
3FF3F
3FF4B
3FF5E
3FF78
3FF98
3FFBD
3FFE7
00014
00044
00076
000A8
000D9
00109
00136
00160
00185
001A4
001BE
001D0
001DC
001E1
001DE
001D4
001C2
001AA
0018C
00168
00140
00113
000E4
000B3
00081
0004F
0001F
3FFF1
3FFC7
3FFA1
3FF80
3FF65
3FF51
3FF44
3FF3E
3FF3F
3FF48
3FF59
3FF70
3FF8D
3FFB1
3FFD9
00005
00035
00067
0009A
000CD
000FF
0012E
0015A
00182
001A5
001C3
001D9
001E9
001F1
001F2
001EB
001DD
001C8
001AC
0018A
00163
00138
00109
000D8
000A5
00072
00040
0000F
3FFE2
3FFB9
3FF95
3FF77
3FF5F
3FF4D
3FF44
3FF42
3FF47
3FF54
3FF68
3FF83
3FFA4
3FFCB
3FFF7
00026
00058
0008B
000C0
000F3
00125
00154
0017F
001A6
001C6
001E1
001F4
00201
00205
00202
001F8
001E6
001CC
001AD
00188
0015D
0012F
000FE
000CA
00096
00062
00030
00000
3FFD4
3FFAC
3FF8A
3FF6E
3FF59
3FF4B
3FF45
3FF47
3FF50
3FF61
3FF7A
3FF98
3FFBD
3FFE8
00016
00048
0007C
000B1
000E6
0011A
0014C
0017A
001A4
001C9
001E7
001FF
0020F
00218
00219
00212
00203
001ED
001D0
001AC
00184
00156
00125
000F1
000BC
00087
00052
00020
3FFF1
3FFC6
3FFA0
3FF80
3FF67
3FF55
3FF4B
3FF48
3FF4E
3FF5C
3FF71
3FF8D
3FFB0
3FFD8
00006
00037
0006C
000A2
000D9
0010F
00143
00174
001A2
001CA
001EC
00208
0021D
0022A
0022F
0022C
00220
0020E
001F3
001D2
001AB
0017F
0014E
0011A
000E4
000AE
00077
00042
00010
3FFE2
3FFB8
3FF94
3FF77
3FF60
3FF52
3FF4B
3FF4D
3FF57
3FF69
3FF82
3FFA2
3FFC9
3FFF5
00026
0005B
00092
000CA
00102
00138
0016D
0019D
001CA
001F0
00210
00229
0023B
00244
00245
0023E
0022E
00217
001F9
001D4
001A9
00179
00145
0010F
000D7
0009E
00067
00032
00000
3FFD3
3FFAA
3FF89
3FF6E
3FF5B
3FF50
3FF4D
3FF53
3FF61
3FF78
3FF95
3FFBA
3FFE5
00015
00049
00080
000B9
000F3
0012C
00163
00198
001C8
001F2
00217
00235
0024B
00258
0025E
0025B
0024F
0023C
00220
001FD
001D4
001A5
00172
0013B
00102
000C8
0008F
00057
00021
3FFF0
3FFC4
3FF9E
3FF7E
3FF66
3FF57
3FF50
3FF51
3FF5B
3FF6E
3FF88
3FFAB
3FFD3
00002
00036
0006D
000A7
000E3
0011E
00158
00190
001C4
001F3
0021C
0023E
00259
0026C
00276
00278
00271
00261
00248
00228
00201
001D4
001A1
0016A
00131
000F5
000B9
0007F
00046
00011
3FFE0
3FFB5
3FF91
3FF74
3FF60
3FF54
3FF51
3FF56
3FF65
3FF7C
3FF9B
3FFC2
3FFEF
00022
00059
00094
000D1
0010E
0014B
00186
001BE
001F2
0021F
00247
00267
0027F
0028E
00295
00292
00286
00271
00255
00230
00204
001D3
0019C
00162
00125
000E8
000AA
0006E
00035
00000
3FFD0
3FFA7
3FF85
3FF6B
3FF5A
3FF52
3FF53
3FF5D
3FF70
3FF8C
3FFB0
3FFDB
0000D
00044
0007F
000BD
000FC
0013C
0017A
001B6
001EE
00221
0024D
00273
00290
002A5
002B1
002B3
002AC
0029C
00282
00261
00237
00207
001D1
00197
00159
0011A
000D9
0009A
0005D
00024
3FFEF
3FFC1
3FF99
3FF79
3FF62
3FF55
3FF50
3FF56
3FF65
3FF7D
3FF9D
3FFC6
3FFF6
0002C
00067
000A6
000E8
0012A
0016B
001AB
001E8
00220
00252
0027D
002A0
002BB
002CC
002D4
002D2
002C7
002B2
00293
0026D
0023F
0020A
001D0
00191
00150
0010D
000CB
0008A
0004C
00012
3FFDE
3FFB1
3FF8B
3FF6E
3FF5A
3FF50
3FF50
3FF5A
3FF6D
3FF8A
3FFB0
3FFDE
00013
0004E
0008D
000D0
00114
00159
0019D
001DE
0021B
00253
00284
002AE
002CF
002E7
002F5
002F9
002F3
002E2
002C8
002A5
00279
00246
0020C
001CE
0018B
00146
00101
000BC
00079
0003A
00000
3FFCC
3FFA0
3FF7C
3FF62
3FF51
3FF4B
3FF4F
3FF5E
3FF76
3FF99
3FFC4
3FFF7
00031
00070
000B4
000FB
00143
0018A
001D0
00213
00251
00289
002B9
002E1
00300
00315
00320
0031F
00315
002FF
002E0
002B8
00287
0024E
00210
001CC
00185
0013D
000F4
000AC
00068
00028
3FFED
3FFBA
3FF8F
3FF6D
3FF55
3FF48
3FF46
3FF4E
3FF62
3FF7F
3FFA7
3FFD7
00010
0004F
00093
000DC
00127
00172
001BD
00206
0024A
00289
002C1
002F0
00317
00334
00346
0034D
00348
00339
0031F
002FA
002CC
00296
00258
00214
001CC
00180
00134
000E7
0009D
00056
00014
3FFD9
3FFA6
3FF7C
3FF5C
3FF47
3FF3D
3FF3E
3FF4B
3FF63
3FF86
3FFB3
3FFE9
00027
0006C
000B6
00103
00153
001A3
001F1
0023C
00282
002C2
002FB
0032A
00350
0036A
0037A
0037D
00375
00361
00342
00318
002E4
002A8
00264
0021B
001CD
0017D
0012B
000DB
0008D
00044
00000
3FFC4
3FF90
3FF67
3FF48
3FF35
3FF2E
3FF32
3FF44
3FF60
3FF88
3FFBB
3FFF7
0003B
00085
000D5
00128
0017D
001D1
00223
00272
002BB
002FD
00337
00367
0038C
003A5
003B2
003B3
003A7
0038E
0036A
0033B
00302
002BF
00276
00226
001D2
0017C
00125
000D0
0007D
00030
3FFE9
3FFAB
3FF76
3FF4C
3FF2D
3FF1B
3FF16
3FF1E
3FF32
3FF54
3FF81
3FFB9
3FFFA
00044
00095
000EB
00145
001A0
001FA
00252
002A5
002F3
00338
00374
003A6
003CC
003E5
003F1
003F0
003E1
003C5
0039C
00368
00329
002E0
00290
00239
001DE
00180
00123
000C6
0006E
0001A
3FFCE
3FF8B
3FF53
3FF26
3FF05
3FEF2
3FEED
3FEF6
3FF0D
3FF32
3FF63
3FFA0
3FFE8
00038
00090
000EE
0014F
001B2
00214
00274
002CF
00323
0036F
003B1
003E8
00412
0042E
0043B
0043A
0042B
0040D
003E1
003A8
00363
00313
002BB
0025C
001F8
00190
00128
000C1
0005E
00000
3FFAA
3FF5D
3FF1C
3FEE7
3FEC0
3FEA7
3FE9E
3FEA4
3FEBA
3FEDF
3FF12
3FF53
3FFA0
3FFF7
00058
000BF
0012B
0019A
00209
00276
002DE
00340
0039A
003E9
0042B
00460
00486
0049C
004A2
00497
0047B
00450
00414
003CB
00374
00312
002A7
00234
001BC
00142
000C7
0004E
3FFDA
3FF6D
3FF09
3FEB1
3FE65
3FE29
3FDFD
3FDE2
3FDD8
3FDE2
3FDFD
3FE2B
3FE69
3FEB8
3FF15
3FF80
3FFF6
00074
000F9
00182
0020D
00295
0031A
00398
0040C
00474
004CE
00518
0054F
00574
00583
0057D
00561
0052F
004E8
0048B
0041B
00398
00305
00263
001B5
000FE
00040
3FF7F
3FEBD
3FDFE
3FD45
3FC95
3FBF2
3FB5E
3FADD
3FA71
3FA1D
3F9E4
3F9C8
3F9C9
3F9EB
3FA2E
3FA94
3FB1C
3FBC8
3FC97
3FD8A
3FE9E
3FFD3
00127
00294
00415
00599
00700
007FC
007A6
0027B
3DDDC
15678
3B387
09628
2EB20
3E5C0
2553D
3C03D
0D8EB
3B2A8
3E537
3A6DC
39A7D
01D82
3EF3B
33992
3AB1F
3A3B3
374D9
291E7
04CEC
3723B
1281D
02EF8
1CD9A
07876
1ADBB
01008
0E98C
313A7
33824
09836
00172
0BF56
01C29
00D12
033C4
0C764
34550
33BD1
14AC5
0815F
2B3EF
00DC6
39C23
085B5
14599
36508
3F39E
3A288
3E284
386BD
3C77C
2DE32
00257
3227F
11A51
0CAC5
39E48
02462
2CA8E
3EF19
36E89
04236
0739D
38F8B
364B5
15C3B
0659A
32460
3F558
3002D
053D7
3E0AF
0B6EB
0AA8D
36470
3F81A
0564D
3F752
2D8F4
09E43
0C7FB
3C883
00944
3F8BA
0017C
0CC06
005BC
37C60
0617F
0C89A
32961
34E6E
0FCA8
014DF
0406D
3D961
354C6
3F12E
38C29
027B6
3AF7E
0ECBE
01AE3
036F0
3C5F3
29121
05FA9
3E5ED
0942F
089C7
3018A
3D483
181FA
00B48
09C6B
3AF9F
3DA09
3A755
379C8
16331
04E3C
2AB91
048BC
0FC66
3C899
3F664
3FFAC
00125
04101
0252F
3BA69
04673
0FADE
3D695
04220
38FD0
3EA3F
34B14
3B76B
13C77
383E0
2752A
05B35
014ED
3C002
39856
0FCCB
00A4E
3407F
3E98F
3DBC9
3B6DD
34D9B
0B1FB
03C09
3BAEA
00284
185C2
3EDEC
043EC
3C44A
3ED60
3E146
01B5B
2A9DF
3B101
137A1
38352
2CC9E
04BC3
3E362
0739E
03893
3FFD5
016EF
37244
03B9E
06B4E
00148
027FC
3BF1F
3C3F2
105C2
0179F
3A3BA
3D78F
2F9BC
067A9
3A47E
1191A
04EBA
0E3BC
03D43
03FEE
3DAE2
2F50F
092E6
3E7FA
0F8B7
0830D
31FA2
3FDA5
0B5D7
3A403
2C3CA
0BE96
07CC5
3A0E3
3D3B1
0B9A0
0047C
2D209
06BB3
1123B
364C3
3AE7D
00306
3E7CD
046B0
3F4B3
3222A
0376A
02A20
045B2
094AA
3153E
3AB67
13F52
0165C
321B0
07A04
0EFD0
3AF45
00805
3D0DD
3FC0A
3A04C
3E99C
3A6E7
3F251
39112
06646
03ECB
3D470
3EF9E
01329
3D173
287A3
02AB8
39608
09784
0622F
3CFFA
3F11F
1A3E6
0395A
3FA07
06ABF
11B75
34EE2
3D633
3AF7C
3EAF4
29849
3D46C
04664
3A9F5
36A08
05B77
04B96
364B2
3D0F3
0B353
011A8
0DA02
391CB
33917
08FD4
03FA6
01C2F
02860
024D3
03A79
08CE6
02C63
06582
030CA
0A3A1
2C790
3E080
03963
04A21
17282
3F633
0E580
30195
3AB05
3B722
3DDC7
008F3
00D4D
09210
3F8D4
0ACFE
2DCF4
32BD5
124AB
02E03
34D1F
02A16
0DFED
3CA51
01191
3E6D4
04491
28C76
3969A
2E0AE
3B7CC
3B0B2
3977F
2F7D3
0CE2D
3FEEF
16547
079FE
1E1AE
06BEB
10967
021F6
0DCBD
30095
397F2
01CEF
3E31E
2572F
3D5C8
311C0
07AD4
09B49
35D34
3AB03
02275
3DAA8
13C1C
37E8F
26CB9
01D32
33D53
0E749
00CC9
11956
0362B
3C756
3E78A
2E48F
0C884
0E096
33977
396B7
139BA
04B46
1BB5B
02CCD
0DC2A
3CFC1
067D1
342F3
3F523
26EA4
3A560
0E30C
3B721
3CC1D
3F4A4
042FA
338DA
3954E
09E4A
015F0
16F5E
3E39E
00394
009D6
04B2A
3769F
3C9B2
04503
008B2
0CCB0
3C0FF
2F486
0DDE0
0F4B9
30868
3995B
169B9
02AD1
36393
02C44
3BBFA
0B5AE
0F9D9
302AF
3C617
02B17
3FBF5
39C38
02044
03DE6
00D9C
06F86
2F07F
37FDB
0D1F5
3F77B
0DD62
38F61
34803
0045B
3D7ED
3AEBF
38F3F
13988
3CD3E
2F662
3AA70
2B8C6
06A19
385F2
15B27
058E8
0CE15
024C0
2CBE3
08D7A
0BCF8
3F11F
0272D
3F5F7
01370
0855E
04CB1
13F1A
0210F
10842
302F9
32E74
11213
05750
2FD38
005A7
3F1D2
021D9
0013F
088C5
0D326
2E6CE
3E5F4
3D4A3
03296
1405D
3F63A
08A1D
3861C
3C75C
04F7C
02DE1
3DB1E
04F04
19776
3CF8C
00359
0435B
09B99
2CF83
3CDEF
3335E
3DB0D
2F714
09D8A
13572
32FBB
3A421
05991
00D4D
1AFB6
03AC0
076E1
02035
072CB
394A4
3A2E7
0D2FE
02D1E
1B3D2
01A35
35ECF
064F2
3F514
0F2A4
0EC48
326E0
01E79
0BFCF
070EC
1606B
0170B
0D75A
33C30
3A936
0BE17
04C9A
3DA7E
075D1
17307
016F9
0E577
36B18
04628
28BF0
3C4BF
00000
3475C
0A894
02AE1
014F5
0FC11
3453A
2BEC1
3A352
30F26
0689C
04858
06EF0
027D9
362AF
01C65
0D0D5
06172
0950A
36368
3F381
3C2A2
0095E
3BCA3
2E368
2FBA8
3CDFD
0F591
361C8
061D5
3FE6F
08B42
3EBDE
0DA2F
06269
06194
31EF6
34627
35A23
3B824
00435
2A054
367BC
32E80
39D76
3292C
39B3A
2C9A3
3EDC5
3E99A
082F0
3F5D3
35668
00E0F
05677
3ED6D
04632
3F776
071B0
017AE
35FA8
3804A
07E8D
0136A
3CA0D
3F83B
350E1
04CDA
39356
3BEDC
074AE
069AD
3561F
30D7D
3116D
047EA
3E9C9
09C42
0FB97
03D3B
39707
09203
03A48
0A9E9
38263
3AF88
01F3A
37A7B
02473
3DC5A
01E09
3C023
0D640
3910C
3DF09
3EE5D
35AE9
05705
38DF7
3B7EE
34E53
0A014
38F93
02836
092CC
3CDDC
0461C
379DF
0FE7C
329EB
08D7C
00D37
3BCF9
3FA94
05A95
3D2F1
0B9EE
0FEB6
0ADC8
31B38
3EAE7
35590
31D6D
0B7A3
00A73
3426A
011AC
3D7BC
0962E
39443
3EDA6
32CA0
11B1E
00750
00ECE
33E87
32749
3E621
2AA96
0253C
034EA
058BB
34EEA
0686A
0DD33
3EDFD
3C935
06821
3BA61
3DB22
3A897
3CE75
038C4
2FA3B
07EAA
3C932
359FD
0D77E
3C47F
0E0B4
03A01
18819
003B5
36C7E
32C45
3E464
34464
01FD8
01424
0171D
3ED6D
39430
1149C
034A1
3635E
2EC1F
32418
05190
33788
0388C
3FFAF
0E898
09D2B
0A53D
0D40C
395F7
3D259
33A04
396E7
091AD
346F8
3D199
3CD54
0AA96
04186
31EC2
03E3A
05E14
0D51A
3AD1A
3EA31
030CE
01930
353E5
3DDA7
07136
3E75D
31011
31B32
0A80D
0AE2E
3DA48
0836D
34877
1451B
07E3C
06BCF
3EFA9
3A078
36DCB
01274
057D7
356FA
3D4AD
0354B
0D452
00644
2CA8D
04363
3E25C
09D7A
02644
34249
32874
3A3BA
359DF
0CAD4
00641
3F9F4
0A302
0036E
3E06D
36C26
06A8D
06E9D
0AAC0
113F8
31886
24926
2B1AF
35033
3DC74
39FE4
3D133
0E2A1
38D6D
35ABD
0EB3B
3C966
32CB9
0395E
3BB6D
0406C
10A56
13FB8
31395
3D742
114AB
09A61
3BFCB
3EDEF
00F2F
36641
019C5
3F560
398F4
0C913
0ED36
3E5FD
3A701
0A38E
336EB
05FA2
36BA6
059B7
374CD
0C9FE
3FA2D
3F484
02EB1
0F0B5
3C9A1
3BBB3
3F2C2
38503
36035
354DC
06AC4
0BE5A
3D23B
3C62F
0A5CC
01D91
3AB5B
3479D
3CFE6
02236
06279
091FD
3B297
0140F
2CA4B
3CEDE
0BB1A
340FB
3FEBC
397A6
3C5AA
114EE
00971
0A402
2BE06
3C87C
33AE3
35CF6
39ED5
072FC
3E04C
3C742
01D92
078C5
38C62
05B3E
10613
0B483
03524
37051
391DE
1314D
39672
35AE0
07C20
3A1B9
356E5
3EA62
3BC2E
07744
3A325
2A248
0D274
3F713
0AB6D
0720F
2C7B3
39E0D
0A852
3EC1C
10597
070A1
3F657
10129
123D4
2B2CA
015A4
3F09E
09EA9
0135E
3CCB3
00922
34688
3BDE8
37D68
02860
3EE78
38092
0423D
06EE6
3CA77
07C4E
33352
0F271
3B19B
30E4C
0AC81
3A7D8
35CB2
0B9AD
36E12
3FA08
3C7F5
3D350
3DF14
3808A
0E949
06503
022A8
37276
39FCB
0BA73
012D1
092FB
352B9
3A2A1
3BD96
0AB2D
06C0A
3EC1D
04722
0131E
38C4D
07526
3C0B9
04EB6
3CC33
39B06
369EA
31BFE
001C7
3CC62
02739
38268
09A28
3F019
3729D
0D76E
3958B
2F68E
15B7E
14549
3F2CD
3AA5A
37256
3D5FB
34398
38E41
378C4
39FD6
3E3E3
00F77
05C12
0C9C0
3DFDE
0B15A
37EE1
005FD
0DD34
03DF9
0B0CF
0B76C
06D3B
353A0
09DF5
3CE3D
37E54
075B6
067B7
3FA14
3BD2C
3B575
34100
08D47
0B604
36D30
0A30A
2C430
36769
01B0D
2EF04
3B194
35CA4
03B25
01BCD
0502E
33ECA
0CC6E
00AC3
08DEA
33089
039F2
06C8B
3CDD1
3CD6E
3900E
0DF8A
0538C
38EDD
0520A
354C6
324EA
0F276
3EA7F
3C4A5
38E49
0EE8D
05425
015F3
2FD95
3DD8B
083E2
3B65B
3DA1A
0B91B
39827
372CE
300D5
05122
04136
0F93C
0104B
054B3
38C36
06E6D
3957E
3B670
0F2DF
3DBE3
04E8B
3E19B
39ED9
0D0F5
3B060
33A1E
03A91
3F89B
3FA5A
3F895
3F7A0
3F70D
3F6B7
3F68D
3F684
3F699
3F6C7
3F70C
3F765
3F7D0
3F84C
3F8D4
3F968
3FA05
3FAA7
3FB4B
3FBEF
3FC91
3FD2C
3FDBF
3FE46
3FEC0
3FF2A
3FF83
3FFC9
3FFFB
00018
00020
00014
3FFF3
3FFBE
3FF78
3FF21
3FEBB
3FE49
3FDCC
3FD49
3FCC1
3FC37
3FBAF
3FB2A
3FAAC
3FA37
3F9CE
3F972
3F926
3F8EB
3F8C2
3F8AC
3F8A9
3F8B9
3F8DC
3F911
3F957
3F9AC
3FA0F
3FA7D
3FAF5
3FB73
3FBF6
3FC7A
3FCFD
3FD7D
3FDF6
3FE67
3FECE
3FF28
3FF74
3FFB0
3FFDC
3FFF7
00001
3FFF9
3FFE1
3FFB8
3FF81
3FF3C
3FEEB
3FE91
3FE2F
3FDC7
3FD5C
3FCF0
3FC86
3FC20
3FBC0
3FB68
3FB1B
3FAD9
3FAA4
3FA7D
3FA66
3FA5D
3FA65
3FA7B
3FAA0
3FAD4
3FB13
3FB5F
3FBB3
3FC10
3FC73
3FCD9
3FD41
3FDA9
3FE0D
3FE6D
3FEC6
3FF17
3FF5D
3FF99
3FFC7
3FFE8
3FFFB
00000
3FFF7
3FFE0
3FFBC
3FF8C
3FF51
3FF0C
3FEC0
3FE6E
3FE17
3FDBE
3FD65
3FD0D
3FCBA
3FC6C
3FC25
3FBE6
3FBB2
3FB89
3FB6C
3FB5C
3FB59
3FB62
3FB79
3FB9B
3FBC9
3FC01
3FC43
3FC8C
3FCDB
3FD2E
3FD84
3FDDB
3FE31
3FE83
3FED2
3FF19
3FF59
3FF90
3FFBD
3FFDF
3FFF6
00000
3FFFE
3FFF0
3FFD7
3FFB3
3FF86
3FF4F
3FF11
3FECC
3FE84
3FE38
3FDEB
3FD9F
3FD55
3FD0F
3FCCF
3FC95
3FC63
3FC3B
3FC1D
3FC09
3FC00
3FC03
3FC11
3FC29
3FC4C
3FC78
3FCAD
3FCE9
3FD2B
3FD72
3FDBB
3FE06
3FE51
3FE9A
3FEDF
3FF20
3FF5A
3FF8E
3FFB8
3FFDA
3FFF1
3FFFF
00001
3FFFA
3FFE8
3FFCC
3FFA7
3FF7A
3FF46
3FF0C
3FECD
3FE8B
3FE48
3FE04
3FDC2
3FD83
3FD48
3FD12
3FCE3
3FCBC
3FC9E
3FC88
3FC7C
3FC7B
3FC83
3FC95
3FCB0
3FCD4
3FCFF
3FD32
3FD6A
3FDA7
3FDE7
3FE29
3FE6C
3FEAD
3FEEC
3FF27
3FF5D
3FF8D
3FFB6
3FFD7
3FFEF
3FFFE
00004
00000
3FFF3
3FFDD
3FFBF
3FF99
3FF6D
3FF3A
3FF04
3FECA
3FE8D
3FE51
3FE15
3FDDB
3FDA4
3FD72
3FD45
3FD20
3FD01
3FCEB
3FCDD
3FCD8
3FCDC
3FCE9
3FCFE
3FD1C
3FD41
3FD6C
3FD9D
3FDD2
3FE0B
3FE46
3FE82
3FEBD
3FEF7
3FF2E
3FF60
3FF8D
3FFB4
3FFD5
3FFED
3FFFE
00006
00005
3FFFC
3FFEB
3FFD2
3FFB2
3FF8B
3FF5F
3FF2F
3FEFB
3FEC4
3FE8D
3FE56
3FE21
3FDEE
3FDBE
3FD94
3FD6F
3FD51
3FD3A
3FD2B
3FD24
3FD25
3FD2E
3FD3E
3FD57
3FD76
3FD9C
3FDC7
3FDF6
3FE29
3FE5F
3FE95
3FECB
3FF01
3FF34
3FF63
3FF8E
3FFB4
3FFD3
3FFEC
3FFFE
00007
00009
00004
3FFF6
3FFE2
3FFC6
3FFA4
3FF7E
3FF52
3FF23
3FEF2
3FEBF
3FE8C
3FE5A
3FE2B
3FDFE
3FDD5
3FDB2
3FD94
3FD7C
3FD6C
3FD63
3FD61
3FD67
3FD74
3FD88
3FDA3
3FDC4
3FDEA
3FE14
3FE43
3FE73
3FEA5
3FED7
3FF09
3FF39
3FF66
3FF8F
3FFB4
3FFD3
3FFEB
3FFFE
00009
0000D
0000A
00000
3FFEF
3FFD7
3FFBA
3FF97
3FF70
3FF46
3FF18
3FEEA
3FEBA
3FE8C
3FE5E
3FE34
3FE0D
3FDEA
3FDCD
3FDB5
3FDA3
3FD98
3FD95
3FD98
3FDA2
3FDB2
3FDC9
3FDE6
3FE08
3FE2E
3FE58
3FE85
3FEB3
3FEE2
3FF10
3FF3E
3FF68
3FF90
3FFB3
3FFD2
3FFEB
3FFFE
0000B
00011
00010
00009
3FFFB
3FFE7
3FFCD
3FFAE
3FF8A
3FF64
3FF3A
3FF0F
3FEE2
3FEB6
3FE8B
3FE63
3FE3D
3FE1B
3FDFE
3FDE6
3FDD3
3FDC7
3FDC1
3FDC2
3FDC9
3FDD7
3FDEB
3FE04
3FE22
3FE45
3FE6B
3FE94
3FEBF
3FEEB
3FF17
3FF42
3FF6B
3FF91
3FFB3
3FFD2
3FFEB
3FFFF
0000C
00014
00015
00010
00005
3FFF4
3FFDD
3FFC2
3FFA2
3FF7E
3FF58
3FF2F
3FF06
3FEDC
3FEB3
3FE8C
3FE67
3FE46
3FE29
3FE11
3FDFE
3FDF0
3FDE9
3FDE8
3FDED
3FDF7
3FE08
3FE1E
3FE39
3FE59
3FE7C
3FEA2
3FECA
3FEF3
3FF1C
3FF45
3FF6D
3FF92
3FFB3
3FFD1
3FFEB
3FFFF
0000E
00017
0001A
00017
0000E
00000
3FFEC
3FFD3
3FFB6
3FF96
3FF72
3FF4C
3FF25
3FEFE
3FED7
3FEB1
3FE8E
3FE6D
3FE50
3FE38
3FE24
3FE15
3FE0C
3FE09
3FE0C
3FE14
3FE23
3FE36
3FE4E
3FE6B
3FE8B
3FEAE
3FED3
3FEFA
3FF21
3FF48
3FF6E
3FF92
3FFB3
3FFD1
3FFEA
3FFFF
0000F
0001A
0001E
0001E
00017
0000B
3FFFA
3FFE4
3FFC9
3FFAB
3FF8A
3FF67
3FF42
3FF1C
3FEF7
3FED3
3FEB0
3FE90
3FE73
3FE5B
3FE46
3FE37
3FE2C
3FE28
3FE28
3FE2F
3FE3A
3FE4B
3FE61
3FE7B
3FE98
3FEB9
3FEDC
3FF00
3FF26
3FF4B
3FF70
3FF93
3FFB3
3FFD0
3FFEA
00000
00010
0001C
00022
00023
0001F
00015
00006
3FFF2
3FFDB
3FFBF
3FFA0
3FF7F
3FF5C
3FF38
3FF15
3FEF1
3FED0
3FEB0
3FE94
3FE7B
3FE66
3FE55
3FE4A
3FE43
3FE42
3FE47
3FE50
3FE5F
3FE72
3FE89
3FEA4
3FEC3
3FEE4
3FF06
3FF2A
3FF4E
3FF71
3FF93
3FFB3
3FFD0
3FFEA
00000
00011
0001E
00026
00028
00026
0001E
00011
00000
3FFEA
3FFD1
3FFB4
3FF95
3FF74
3FF52
3FF30
3FF0E
3FEED
3FECE
3FEB2
3FE98
3FE83
3FE72
3FE65
3FE5D
3FE5B
3FE5D
3FE64
3FE71
3FE82
3FE97
3FEB0
3FECC
3FEEB
3FF0B
3FF2D
3FF50
3FF72
3FF93
3FFB2
3FFCF
3FFE9
00000
00012
00020
00029
0002D
0002C
00026
0001C
0000D
3FFF9
3FFE2
3FFC7
3FFAA
3FF8B
3FF6A
3FF49
3FF28
3FF08
3FEEA
3FECD
3FEB4
3FE9E
3FE8C
3FE7E
3FE75
3FE71
3FE72
3FE77
3FE81
3FE90
3FEA3
3FEBA
3FED4
3FEF1
3FF10
3FF31
3FF52
3FF73
3FF93
3FFB2
3FFCF
3FFE9
00000
00013
00021
0002C
00031
00032
0002E
00025
00018
00007
3FFF1
3FFD9
3FFBD
3FFA0
3FF81
3FF61
3FF41
3FF22
3FF04
3FEE8
3FECE
3FEB8
3FEA5
3FE96
3FE8C
3FE86
3FE85
3FE89
3FE91
3FE9E
3FEAF
3FEC4
3FEDC
3FEF7
3FF15
3FF33
3FF53
3FF73
3FF93
3FFB1
3FFCE
3FFE8
3FFFF
00013
00023
0002E
00035
00038
00035
0002E
00023
00013
00000
3FFE9
3FFD0
3FFB4
3FF96
3FF77
3FF58
3FF3A
3FF1C
3FF00
3FEE6
3FED0
3FEBC
3FEAD
3FEA1
3FE9A
3FE97
3FE9A
3FEA0
3FEAB
3FEBA
3FECD
3FEE4
3FEFD
3FF19
3FF36
3FF55
3FF74
3FF93
3FFB1
3FFCD
3FFE7
3FFFF
00013
00024
00030
00039
0003C
0003C
00037
0002D
0001F
0000E
3FFF9
3FFE1
3FFC6
3FFAA
3FF8C
3FF6E
3FF50
3FF33
3FF18
3FEFE
3FEE7
3FED3
3FEC2
3FEB5
3FEAD
3FEA9
3FEA9
3FEAE
3FEB8
3FEC5
3FED6
3FEEB
3FF03
3FF1D
3FF39
3FF56
3FF74
3FF92
3FFB0
3FFCC
3FFE6
3FFFE
00013
00024
00032
0003C
00041
00042
0003E
00036
0002A
0001A
00007
3FFF1
3FFD8
3FFBD
3FFA0
3FF83
3FF66
3FF49
3FF2E
3FF14
3FEFD
3FEE8
3FED7
3FEC9
3FEBF
3FEBA
3FEB9
3FEBC
3FEC4
3FECF
3FEDF
3FEF2
3FF08
3FF20
3FF3B
3FF58
3FF75
3FF92
3FFAF
3FFCB
3FFE5
3FFFD
00013
00025
00034
0003E
00045
00047
00045
0003F
00035
00027
00015
00000
3FFE8
3FFCF
3FFB4
3FF97
3FF7B
3FF5E
3FF43
3FF29
3FF12
3FEFC
3FEEA
3FEDC
3FED1
3FECA
3FEC8
3FEC9
3FECF
3FED9
3FEE7
3FEF8
3FF0D
3FF24
3FF3E
3FF59
3FF75
3FF92
3FFAE
3FFCA
3FFE4
3FFFD
00012
00025
00035
00041
00049
0004C
0004C
00047
0003E
00032
00022
0000E
3FFF8
3FFE0
3FFC6
3FFAA
3FF8F
3FF73
3FF58
3FF3E
3FF26
3FF10
3FEFD
3FEEE
3FEE2
3FEDA
3FED6
3FED6
3FEDA
3FEE3
3FEEF
3FEFF
3FF12
3FF28
3FF40
3FF5A
3FF75
3FF91
3FFAD
3FFC9
3FFE3
3FFFC
00012
00026
00036
00043
0004C
00051
00052
0004F
00048
0003D
0002E
0001C
00007
3FFF0
3FFD7
3FFBD
3FFA2
3FF86
3FF6B
3FF52
3FF39
3FF23
3FF10
3FEFF
3FEF3
3FEE9
3FEE4
3FEE3
3FEE5
3FEEC
3FEF7
3FF05
3FF17
3FF2B
3FF42
3FF5B
3FF76
3FF91
3FFAC
3FFC8
3FFE2
3FFFB
00011
00025
00037
00045
0004F
00055
00058
00056
00050
00047
0003A
00029
00016
00000
3FFE8
3FFCE
3FFB4
3FF99
3FF7F
3FF65
3FF4C
3FF36
3FF22
3FF11
3FF03
3FEF8
3FEF2
3FEEF
3FEF0
3FEF6
3FEFF
3FF0C
3FF1C
3FF2F
3FF45
3FF5C
3FF76
3FF90
3FFAB
3FFC6
3FFE0
3FFF9
00010
00025
00037
00046
00051
00059
0005D
0005D
00058
00051
00045
00036
00024
0000F
3FFF8
3FFE0
3FFC6
3FFAB
3FF91
3FF77
3FF5F
3FF48
3FF33
3FF22
3FF13
3FF07
3FEFF
3FEFB
3FEFB
3FEFF
3FF07
3FF12
3FF21
3FF32
3FF47
3FF5E
3FF76
3FF90
3FFAA
3FFC5
3FFDF
3FFF8
0000F
00025
00037
00047
00054
0005C
00062
00063
00060
0005A
0004F
00042
00031
0001E
00008
3FFF0
3FFD7
3FFBD
3FFA3
3FF8A
3FF71
3FF5A
3FF45
3FF32
3FF22
3FF16
3FF0D
3FF07
3FF06
3FF08
3FF0E
3FF18
3FF25
3FF36
3FF49
3FF5F
3FF77
3FF90
3FFA9
3FFC4
3FFDE
3FFF7
0000E
00024
00038
00048
00056
00060
00066
00069
00067
00062
0005A
0004D
0003E
0002C
00017
00000
3FFE8
3FFCF
3FFB5
3FF9B
3FF83
3FF6B
3FF56
3FF42
3FF32
3FF24
3FF1A
3FF13
3FF10
3FF11
3FF16
3FF1F
3FF2A
3FF3A
3FF4C
3FF60
3FF77
3FF8F
3FFA9
3FFC2
3FFDC
3FFF5
0000D
00023
00037
00049
00057
00062
0006A
0006E
0006E
0006A
00063
00058
0004A
00039
00025
00010
3FFF8
3FFDF
3FFC6
3FFAD
3FF94
3FF7C
3FF66
3FF52
3FF41
3FF32
3FF27
3FF1F
3FF1B
3FF1B
3FF1E
3FF25
3FF2F
3FF3D
3FF4E
3FF62
3FF77
3FF8F
3FFA8
3FFC1
3FFDB
3FFF4
0000C
00022
00037
00049
00059
00065
0006E
00073
00075
00072
0006C
00063
00056
00046
00033
0001F
00008
3FFF0
3FFD7
3FFBE
3FFA5
3FF8D
3FF77
3FF62
3FF50
3FF41
3FF34
3FF2B
3FF26
3FF24
3FF26
3FF2B
3FF35
3FF41
3FF51
3FF63
3FF78
3FF8F
3FFA7
3FFC0
3FFD9
3FFF2
0000A
00021
00037
0004A
0005A
00067
00071
00078
0007B
0007A
00075
0006D
00061
00053
00041
0002D
00017
00000
3FFE8
3FFCF
3FFB6
3FF9E
3FF87
3FF72
3FF5F
3FF4F
3FF41
3FF37
3FF30
3FF2D
3FF2E
3FF32
3FF3A
3FF45
3FF54
3FF65
3FF79
3FF8F
3FFA6
3FFBE
3FFD8
3FFF1
00009
00020
00036
0004A
0005B
00069
00074
0007C
00080
00081
0007D
00077
0006C
0005F
0004F
0003C
00027
00010
3FFF8
3FFDF
3FFC7
3FFAF
3FF98
3FF82
3FF6E
3FF5D
3FF4F
3FF43
3FF3B
3FF37
3FF36
3FF39
3FF3F
3FF49
3FF57
3FF67
3FF7A
3FF8F
3FFA5
3FFBD
3FFD6
3FFEF
00007
0001F
00035
0004A
0005C
0006B
00077
00080
00086
00087
00085
00080
00077
0006B
0005C
0004A
00035
0001F
00008
3FFF0
3FFD7
3FFBF
3FFA8
3FF92
3FF7D
3FF6B
3FF5C
3FF4F
3FF46
3FF40
3FF3E
3FF40
3FF45
3FF4E
3FF5A
3FF69
3FF7B
3FF8F
3FFA5
3FFBC
3FFD4
3FFED
00006
0001E
00034
00049
0005C
0006C
0007A
00084
0008B
0008E
0008D
00089
00081
00076
00068
00057
00044
0002F
00018
00000
3FFE8
3FFCF
3FFB8
3FFA1
3FF8C
3FF79
3FF69
3FF5C
3FF51
3FF4A
3FF47
3FF47
3FF4B
3FF52
3FF5D
3FF6B
3FF7C
3FF8F
3FFA4
3FFBB
3FFD3
3FFEC
00004
0001C
00033
00049
0005D
0006E
0007C
00087
0008F
00094
00095
00092
0008B
00082
00075
00065
00052
0003E
00027
00010
3FFF8
3FFE0
3FFC8
3FFB1
3FF9B
3FF88
3FF76
3FF68
3FF5C
3FF54
3FF50
3FF4E
3FF51
3FF57
3FF60
3FF6D
3FF7D
3FF8F
3FFA4
3FFBA
3FFD2
3FFEA
00003
0001B
00032
00048
0005D
0006F
0007E
0008B
00094
00099
0009C
0009A
00095
0008D
00081
00072
00060
0004D
00037
00020
00008
3FFF0
3FFD8
3FFC1
3FFAA
3FF96
3FF84
3FF74
3FF68
3FF5E
3FF58
3FF56
3FF57
3FF5C
3FF64
3FF70
3FF7E
3FF90
3FFA3
3FFB9
3FFD0
3FFE8
00001
00019
00031
00048
0005D
00070
00080
0008E
00098
0009F
000A2
000A2
0009E
00097
0008D
0007F
0006E
0005B
00046
00030
00018
00000
3FFE8
3FFD0
3FFBA
3FFA5
3FF92
3FF81
3FF73
3FF69
3FF62
3FF5E
3FF5E
3FF61
3FF68
3FF72
3FF80
3FF90
3FFA3
3FFB8
3FFCF
3FFE7
3FFFF
00018
00030
00047
0005D
00070
00082
00090
0009C
000A4
000A9
000AA
000A8
000A2
00098
0008C
0007C
0006A
00056
0003F
00028
00010
3FFF8
3FFE0
3FFC9
3FFB3
3FFA0
3FF8E
3FF7F
3FF73
3FF6B
3FF66
3FF64
3FF67
3FF6C
3FF75
3FF82
3FF91
3FFA3
3FFB8
3FFCE
3FFE5
3FFFD
00016
0002E
00046
0005C
00071
00083
00093
000A0
000A9
000AF
000B2
000B0
000AC
000A4
00098
0008A
00078
00065
0004F
00038
00020
00008
3FFF0
3FFD9
3FFC2
3FFAE
3FF9B
3FF8B
3FF7E
3FF75
3FF6E
3FF6B
3FF6C
3FF71
3FF79
3FF84
3FF92
3FFA3
3FFB7
3FFCD
3FFE4
3FFFC
00014
0002D
00045
0005C
00071
00084
00095
000A3
000AE
000B5
000B9
000B9
000B6
000AF
000A4
00097
00087
00074
0005F
00048
00031
00018
00000
3FFE8
3FFD1
3FFBC
3FFA9
3FF98
3FF8A
3FF7F
3FF77
3FF73
3FF72
3FF75
3FF7C
3FF86
3FF94
3FFA4
3FFB7
3FFCC
3FFE2
3FFFA
00013
0002C
00044
0005B
00071
00085
00097
000A6
000B2
000BB
000C0
000C2
000C0
000BA
000B1
000A4
00095
00083
0006E
00058
00041
00029
00010
3FFF8
3FFE1
3FFCB
3FFB6
3FFA4
3FF95
3FF89
3FF80
3FF7B
3FF79
3FF7A
3FF80
3FF89
3FF95
3FFA4
3FFB6
3FFCB
3FFE1
3FFF9
00011
0002A
00043
0005B
00071
00086
00099
000A9
000B7
000C1
000C7
000CA
000C9
000C5
000BD
000B1
000A3
00092
0007E
00068
00051
00039
00021
00008
3FFF0
3FFD9
3FFC4
3FFB1
3FFA1
3FF94
3FF89
3FF83
3FF7F
3FF80
3FF84
3FF8C
3FF97
3FFA5
3FFB6
3FFCA
3FFE0
3FFF7
0000F
00028
00042
0005A
00071
00087
0009B
000AC
000BB
000C6
000CE
000D2
000D3
000D0
000C9
000BF
000B1
000A1
0008E
00079
00062
0004A
00031
00018
00000
3FFE9
3FFD3
3FFBF
3FFAD
3FF9F
3FF93
3FF8B
3FF86
3FF85
3FF88
3FF8F
3FF99
3FFA6
3FFB6
3FFC9
3FFDF
3FFF6
0000E
00027
00040
00059
00071
00088
0009D
000AF
000BF
000CB
000D5
000DA
000DC
000DA
000D5
000CC
000BF
000B0
0009E
00089
00073
0005B
00042
00029
00010
3FFF8
3FFE1
3FFCD
3FFBA
3FFAA
3FF9D
3FF94
3FF8E
3FF8B
3FF8D
3FF92
3FF9B
3FFA7
3FFB7
3FFC9
3FFDE
3FFF4
0000C
00025
0003F
00058
00071
00089
0009E
000B2
000C3
000D1
000DB
000E2
000E5
000E5
000E1
000D9
000CE
000BF
000AE
0009A
00084
0006C
00053
0003A
00021
00008
3FFF0
3FFDB
3FFC7
3FFB6
3FFA8
3FF9D
3FF96
3FF92
3FF92
3FF96
3FF9E
3FFA9
3FFB7
3FFC9
3FFDD
3FFF3
0000B
00024
0003E
00057
00071
00089
000A0
000B4
000C6
000D6
000E1
000EA
000EF
000F0
000ED
000E6
000DC
000CE
000BE
000AA
00095
0007D
00065
0004B
00031
00018
00000
3FFE9
3FFD4
3FFC2
3FFB3
3FFA6
3FF9E
3FF99
3FF97
3FF9A
3FFA0
3FFAA
3FFB8
3FFC8
3FFDC
3FFF2
00009
00022
0003C
00057
00070
00089
000A1
000B7
000CA
000DB
000E8
000F2
000F8
000FA
000F9
000F3
000EA
000DE
000CE
000BB
000A6
0008F
00076
0005D
00043
00029
00010
3FFF8
3FFE2
3FFCF
3FFBE
3FFB1
3FFA6
3FFA0
3FF9D
3FF9E
3FFA4
3FFAC
3FFB9
3FFC9
3FFDB
3FFF1
00008
00021
0003B
00056
00070
0008A
000A2
000B9
000CE
000DF
000EE
000F9
00101
00105
00105
00101
000F9
000ED
000DE
000CD
000B8
000A1
00089
0006F
00055
0003A
00020
00008
3FFF1
3FFDC
3FFCA
3FFBB
3FFAF
3FFA8
3FFA3
3FFA3
3FFA7
3FFAF
3FFBA
3FFC9
3FFDB
3FFF0
00007
00020
0003A
00055
00070
0008A
000A4
000BB
000D1
000E4
000F4
00101
0010A
00110
00111
0010E
00108
000FD
000EF
000DE
000CA
000B4
0009B
00081
00067
0004C
00032
00018
00000
3FFEA
3FFD7
3FFC6
3FFB9
3FFB0
3FFAA
3FFA8
3FFAB
3FFB1
3FFBB
3FFC9
3FFDB
3FFEF
00005
0001E
00038
00054
0006F
0008A
000A5
000BE
000D5
000E9
000FB
00109
00114
0011B
0011D
0011C
00117
0010D
00101
000F0
000DD
000C7
000AE
00095
0007A
0005E
00043
00029
00010
3FFF9
3FFE4
3FFD2
3FFC3
3FFB8
3FFB1
3FFAE
3FFAF
3FFB4
3FFBD
3FFCA
3FFDA
3FFEE
00004
0001D
00037
00053
0006F
0008B
000A6
000C0
000D8
000EE
00101
00111
0011D
00126
0012A
0012A
00126
0011E
00112
00103
000F0
000DA
000C2
000A8
0008D
00071
00056
0003A
00020
00008
3FFF2
3FFDE
3FFCE
3FFC2
3FFB9
3FFB4
3FFB4
3FFB7
3FFBF
3FFCB
3FFDB
3FFEE
00003
0001C
00036
00052
0006E
0008B
000A7
000C2
000DC
000F3
00108
00119
00127
00131
00137
00138
00136
0012F
00124
00116
00104
000EE
000D7
000BD
000A2
00085
00069
0004C
00031
00018
00000
3FFEB
3FFD9
3FFCB
3FFC1
3FFBB
3FFB9
3FFBB
3FFC2
3FFCC
3FFDB
3FFED
00003
0001B
00035
00051
0006E
0008B
000A8
000C5
000E0
000F8
0010E
00121
00131
0013C
00144
00147
00146
00141
00137
00129
00118
00103
000EC
000D2
000B7
0009A
0007D
00060
00043
00028
0000F
3FFF9
3FFE6
3FFD6
3FFCA
3FFC2
3FFBE
3FFBF
3FFC4
3FFCE
3FFDC
3FFED
00002
0001A
00034
00050
0006E
0008C
000AA
000C7
000E3
000FD
00115
0012A
0013B
00148
00152
00157
00157
00153
0014B
0013E
0012D
00119
00102
000E8
000CD
000B0
00092
00074
00056
0003A
0001F
00007
3FFF2
3FFE1
3FFD3
3FFC9
3FFC4
3FFC4
3FFC7
3FFD0
3FFDC
3FFED
00001
00019
00033
0004F
0006D
0008C
000AB
000CA
000E7
00103
0011C
00133
00146
00155
00160
00166
00169
00166
0015F
00153
00144
00130
0011A
00100
000E4
000C6
000A8
00089
0006A
0004C
00030
00017
00000
3FFED
3FFDD
3FFD2
3FFCB
3FFC8
3FFCB
3FFD2
3FFDD
3FFED
00001
00018
00032
0004F
0006D
0008D
000AD
000CD
000EB
00109
00124
0013C
00151
00162
0016F
00177
0017B
0017A
00174
0016A
0015B
00148
00132
00118
000FC
000DE
000BF
0009F
0007F
00060
00043
00027
0000F
3FFF9
3FFE8
3FFDB
3FFD2
3FFCE
3FFCF
3FFD4
3FFDF
3FFED
00000
00017
00031
0004E
0006D
0008D
000AE
000CF
000F0
0010F
0012C
00146
0015D
00170
0017F
00189
0018E
0018F
0018B
00182
00174
00162
0014C
00133
00116
000F8
000D8
000B7
00096
00075
00056
00039
0001E
00007
3FFF3
3FFE4
3FFDA
3FFD4
3FFD3
3FFD7
3FFE0
3FFEE
00000
00017
00031
0004E
0006D
0008E
000B0
000D3
000F5
00115
00134
00150
00169
0017E
0018F
0019C
001A3
001A5
001A3
0019B
0018E
0017D
00168
0014E
00132
00113
000F2
000D0
000AE
0008C
0006B
0004C
0002F
00016
00000
3FFEF
3FFE2
3FFDA
3FFD8
3FFDA
3FFE2
3FFEF
00000
00016
00030
0004D
0006D
0008F
000B2
000D6
000FA
0011C
0013D
0015C
00177
0018E
001A1
001B0
001B9
001BE
001BD
001B6
001AB
0019A
00185
0016C
00150
00130
0010F
000EB
000C8
000A4
00081
00060
00041
00025
0000E
3FFFA
3FFEB
3FFE1
3FFDD
3FFDE
3FFE4
3FFF0
00000
00016
00030
0004D
0006D
00090
000B5
000DA
00100
00124
00147
00168
00185
0019F
001B5
001C6
001D1
001D8
001D8
001D4
001C9
001BA
001A5
0018D
00170
00150
0012D
00109
000E4
000BE
00099
00076
00055
00037
0001C
00006
3FFF5
3FFE9
3FFE2
3FFE2
3FFE6
3FFF1
00001
00016
0002F
0004D
0006E
00092
000B8
000DF
00106
0012D
00152
00175
00195
001B2
001CA
001DD
001EC
001F4
001F7
001F4
001EB
001DC
001C8
001B0
00193
00172
0014F
00129
00102
000DB
000B4
0008E
0006A
0004A
0002D
00014
00000
3FFF2
3FFE9
3FFE6
3FFE9
3FFF2
00001
00015
0002F
0004D
0006E
00093
000BB
000E4
0010D
00136
0015E
00184
001A7
001C7
001E2
001F8
00209
00213
00218
00217
00210
00202
001EF
001D7
001BA
00199
00174
0014D
00124
000FA
000D1
000A8
00082
0005E
0003E
00023
0000C
3FFFB
3FFF0
3FFEB
3FFEC
3FFF4
00001
00015
0002E
0004D
0006F
00095
000BE
000E9
00115
00141
0016C
00195
001BB
001DE
001FC
00215
00229
00237
0023E
0023F
00239
0022D
0021A
00202
001E5
001C3
0019D
00175
0014A
0011E
000F1
000C6
0009C
00076
00052
00033
00019
00005
3FFF7
3FFF0
3FFEF
3FFF5
00002
00015
0002E
0004D
00070
00098
000C2
000F0
0011E
0014D
0017B
001A8
001D2
001F8
0021A
00237
0024E
0025E
00268
0026B
00268
0025D
0024B
00233
00216
001F3
001CC
001A2
00174
00146
00116
000E8
000BA
00090
00069
00046
00029
00011
00000
3FFF6
3FFF3
3FFF7
00002
00015
0002D
0004C
00071
0009A
000C7
000F7
00129
0015B
0018D
001BD
001EC
00216
0023C
0025D
00278
0028C
00299
0029F
0029D
00294
00284
0026C
0024E
0022B
00202
001D5
001A6
00174
00141
0010E
000DD
000AE
00082
0005C
0003A
0001E
0000A
3FFFC
3FFF7
3FFF9
00002
00014
0002D
0004C
00072
0009D
000CC
000FF
00135
0016B
001A1
001D7
0020A
00239
00264
0028A
002A9
002C2
002D2
002DB
002DC
002D5
002C6
002AF
00291
0026C
00242
00212
001DF
001AA
00173
0013C
00105
000D1
000A1
00075
0004E
0002E
00015
00004
3FFFB
3FFFA
00002
00013
0002B
0004C
00073
000A0
000D2
00109
00143
0017E
001BA
001F5
0022E
00263
00294
002BF
002E4
00302
00317
00324
00328
00323
00315
002FF
002E0
002BB
0028E
0025C
00225
001EB
001AF
00173
00136
000FC
000C6
00093
00067
00041
00023
0000D
00000
3FFFC
00002
00011
00029
0004A
00073
000A3
000D9
00114
00153
00194
001D7
00219
00259
00296
002CE
00301
0032C
00350
0036B
0037D
00385
00384
00378
00362
00344
0031D
002EE
002B8
0027D
0023E
001FC
001B8
00175
00133
000F4
000BA
00086
00059
00034
00018
00006
3FFFF
00001
0000F
00026
00048
00072
000A6
000E0
00121
00166
001AF
001FA
00245
0028E
002D5
00317
00353
00388
003B4
003D7
003EF
003FD
00400
003F7
003E3
003C5
0039D
0036B
00331
002F1
002AB
00261
00215
001C8
0017C
00134
000EF
000B1
0007A
0004D
00029
00010
00002
00000
0000A
00021
00043
00070
000A7
000E7
0012E
0017D
001CF
00225
0027C
002D2
00325
00374
003BD
003FF
00437
00465
00487
0049E
004A7
004A4
00494
00477
0044E
0041A
003DB
00394
00346
002F3
0029B
00242
001E9
00192
00140
000F4
000AF
00074
00044
00020
00009
00000
00005
00018
00039
00067
000A3
000E9
0013A
00193
001F3
00257
002BF
00327
0038D
003F0
0044D
004A1
004ED
0052C
00560
00585
0059B
005A3
0059A
00583
0055C
00527
004E5
00498
00440
003E0
0037A
00310
002A4
00239
001D1
0016F
00115
000C4
0007F
00048
0001F
00007
3FFFF
00009
00024
00050
0008C
000D8
00132
00199
0020A
00283
00303
00386
0040A
0048D
0050B
00583
005F1
00654
006A9
006EF
00724
00747
00757
00754
0073E
00715
006DA
0068E
00632
005C9
00554
004D6
00451
003C9
0033F
002B7
00234
001B7
00145
000DF
00088
00042
0000D
3FFEC
3FFE0
3FFE8
00005
00037
0007D
000D6
00140
001BA
00241
002D4
0036F
00411
004B5
00559
005FB
00698
0072C
007B4
00830
0089B
008F4
00939
00967
0097C
00973
00949
008F3
00860
0076B
005A6
00765
3C56F
0C5E2
04FA0
32F0B
06127
01E65
3B175
0241D
30D21
04990
06A82
39193
073CA
3AB4D
3EFB5
306C4
3BECA
3AEDE
0FF2B
08D32
067D9
346E5
025E6
049A5
37C1E
02275
1026B
3EA0D
3ABDB
31173
071B7
03B5B
01581
30D8A
0DB16
0AB3A
3ADF6
07123
3AC74
32076
06FF2
03292
0322F
39375
3C60E
0CF77
37216
3F53D
33392
0C136
3AFD2
3E433
3C4DB
0A35C
04E6C
110FC
3E4F3
09897
13BD0
35CF6
092D0
349FC
372B9
0BF00
04A8B
042D4
005EC
39849
38A4A
081AC
031C3
3620B
0AC60
392C5
34894
34F31
3C207
322CC
3FA03
0811F
34EA6
02022
33640
3A3EE
3F089
01C1D
0602A
0873C
071BF
0BC68
02A05
08DAA
055A6
00D33
2BAB7
2A482
10972
06A75
32892
08D63
00FE7
365D8
07D98
3D8C7
0339E
3FE39
0E402
09616
064FA
033CD
3B14A
03F47
38ADA
073B3
3ECE2
3B8DE
013E3
393F6
354D3
0426A
05D5F
0AD47
36D05
3ED2F
3458D
06035
08D8A
3DD58
39AFD
316B7
07F76
020EC
02CB0
0380B
005F8
091EE
34653
0A34E
05828
3537F
0F1B4
04E65
30D8F
0CCAE
383B2
03589
3911A
3BDC3
07F6E
01188
3D7A0
08298
04218
0B978
3F6DE
0334D
3ECA2
36157
00F62
3EA5C
14D36
2DC2C
2FED7
009A9
38F5F
2FA69
013E4
357AE
061F3
1384D
38DF1
35493
008ED
32D8C
15DB8
05CDB
388BC
043D2
0159E
0A91B
05E47
383E0
0A520
0698E
2CEB3
06E22
08FAF
3CADC
34B7D
2F9ED
3A4C2
0739E
3873B
3E26E
038BE
01FB4
38D04
0612B
0A30A
0C51D
03784
141FA
35BFE
3F68F
2EB12
03A56
0685A
00144
0BF05
344E6
03122
135B5
3EBF1
04D69
36E03
39D87
3DDCA
0301A
0B863
054A5
3E26F
35A34
039D1
02DC5
341A6
3953C
0AB24
09FCB
07AFD
00D3E
0444D
0365F
30F4B
3D14F
00B7C
005D3
33602
08B33
3A649
0945A
3A05E
0C915
35C72
058FF
01A03
312CA
336ED
0670C
00AA0
3E63B
099BF
3F0D1
01211
04035
3659F
2EB55
028BE
0EC6B
2C048
2F5AA
3BF94
04493
3C6A2
0D347
0369A
314C5
0A543
07293
31D5F
02ECD
0601C
0238C
0AFCD
14E51
1B6DA
0E77A
2EC08
35540
39163
39573
093DA
01F93
3FC92
35CFE
0060C
3F9BF
3352C
0A621
05C46
0D78C
0BDB7
3D9BC
36286
01DA4
3BC9D
13573
3F9BC
32BAE
3CAB5
02B53
0A906
3A829
3ED8C
09235
05F88
01057
39431
381C4
2BAE5
0B789
37C93
025B8
351D2
357F3
0E4CE
0EFEF
018A3
38ECA
02259
0AC1B
3E6D0
3CF32
015CF
052E6
32AE6
3A1EC
3C1C6
0E13E
3BE7A
3556A
032AC
02E67
0B908
36E53
06919
0C5FC
02DA7
06A09
32BF4
35AC3
362D5
31768
00051
3C774
0C878
3AE70
0DBE8
113E1
09CA2
3CB5F
2EB64
06BD0
01293
3E8E3
3EBDC
3E028
0BB9C
01B9C
0D3BB
09382
3FC4B
277E7
3C5FF
31F4C
03B81
32882
0A603
036CE
38156
105C5
3C73C
0318B
05769
024DE
0459F
397DF
036CB
01203
322CD
39796
0B116
3A745
3CB16
3DAC4
1556A
019DF
0D8B7
0C179
3F132
3F8B0
2E4E2
0D360
0125A
06BBD
369D2
02844
3EE54
0BD96
3F58D
3485D
0E293
0AA70
01519
0E4C8
35238
3014A
34612
02D0F
3A56B
0056C
04307
3F2C9
37284
0D615
30184
08621
3B9E4
03224
36D34
3D7CA
0706D
35FEC
0B1AD
04812
07209
3A8FB
0A517
011A3
020F7
06EF4
329C0
03FDD
3E1F7
023A6
3DB8D
08585
3E0C6
05078
07D9D
35617
3C5B8
36DFD
068F9
3C2C5
30469
363BE
01637
3B816
0EE93
0F283
0A9E1
39653
38B52
04124
06CAA
3B326
0AF1F
007C5
035F3
3EC96
38173
07FB6
0A058
3E852
38E50
0088A
3B9CE
01293
3A989
3F1F1
0A998
00A2D
37D10
01666
0123B
1365D
064C6
0D6D4
0628A
0D180
09844
15FAC
3FBCB
047DC
0A5DD
0B9D9
0E10A
39E6C
39D97
325D1
01422
374BE
00191
39E2B
09E38
30A6F
03203
10458
11C98
0435D
3F6A2
03D5E
00C7F
09C98
36AF6
39E8E
32F2B
3E39B
09D51
3D827
39110
3B7A8
39764
0F0DA
05CAE
1413F
0BAC6
303EF
3EB0B
3D51F
3576C
0B8A4
00000
009B0
00593
3DB46
04030
0275F
178F8
3976F
05CE0
3EC7E
37A91
362ED
08077
3E27A
3855A
3AD0E
08C1B
3AA91
3D688
39F6A
3E866
356C4
3BD1B
2F1A8
00EE2
3B091
368F2
07067
3EE72
3EDE5
37A57
3C978
3FE74
02EB7
39706
3F6A9
3D16D
36E88
1036A
302AA
3CA80
316EE
37580
3FB63
36507
00225
021A9
0C6AC
3AAF8
03AC1
07ADB
065D6
3C54E
3D5B4
36843
05ACC
02438
3A88E
39483
03E2E
00564
3F2D2
00336
32D37
36CA5
39D3E
3D69F
2B5F2
0ECB8
36EAE
39ED6
0405D
3B5FB
08298
35013
3AC6B
012CC
02BB0
3FCD2
06514
082FB
037A4
378D5
08D41
00FB5
3A649
0B6CB
2E079
34B68
3C434
364AF
029D8
04C8C
05D80
0D679
3A8A0
0555B
3892A
3F7AC
39C9E
095EE
090B3
00FC6
36145
30EC0
0A7A4
077BA
0DFB3
3FC81
3DFD6
397F1
06BCE
3879A
045B1
096F3
3DAA2
004A7
3B6F1
38845
04CAC
3289C
348B2
3071D
3DC4E
3C111
13AF2
057C6
0392B
3EBB4
3407C
39094
022B1
1134C
04562
0E646
08D79
39CE2
34D1C
3AEAF
3AE85
06264
35967
05907
03C8F
348DE
038BF
15FD3
055F0
2CE7F
38429
09590
0156A
34987
3812B
2C8F4
3A797
031F1
05C94
31F05
3DCE4
03228
04021
3FFA2
00047
39831
33F59
37ADC
01958
3DF80
1498B
039B7
3E8F8
38041
38F0F
3FCEA
08346
382E4
09D33
3C366
0922A
030DD
09AF3
3429D
01BDD
043A9
34DD3
38B55
04CEB
02400
32303
05B7C
04734
3CE5F
07E79
090C5
0BBE2
0559A
18D41
07865
3AAA7
3CC0F
3EFCF
07C40
3D9D0
01690
31C51
0EEFC
3AC2F
373FA
323F4
2F4D9
015AF
387E9
0695E
3B26B
33B59
0F9D2
0455B
3BFAB
349AA
03184
32CC9
3809F
030D4
0A482
3F7C4
33242
0FF0C
074CD
3C984
334F1
02BC1
381F3
0E95B
10900
2FC83
3FB04
3E08B
03BF8
0FCFA
07771
3B3D0
3D26D
393F1
07090
00D27
3B90C
3A33F
2C692
2524E
2B819
385C2
01F99
3F0BC
06282
00CBC
0EBF7
0A18E
089DF
3B148
00C8B
00D1F
110CB
3C6F1
01A54
3FCF1
08D26
0E919
3C292
00DB8
0373E
359F6
050E6
370B6
373D5
0499F
0976C
09D49
0043F
2E93E
385F2
07BA9
00C5D
05307
02F88
3E26D
37D98
3F0B0
0111B
3BD1D
07C9A
3E5B9
0BA9E
39BB5
01512
3A375
374EB
0A928
3DBB8
14EAA
353A4
3F47A
0564C
3A8A3
3CF26
2FAC1
33670
045EA
332D3
062F9
08FC2
0AC71
039D0
34CF4
3DDBC
0D737
369D1
3DF37
0147E
34E3E
3C7FF
3B371
39155
00C52
05016
34E6D
0557E
0879B
0082C
36F95
057AF
00BBD
04674
002A5
0CF45
0293D
262ED
08A23
04391
04DF6
36C4C
00EF2
15136
3F63A
380F0
3333F
0A111
3326E
3ABA8
0FFA8
3B3D6
3E6FE
0620A
01DBE
38C56
076B3
0B8BB
04265
13DE9
04BF3
35107
3397A
334E2
2354D
03E0C
30A35
01E32
04335
0D2A7
3B586
08B5D
026A0
07245
00801
0AD82
380F5
002A1
11087
39D28
38A89
03EAC
397A1
06635
39066
00EF4
3BF40
3E648
30E48
3EAF5
35E06
0AEA8
3CC0E
04E2D
022D0
03F67
0E188
0B203
0DE31
217AB
07744
377F9
3C809
2E331
07455
0BA5F
09964
0B1D9
03ACC
04FB1
353A6
3F2B9
36BB7
371D8
3B2B3
051BF
3985D
36908
04FF3
3B7BC
00BFB
011E0
04E5D
3894C
02C25
02098
3179D
36257
34216
3E0B6
05712
06142
08D2F
0871B
0606B
32745
0D052
03B73
0F3EC
3F34B
017E5
3D674
3CA9E
03D0E
3F76C
3B85D
3EBD1
01514
3F90B
2E397
0DA14
3B68A
04CE6
0A72F
37F5B
392FD
029F0
3CB77
0A2C1
3AA6A
0969A
34B19
3ACD6
3E82C
0F7EE
09D9A
39749
11205
36AC0
31C2E
3BA26
3EB4F
0CC5C
3B179
03348
03229
37D37
0ACE0
34E14
0420D
3DCF5
0603F
3D05C
01503
029EF
12275
3F5F7
3324F
3040B
3D498
318EA
055FE
3DD03
2F5AA
3CA72
3523A
0EB79
0A514
32DB8
32F67
05F10
050F4
39130
395F5
07F58
0A74B
036C8
06DD4
02FCF
0F798
0363C
3F195
08365
3B8CA
0C403
0A6B0
01F76
3988D
3DC24
3DFC3
0125B
036B1
31EE4
059AB
3F237
3FACA
3FB58
3FC2C
3FD25
3FE32
3FF47
0005D
0016A
0026B
0035B
00435
004F7
0059F
0062B
00699
006E9
0071A
0072D
00723
006FB
006B9
0065E
005EC
00565
004CD
00427
00375
002BB
001FC
0013B
0007D
3FFC3
3FF11
3FE6A
3FDD0
3FD46
3FCCD
3FC67
3FC16
3FBDA
3FBB4
3FBA4
3FBAA
3FBC4
3FBF2
3FC32
3FC84
3FCE4
3FD50
3FDC7
3FE45
3FEC9
3FF4E
3FFD3
00055
000D2
00146
001B0
0020D
0025D
0029D
002CC
002EA
002F6
002F0
002D9
002B0
00278
00230
001DB
0017B
00111
0009F
00028
3FFAF
3FF35
3FEBC
3FE48
3FDDB
3FD76
3FD1B
3FCCC
3FC8B
3FC59
3FC36
3FC23
3FC20
3FC2D
3FC49
3FC75
3FCAE
3FCF3
3FD44
3FD9D
3FDFE
3FE64
3FECD
3FF36
3FF9E
00003
00062
000BA
00108
0014B
00182
001AC
001C8
001D6
001D4
001C4
001A6
0017B
00142
000FF
000B2
0005C
00000
3FFA0
3FF3D
3FED9
3FE77
3FE19
3FDC1
3FD6F
3FD27
3FCE9
3FCB6
3FC90
3FC78
3FC6D
3FC6F
3FC80
3FC9D
3FCC7
3FCFD
3FD3D
3FD86
3FDD6
3FE2C
3FE86
3FEE2
3FF3D
3FF97
3FFED
0003D
00086
000C6
000FC
00126
00145
00157
0015C
00155
00140
0011F
000F3
000BC
0007C
00034
3FFE5
3FF92
3FF3C
3FEE4
3FE8E
3FE3A
3FDEA
3FDA0
3FD5E
3FD24
3FCF5
3FCD1
3FCB8
3FCAB
3FCAB
3FCB7
3FCCF
3FCF3
3FD21
3FD59
3FD99
3FDE1
3FE2D
3FE7E
3FED0
3FF23
3FF75
3FFC3
0000C
0004F
0008B
000BD
000E6
00103
00115
0011C
00116
00105
000E9
000C2
00091
00058
00017
3FFD0
3FF85
3FF37
3FEE8
3FE99
3FE4C
3FE03
3FDC0
3FD83
3FD4F
3FD24
3FD02
3FCEC
3FCE0
3FCE0
3FCEB
3FD01
3FD22
3FD4D
3FD80
3FDBC
3FDFD
3FE44
3FE8E
3FEDA
3FF27
3FF72
3FFBA
3FFFE
0003B
00072
000A0
000C5
000E0
000F0
000F5
000F0
000DF
000C4
000A0
00072
0003C
00000
3FFBE
3FF78
3FF30
3FEE6
3FE9E
3FE57
3FE14
3FDD7
3FD9F
3FD70
3FD48
3FD2B
3FD17
3FD0E
3FD0F
3FD1B
3FD31
3FD51
3FD7A
3FDAC
3FDE4
3FE22
3FE64
3FEAA
3FEF1
3FF38
3FF7E
3FFC1
3FFFF
00038
00069
00093
000B4
000CC
000D9
000DC
000D5
000C4
000A9
00085
00059
00026
3FFEC
3FFAE
3FF6C
3FF28
3FEE3
3FE9F
3FE5E
3FE20
3FDE7
3FDB5
3FD8A
3FD67
3FD4D
3FD3D
3FD37
3FD3A
3FD48
3FD5F
3FD7F
3FDA7
3FDD7
3FE0E
3FE49
3FE89
3FECB
3FF0E
3FF51
3FF92
3FFD0
00009
0003D
0006A
0008F
000AC
000C0
000CA
000CB
000C2
000AF
00094
00070
00044
00012
3FFDA
3FF9E
3FF60
3FF1F
3FEDE
3FE9F
3FE62
3FE29
3FDF5
3FDC7
3FDA1
3FD82
3FD6C
3FD60
3FD5C
3FD62
3FD72
3FD8A
3FDAB
3FDD3
3FE03
3FE38
3FE71
3FEAE
3FEED
3FF2D
3FF6C
3FFA9
3FFE3
00018
00047
0006F
00090
000A9
000B9
000C0
000BE
000B2
0009E
00081
0005D
00031
00000
3FFCA
3FF90
3FF53
3FF16
3FED9
3FE9D
3FE64
3FE2F
3FE00
3FDD7
3FDB4
3FD9A
3FD88
3FD7F
3FD7F
3FD88
3FD9A
3FDB3
3FDD5
3FDFE
3FE2D
3FE61
3FE99
3FED4
3FF10
3FF4D
3FF89
3FFC2
3FFF7
00028
00053
00077
00094
000A9
000B5
000B8
000B3
000A5
0008F
00071
0004C
00020
3FFEF
3FFBA
3FF82
3FF48
3FF0D
3FED3
3FE9B
3FE66
3FE35
3FE0A
3FDE5
3FDC7
3FDB1
3FDA2
3FD9D
3FDA0
3FDAC
3FDBF
3FDDB
3FDFE
3FE27
3FE56
3FE89
3FEC0
3FEF9
3FF33
3FF6D
3FFA5
3FFDB
0000C
00039
00060
00080
00098
000A9
000B2
000B2
000AA
00099
00081
00062
0003B
00010
3FFDF
3FFAB
3FF74
3FF3C
3FF04
3FECD
3FE98
3FE67
3FE3A
3FE13
3FDF2
3FDD8
3FDC6
3FDBB
3FDB9
3FDBF
3FDCE
3FDE4
3FE01
3FE25
3FE4F
3FE7E
3FEB1
3FEE6
3FF1D
3FF55
3FF8C
3FFC1
3FFF3
00021
0004A
0006D
00089
0009D
000AA
000AF
000AC
000A1
0008E
00074
00053
0002C
00000
3FFD0
3FF9C
3FF67
3FF31
3FEFB
3FEC7
3FE96
3FE68
3FE3F
3FE1B
3FDFE
3FDE9
3FDDA
3FDD3
3FDD5
3FDDE
3FDEF
3FE07
3FE26
3FE4B
3FE75
3FEA4
3FED6
3FF0B
3FF40
3FF76
3FFAA
3FFDC
0000B
00035
0005A
00079
00091
000A2
000AB
000AD
000A6
00098
00083
00067
00045
0001D
3FFF1
3FFC1
3FF8E
3FF5B
3FF26
3FEF3
3FEC2
3FE93
3FE69
3FE44
3FE24
3FE0B
3FDF9
3FDEE
3FDEB
3FDEF
3FDFC
3FE0F
3FE29
3FE4A
3FE70
3FE9B
3FEC9
3FEFB
3FF2E
3FF62
3FF95
3FFC7
3FFF6
00021
00048
00069
00084
00099
000A6
000AC
000AA
000A0
00090
00078
0005A
00037
0000E
3FFE2
3FFB2
3FF81
3FF4E
3FF1C
3FEEB
3FEBD
3FE91
3FE6A
3FE49
3FE2D
3FE17
3FE09
3FE02
3FE02
3FE0A
3FE19
3FE2E
3FE4B
3FE6D
3FE94
3FEBF
3FEED
3FF1E
3FF50
3FF82
3FFB4
3FFE3
0000F
00037
0005A
00078
0008F
000A0
000A9
000AB
000A6
0009A
00087
0006D
0004E
00029
00000
3FFD3
3FFA4
3FF74
3FF43
3FF13
3FEE4
3FEB8
3FE90
3FE6C
3FE4E
3FE36
3FE24
3FE19
3FE16
3FE19
3FE24
3FE35
3FE4D
3FE6B
3FE8E
3FEB6
3FEE2
3FF10
3FF40
3FF71
3FFA1
3FFD0
3FFFD
00026
0004B
0006B
00085
00098
000A5
000AB
000AA
000A2
00093
0007E
00062
00041
0001B
3FFF2
3FFC5
3FF97
3FF67
3FF38
3FF09
3FEDD
3FEB4
3FE8F
3FE6F
3FE54
3FE3F
3FE31
3FE2A
3FE29
3FE30
3FE3D
3FE51
3FE6C
3FE8B
3FEB0
3FED8
3FF04
3FF32
3FF61
3FF90
3FFBF
3FFEC
00016
0003C
0005D
0007A
00090
000A1
000AA
000AD
000A8
0009D
0008C
00074
00057
00034
0000E
3FFE4
3FFB7
3FF89
3FF5B
3FF2D
3FF01
3FED7
3FEB1
3FE8F
3FE72
3FE5A
3FE49
3FE3E
3FE3A
3FE3D
3FE47
3FE57
3FE6D
3FE89
3FEAB
3FED0
3FEF9
3FF25
3FF52
3FF81
3FFAF
3FFDB
00006
0002D
00050
0006F
00088
0009B
000A8
000AE
000AD
000A6
00098
00084
0006A
0004B
00027
00000
3FFD6
3FFAA
3FF7D
3FF4F
3FF23
3FEF9
3FED2
3FEAF
3FE90
3FE76
3FE62
3FE54
3FE4C
3FE4C
3FE52
3FE5E
3FE71
3FE89
3FEA7
3FECA
3FEF0
3FF1A
3FF45
3FF72
3FF9F
3FFCB
3FFF6
0001E
00043
00063
0007E
00094
000A4
000AD
000B0
000AC
000A2
00092
0007B
0005F
0003F
0001A
3FFF2
3FFC8
3FF9C
3FF70
3FF44
3FF1A
3FEF2
3FECE
3FEAD
3FE91
3FE7A
3FE6A
3FE5F
3FE5B
3FE5D
3FE66
3FE75
3FE8A
3FEA5
3FEC4
3FEE8
3FF0F
3FF39
3FF64
3FF90
3FFBC
3FFE7
00010
00035
00057
00074
0008D
0009F
000AC
000B2
000B1
000AB
0009E
0008B
00072
00055
00033
0000D
3FFE5
3FFBB
3FF90
3FF64
3FF3A
3FF12
3FEEC
3FECA
3FEAC
3FE93
3FE80
3FE72
3FE6B
3FE6A
3FE6F
3FE7B
3FE8D
3FEA4
3FEC1
3FEE2
3FF06
3FF2E
3FF58
3FF83
3FFAE
3FFD8
00001
00028
0004B
0006A
00084
0009A
000A9
000B2
000B5
000B2
000A8
00098
00083
00068
00049
00026
00000
3FFD7
3FFAE
3FF83
3FF59
3FF30
3FF0A
3FEE7
3FEC7
3FEAC
3FE96
3FE86
3FE7C
3FE78
3FE7A
3FE82
3FE90
3FEA5
3FEBE
3FEDC
3FEFE
3FF24
3FF4C
3FF76
3FFA0
3FFCA
3FFF3
0001A
0003F
0005F
0007C
00093
000A5
000B1
000B7
000B7
000B1
000A4
00092
0007B
0005E
0003E
0001A
3FFF3
3FFCA
3FFA1
3FF77
3FF4E
3FF27
3FF03
3FEE2
3FEC5
3FEAD
3FE9A
3FE8D
3FE86
3FE85
3FE8A
3FE95
3FEA6
3FEBD
3FED8
3FEF8
3FF1B
3FF41
3FF69
3FF93
3FFBD
3FFE6
0000D
00032
00054
00072
0008C
000A0
000AF
000B8
000BB
000B8
000AF
000A0
0008B
00072
00054
00032
0000D
3FFE6
3FFBD
3FF94
3FF6C
3FF44
3FF1F
3FEFD
3FEDE
3FEC4
3FEAF
3FE9F
3FE95
3FE91
3FE93
3FE9B
3FEA9
3FEBC
3FED5
3FEF2
3FF13
3FF37
3FF5E
3FF86
3FFAF
3FFD8
00000
00026
00049
00069
00084
0009B
000AC
000B8
000BE
000BE
000B8
000AC
0009A
00083
00068
00048
00026
00000
3FFD9
3FFB0
3FF88
3FF61
3FF3B
3FF17
3FEF8
3FEDC
3FEC4
3FEB2
3FEA5
3FE9E
3FE9D
3FEA2
3FEAD
3FEBD
3FED3
3FEED
3FF0C
3FF2E
3FF53
3FF7A
3FFA3
3FFCB
3FFF3
00019
0003D
0005E
0007C
00094
000A8
000B7
000BF
000C2
000BF
000B6
000A8
00094
0007B
0005E
0003D
00019
3FFF3
3FFCC
3FFA4
3FF7C
3FF56
3FF32
3FF11
3FEF3
3FEDA
3FEC5
3FEB6
3FEAC
3FEA8
3FEAA
3FEB2
3FEBF
3FED2
3FEEA
3FF06
3FF26
3FF4A
3FF6F
3FF96
3FFBE
3FFE6
0000D
00032
00054
00073
0008D
000A3
000B4
000C0
000C6
000C5
000C0
000B4
000A3
0008D
00072
00053
00031
0000D
3FFE6
3FFBF
3FF98
3FF71
3FF4C
3FF2A
3FF0B
3FEF0
3FED9
3FEC7
3FEBB
3FEB4
3FEB3
3FEB8
3FEC2
3FED2
3FEE7
3FF01
3FF1F
3FF40
3FF65
3FF8B
3FFB2
3FFD9
00000
00026
00049
00069
00086
0009E
000B1
000BF
000C8
000CA
000C7
000BF
000B0
0009D
00085
00068
00048
00025
00000
3FFDA
3FFB3
3FF8C
3FF67
3FF43
3FF23
3FF06
3FEED
3FED9
3FECA
3FEC0
3FEBD
3FEBF
3FEC6
3FED3
3FEE6
3FEFD
3FF19
3FF38
3FF5B
3FF80
3FFA6
3FFCD
3FFF4
0001A
0003E
0005F
0007D
00097
000AD
000BE
000C9
000CE
000CE
000C8
000BD
000AC
00096
0007C
0005E
0003D
00019
3FFF3
3FFCD
3FFA6
3FF81
3FF5D
3FF3B
3FF1D
3FF02
3FEEC
3FEDA
3FECE
3FEC7
3FEC6
3FECB
3FED6
3FEE5
3FEFA
3FF13
3FF31
3FF52
3FF75
3FF9A
3FFC1
3FFE8
0000E
00032
00055
00074
00090
000A8
000BB
000C9
000D1
000D4
000D1
000C8
000BA
000A7
0008F
00073
00053
00031
0000C
3FFE7
3FFC0
3FF9B
3FF76
3FF53
3FF33
3FF17
3FEFF
3FEEB
3FEDC
3FED3
3FECF
3FED1
3FED9
3FEE6
3FEF8
3FF0F
3FF2A
3FF49
3FF6B
3FF8F
3FFB5
3FFDB
00002
00027
0004A
0006B
00089
000A2
000B7
000C8
000D2
000D8
000D8
000D2
000C7
000B6
000A1
00087
00069
00048
00025
00000
3FFDA
3FFB4
3FF8F
3FF6C
3FF4B
3FF2D
3FF12
3FEFD
3FEEC
3FEE0
3FED9
3FED8
3FEDD
3FEE7
3FEF7
3FF0C
3FF25
3FF42
3FF62
3FF85
3FFAA
3FFCF
3FFF6
0001B
0003F
00061
00080
0009C
000B3
000C6
000D3
000DB
000DE
000DB
000D2
000C4
000B1
0009A
0007E
0005F
0003D
00019
3FFF3
3FFCE
3FFA8
3FF84
3FF62
3FF43
3FF27
3FF0F
3FEFB
3FEED
3FEE4
3FEE0
3FEE2
3FEEA
3FEF7
3FF09
3FF20
3FF3B
3FF59
3FF7B
3FF9F
3FFC4
3FFEA
0000F
00034
00057
00077
00095
000AE
000C3
000D3
000DD
000E2
000E2
000DC
000D1
000C1
000AB
00092
00074
00054
00031
0000C
3FFE7
3FFC2
3FF9D
3FF7A
3FF59
3FF3C
3FF22
3FF0C
3FEFB
3FEF0
3FEE9
3FEE9
3FEED
3FEF8
3FF07
3FF1C
3FF34
3FF51
3FF71
3FF94
3FFB8
3FFDE
00004
00029
0004C
0006E
0008D
000A8
000BF
000D1
000DE
000E6
000E9
000E6
000DD
000CF
000BC
000A5
00089
0006A
00049
00025
00000
3FFDB
3FFB6
3FF92
3FF70
3FF51
3FF35
3FF1E
3FF0B
3FEFC
3FEF3
3FEF0
3FEF2
3FEFA
3FF07
3FF19
3FF2F
3FF4A
3FF68
3FF8A
3FFAD
3FFD2
3FFF8
0001D
00042
00064
00084
000A1
000BA
000CF
000DE
000E9
000EE
000EE
000E8
000DC
000CC
000B7
0009D
00080
00060
0003D
00019
3FFF4
3FFCE
3FFAA
3FF87
3FF67
3FF49
3FF30
3FF1B
3FF0A
3FEFE
3FEF8
3FEF8
3FEFD
3FF07
3FF16
3FF2B
3FF43
3FF60
3FF80
3FFA2
3FFC7
3FFEC
00012
00036
0005A
0007B
0009A
000B5
000CB
000DE
000EB
000F2
000F5
000F1
000E9
000DB
000C8
000B1
00095
00076
00055
00031
0000C
3FFE7
3FFC2
3FF9F
3FF7D
3FF5E
3FF43
3FF2B
3FF18
3FF0A
3FF02
3FEFE
3FF00
3FF08
3FF15
3FF27
3FF3E
3FF58
3FF77
3FF98
3FFBC
3FFE0
00006
0002B
0004F
00072
00092
000AE
000C7
000DC
000EB
000F6
000FB
000FA
000F4
000E9
000D8
000C3
000AA
0008C
0006C
00049
00025
00000
3FFDB
3FFB7
3FF94
3FF74
3FF56
3FF3D
3FF28
3FF17
3FF0C
3FF06
3FF05
3FF0A
3FF15
3FF24
3FF39
3FF52
3FF6E
3FF8E
3FFB1
3FFD5
3FFFA
00020
00044
00068
00089
000A8
000C2
000D9
000EB
000F8
00100
00102
000FE
000F6
000E8
000D5
000BD
000A2
00083
00061
0003E
00019
3FFF4
3FFCF
3FFAB
3FF8A
3FF6B
3FF4F
3FF38
3FF25
3FF17
3FF0F
3FF0B
3FF0E
3FF15
3FF22
3FF35
3FF4B
3FF66
3FF85
3FFA6
3FFCA
3FFEE
00014
00039
0005E
00080
000A0
000BD
000D5
000EA
000F9
00103
00108
00108
00102
000F6
000E5
000D0
000B7
00099
00079
00056
00032
0000C
3FFE7
3FFC3
3FFA0
3FF80
3FF63
3FF49
3FF34
3FF24
3FF18
3FF12
3FF12
3FF17
3FF22
3FF31
3FF46
3FF5F
3FF7C
3FF9C
3FFBE
3FFE3
00008
0002E
00053
00076
00098
000B6
000D1
000E7
000F9
00106
0010E
00110
0010D
00104
000F5
000E2
000CB
000AF
00090
0006E
0004A
00025
00000
3FFDB
3FFB7
3FF96
3FF77
3FF5B
3FF44
3FF31
3FF23
3FF1A
3FF17
3FF1A
3FF22
3FF2F
3FF41
3FF58
3FF73
3FF92
3FFB4
3FFD7
3FFFC
00022
00048
0006C
0008F
000AF
000CC
000E4
000F9
00108
00113
00117
00117
00110
00105
000F4
000DE
000C4
000A7
00086
00063
0003E
00019
3FFF4
3FFCF
3FFAC
3FF8C
3FF6E
3FF55
3FF3F
3FF2F
3FF24
3FF1E
3FF1E
3FF23
3FF2D
3FF3D
3FF52
3FF6B
3FF89
3FFA9
3FFCC
3FFF1
00016
0003C
00061
00085
000A7
000C5
000E0
000F7
00109
00116
0011E
00120
0011C
00113
00105
000F1
000D9
000BD
0009E
0007C
00058
00032
0000D
3FFE7
3FFC3
3FFA1
3FF82
3FF66
3FF4F
3FF3C
3FF2E
3FF25
3FF22
3FF25
3FF2D
3FF3A
3FF4D
3FF64
3FF80
3FF9F
3FFC1
3FFE5
0000A
00031
00056
0007B
0009E
000BE
000DB
000F4
00109
00119
00123
00128
00127
00120
00114
00103
000EE
000D3
000B5
00094
00071
0004C
00026
00000
3FFDB
3FFB8
3FF97
3FF79
3FF5F
3FF4A
3FF39
3FF2E
3FF28
3FF28
3FF2E
3FF38
3FF49
3FF5E
3FF77
3FF95
3FFB6
3FFD9
3FFFE
00025
0004B
00071
00095
000B7
000D6
000F1
00108
0011A
00127
0012F
00131
0012D
00124
00115
00101
000E9
000CD
000AD
0008A
00065
00040
00019
3FFF4
3FFCF
3FFAD
3FF8D
3FF71
3FF59
3FF46
3FF38
3FF2F
3FF2C
3FF2F
3FF37
3FF45
3FF58
3FF70
3FF8C
3FFAB
3FFCE
3FFF2
00018
0003F
00066
0008B
000AE
000CF
000ED
00106
0011B
0012A
00135
0013A
00139
00132
00126
00114
000FE
000E3
000C5
000A3
0007F
0005A
00033
0000D
3FFE7
3FFC3
3FFA2
3FF84
3FF6A
3FF54
3FF43
3FF38
3FF32
3FF32
3FF37
3FF42
3FF53
3FF69
3FF83
3FFA1
3FFC2
3FFE6
0000C
00033
0005A
00080
000A5
000C8
000E7
00103
0011A
0012D
0013A
00141
00143
00140
00136
00127
00113
000FA
000DD
000BD
00099
00074
0004D
00026
00000
3FFDB
3FFB8
3FF98
3FF7B
3FF63
3FF50
3FF41
3FF39
3FF36
3FF38
3FF41
3FF4F
3FF62
3FF7A
3FF97
3FFB7
3FFDA
00000
00027
0004E
00075
0009B
000C0
000E1
000FF
00119
0012E
0013E
00148
0014D
0014C
00145
00139
00127
00110
000F5
000D6
000B4
0008F
00068
00041
0001A
3FFF3
3FFCF
3FFAD
3FF8E
3FF73
3FF5D
3FF4C
3FF40
3FF3B
3FF3A
3FF40
3FF4C
3FF5D
3FF73
3FF8D
3FFAC
3FFCE
3FFF3
0001A
00042
0006A
00091
000B6
000DA
000FA
00116
0012E
00141
0014E
00156
00158
00154
0014A
0013B
00126
0010D
000EF
000CE
000AA
00084
0005C
00034
0000D
3FFE7
3FFC3
3FFA2
3FF85
3FF6C
3FF58
3FF4A
3FF41
3FF3E
3FF41
3FF49
3FF58
3FF6C
3FF84
3FFA2
3FFC3
3FFE7
0000D
00035
0005D
00086
000AD
000D2
000F4
00113
0012D
00143
00153
0015E
00163
00162
0015B
0014E
0013C
00124
00108
000E9
000C5
0009F
00078
00050
00027
00000
3FFDA
3FFB8
3FF98
3FF7D
3FF66
3FF54
3FF48
3FF42
3FF42
3FF48
3FF54
3FF65
3FF7C
3FF97
3FFB7
3FFDA
00000
00028
00051
0007A
000A2
000C9
000ED
0010E
0012B
00144
00157
00165
0016D
0016F
0016B
00161
00151
0013C
00122
00103
000E1
000BC
00094
0006C
00043
0001A
3FFF3
3FFCE
3FFAC
3FF8E
3FF75
3FF60
3FF51
3FF48
3FF45
3FF48
3FF51
3FF60
3FF74
3FF8E
3FFAC
3FFCE
3FFF3
0001A
00043
0006D
00097
000BF
000E5
00108
00128
00143
0015A
0016B
00176
0017B
0017A
00173
00166
00153
0013B
0011E
000FD
000D9
000B2
00089
0005F
00036
0000D
3FFE6
3FFC2
3FFA2
3FF85
3FF6E
3FF5C
3FF4F
3FF49
3FF49
3FF4F
3FF5B
3FF6D
3FF84
3FFA1
3FFC1
3FFE6
0000D
00036
00060
0008A
000B4
000DC
00102
00124
00142
0015B
00170
0017E
00186
00188
00184
0017A
0016A
00154
00139
00119
000F6
000D0
000A7
0007D
00052
00029
00000
3FFDA
3FFB7
3FF98
3FF7D
3FF68
3FF58
3FF4E
3FF4B
3FF4E
3FF57
3FF66
3FF7C
3FF96
3FFB5
3FFD8
3FFFF
00028
00052
0007D
000A8
000D2
000FA
0011E
0013F
0015C
00173
00185
00191
00196
00195
0018E
00180
0016D
00154
00136
00114
000EE
000C6
0009C
00070
00045
0001B
3FFF3
3FFCD
3FFAB
3FF8E
3FF75
3FF62
3FF55
3FF4F
3FF4E
3FF54
3FF61
3FF73
3FF8C
3FFA9
3FFCB
3FFF0
00019
00044
00070
0009C
000C7
000F1
00118
0013C
0015B
00176
0018B
0019A
001A3
001A5
001A1
00196
00186
0016F
00153
00132
0010E
000E6
000BC
00090
00064
00038
0000E
3FFE6
3FFC1
3FFA1
3FF85
3FF6E
3FF5E
3FF54
3FF50
3FF53
3FF5C
3FF6C
3FF82
3FF9D
3FFBD
3FFE2
0000A
00035
00061
0008E
000BB
000E6
00110
00136
00159
00177
0018F
001A2
001AE
001B4
001B4
001AC
0019E
0018A
00170
00151
0012E
00107
000DD
000B1
00083
00056
0002A
00000
3FFD9
3FFB5
3FF96
3FF7C
3FF68
3FF5A
3FF53
3FF52
3FF58
3FF65
3FF78
3FF91
3FFB0
3FFD3
3FFFA
00025
00051
0007F
000AE
000DB
00107
00130
00155
00177
00193
001A9
001B9
001C3
001C6
001C2
001B7
001A6
0018E
00171
0014F
00129
000FF
000D3
000A5
00077
00049
0001C
3FFF2
3FFCC
3FFA9
3FF8C
3FF74
3FF63
3FF58
3FF53
3FF56
3FF5F
3FF70
3FF86
3FFA3
3FFC4
3FFEA
00014
00041
00070
0009F
000CE
000FC
00128
00150
00175
00194
001AF
001C3
001D0
001D7
001D6
001CF
001C1
001AC
00191
00171
0014C
00123
000F7
000C8
00099
00069
0003B
0000E
3FFE5
3FFBF
3FF9E
3FF82
3FF6D
3FF5E
3FF56
3FF55
3FF5B
3FF68
3FF7B
3FF95
3FFB5
3FFDA
00003
00030
0005F
0008F
000C0
000F0
0011E
0014A
00172
00195
001B3
001CB
001DC
001E7
001EA
001E7
001DC
001CA
001B2
00194
00170
00148
0011C
000ED
000BD
0008C
0005C
0002D
00000
3FFD7
3FFB2
3FF93
3FF79
3FF66
3FF5A
3FF55
3FF57
3FF60
3FF71
3FF88
3FFA6
3FFC9
3FFF1
0001D
0004C
0007E
000B0
000E2
00113
00141
0016C
00193
001B5
001D2
001E7
001F6
001FE
001FE
001F7
001E9
001D3
001B7
00196
0016F
00143
00115
000E4
000B2
0007F
0004E
0001E
3FFF2
3FFC9
3FFA6
3FF88
3FF70
3FF60
3FF56
3FF54
3FF5A
3FF67
3FF7C
3FF97
3FFB8
3FFDF
0000A
00039
0006B
0009E
000D2
00105
00137
00165
00190
001B6
001D7
001F1
00204
00211
00215
00212
00207
001F5
001DC
001BC
00197
0016D
0013E
0010D
000DA
000A5
00072
0003F
0000F
3FFE3
3FFBB
3FF99
3FF7D
3FF68
3FF5A
3FF53
3FF55
3FF5E
3FF6F
3FF87
3FFA6
3FFCB
3FFF5
00024
00056
0008A
000C0
000F5
0012A
0015C
0018B
001B5
001DA
001F9
00211
00222
0022B
0022D
00226
00217
00202
001E5
001C1
00198
0016A
00139
00105
000CF
00099
00064
00030
00000
3FFD4
3FFAD
3FF8C
3FF72
3FF5F
3FF54
3FF51
3FF56
3FF63
3FF77
3FF93
3FFB6
3FFDF
0000D
0003F
00074
000AB
000E3
0011A
0014F
00182
001B1
001DB
001FF
0021C
00232
00241
00247
00245
0023A
00228
0020E
001ED
001C6
00199
00168
00133
000FC
000C4
0008C
00055
00021
3FFF0
3FFC5
3FF9E
3FF7F
3FF67
3FF56
3FF4E
3FF4E
3FF57
3FF68
3FF80
3FFA0
3FFC7
3FFF4
00025
0005B
00093
000CD
00107
00140
00177
001AA
001D9
00202
00225
00241
00254
00260
00263
0025E
0024F
00239
0021B
001F6
001CB
0019A
00165
0012D
000F3
000B8
0007E
00046
00011
3FFE0
3FFB4
3FF8F
3FF71
3FF5B
3FF4D
3FF48
3FF4B
3FF57
3FF6C
3FF89
3FFAD
3FFD8
00009
0003E
00077
000B3
000F0
0012C
00167
0019F
001D3
00202
0022B
0024D
00266
00278
00281
00281
00278
00266
0024C
00229
00200
001D1
0019C
00163
00127
000EA
000AD
00070
00036
00000
3FFCF
3FFA3
3FF7F
3FF62
3FF4E
3FF42
3FF40
3FF47
3FF57
3FF70
3FF91
3FFB9
3FFE8
0001D
00057
00094
000D3
00113
00152
0018F
001C8
001FD
0022D
00255
00276
0028E
0029E
002A4
002A0
00294
0027E
0025F
00239
0020B
001D7
0019E
00161
00122
000E1
000A0
00062
00026
3FFEE
3FFBC
3FF90
3FF6C
3FF51
3FF3E
3FF35
3FF36
3FF40
3FF54
3FF71
3FF96
3FFC3
3FFF7
00030
0006E
000AF
000F2
00135
00177
001B7
001F2
00229
00259
00281
002A1
002B8
002C6
002C9
002C3
002B3
00299
00276
0024B
00219
001E0
001A2
00161
0011D
000D8
00094
00052
00014
3FFDA
3FFA7
3FF7B
3FF57
3FF3C
3FF2B
3FF24
3FF27
3FF34
3FF4C
3FF6D
3FF97
3FFC8
00001
0003F
00082
000C8
0010F
00156
0019C
001DE
0021C
00254
00286
002AF
002CF
002E5
002F1
002F2
002E9
002D5
002B8
00290
00261
00229
001EC
001A9
00162
0011A
000D0
00088
00042
00000
3FFC4
3FF8E
3FF60
3FF3C
3FF21
3FF10
3FF0B
3FF10
3FF20
3FF3B
3FF60
3FF8E
3FFC5
00002
00046
0008E
000D9
00126
00172
001BC
00203
00244
00280
002B3
002DE
002FF
00315
00320
00320
00314
002FE
002DC
002B1
0027D
00240
001FD
001B4
00167
00118
000C9
0007B
00030
3FFE9
3FFA8
3FF6F
3FF3E
3FF17
3FEFB
3FEEA
3FEE4
3FEEB
3FEFD
3FF1A
3FF43
3FF75
3FFB1
3FFF4
0003D
0008B
000DD
00130
00182
001D3
0021F
00267
002A7
002DF
0030D
00331
00349
00355
00355
00348
0032F
0030B
002DC
002A2
00260
00216
001C6
00172
0011C
000C4
0006E
0001B
3FFCC
3FF84
3FF44
3FF0D
3FEE1
3FEC0
3FEAB
3FEA4
3FEA9
3FEBB
3FEDA
3FF04
3FF3A
3FF7A
3FFC3
00013
00069
000C3
0011E
0017A
001D4
0022A
0027A
002C3
00303
00339
00363
00380
00391
00393
00388
00370
0034A
00317
002D9
00291
0023F
001E7
00189
00127
000C3
00060
00000
3FFA4
3FF4E
3FF01
3FEBE
3FE85
3FE5A
3FE3C
3FE2C
3FE2A
3FE38
3FE54
3FE7E
3FEB5
3FEF8
3FF46
3FF9E
3FFFD
00062
000CA
00133
0019C
00202
00263
002BC
0030D
00352
0038B
003B7
003D3
003E0
003DD
003CA
003A7
00375
00334
002E5
0028A
00225
001B8
00144
000CB
00051
3FFD8
3FF61
3FEEF
3FE85
3FE25
3FDD0
3FD88
3FD50
3FD27
3FD10
3FD0A
3FD16
3FD34
3FD63
3FDA3
3FDF3
3FE50
3FEBA
3FF2E
3FFAB
0002D
000B2
00137
001BB
00239
002B0
0031C
0037C
003CE
0040E
0043C
00456
0045C
0044C
00426
003EA
00399
00333
002BA
00230
00196
000EF
0003D
3FF83
3FEC5
3FE04
3FD45
3FC8B
3FBD9
3FB33
3FA9B
3FA14
3F9A2
3F947
3F905
3F8DD
3F8D3
3F8E6
3F917
3F967
3F9D5
3FA61
3FB09
3FBCB
3FCA5
3FD95
3FE96
3FFA3
000B9
001CE
002DB
003D4
004A8
00536
00DC9
3A655
0E11C
3C94F
3EDA5
0203D
023DC
06773
3E08A
35950
33BFD
04736
37C9B
00E6B
3C9C4
30868
3D031
3922C
3C938
358B5
380A8
06A0B
06ED0
3AF0C
3A0F0
0D099
0D248
35AEC
31487
0ADC6
0358E
10A56
022FD
3AA02
0E716
02B68
0FBF5
0CDB1
00A09
2DD8B
3D611
3EAFD
02FA4
39FC1
0230B
3BDF3
0B1EC
35320
082C9
3CDD7
3CCB8
04E87
333A4
014B1
045DA
0E3D2
09540
2EDFB
068B7
36266
30812
017D4
0532A
0B4E7
36966
05596
35D3F
03489
3D610
06D03
080A5
358D1
3B31A
04976
325EC
11C69
006F5
3EAEC
0142F
047A3
00894
3C2F2
03562
0298C
3E81B
00CB5
30C14
3C48D
32FAE
0D8BB
39F95
378E5
372D1
39EBE
3A8EE
01F4A
0BDEA
09DA9
0E863
3DF68
3D3DB
076B4
3B1A3
3EE20
3F405
04844
3B00D
096F8
067A3
3AE41
04D4D
08E28
09449
00D47
0AC5A
3B04F
3C534
34E27
3669C
345A1
38BAB
11CCF
037F7
08807
388BC
1E855
321CF
34DFD
31E78
3C099
3DD30
3B1D3
033F2
35158
0A1FA
0150B
0F1B8
019B8
040C0
3F10C
06F9A
399CB
0685F
3C154
07577
062D8
2EF79
3FD5F
07F0B
3527E
3F7FF
38DBB
3D960
374A3
04A7A
32D59
3BCCB
3E1CE
0F5CB
3C1F4
1CAB3
0CB1E
0C686
0AEF9
3B40D
2C217
3BD9B
34745
3894D
073AA
3E242
39DF6
01902
04C2A
30058
05458
0CD92
35EEF
0CCC1
07F10
009C6
2AECA
3F10E
093B4
3B20A
3BC6F
375DD
19D13
3D6C3
330BB
3FD5B
3B98C
3F443
3A851
0906B
3F7D4
37865
3AA82
0B193
3AFEA
3F3AE
06EAB
04C8F
03801
0B1C2
3EB82
020C9
0962F
328C9
02244
0B30C
3C630
3538F
3703E
39D07
0CD2D
3BA16
0C990
1053F
030DA
0575D
3A9B4
00B86
0AC5C
2B156
02448
356D8
08B15
05C8B
3EAEE
0644B
34562
01A47
38366
042E3
3EEE5
00F50
08268
01D93
3D078
3ACF9
3F3A3
38457
07A0E
116C2
3FBC1
362B7
36894
3B661
08C2B
08F4A
3AF1A
0A60A
3C8C2
3F248
03D6E
316E7
372DA
0030F
3E5AC
0390F
2EF35
3F2E1
3F375
04EB8
37621
35E72
31409
3F344
39D7E
00F44
3E067
07A3E
147E7
1ADB2
1396E
05CC1
046F4
3F2D9
38F70
06C0F
02D93
04C30
3888F
30306
3C408
01F75
004FC
1037D
2F700
316A5
07E0D
3D43F
0CB0F
0367C
38B33
300F4
0CDBE
0083C
35B7E
3CF2C
07F61
0D337
3CE7C
0B656
04055
3BAA5
3062E
0C4A7
04D95
396A2
07817
3EA51
10B27
0DC0C
08C06
053D1
31104
0E3AF
3E970
02630
383C0
01031
033F1
05559
3879B
272BF
3AA66
3441E
36F3B
38187
031A1
3B8CC
3A484
0DCFD
3DC00
3B315
074AB
0B22D
3BC57
3E423
0BD63
3650D
3CF23
36DD6
03C9A
362CD
07D1C
37CBA
00316
070F1
07FBF
01708
3C649
2B675
02080
3E6A8
08524
0C0A7
067CF
3FFB9
0005E
3BFDF
3CDD8
0231C
0E0FB
3A36C
3CE0F
05869
1370C
07ED5
0B679
3EA96
36A70
07BD7
13181
3AA10
2A02D
3C741
0B722
3C371
3A6F9
0A699
39D9C
0517B
05151
0B2E4
0631E
37287
319BA
3BA9E
2ECB4
3DD4F
06F6C
0BF84
0144C
3C6D5
3A83A
2C50E
03EEF
023B2
0F8E3
0B74E
0D764
3B354
077BB
0490F
3FB59
0255E
3690D
3BA4F
07866
39432
0680F
0202A
0037F
3204D
38846
3585C
0F140
09EBB
3F03A
36F4D
36A12
06362
00854
076D6
3AAA5
05760
32987
3A280
3B374
3D628
09B51
03BCC
0B498
11F87
34935
059B7
3F04B
372BF
0872B
3C85C
37D05
39AEC
0032E
3D450
3ED34
05395
0AFED
37D68
04A05
3BFA3
0612A
09152
31348
14A0E
02961
062C2
0935B
0D2C9
3FCCA
00D2E
3FA9C
3C1D2
06B7D
05772
3DBC8
3A534
097BD
02A4C
03AB2
39A2A
38525
3C53F
05508
33954
3DE57
3FDDB
09AF9
0049D
08A80
0E912
03580
0FD56
2FC96
09178
02E93
00957
068FA
3D149
0018C
03688
085A9
0121B
0118E
38F99
0970E
04F6F
3F11E
10E58
042E5
0A93C
0179A
06096
02978
0556F
373E5
052F2
07AA6
01D86
37F89
09D13
0856F
01382
3A320
06891
28708
3D8A1
3BFD0
024BA
3FA6D
3F650
00000
2CECE
0D4DE
31E78
08D90
04FD4
3B2CB
2F6AE
3F468
05DA5
32798
074DA
125E0
07EE5
3E7AA
301D8
3B968
2DC0C
0F551
318A4
3EDF4
348F9
2AEDC
33936
2EF34
38174
3D15E
17C5C
2D986
04BD2
044FE
03E39
09DEB
019F6
393AC
0C5DE
05870
33F77
38069
04A53
3ABD2
2EE9D
3ACD8
3E48B
01AD8
07F8F
3FE1C
2D8DD
392D8
3C9C4
08270
3E12E
353A4
3760D
3F21E
38070
0E329
39900
38E7C
04E29
2A0E5
3E971
07934
3E70C
06B7B
00590
3AADA
31E89
335B2
32803
0FE95
0E5A1
39D89
36A64
043FE
338EE
01FAB
3B8CF
011C7
08DC6
3BD3E
0239D
00356
3DDBC
388C0
3EFBE
02E4D
03A90
125A6
3AF60
09C26
3B829
3BCAD
02A72
0140C
3FCF3
3EB5F
3FAC4
3A7DC
07DDD
3478A
07675
273C3
346D4
031FE
3CB50
30E30
3C73A
0B425
002FB
11873
0931B
0872A
39C90
03D0C
06F1C
023BF
10628
090DA
38088
39D84
3C67F
2D316
0E845
01B59
3F039
3DF28
007E5
37CCF
02F94
0A84B
2A7CE
0778B
3EA2E
01022
2BF0D
3F6A9
39B31
3AE87
05AC6
09AE1
3D83E
29121
09C05
3FB9B
392D0
01E4E
0457E
05E46
37613
0284A
3CF32
2B685
02F0A
0770C
03235
3667B
02F8F
02386
030A0
00D95
0D072
06C72
0E084
27E0C
02E9B
2D56C
3E768
022FA
39CE7
3849F
3B2DA
1598B
390FE
3551F
38962
3B5F9
0587D
36552
0B839
01CED
02293
0924F
3D58B
180A5
3C53B
3BB9D
3BC68
084A1
0AEA4
31ABE
38431
35AD0
0D536
2D449
3624B
3F77F
0B4BF
120CD
0676E
027FA
048E6
303E0
3E290
10D5B
00AC6
3CC0B
3C2C7
3CACC
33845
0F606
0A3B0
3B25B
3159B
153DC
3C2E1
07340
0889C
0273F
39B87
31BED
3400B
3A804
3F84F
382D8
0675B
0500A
3E009
3F641
2C902
3DDE3
012EB
296DE
06A68
06098
0172C
04976
3B47D
3E9B9
3FAB9
3A086
0978C
3CCA7
04F1F
117E6
0C9C2
03DFE
3D666
324EC
38530
2DD25
0119E
3B937
3ED34
055DB
3B8D6
334AD
05076
094EA
34F89
3E683
0B5B3
3AF2A
3C529
0B1C2
32F12
37ACB
104E6
0056F
00E45
3CBF3
092D0
05F7A
3DB4A
06255
3CD0D
39EF3
0FE96
01284
34711
39946
30B14
3A19C
01FCC
12D1F
0917C
020B6
0CEEB
02C96
0068B
08E89
3ADBB
0B91F
0298A
3B341
33471
3420D
060DB
0CD22
30082
0551F
3E7F3
3C05B
0E313
2FF2F
0CFA8
0A1C0
3633F
3AC49
3E744
03C9A
3667E
387E0
3F9E0
31BB7
08D14
2CCDF
2E4C5
0A1D3
02FDB
3EE20
2DA11
3D038
38539
0F1CE
39AFF
01216
0F03A
3D19A
31AA5
02C32
352A7
08678
01319
094EE
0E268
29477
0C593
3CC7F
01C96
056D6
087D7
0094E
0BF81
3F569
00EAD
0B472
00B97
20607
0DC48
3A710
34E73
0295A
3B956
377C8
3CB2C
3E768
19132
37783
059F9
0DBDE
0E20D
02BFD
06282
091E0
0DC48
03052
01D87
3873F
01C6C
3100B
32E1A
33FEA
378FD
3511A
3812F
0164A
00353
3FA2E
39E26
00FE8
00736
38EA2
0B5D5
35B83
35F56
3F802
37194
0A783
00B63
069BE
2C224
34C93
0A747
0D13B
3BBD4
0A924
0C1EA
01C5B
0F81D
0654A
3D77B
33484
10B9E
0482F
35D32
3DAF4
08A9E
0A340
352A5
33506
30388
07ADB
00203
3DBA0
03058
3C09E
383E5
3E7C0
00461
3DFB7
3DA56
09A55
2B4C1
01093
05745
2B620
082FF
1F05B
0A3C9
081FB
37F3B
2C023
39B05
3B6B9
040AD
30FF9
395E3
00FDD
02028
0B0A6
08D68
03CBF
3F86B
07D4B
3BF8B
018C6
0ED78
3FD66
3FE23
31150
3FE13
11A68
32940
38839
37002
32687
3DDEC
08A80
02505
13121
053EC
011EF
3EDD1
31732
2EA9A
00819
31E77
0D0C5
0AEAE
05520
335C1
14B38
3FC28
0392D
36BA2
08AD3
2E49D
3D6C3
3E7E2
38E8F
3FD9C
03026
17FF8
0EE47
3F7CA
03C6D
25A60
00D2A
0DE31
3B918
32884
3BCBE
093D0
03043
33639
01632
378DC
00E1C
32017
028F3
09DEA
38E4A
009D5
0523A
3E54D
01C5D
0AF17
3F1C9
3BE34
3B7F4
0251E
36CEA
35D0E
078D1
3F655
09EBC
01A82
360AD
0F2BE
34139
3BB4B
38C1F
01A58
011CC
006EF
001C4
3FE76
3FC13
3FA3E
3F8CD
3F7A9
3F6C8
3F620
3F5AE
3F56C
3F558
3F56E
3F5A9
3F608
3F684
3F71B
3F7C7
3F883
3F94B
3FA1B
3FAEC
3FBBB
3FC84
3FD41
3FDEF
3FE8B
3FF11
3FF80
3FFD6
00011
00030
00035
0001E
3FFEE
3FFA6
3FF49
3FED8
3FE56
3FDC8
3FD30
3FC92
3FBF1
3FB52
3FAB8
3FA26
3F9A0
3F928
3F8C1
3F86D
3F82E
3F805
3F7F2
3F7F7
3F812
3F843
3F889
3F8E2
3F94D
3F9C5
3FA4A
3FAD8
3FB6C
3FC03
3FC99
3FD2C
3FDB9
3FE3C
3FEB4
3FF1E
3FF77
3FFBE
3FFF3
00014
00020
00019
3FFFE
3FFD0
3FF91
3FF43
3FEE6
3FE7F
3FE0E
3FD98
3FD1E
3FCA3
3FC2A
3FBB6
3FB4A
3FAE7
3FA90
3FA47
3FA0D
3F9E4
3F9CC
3F9C5
3F9D1
3F9ED
3FA1B
3FA58
3FAA3
3FAFB
3FB5D
3FBC8
3FC38
3FCAD
3FD22
3FD96
3FE06
3FE70
3FED2
3FF29
3FF74
3FFB2
3FFE1
00000
0000F
0000F
3FFFE
3FFDF
3FFB0
3FF75
3FF2E
3FEDD
3FE84
3FE25
3FDC2
3FD5E
3FCFA
3FC9A
3FC3E
3FBEA
3FB9F
3FB5E
3FB2A
3FB02
3FAE9
3FADE
3FAE1
3FAF3
3FB13
3FB41
3FB7A
3FBBF
3FC0D
3FC62
3FCBD
3FD1C
3FD7D
3FDDD
3FE3B
3FE94
3FEE7
3FF33
3FF74
3FFAB
3FFD5
3FFF3
00004
00007
3FFFD
3FFE6
3FFC2
3FF93
3FF5A
3FF18
3FECE
3FE7F
3FE2C
3FDD7
3FD82
3FD2F
3FCDF
3FC96
3FC53
3FC19
3FBE9
3FBC4
3FBAA
3FB9D
3FB9C
3FBA7
3FBBF
3FBE2
3FC10
3FC48
3FC88
3FCCF
3FD1B
3FD6C
3FDBE
3FE11
3FE62
3FEB0
3FEF9
3FF3B
3FF76
3FFA7
3FFCF
3FFEB
3FFFD
00003
3FFFD
3FFEB
3FFCF
3FFA9
3FF79
3FF42
3FF03
3FEBF
3FE78
3FE2E
3FDE3
3FD9A
3FD54
3FD12
3FCD6
3FCA1
3FC74
3FC51
3FC38
3FC29
3FC25
3FC2C
3FC3D
3FC59
3FC7F
3FCAD
3FCE4
3FD20
3FD62
3FDA8
3FDF0
3FE38
3FE80
3FEC5
3FF07
3FF43
3FF78
3FFA6
3FFCB
3FFE7
3FFF8
00000
3FFFD
3FFF1
3FFDA
3FFBA
3FF92
3FF62
3FF2C
3FEF1
3FEB2
3FE71
3FE2E
3FDED
3FDAE
3FD72
3FD3B
3FD0A
3FCE0
3FCBE
3FCA5
3FC95
3FC8F
3FC92
3FCA0
3FCB6
3FCD5
3FCFD
3FD2B
3FD60
3FD9A
3FDD7
3FE17
3FE58
3FE98
3FED7
3FF12
3FF49
3FF7B
3FFA6
3FFC9
3FFE4
3FFF6
3FFFF
3FFFF
3FFF6
3FFE3
3FFC9
3FFA6
3FF7D
3FF4D
3FF19
3FEE1
3FEA6
3FE6B
3FE2F
3FDF6
3FDBE
3FD8B
3FD5E
3FD36
3FD15
3FCFD
3FCEC
3FCE4
3FCE5
3FCEF
3FD01
3FD1B
3FD3D
3FD65
3FD94
3FDC7
3FDFE
3FE37
3FE72
3FEAC
3FEE6
3FF1C
3FF4F
3FF7E
3FFA6
3FFC8
3FFE2
3FFF5
3FFFF
00001
3FFFB
3FFEC
3FFD6
3FFB8
3FF94
3FF6A
3FF3B
3FF09
3FED4
3FE9D
3FE67
3FE31
3FDFE
3FDCE
3FDA3
3FD7D
3FD5E
3FD45
3FD34
3FD2A
3FD29
3FD30
3FD3E
3FD54
3FD72
3FD95
3FDBE
3FDEC
3FE1E
3FE52
3FE87
3FEBD
3FEF2
3FF25
3FF55
3FF81
3FFA7
3FFC8
3FFE2
3FFF5
00000
00004
00000
3FFF4
3FFE2
3FFC8
3FFA8
3FF82
3FF58
3FF2B
3FEFA
3FEC8
3FE96
3FE64
3FE34
3FE07
3FDDE
3FDBA
3FD9B
3FD82
3FD71
3FD66
3FD63
3FD67
3FD73
3FD85
3FD9E
3FDBE
3FDE2
3FE0C
3FE39
3FE68
3FE9A
3FECC
3FEFD
3FF2D
3FF5A
3FF83
3FFA8
3FFC8
3FFE2
3FFF5
00002
00007
00005
3FFFC
3FFEC
3FFD6
3FFBA
3FF98
3FF72
3FF49
3FF1C
3FEEE
3FEBF
3FE90
3FE63
3FE39
3FE11
3FDEE
3FDD0
3FDB7
3FDA5
3FD99
3FD94
3FD97
3FD9F
3FDAF
3FDC5
3FDE1
3FE02
3FE27
3FE50
3FE7C
3FEAA
3FED8
3FF06
3FF33
3FF5E
3FF86
3FFAA
3FFC9
3FFE2
3FFF6
00003
0000A
0000A
00004
3FFF7
3FFE3
3FFCA
3FFAC
3FF8A
3FF63
3FF3A
3FF0F
3FEE3
3FEB8
3FE8D
3FE64
3FE3E
3FE1C
3FDFF
3FDE6
3FDD3
3FDC6
3FDC0
3FDC0
3FDC7
3FDD4
3FDE7
3FDFF
3FE1D
3FE3F
3FE65
3FE8D
3FEB8
3FEE3
3FF0F
3FF39
3FF62
3FF88
3FFAB
3FFCA
3FFE3
3FFF7
00005
0000D
0000F
0000B
00000
3FFEF
3FFD9
3FFBE
3FF9F
3FF7B
3FF55
3FF2D
3FF04
3FEDB
3FEB2
3FE8B
3FE66
3FE45
3FE28
3FE0F
3FDFC
3FDEE
3FDE7
3FDE5
3FDEA
3FDF4
3FE04
3FE1A
3FE35
3FE54
3FE77
3FE9C
3FEC4
3FEED
3FF16
3FF3F
3FF66
3FF8B
3FFAD
3FFCA
3FFE4
3FFF8
00007
00011
00014
00011
00009
3FFFB
3FFE7
3FFCF
3FFB2
3FF92
3FF6E
3FF49
3FF22
3FEFB
3FED4
3FEAE
3FE8B
3FE6A
3FE4D
3FE35
3FE21
3FE12
3FE0A
3FE06
3FE09
3FE11
3FE1F
3FE32
3FE4A
3FE67
3FE87
3FEAA
3FECF
3FEF5
3FF1D
3FF43
3FF69
3FF8D
3FFAE
3FFCB
3FFE5
3FFFA
00009
00014
00019
00018
00011
00005
3FFF4
3FFDE
3FFC4
3FFA6
3FF85
3FF62
3FF3D
3FF18
3FEF2
3FECE
3FEAC
3FE8C
3FE6F
3FE57
3FE43
3FE33
3FE29
3FE24
3FE25
3FE2C
3FE37
3FE48
3FE5E
3FE78
3FE95
3FEB6
3FED9
3FEFD
3FF23
3FF48
3FF6C
3FF8F
3FFAF
3FFCC
3FFE6
3FFFB
0000B
00017
0001D
0001E
00019
0000F
00000
3FFEC
3FFD4
3FFB9
3FF9A
3FF79
3FF56
3FF33
3FF0F
3FEEC
3FECA
3FEAB
3FE8F
3FE76
3FE61
3FE51
3FE46
3FE40
3FE3F
3FE44
3FE4E
3FE5C
3FE70
3FE87
3FEA3
3FEC1
3FEE2
3FF04
3FF28
3FF4C
3FF6F
3FF90
3FFB0
3FFCD
3FFE7
3FFFC
0000D
0001A
00021
00023
00020
00018
0000B
3FFFA
3FFE4
3FFCA
3FFAE
3FF8E
3FF6E
3FF4C
3FF29
3FF07
3FEE7
3FEC8
3FEAC
3FE93
3FE7E
3FE6D
3FE61
3FE5A
3FE57
3FE5A
3FE62
3FE6F
3FE80
3FE96
3FEAF
3FECB
3FEEA
3FF0B
3FF2D
3FF4F
3FF71
3FF92
3FFB1
3FFCE
3FFE7
3FFFD
0000F
0001C
00025
00029
00027
00021
00016
00006
3FFF2
3FFDB
3FFC0
3FFA3
3FF83
3FF63
3FF42
3FF21
3FF01
3FEE3
3FEC7
3FEAE
3FE99
3FE87
3FE7A
3FE72
3FE6E
3FE6F
3FE75
3FE80
3FE8F
3FEA3
3FEBA
3FED5
3FEF2
3FF11
3FF31
3FF52
3FF73
3FF93
3FFB2
3FFCE
3FFE8
3FFFE
00011
0001F
00029
0002E
0002E
00029
00020
00012
00000
3FFEA
3FFD1
3FFB6
3FF98
3FF79
3FF59
3FF39
3FF1A
3FEFC
3FEE1
3FEC8
3FEB2
3FEA0
3FE92
3FE88
3FE83
3FE83
3FE87
3FE90
3FE9E
3FEAF
3FEC5
3FEDE
3FEF9
3FF16
3FF36
3FF55
3FF75
3FF95
3FFB3
3FFCF
3FFE9
3FFFF
00012
00021
0002C
00032
00034
00031
00029
0001D
0000D
3FFF9
3FFE2
3FFC8
3FFAB
3FF8E
3FF6F
3FF50
3FF32
3FF14
3FEF9
3FEE0
3FECA
3FEB7
3FEA8
3FE9D
3FE97
3FE95
3FE98
3FEA0
3FEAB
3FEBB
3FECF
3FEE6
3FF00
3FF1C
3FF39
3FF58
3FF77
3FF96
3FFB3
3FFCF
3FFE9
00000
00014
00023
0002F
00037
0003A
00038
00032
00028
00019
00007
3FFF1
3FFD9
3FFBE
3FFA1
3FF84
3FF66
3FF48
3FF2B
3FF10
3FEF7
3FEE0
3FECD
3FEBD
3FEB1
3FEAA
3FEA7
3FEA8
3FEAE
3FEB8
3FEC6
3FED8
3FEEE
3FF06
3FF21
3FF3D
3FF5B
3FF79
3FF97
3FFB4
3FFD0
3FFEA
00001
00015
00025
00032
0003B
0003F
0003F
0003A
00032
00025
00014
00000
3FFE9
3FFD0
3FFB4
3FF98
3FF7B
3FF5D
3FF41
3FF26
3FF0C
3FEF6
3FEE2
3FED1
3FEC5
3FEBC
3FEB8
3FEB8
3FEBC
3FEC5
3FED1
3FEE2
3FEF5
3FF0C
3FF25
3FF41
3FF5D
3FF7A
3FF98
3FFB5
3FFD0
3FFEA
00001
00016
00027
00035
0003F
00044
00045
00042
0003B
00030
00021
0000E
3FFF9
3FFE0
3FFC6
3FFAB
3FF8E
3FF72
3FF56
3FF3B
3FF21
3FF0A
3FEF6
3FEE5
3FED7
3FECE
3FEC8
3FEC7
3FEC9
3FED0
3FEDB
3FEEA
3FEFD
3FF12
3FF2A
3FF44
3FF5F
3FF7C
3FF99
3FFB5
3FFD0
3FFEA
00002
00017
00029
00037
00042
00049
0004B
0004A
00044
0003A
0002D
0001C
00007
3FFF1
3FFD8
3FFBD
3FFA1
3FF86
3FF6A
3FF4F
3FF36
3FF1E
3FF0A
3FEF8
3FEE9
3FEDF
3FED8
3FED5
3FED6
3FEDC
3FEE5
3FEF3
3FF04
3FF18
3FF2E
3FF47
3FF62
3FF7D
3FF99
3FFB5
3FFD0
3FFEA
00002
00018
0002A
0003A
00045
0004D
00051
00051
0004D
00044
00038
00028
00016
00000
3FFE8
3FFCF
3FFB4
3FF99
3FF7D
3FF63
3FF49
3FF32
3FF1C
3FF0A
3FEFB
3FEEF
3FEE7
3FEE3
3FEE3
3FEE7
3FEEF
3FEFB
3FF0B
3FF1D
3FF33
3FF4A
3FF64
3FF7F
3FF9A
3FFB6
3FFD0
3FFEA
00002
00018
0002C
0003C
00049
00052
00057
00058
00055
0004E
00043
00035
00023
0000F
3FFF8
3FFE0
3FFC6
3FFAB
3FF90
3FF76
3FF5C
3FF45
3FF2F
3FF1C
3FF0C
3FEFF
3FEF6
3FEF1
3FEEF
3FEF2
3FEF9
3FF03
3FF11
3FF23
3FF37
3FF4D
3FF66
3FF80
3FF9B
3FFB6
3FFD0
3FFEA
00003
00019
0002D
0003E
0004B
00055
0005C
0005E
0005C
00057
0004E
00041
00030
0001D
00008
3FFF0
3FFD7
3FFBD
3FFA2
3FF88
3FF6F
3FF57
3FF41
3FF2D
3FF1C
3FF0F
3FF04
3FEFE
3FEFB
3FEFD
3FF02
3FF0B
3FF18
3FF28
3FF3B
3FF50
3FF68
3FF81
3FF9B
3FFB6
3FFD0
3FFEA
00003
00019
0002E
0003F
0004E
00059
00061
00064
00064
00060
00058
0004C
0003D
0002B
00017
00000
3FFE8
3FFCE
3FFB4
3FF9A
3FF81
3FF69
3FF52
3FF3E
3FF2D
3FF1E
3FF13
3FF0B
3FF07
3FF07
3FF0B
3FF13
3FF1E
3FF2D
3FF3F
3FF53
3FF6A
3FF82
3FF9C
3FFB6
3FFD0
3FFEA
00003
0001A
0002F
00041
00050
0005C
00065
0006A
0006B
00068
00061
00057
00049
00039
00025
00010
3FFF8
3FFDF
3FFC6
3FFAC
3FF93
3FF7A
3FF64
3FF4F
3FF3D
3FF2D
3FF21
3FF18
3FF13
3FF12
3FF15
3FF1B
3FF25
3FF32
3FF43
3FF56
3FF6C
3FF84
3FF9C
3FFB6
3FFD0
3FFEA
00003
0001A
0002F
00042
00053
00060
00069
0006F
00072
00070
0006B
00062
00055
00046
00033
0001F
00008
3FFF0
3FFD7
3FFBD
3FFA4
3FF8C
3FF75
3FF5F
3FF4C
3FF3C
3FF2F
3FF25
3FF1F
3FF1C
3FF1E
3FF23
3FF2C
3FF38
3FF47
3FF59
3FF6E
3FF85
3FF9D
3FFB6
3FFD0
3FFE9
00002
0001A
00030
00044
00055
00063
0006D
00075
00078
00078
00074
0006C
00061
00053
00041
0002D
00018
00000
3FFE7
3FFCE
3FFB5
3FF9D
3FF85
3FF70
3FF5C
3FF4B
3FF3D
3FF32
3FF2B
3FF27
3FF27
3FF2B
3FF32
3FF3D
3FF4B
3FF5C
3FF70
3FF86
3FF9E
3FFB6
3FFD0
3FFE9
00002
0001A
00030
00045
00056
00065
00071
0007A
0007E
0007F
0007C
00076
0006C
0005F
0004F
0003C
00027
00010
3FFF8
3FFDF
3FFC6
3FFAE
3FF96
3FF80
3FF6C
3FF5A
3FF4B
3FF3F
3FF36
3FF31
3FF30
3FF33
3FF39
3FF43
3FF50
3FF60
3FF72
3FF87
3FF9E
3FFB7
3FFD0
3FFE9
00002
0001A
00031
00046
00058
00068
00075
0007E
00084
00086
00085
00080
00077
0006B
0005C
0004A
00036
00020
00008
3FFF0
3FFD7
3FFBE
3FFA6
3FF90
3FF7B
3FF69
3FF59
3FF4C
3FF42
3FF3C
3FF39
3FF3B
3FF40
3FF48
3FF54
3FF63
3FF75
3FF89
3FF9F
3FFB7
3FFCF
3FFE8
00001
0001A
00031
00046
0005A
0006A
00078
00083
0008A
0008D
0008D
00089
00082
00077
00069
00058
00045
0002F
00018
00000
3FFE7
3FFCF
3FFB7
3FFA0
3FF8A
3FF77
3FF66
3FF59
3FF4E
3FF47
3FF43
3FF43
3FF46
3FF4E
3FF58
3FF66
3FF77
3FF8A
3FFA0
3FFB7
3FFCF
3FFE8
00001
0001A
00031
00047
0005B
0006D
0007B
00087
0008F
00094
00095
00092
0008C
00082
00075
00066
00053
0003E
00028
00010
3FFF8
3FFDF
3FFC7
3FFB0
3FF9A
3FF86
3FF74
3FF66
3FF5A
3FF51
3FF4C
3FF4B
3FF4D
3FF53
3FF5D
3FF6A
3FF79
3FF8C
3FFA1
3FFB7
3FFCF
3FFE8
00001
00019
00031
00048
0005C
0006F
0007E
0008B
00094
0009A
0009D
0009B
00096
0008E
00082
00073
00061
0004D
00038
00020
00008
3FFF0
3FFD7
3FFC0
3FFA9
3FF95
3FF82
3FF73
3FF66
3FF5C
3FF56
3FF53
3FF55
3FF59
3FF62
3FF6D
3FF7C
3FF8E
3FFA2
3FFB8
3FFCF
3FFE7
00000
00019
00031
00048
0005D
00071
00081
0008F
0009A
000A1
000A4
000A4
000A0
00099
0008E
00080
00070
0005C
00047
00030
00018
00000
3FFE8
3FFD0
3FFB9
3FFA4
3FF90
3FF80
3FF72
3FF67
3FF60
3FF5C
3FF5C
3FF5F
3FF66
3FF71
3FF7F
3FF8F
3FFA3
3FFB8
3FFCF
3FFE7
00000
00019
00031
00048
0005E
00072
00084
00093
0009E
000A7
000AB
000AD
000AA
000A4
0009A
0008D
0007E
0006B
00057
00040
00029
00010
3FFF8
3FFE0
3FFC8
3FFB3
3FF9F
3FF8D
3FF7E
3FF72
3FF6A
3FF65
3FF63
3FF66
3FF6C
3FF75
3FF82
3FF91
3FFA4
3FFB8
3FFCF
3FFE7
3FFFF
00018
00031
00049
0005F
00074
00087
00096
000A3
000AD
000B3
000B5
000B4
000AF
000A6
0009A
0008C
0007A
00066
00050
00039
00021
00008
3FFF0
3FFD8
3FFC2
3FFAD
3FF9A
3FF8B
3FF7E
3FF74
3FF6E
3FF6B
3FF6C
3FF71
3FF79
3FF85
3FF93
3FFA5
3FFB9
3FFCF
3FFE6
3FFFF
00018
00031
00049
00060
00076
00089
0009A
000A8
000B2
000BA
000BD
000BD
000B9
000B2
000A7
0009A
00089
00076
00060
00049
00031
00019
00000
3FFE8
3FFD1
3FFBB
3FFA8
3FF97
3FF89
3FF7E
3FF77
3FF73
3FF73
3FF76
3FF7D
3FF88
3FF96
3FFA6
3FFBA
3FFCF
3FFE6
3FFFF
00018
00031
00049
00061
00077
0008B
0009D
000AC
000B8
000C0
000C5
000C7
000C4
000BE
000B4
000A7
00097
00085
00070
0005A
00042
00029
00010
3FFF8
3FFE0
3FFCA
3FFB6
3FFA4
3FF95
3FF89
3FF80
3FF7B
3FF7A
3FF7C
3FF82
3FF8B
3FF98
3FFA8
3FFBA
3FFCF
3FFE6
3FFFE
00017
00030
00049
00062
00079
0008E
000A0
000B0
000BD
000C7
000CD
000D0
000CF
000CA
000C1
000B5
000A6
00094
00080
0006A
00052
0003A
00021
00008
3FFF0
3FFD9
3FFC4
3FFB1
3FFA1
3FF94
3FF8A
3FF84
3FF81
3FF82
3FF86
3FF8F
3FF9B
3FFAA
3FFBB
3FFD0
3FFE6
3FFFE
00017
00030
0004A
00062
0007A
00090
000A4
000B5
000C3
000CE
000D5
000D9
000D9
000D5
000CE
000C3
000B5
000A4
00090
0007B
00063
0004B
00032
00019
00000
3FFE8
3FFD3
3FFBF
3FFAD
3FF9F
3FF94
3FF8C
3FF88
3FF88
3FF8B
3FF93
3FF9D
3FFAB
3FFBC
3FFD0
3FFE6
3FFFE
00017
00030
0004A
00063
0007B
00092
000A7
000B9
000C8
000D4
000DD
000E2
000E4
000E1
000DB
000D1
000C4
000B4
000A1
0008B
00074
0005C
00043
00029
00010
3FFF8
3FFE1
3FFCD
3FFBA
3FFAB
3FF9E
3FF95
3FF90
3FF8E
3FF91
3FF97
3FFA0
3FFAD
3FFBE
3FFD1
3FFE6
3FFFD
00016
00030
0004A
00064
0007C
00094
000AA
000BD
000CE
000DB
000E5
000EB
000EE
000ED
000E8
000DF
000D3
000C3
000B1
0009C
00086
0006D
00054
0003A
00021
00008
3FFF0
3FFDB
3FFC7
3FFB7
3FFA9
3FF9F
3FF98
3FF95
3FF96
3FF9B
3FFA4
3FFB0
3FFBF
3FFD1
3FFE6
3FFFD
00016
00030
0004A
00064
0007E
00096
000AD
000C1
000D3
000E2
000ED
000F5
000F9
000F9
000F5
000ED
000E2
000D3
000C2
000AE
00097
0007F
00066
0004C
00032
00018
00000
3FFE9
3FFD5
3FFC3
3FFB4
3FFA8
3FFA0
3FF9C
3FF9C
3FF9F
3FFA7
3FFB2
3FFC1
3FFD2
3FFE7
3FFFD
00016
00030
0004A
00065
0007F
00098
000B0
000C5
000D8
000E8
000F5
000FE
00103
00105
00102
000FC
000F1
000E4
000D3
000BF
000A9
00091
00078
0005E
00043
00029
00010
3FFF8
3FFE3
3FFD0
3FFBF
3FFB2
3FFA9
3FFA4
3FFA2
3FFA4
3FFAB
3FFB5
3FFC2
3FFD3
3FFE7
3FFFD
00016
00030
0004A
00065
00080
0009A
000B3
000C9
000DD
000EF
000FD
00107
0010E
00111
0010F
0010A
00101
000F4
000E4
000D1
000BB
000A4
0008A
00070
00055
0003A
00020
00008
3FFF1
3FFDD
3FFCB
3FFBD
3FFB2
3FFAB
3FFA8
3FFA9
3FFAE
3FFB7
3FFC4
3FFD4
3FFE8
3FFFE
00016
00030
0004A
00066
00081
0009C
000B6
000CD
000E3
000F5
00105
00111
00119
0011D
0011D
00119
00111
00105
000F6
000E4
000CE
000B7
0009D
00083
00067
0004C
00031
00018
00000
3FFEA
3FFD8
3FFC8
3FFBC
3FFB3
3FFAF
3FFAF
3FFB3
3FFBB
3FFC6
3FFD6
3FFE8
3FFFE
00016
00030
0004B
00067
00083
0009E
000B9
000D2
000E8
000FC
0010D
0011B
00124
0012A
0012B
00128
00121
00117
00108
000F6
000E2
000CA
000B1
00096
0007A
0005F
00043
00028
0000F
3FFF9
3FFE4
3FFD3
3FFC6
3FFBC
3FFB6
3FFB5
3FFB7
3FFBE
3FFC9
3FFD7
3FFE9
3FFFE
00016
00030
0004B
00067
00084
000A1
000BC
000D6
000EE
00103
00116
00125
00130
00137
00139
00138
00132
00129
0011B
0010A
000F6
000DF
000C5
000AA
0008E
00072
00055
0003A
00020
00007
3FFF2
3FFDF
3FFD0
3FFC5
3FFBE
3FFBB
3FFBC
3FFC1
3FFCB
3FFD9
3FFEA
3FFFF
00016
00030
0004B
00068
00086
000A3
000BF
000DB
000F4
0010B
0011E
0012F
0013B
00144
00148
00148
00144
0013B
0012F
0011E
0010A
000F4
000DA
000BF
000A3
00085
00068
0004C
00030
00017
00000
3FFEC
3FFDB
3FFCE
3FFC6
3FFC1
3FFC1
3FFC5
3FFCE
3FFDB
3FFEB
3FFFF
00016
00030
0004C
00069
00087
000A5
000C3
000DF
000FA
00112
00128
0013A
00148
00152
00158
00159
00156
0014F
00143
00133
00120
00109
000F0
000D5
000B8
0009A
0007C
0005F
00042
00027
0000F
3FFF9
3FFE7
3FFD8
3FFCE
3FFC8
3FFC6
3FFC9
3FFD1
3FFDD
3FFEC
00000
00017
00031
0004D
0006A
00089
000A8
000C7
000E4
00100
0011A
00131
00145
00155
00160
00168
0016B
00169
00163
00158
00149
00136
00120
00107
000EC
000CE
000B0
00091
00072
00055
00038
0001E
00007
3FFF3
3FFE3
3FFD7
3FFCF
3FFCC
3FFCE
3FFD4
3FFDF
3FFEE
00001
00017
00031
0004D
0006B
0008B
000AB
000CA
000EA
00107
00122
0013B
00151
00162
00170
00179
0017D
0017D
00178
0016E
00160
0014E
00138
0011F
00104
000E6
000C7
000A7
00087
00068
0004A
0002F
00016
00000
3FFEE
3FFE0
3FFD7
3FFD2
3FFD2
3FFD7
3FFE1
3FFEF
00002
00018
00032
0004E
0006D
0008D
000AE
000CF
000EF
0010E
0012B
00146
0015D
00171
00180
0018B
00191
00192
0018E
00186
00179
00167
00152
00139
0011D
000FF
000DF
000BE
0009D
0007D
0005D
00040
00025
0000E
3FFFA
3FFEA
3FFDF
3FFD9
3FFD7
3FFDB
3FFE4
3FFF1
00003
00019
00032
0004F
0006E
0008F
000B1
000D3
000F5
00116
00135
00151
0016A
00180
00191
0019E
001A6
001A9
001A6
0019F
00193
00182
0016D
00154
00138
00119
000F9
000D7
000B4
00092
00072
00052
00036
0001C
00006
3FFF5
3FFE8
3FFE0
3FFDD
3FFDF
3FFE6
3FFF3
00004
00019
00033
00050
00070
00091
000B4
000D8
000FC
0011E
0013F
0015D
00179
00190
001A4
001B2
001BC
001C1
001C0
001BA
001AF
0019F
0018A
00171
00155
00136
00114
000F1
000CD
000AA
00087
00066
00047
0002C
00014
00000
3FFF1
3FFE7
3FFE2
3FFE3
3FFE9
3FFF5
00005
0001A
00034
00051
00071
00094
000B8
000DD
00103
00127
0014A
0016B
00188
001A2
001B8
001C9
001D4
001DB
001DC
001D7
001CD
001BD
001A9
00191
00174
00154
00132
0010E
000E8
000C3
0009E
0007B
0005A
0003C
00022
0000C
3FFFB
3FFEF
3FFE8
3FFE7
3FFEC
3FFF7
00006
0001B
00035
00052
00073
00097
000BD
000E3
0010B
00131
00156
00179
00199
001B6
001CE
001E1
001EF
001F7
001FA
001F6
001EE
001DF
001CB
001B3
00196
00175
00152
0012C
00105
000DE
000B7
00092
0006E
0004E
00031
00019
00005
3FFF7
3FFEF
3FFEC
3FFEF
3FFF9
00008
0001C
00036
00053
00075
0009A
000C1
000EA
00113
0013C
00164
00189
001AC
001CB
001E6
001FC
0020C
00216
0021B
00219
00212
00204
001F1
001D8
001BB
0019A
00175
0014E
00125
000FC
000D3
000AB
00085
00061
00042
00027
00011
00000
3FFF5
3FFF1
3FFF3
3FFFB
00009
0001D
00036
00055
00078
0009E
000C7
000F1
0011D
00148
00173
0019B
001C1
001E3
00201
00219
0022C
00239
00240
00240
0023A
0022D
0021A
00201
001E4
001C2
0019C
00173
00148
0011D
000F1
000C6
0009D
00076
00054
00036
0001D
00009
3FFFC
3FFF6
3FFF6
3FFFD
0000A
0001E
00037
00056
0007A
000A2
000CD
000FA
00128
00156
00184
001B0
001D9
001FE
0021F
0023B
00251
00261
00269
0026C
00267
0025B
00249
00230
00212
001EF
001C7
0019D
00170
00141
00112
000E4
000B7
0008E
00068
00046
0002A
00014
00004
3FFFB
3FFF9
3FFFE
0000B
0001E
00038
00058
0007D
000A6
000D3
00103
00134
00166
00198
001C7
001F4
0021E
00242
00262
0027B
0028D
00299
0029D
0029A
0028F
0027E
00265
00246
00222
001F9
001CC
0019C
0016A
00138
00106
000D5
000A8
0007E
00058
00038
0001E
0000C
00000
3FFFC
00000
0000B
0001E
00038
00059
0007F
000AB
000DB
0010E
00143
00179
001AE
001E2
00214
00242
0026B
0028E
002AC
002C2
002D0
002D7
002D6
002CC
002BB
002A2
00283
0025D
00232
00202
001CF
00199
00163
0012C
000F7
000C5
00096
0006C
00048
0002A
00014
00005
3FFFF
00001
0000B
0001E
00038
0005A
00082
000B1
000E4
0011A
00154
0018E
001C9
00202
00239
0026C
0029B
002C3
002E5
002FF
00311
0031B
0031C
00314
00303
002EB
002CA
002A2
00275
00242
0020A
001D1
00195
0015A
0011F
000E7
000B3
00083
0005A
00037
0001D
0000A
00001
00001
0000A
0001C
00037
0005A
00085
000B7
000EE
00129
00168
001A8
001E9
00229
00266
002A0
002D5
00303
0032B
0034A
00360
0036E
00371
0036B
0035B
00342
00320
002F6
002C5
0028E
00252
00213
001D2
0018F
0014E
0010F
000D4
0009E
0006E
00046
00026
0000F
00003
00000
00008
00019
00035
0005A
00088
000BD
000F9
0013B
00180
001C8
00210
00258
0029E
002E0
0031C
00353
00381
003A7
003C3
003D4
003DB
003D7
003C8
003AF
0038C
0035F
0032A
002EE
002AC
00266
0021D
001D2
00188
00141
000FD
000BE
00087
00057
00031
00015
00003
3FFFD
00003
00015
00031
00059
0008A
000C5
00107
00150
0019E
001EF
00242
00294
002E5
00331
00378
003B8
003F0
0041E
00441
00459
00464
00463
00456
0043C
00417
003E7
003AD
0036A
00321
002D1
0027E
00229
001D4
00181
00132
000E8
000A6
0006D
0003E
0001A
00003
3FFF9
3FFFC
0000D
0002B
00055
0008C
000CD
00119
0016C
001C5
00223
00283
002E4
00343
0039E
003F3
00441
00486
004BF
004ED
0050D
0051F
00522
00517
004FE
004D6
004A2
00461
00416
003C2
00366
00306
002A2
0023E
001DB
0017C
00123
000D2
0008B
00050
00021
00002
3FFF1
3FFF1
00000
0001F
0004E
0008C
000D7
0012E
00190
001FA
0026A
002DE
00353
003C8
00438
004A3
00505
0055D
005A8
005E5
00613
0062F
0063B
00634
0061C
005F3
005B9
00570
00519
004B6
0044A
003D6
0035D
002E2
00268
001F2
00181
0011A
000BD
0006F
00030
00002
3FFE7
3FFE0
3FFEC
0000D
00042
00089
000E2
0014C
001C4
00247
002D4
00367
003FD
00494
00528
005B6
0063B
006B3
0071E
00777
007BD
007EE
00809
0080E
007FB
007D2
00793
0073F
006D8
00660
005DA
00548
004AE
0040F
0036E
002D0
00238
001AA
00128
000B7
0005A
00012
3FFE2
3FFCB
3FFD0
3FFEF
0002A
00080
000EF
00175
00211
002BF
0037C
00445
00514
005E5
006B5
0077D
00839
008E5
0097C
009F8
00A57
00A92
00AA8
00A94
00A52
009E0
00938
00857
00733
005C2
003ED
0018A
3FE3C
3F911
3EE34
3E5A8
073E1
044B5
0BEC7
30D42
09F53
3E57E
36144
009AB
3872F
0A2F2
09316
3DAE2
0480C
041CC
00E37
350E9
3E3A3
01AB3
3ADC6
3F62B
071B6
36216
3D70D
0DFE9
3F1E4
08724
3E9CE
0C9C7
3CFBD
36C30
04342
0D77C
046E8
321CF
3F2D6
1A5A0
3C393
00836
311B9
28008
3CFDA
00264
07171
0181E
0293D
11B63
3752D
0945E
3C6D3
003D8
2B4C8
0CA3F
3AAE0
35152
32F3B
0E189
3F7E7
11566
0E8CE
0122F
3EE11
3AC14
2CEDF
3DAFB
37580
02214
0D979
08FFE
077C7
0D6C0
2E598
001ED
0EEB0
001DD
0029A
31288
3E73A
04075
382B5
00795
3C341
37298
34F5A
3DFD8
3F023
06A1D
0F007
3BF53
04947
064FB
13FDD
080C5
37E05
35C37
20FA5
37D01
149E0
3A8BB
3EF6D
14B3F
365AB
025AA
02049
3FB9F
01840
07C1B
03F62
3CFA8
02460
3FDFD
38525
0FC78
0CAFA
0AD5B
35CC0
37562
0250C
0A2CE
3B7D1
2F462
0CB7C
02885
39AB6
307E3
3E3A5
33E16
356DC
0442C
32EC5
358B9
0B36D
13DDC
39642
3F49D
3587D
08E6C
007FE
0A0AA
0A47D
34A2B
0715E
3F8CA
3F018
061DA
005D2
3FCAD
3E9B6
07ED1
0AEE6
08703
0C016
0D1E6
0EFF5
3E394
078C1
3E279
3CFAE
323B8
36E20
39D7E
3D403
31DF3
32422
3A607
0887D
26ECE
01898
034D4
08838
046AA
3D6A6
0B18D
058F0
323B8
1F9F9
3F469
34B8E
3F153
00A97
3407F
3F6B2
37829
3A92A
3E36A
03381
33A6D
16B89
31D98
36B12
3ECE7
37988
0AD59
3D3CE
0E55B
02E66
30FC6
3EDEA
06501
30E32
07AC7
02FC8
125EF
011E0
3D025
35E2D
11B3B
13321
372EC
0E449
00620
07820
09982
3C366
018BC
053B7
09CC1
35E40
33058
100D1
31CED
03FA5
0180D
3AAE1
0FF7E
332DE
39F25
0BDF3
0CB8F
04CBF
3D676
346E1
05245
37177
3F975
3D36A
33115
3DF4A
36E84
2D2E1
3E034
05E64
0F4EC
066BA
0B8EF
3ED7C
3016A
0610D
032F3
39DAB
024B6
3A086
36D30
0340D
3F1BB
3FA91
2FB1A
08535
0D0EE
34E3E
03AD7
050D6
34A4D
0197D
0B077
36B16
3AF8A
0CB53
0472A
3AA25
012CC
046C9
3EE62
122DB
07AD0
0DB14
0299A
3C202
3363E
2E81A
3B0E1
03359
36874
05F7A
00547
01647
04B83
3B68A
3E8D4
39F68
39598
16922
3ED15
0221D
136FE
009BF
01FF7
3AFF6
398A5
07D28
007B1
057FC
0BFF5
0E413
06479
3D8C1
37764
38CC0
03D1F
2AC24
0EA65
04DA5
35C50
309FA
0C7BB
03534
03D39
033F5
3F53A
2F2A5
01D70
0FC20
3B71A
3D806
39892
2DF33
34B41
00881
09DB5
12BB7
32ACA
0A530
07BCF
0E542
3515C
37B5F
04398
04463
03AC5
27F5B
02A75
36DB1
3DD6D
3E313
347C7
09AAE
3A783
04A07
0769E
0AAE1
06F02
2A675
04D26
07B61
06319
3DD06
01898
12A94
3D165
181F4
31F7C
3938E
32F8E
3F26B
3CF60
3DC7A
3D071
09985
3CDCB
388F4
3D0F6
1497B
030CE
3D7B6
089ED
3A1BA
3BA82
3E1B2
06D30
00465
363FB
16EDF
027C2
3651F
3A53A
05179
064CF
00957
140F3
3EFDE
015D2
38875
15832
357B5
3D06C
08331
3F81B
020D8
00FC7
3E4A7
317BB
12CEA
03981
0627C
07F78
36F26
2F9D8
3DC41
390E4
3C2F4
06370
378D6
36CE5
2E78D
3FD05
34BDB
038C6
0F1D0
034B0
3CE02
0B92C
18C3D
3898B
0B876
38223
05824
0053C
014A1
0030D
3EBF4
3D58E
04353
047D7
363DA
050A0
2DA5A
3C570
3D1B3
01042
07740
02244
3FCAA
3DC63
042C2
3723A
3EE39
04731
3E055
0C712
3BC02
0959C
06277
31A5F
3016B
0D7FD
0CA4E
0E177
05526
3FA70
39485
018F4
386CC
0168F
15F1B
3B1D7
07184
06700
31CD7
07F90
00DE2
089F3
0AC5C
01ED2
37D90
0363C
06D28
12723
001E4
38071
3E528
01B75
05328
11163
0542E
3B5AD
07F97
0C089
3A790
33A22
06C54
3E60A
36215
3C1C7
3BB02
3B42E
1267A
283A4
02EA2
07E8C
110CC
0C6CA
15124
0B707
0120C
0E75C
30AAF
123F4
04698
0FE28
01856
3811B
2DA20
38B26
0D868
3A25B
00B98
10952
04D35
3B02C
37270
0E188
32B22
13132
00000
3DC4B
31212
351E4
37F26
3E489
01843
122EE
0B0ED
37FA2
02B9A
00693
09C01
09E6E
3837F
3C747
3DB7F
02B2A
3D636
309B6
3E6C6
39CF8
033AF
01FB6
08541
36B4A
3C93C
35B14
3AD73
01965
01196
3A1F0
34E43
2CAB8
3660A
0A3AD
3F3EC
32B34
3E08A
07D9F
38F17
130C6
00C4D
05412
03725
012DA
36A9F
3ED3D
018A5
3FDF6
317A2
39862
028B6
2E743
34F15
36F4E
3C9CE
041C9
365AB
3ABFE
35AAC
128C4
0A722
003E1
3E2C2
34CC4
34F7F
30694
3BEA8
059F9
055E1
083D3
0D886
09FF8
03877
04A06
3B125
3A707
3A840
09DF2
040B1
3DCD9
2B780
0817C
05F18
3CEC8
31CEE
37D98
0144E
0808F
05DCA
2F5CF
3834B
06AA2
09FFD
03C61
06672
026CD
38DDC
113F1
39218
3F2BB
3BD9A
3D1D7
3A9A5
36B0F
0C38D
31CBE
07F48
095C7
38664
3B3DE
3AF2C
3A290
0BF90
08B41
3BBD3
04D64
0014C
3B3E4
38A8A
02ED3
38BAC
3BC8F
3AF33
0457F
03DC0
04725
32452
003A8
3C8BE
0CB0C
00967
02248
05FB0
3AC7A
3AC52
3A4A7
183DF
397E2
3CD5D
078E2
3DC0F
023F2
3DB42
3D848
37D20
3F662
3FA00
3A381
3E136
09C82
08C8C
3388F
33D8E
06DE4
396B9
3EB4D
0419A
3A87F
3C07D
3415D
3D1B2
05D5E
0B801
0284E
3F2F2
3C6A1
3B2C2
3FBDA
01480
35659
39BCB
3276B
0ACAF
37A70
03530
3C1AD
38000
095EA
06C11
06D2E
34B8F
3518D
397C5
076E7
0121C
14EAB
07737
0A8C6
0239B
035B5
33CF2
02812
02716
05557
0D348
3960C
37391
0F834
079D3
2EA3C
0BFB7
04A8D
03B8F
3F8E8
3B77C
06EC9
360F5
368F6
00235
3C7FE
2FB42
3BC47
3A6CD
02AC6
3CA77
3AA7A
3C67D
08BAF
3A25F
091AC
0328C
01DDB
09663
02A97
0E713
33CA4
060DC
3649F
0B0C6
02A7D
31FA8
047BC
3382E
3840B
3B874
2FF47
08331
347F1
03494
067BE
3CAD7
396AF
321A9
3AA04
07A2E
0A934
088C8
3EA82
0207F
36CD4
3FAF3
042D4
3F310
0456C
3C09A
3C783
3D68E
04B26
030CD
057FF
06E1B
360CD
3C8E9
01158
380BE
022EB
0B726
3E465
04717
0D5DE
0940D
01A76
3372B
15C6F
03038
34835
01C76
3A39E
3A08C
02CB9
3F9A4
3B43E
392B5
316E7
363E5
01031
3EC74
3E396
09525
0213B
065FC
3E0EE
04AD8
018E0
36FEE
3CD25
0B16C
08BDC
060FD
3FD1F
0643D
01FCD
00A93
35669
0DDE8
0816D
2F78E
0191B
3DE8F
00FD3
2F8AB
3CA34
36727
3EF6A
3B285
01D9F
063DC
3FDC6
356B3
01B5E
04D2A
3D8A0
396DD
2F919
354B1
3DE65
07C9D
395C2
0DF83
0761E
02433
3E6C3
04E2C
3FB00
3E3EE
01D36
00CBE
3E1EB
3FD7B
01A0E
02126
074D8
3E7F6
011F8
04089
3F4F5
02AD9
394DD
3FFE9
00746
00528
030BD
3E537
074FC
3784E
3F731
08E98
027FE
381B5
00266
00245
03587
0C86D
36B53
0654D
3AA3E
01943
0022F
3EF8F
3A337
339A4
08A06
3F33B
3A730
3DFCD
07C65
3D9CD
37DF8
02604
3F069
3BDE0
00006
03017
3E181
046CD
040AF
36C3E
3F1DA
008EB
07B28
3A7D4
346C1
3AA72
07A4F
08F9F
35719
08CD0
036D5
01314
3DA59
00CEF
3DDBB
3DA85
39302
03A3F
3F64B
3C62D
109EF
039AF
07D38
39DB8
1055D
34FF1
3C9D0
3B42E
0A7BE
37F29
3E3F4
37C00
374C9
2B57E
3D32E
02A9A
0C398
3B2E0
06595
026BD
0430D
3D93F
364BC
3DCC1
0DA24
3FD23
019E4
3E1B7
3E4B3
0916E
3CB63
3C5D0
39938
092FB
090FD
3484C
3DEEA
012A1
0345C
04EA5
36B19
02DC5
3FBD3
097CF
39A24
07CD0
0372F
38A35
3AEC7
3805C
3F754
30899
03689
078BB
3E7F2
119B0
3FBEF
3E476
0B979
00371
0838D
3F391
30139
03219
3BF75
381A4
34C0B
05FB7
00E0A
3DB0D
3D8AE
38500
3D76B
0141B
019E1
0A575
3F971
07057
379A0
03DB8
3D677
3D623
3B0DA
0A3E8
39CD8
05C87
09983
023CC
075E7
378D7
3B313
0405E
39B0B
3A07E
00555
052BA
3DBBF
00E16
0488E
079F8
3AC64
006A2
3682D
3A2E5
37C0D
05F43
3541E
0053F
00AF5
3A4D6
01F57
044A3
36DEE
03504
3CDE6
019DE
00B93
0062D
002BE
00028
3FE10
3FC52
3FADD
3F9A6
3F8A9
3F7E1
3F74B
3F6E5
3F6AD
3F69E
3F6B7
3F6F3
3F750
3F7C8
3F857
3F8FA
3F9AB
3FA67
3FB28
3FBEA
3FCA9
3FD61
3FE0F
3FEAE
3FF3D
3FFB9
00020
00070
000AA
000CC
000D6
000CA
000A9
00073
0002C
3FFD5
3FF71
3FF03
3FE8D
3FE13
3FD97
3FD1D
3FCA8
3FC39
3FBD4
3FB7B
3FB2F
3FAF2
3FAC5
3FAA9
3FA9F
3FAA5
3FABD
3FAE5
3FB1C
3FB60
3FBB0
3FC09
3FC6B
3FCD2
3FD3C
3FDA7
3FE10
3FE76
3FED5
3FF2C
3FF79
3FFBC
3FFF1
00019
00033
0003E
0003B
0002A
0000B
3FFE0
3FFAA
3FF69
3FF20
3FED1
3FE7E
3FE27
3FDD0
3FD7B
3FD29
3FCDD
3FC97
3FC5A
3FC26
3FBFE
3FBE1
3FBD1
3FBCD
3FBD6
3FBEB
3FC0B
3FC37
3FC6C
3FCAA
3FCF0
3FD3A
3FD89
3FDDA
3FE2B
3FE7B
3FEC7
3FF0F
3FF51
3FF8B
3FFBC
3FFE3
00000
00012
00018
00013
00004
3FFE9
3FFC5
3FF98
3FF63
3FF28
3FEE8
3FEA4
3FE5E
3FE18
3FDD3
3FD91
3FD53
3FD1A
3FCE9
3FCC0
3FC9F
3FC88
3FC7B
3FC79
3FC80
3FC92
3FCAD
3FCD1
3FCFE
3FD31
3FD6A
3FDA8
3FDE9
3FE2C
3FE70
3FEB2
3FEF1
3FF2D
3FF64
3FF94
3FFBD
3FFDD
3FFF5
00004
00009
00005
3FFF7
3FFE1
3FFC2
3FF9C
3FF6F
3FF3C
3FF06
3FECC
3FE90
3FE54
3FE19
3FDE0
3FDAB
3FD7B
3FD50
3FD2C
3FD10
3FCFC
3FCF0
3FCED
3FCF3
3FD02
3FD19
3FD37
3FD5D
3FD89
3FDBA
3FDEF
3FE27
3FE61
3FE9B
3FED5
3FF0C
3FF40
3FF70
3FF9A
3FFBE
3FFDB
3FFF0
3FFFD
00002
3FFFF
3FFF4
3FFE1
3FFC7
3FFA6
3FF7F
3FF53
3FF23
3FEF0
3FEBC
3FE87
3FE53
3FE20
3FDF1
3FDC6
3FDA0
3FD7F
3FD65
3FD53
3FD47
3FD44
3FD48
3FD54
3FD67
3FD82
3FDA2
3FDC8
3FDF3
3FE22
3FE53
3FE87
3FEBA
3FEED
3FF1F
3FF4D
3FF78
3FF9E
3FFBF
3FFDA
3FFEE
3FFFA
00000
3FFFE
3FFF5
3FFE5
3FFCE
3FFB1
3FF8F
3FF68
3FF3E
3FF10
3FEE2
3FEB2
3FE83
3FE55
3FE2A
3FE03
3FDE0
3FDC2
3FDA9
3FD97
3FD8C
3FD88
3FD8A
3FD94
3FDA4
3FDBB
3FDD7
3FDF9
3FE1F
3FE49
3FE75
3FEA3
3FED2
3FF00
3FF2D
3FF58
3FF7F
3FFA2
3FFC1
3FFDA
3FFED
3FFFA
00000
3FFFF
3FFF8
3FFEA
3FFD6
3FFBD
3FF9F
3FF7C
3FF56
3FF2D
3FF03
3FED7
3FEAC
3FE82
3FE5B
3FE36
3FE15
3FDF9
3FDE1
3FDD0
3FDC4
3FDBF
3FDC0
3FDC8
3FDD5
3FDE9
3FE02
3FE20
3FE42
3FE67
3FE90
3FEB9
3FEE4
3FF0F
3FF38
3FF60
3FF84
3FFA5
3FFC2
3FFDA
3FFED
3FFFA
00000
00001
3FFFC
3FFF0
3FFDF
3FFC9
3FFAE
3FF8F
3FF6C
3FF47
3FF20
3FEF8
3FED0
3FEA9
3FE84
3FE62
3FE42
3FE27
3FE11
3FDFF
3FDF4
3FDED
3FDED
3FDF3
3FDFE
3FE0F
3FE25
3FE40
3FE5F
3FE81
3FEA5
3FECC
3FEF3
3FF1A
3FF41
3FF66
3FF89
3FFA8
3FFC4
3FFDB
3FFED
3FFFA
00002
00004
00000
3FFF7
3FFE8
3FFD4
3FFBC
3FFA0
3FF80
3FF5E
3FF3A
3FF15
3FEF0
3FECC
3FEA9
3FE88
3FE6A
3FE50
3FE3A
3FE28
3FE1C
3FE15
3FE14
3FE18
3FE21
3FE30
3FE43
3FE5B
3FE77
3FE96
3FEB7
3FEDB
3FEFF
3FF24
3FF49
3FF6C
3FF8D
3FFAB
3FFC5
3FFDC
3FFEE
3FFFC
00004
00007
00004
3FFFD
3FFF0
3FFDF
3FFC9
3FFB0
3FF93
3FF73
3FF52
3FF30
3FF0D
3FEEA
3FEC9
3FEAA
3FE8D
3FE74
3FE5E
3FE4D
3FE40
3FE38
3FE35
3FE38
3FE3F
3FE4C
3FE5D
3FE72
3FE8C
3FEA8
3FEC7
3FEE8
3FF0A
3FF2D
3FF4F
3FF70
3FF90
3FFAD
3FFC7
3FFDD
3FFEF
3FFFD
00006
0000A
00009
00003
3FFF8
3FFE9
3FFD6
3FFBE
3FFA4
3FF87
3FF68
3FF48
3FF27
3FF06
3FEE6
3FEC8
3FEAD
3FE94
3FE7E
3FE6D
3FE60
3FE57
3FE53
3FE54
3FE5A
3FE65
3FE74
3FE87
3FE9E
3FEB8
3FED5
3FEF3
3FF13
3FF34
3FF54
3FF74
3FF92
3FFAE
3FFC8
3FFDE
3FFF0
3FFFE
00008
0000D
0000D
00009
00000
3FFF3
3FFE1
3FFCC
3FFB4
3FF99
3FF7C
3FF5E
3FF3E
3FF1F
3FF01
3FEE4
3FEC9
3FEB1
3FE9B
3FE8A
3FE7C
3FE73
3FE6E
3FE6E
3FE72
3FE7B
3FE88
3FE99
3FEAE
3FEC6
3FEE0
3FEFD
3FF1B
3FF3A
3FF59
3FF78
3FF95
3FFB0
3FFC9
3FFDF
3FFF1
00000
0000A
00010
00012
0000F
00007
3FFFC
3FFEC
3FFD9
3FFC3
3FFAA
3FF8E
3FF72
3FF54
3FF37
3FF1A
3FEFE
3FEE3
3FECB
3FEB6
3FEA4
3FE96
3FE8C
3FE86
3FE85
3FE87
3FE8F
3FE9A
3FEA9
3FEBC
3FED2
3FEEB
3FF06
3FF22
3FF40
3FF5D
3FF7A
3FF97
3FFB1
3FFCA
3FFDF
3FFF2
00001
0000C
00013
00016
00014
0000E
00004
3FFF6
3FFE5
3FFD0
3FFB9
3FFA0
3FF85
3FF69
3FF4C
3FF30
3FF15
3FEFB
3FEE4
3FECF
3FEBD
3FEAE
3FEA3
3FE9C
3FE9A
3FE9B
3FEA1
3FEAB
3FEB8
3FEC9
3FEDE
3FEF5
3FF0E
3FF29
3FF44
3FF61
3FF7D
3FF98
3FFB2
3FFCA
3FFE0
3FFF3
00002
0000E
00016
00019
00019
00015
0000C
00000
3FFF0
3FFDD
3FFC8
3FFB0
3FF96
3FF7C
3FF61
3FF45
3FF2B
3FF12
3FEFA
3FEE5
3FED3
3FEC4
3FEB9
3FEB1
3FEAD
3FEAD
3FEB2
3FEBA
3FEC6
3FED5
3FEE8
3FEFD
3FF15
3FF2E
3FF49
3FF64
3FF7F
3FF9A
3FFB3
3FFCB
3FFE1
3FFF3
00003
00010
00018
0001D
0001E
0001B
00014
00009
3FFFB
3FFEA
3FFD6
3FFBF
3FFA7
3FF8E
3FF74
3FF59
3FF40
3FF27
3FF10
3FEFB
3FEE8
3FED9
3FECD
3FEC4
3FEBF
3FEBE
3FEC1
3FEC8
3FED3
3FEE1
3FEF2
3FF05
3FF1C
3FF34
3FF4D
3FF67
3FF81
3FF9B
3FFB4
3FFCB
3FFE1
3FFF4
00004
00011
0001B
00020
00022
00020
0001B
00012
00005
3FFF5
3FFE3
3FFCE
3FFB7
3FF9F
3FF85
3FF6C
3FF53
3FF3B
3FF24
3FF0F
3FEFC
3FEEC
3FEE0
3FED6
3FED0
3FECE
3FED0
3FED6
3FEDF
3FEEB
3FEFB
3FF0D
3FF22
3FF38
3FF50
3FF69
3FF83
3FF9C
3FFB5
3FFCC
3FFE1
3FFF4
00005
00012
0001D
00023
00026
00026
00022
0001A
0000E
00000
3FFEF
3FFDB
3FFC6
3FFAE
3FF96
3FF7E
3FF65
3FF4E
3FF37
3FF22
3FF0F
3FEFF
3FEF2
3FEE7
3FEE1
3FEDE
3FEDE
3FEE2
3FEEA
3FEF5
3FF03
3FF14
3FF27
3FF3D
3FF54
3FF6C
3FF84
3FF9D
3FFB5
3FFCC
3FFE1
3FFF5
00006
00014
0001F
00026
0002A
0002B
00028
00021
00017
0000A
3FFFA
3FFE8
3FFD4
3FFBE
3FFA6
3FF8F
3FF77
3FF60
3FF49
3FF34
3FF21
3FF11
3FF03
3FEF8
3FEF0
3FEEC
3FEEB
3FEEE
3FEF4
3FEFE
3FF0B
3FF1B
3FF2D
3FF41
3FF57
3FF6E
3FF86
3FF9E
3FFB5
3FFCC
3FFE1
3FFF5
00006
00015
00020
00029
0002E
00030
0002E
00028
00020
00014
00005
3FFF4
3FFE1
3FFCC
3FFB6
3FF9F
3FF88
3FF71
3FF5B
3FF46
3FF32
3FF21
3FF13
3FF07
3FEFF
3FEFA
3FEF8
3FEFA
3FEFF
3FF07
3FF13
3FF21
3FF32
3FF45
3FF5A
3FF70
3FF87
3FF9E
3FFB6
3FFCC
3FFE1
3FFF5
00006
00016
00022
0002B
00031
00034
00033
0002F
00028
0001D
00010
00000
3FFEE
3FFDA
3FFC5
3FFAE
3FF98
3FF81
3FF6B
3FF56
3FF43
3FF32
3FF23
3FF16
3FF0D
3FF07
3FF04
3FF05
3FF09
3FF10
3FF1A
3FF27
3FF37
3FF49
3FF5D
3FF72
3FF88
3FF9F
3FFB6
3FFCC
3FFE1
3FFF5
00007
00016
00023
0002D
00034
00038
00038
00036
0002F
00026
0001A
0000B
3FFFA
3FFE7
3FFD3
3FFBD
3FFA7
3FF91
3FF7B
3FF66
3FF53
3FF41
3FF32
3FF25
3FF1B
3FF14
3FF10
3FF0F
3FF12
3FF18
3FF21
3FF2D
3FF3C
3FF4D
3FF5F
3FF74
3FF89
3FF9F
3FFB6
3FFCC
3FFE1
3FFF5
00007
00017
00024
0002F
00037
0003C
0003D
0003C
00037
0002E
00023
00016
00006
3FFF4
3FFE0
3FFCB
3FFB6
3FFA0
3FF8B
3FF76
3FF63
3FF51
3FF41
3FF33
3FF28
3FF20
3FF1C
3FF1A
3FF1B
3FF20
3FF28
3FF33
3FF40
3FF50
3FF62
3FF76
3FF8A
3FFA0
3FFB6
3FFCB
3FFE0
3FFF4
00007
00017
00025
00031
0003A
0003F
00042
00041
0003D
00036
0002D
00020
00011
00000
3FFED
3FFD9
3FFC4
3FFAF
3FF9A
3FF85
3FF72
3FF5F
3FF4F
3FF41
3FF35
3FF2D
3FF27
3FF24
3FF25
3FF28
3FF2F
3FF39
3FF45
3FF54
3FF65
3FF77
3FF8B
3FFA0
3FFB6
3FFCB
3FFE0
3FFF4
00007
00018
00026
00032
0003C
00043
00046
00047
00044
0003E
00035
0002A
0001C
0000C
3FFFA
3FFE7
3FFD2
3FFBD
3FFA8
3FF94
3FF80
3FF6E
3FF5D
3FF4F
3FF42
3FF39
3FF32
3FF2E
3FF2E
3FF30
3FF36
3FF3E
3FF49
3FF57
3FF67
3FF79
3FF8C
3FFA1
3FFB6
3FFCB
3FFE0
3FFF4
00006
00018
00027
00034
0003E
00046
0004A
0004C
0004A
00045
0003E
00033
00026
00017
00006
3FFF3
3FFE0
3FFCB
3FFB7
3FFA2
3FF8F
3FF7C
3FF6B
3FF5C
3FF4F
3FF44
3FF3D
3FF38
3FF37
3FF38
3FF3C
3FF44
3FF4E
3FF5B
3FF6A
3FF7B
3FF8D
3FFA1
3FFB6
3FFCA
3FFDF
3FFF3
00006
00018
00027
00035
00040
00048
0004E
00050
00050
0004C
00046
0003C
00030
00022
00012
00000
3FFED
3FFD9
3FFC5
3FFB0
3FF9D
3FF8A
3FF78
3FF69
3FF5B
3FF50
3FF48
3FF42
3FF3F
3FF40
3FF43
3FF49
3FF53
3FF5E
3FF6C
3FF7D
3FF8E
3FFA2
3FFB6
3FFCA
3FFDF
3FFF3
00006
00018
00028
00036
00042
0004B
00051
00055
00055
00053
0004D
00045
0003A
0002D
0001D
0000C
3FFFA
3FFE6
3FFD2
3FFBE
3FFAA
3FF97
3FF86
3FF76
3FF68
3FF5C
3FF52
3FF4C
3FF48
3FF47
3FF4A
3FF4F
3FF57
3FF62
3FF6F
3FF7E
3FF8F
3FFA2
3FFB5
3FFCA
3FFDE
3FFF2
00005
00017
00028
00037
00043
0004D
00055
00059
0005B
00059
00055
0004D
00043
00037
00029
00018
00006
3FFF3
3FFE0
3FFCC
3FFB8
3FFA5
3FF93
3FF82
3FF74
3FF67
3FF5D
3FF56
3FF51
3FF4F
3FF51
3FF55
3FF5C
3FF65
3FF72
3FF80
3FF90
3FFA2
3FFB5
3FFC9
3FFDD
3FFF1
00005
00017
00028
00037
00045
0004F
00058
0005D
00060
0005F
0005C
00056
0004D
00041
00033
00024
00012
00000
3FFED
3FFD9
3FFC5
3FFB2
3FFA0
3FF8F
3FF80
3FF73
3FF68
3FF5F
3FF5A
3FF57
3FF57
3FF5A
3FF60
3FF69
3FF74
3FF82
3FF92
3FFA3
3FFB5
3FFC9
3FFDD
3FFF1
00004
00017
00028
00038
00046
00051
0005A
00061
00064
00065
00063
0005D
00055
0004B
0003E
0002F
0001F
0000D
3FFFA
3FFE6
3FFD3
3FFBF
3FFAD
3FF9C
3FF8C
3FF7E
3FF72
3FF69
3FF63
3FF5F
3FF5E
3FF60
3FF65
3FF6D
3FF77
3FF84
3FF93
3FFA3
3FFB5
3FFC8
3FFDC
3FFF0
00003
00016
00028
00038
00047
00053
0005D
00064
00069
0006A
00069
00065
0005E
00054
00048
0003A
0002A
00019
00006
3FFF3
3FFE0
3FFCC
3FFBA
3FFA8
3FF98
3FF89
3FF7D
3FF73
3FF6C
3FF67
3FF65
3FF66
3FF6A
3FF71
3FF7A
3FF86
3FF94
3FFA4
3FFB5
3FFC8
3FFDB
3FFEF
00003
00016
00028
00039
00048
00055
0005F
00068
0006D
00070
0006F
0006C
00066
0005E
00053
00045
00036
00025
00013
00000
3FFED
3FFD9
3FFC7
3FFB5
3FFA4
3FF95
3FF88
3FF7D
3FF75
3FF6F
3FF6C
3FF6C
3FF6F
3FF75
3FF7D
3FF88
3FF96
3FFA5
3FFB6
3FFC8
3FFDB
3FFEE
00002
00015
00028
00039
00048
00056
00062
0006B
00071
00075
00075
00073
0006E
00067
0005C
00050
00041
00031
0001F
0000D
3FFFA
3FFE6
3FFD3
3FFC1
3FFB0
3FFA0
3FF93
3FF87
3FF7E
3FF77
3FF73
3FF72
3FF74
3FF79
3FF81
3FF8B
3FF97
3FFA6
3FFB6
3FFC8
3FFDA
3FFEE
00001
00015
00027
00039
00049
00057
00064
0006E
00075
0007A
0007B
0007A
00076
0006F
00066
0005A
0004D
0003D
0002C
00019
00006
3FFF3
3FFE0
3FFCE
3FFBC
3FFAC
3FF9D
3FF91
3FF87
3FF7F
3FF7B
3FF79
3FF7A
3FF7D
3FF84
3FF8D
3FF99
3FFA6
3FFB6
3FFC7
3FFDA
3FFED
00000
00014
00027
00039
00049
00059
00066
00070
00079
0007E
00081
00081
0007E
00078
00070
00065
00058
00049
00038
00026
00013
00000
3FFED
3FFDA
3FFC8
3FFB7
3FFA8
3FF9B
3FF90
3FF88
3FF82
3FF7F
3FF7F
3FF82
3FF87
3FF90
3FF9A
3FFA7
3FFB7
3FFC7
3FFD9
3FFEC
00000
00013
00026
00039
0004A
0005A
00067
00073
0007C
00083
00086
00087
00085
00081
00079
0006F
00063
00054
00044
00032
00020
0000D
3FFFA
3FFE7
3FFD4
3FFC3
3FFB3
3FFA6
3FF9A
3FF91
3FF8A
3FF86
3FF85
3FF86
3FF8B
3FF92
3FF9C
3FFA9
3FFB7
3FFC7
3FFD9
3FFEB
3FFFF
00012
00026
00038
0004A
0005A
00069
00075
0007F
00087
0008C
0008E
0008D
00089
00082
00079
0006D
00060
00050
0003F
0002D
0001A
00006
3FFF3
3FFE1
3FFCF
3FFBF
3FFB0
3FFA4
3FF99
3FF92
3FF8D
3FF8B
3FF8B
3FF8F
3FF95
3FF9E
3FFAA
3FFB8
3FFC7
3FFD8
3FFEB
3FFFE
00012
00025
00038
0004A
0005B
0006A
00078
00083
0008B
00091
00094
00094
00091
0008B
00083
00078
0006B
0005C
0004B
00039
00027
00013
00000
3FFED
3FFDB
3FFCA
3FFBB
3FFAD
3FFA2
3FF9A
3FF94
3FF91
3FF90
3FF93
3FF98
3FFA1
3FFAB
3FFB8
3FFC7
3FFD8
3FFEA
3FFFD
00011
00025
00038
0004B
0005C
0006C
0007A
00086
0008F
00096
0009A
0009B
00099
00094
0008D
00083
00077
00068
00058
00046
00034
00020
0000D
3FFFA
3FFE7
3FFD6
3FFC6
3FFB8
3FFAC
3FFA2
3FF9B
3FF97
3FF96
3FF97
3FF9C
3FFA3
3FFAD
3FFB9
3FFC8
3FFD8
3FFEA
3FFFD
00010
00024
00038
0004B
0005D
0006D
0007C
00089
00093
0009B
000A0
000A2
000A1
0009D
00097
0008E
00082
00074
00064
00053
00041
0002D
0001A
00006
3FFF3
3FFE1
3FFD1
3FFC2
3FFB5
3FFAB
3FFA3
3FF9D
3FF9B
3FF9C
3FF9F
3FFA6
3FFAF
3FFBA
3FFC8
3FFD8
3FFE9
3FFFC
0000F
00023
00037
0004B
0005D
0006E
0007E
0008C
00097
000A0
000A6
000A9
000A9
000A6
000A1
00098
0008D
00080
00071
00060
0004E
0003B
00027
00013
00000
3FFEE
3FFDC
3FFCD
3FFBF
3FFB3
3FFAA
3FFA4
3FFA1
3FFA0
3FFA3
3FFA8
3FFB1
3FFBB
3FFC9
3FFD8
3FFE9
3FFFB
0000F
00023
00037
0004B
0005E
00070
00080
0008E
0009B
000A4
000AB
000AF
000B1
000AF
000AA
000A3
00099
0008C
0007E
0006D
0005B
00048
00034
00020
0000D
3FFFA
3FFE8
3FFD7
3FFC9
3FFBD
3FFB3
3FFAB
3FFA7
3FFA5
3FFA7
3FFAB
3FFB3
3FFBD
3FFC9
3FFD8
3FFE9
3FFFB
0000E
00022
00036
0004B
0005E
00071
00082
00091
0009E
000A9
000B1
000B6
000B9
000B8
000B4
000AE
000A4
00098
0008A
0007A
00069
00056
00042
0002E
0001A
00006
3FFF4
3FFE3
3FFD3
3FFC6
3FFBB
3FFB3
3FFAD
3FFAB
3FFAB
3FFAF
3FFB5
3FFBE
3FFCA
3FFD8
3FFE8
3FFFA
0000D
00021
00036
0004A
0005E
00072
00083
00094
000A2
000AD
000B7
000BD
000C0
000C1
000BE
000B8
000B0
000A5
00097
00088
00076
00063
00050
0003B
00027
00013
00000
3FFEE
3FFDE
3FFD0
3FFC4
3FFBA
3FFB4
3FFB0
3FFB0
3FFB2
3FFB8
3FFC0
3FFCB
3FFD9
3FFE8
3FFFA
0000D
00021
00036
0004A
0005F
00073
00085
00096
000A5
000B2
000BC
000C4
000C8
000C9
000C8
000C3
000BC
000B1
000A4
00095
00084
00071
0005E
00049
00035
00020
0000D
3FFFA
3FFE9
3FFDA
3FFCD
3FFC2
3FFBB
3FFB6
3FFB4
3FFB6
3FFBA
3FFC2
3FFCC
3FFD9
3FFE8
3FFFA
0000C
00020
00035
0004A
0005F
00074
00087
00099
000A9
000B7
000C2
000CA
000D0
000D2
000D2
000CE
000C7
000BE
000B1
000A3
00092
00080
0006C
00058
00043
0002E
00019
00006
3FFF4
3FFE4
3FFD6
3FFCB
3FFC2
3FFBC
3FFB9
3FFBA
3FFBD
3FFC4
3FFCE
3FFDA
3FFE8
3FFF9
0000C
00020
00035
0004A
00060
00075
00089
0009B
000AC
000BB
000C7
000D1
000D8
000DB
000DC
000D9
000D3
000CB
000BF
000B1
000A1
0008E
0007B
00066
00051
0003C
00027
00013
00000
3FFEF
3FFE0
3FFD3
3FFCA
3FFC3
3FFBF
3FFBE
3FFC1
3FFC6
3FFCF
3FFDB
3FFE9
3FFF9
0000C
00020
00035
0004A
00060
00076
0008A
0009E
000B0
000C0
000CD
000D8
000E0
000E5
000E6
000E4
000E0
000D8
000CD
000BF
000AF
0009D
0008A
00075
00060
0004A
00035
00020
0000C
3FFFA
3FFEA
3FFDD
3FFD2
3FFC9
3FFC4
3FFC3
3FFC4
3FFC9
3FFD1
3FFDC
3FFE9
3FFF9
0000B
0001F
00034
0004A
00061
00077
0008C
000A1
000B3
000C4
000D3
000DF
000E8
000EE
000F1
000F0
000EC
000E5
000DB
000CE
000BF
000AD
0009A
00085
0006F
00059
00043
0002D
00019
00006
3FFF5
3FFE6
3FFDA
3FFD1
3FFCA
3FFC8
3FFC8
3FFCC
3FFD3
3FFDD
3FFEA
3FFF9
0000B
0001F
00034
0004A
00061
00078
0008E
000A3
000B7
000C9
000D9
000E6
000F0
000F7
000FB
000FC
000F9
000F3
000EA
000DD
000CE
000BD
000AA
00095
0007F
00068
00052
0003B
00026
00012
00000
3FFF0
3FFE3
3FFD8
3FFD1
3FFCD
3FFCC
3FFCF
3FFD5
3FFDE
3FFEA
3FFFA
0000B
0001F
00034
0004A
00062
00079
00090
000A6
000BB
000CE
000DF
000ED
000F9
00101
00106
00108
00106
00101
000F9
000ED
000DF
000CE
000BA
000A5
0008F
00078
00061
0004A
00034
0001F
0000C
3FFFB
3FFEC
3FFE0
3FFD8
3FFD2
3FFD0
3FFD2
3FFD7
3FFE0
3FFEB
3FFFA
0000B
0001F
00034
0004B
00062
0007A
00092
000A9
000BF
000D3
000E5
000F5
00102
0010C
00112
00115
00114
00110
00108
000FD
000EF
000DF
000CC
000B7
000A0
00089
00071
0005A
00042
0002C
00018
00006
3FFF6
3FFE9
3FFDF
3FFD8
3FFD5
3FFD6
3FFDA
3FFE1
3FFEC
3FFFA
0000B
0001F
00034
0004B
00063
0007C
00094
000AC
000C3
000D9
000EC
000FD
0010B
00116
0011E
00122
00122
0011F
00119
0010E
00101
000F1
000DE
000C9
000B2
0009B
00082
0006A
00052
0003A
00025
00011
00000
3FFF2
3FFE6
3FFDE
3FFDA
3FFDA
3FFDD
3FFE3
3FFEE
3FFFB
0000C
0001F
00034
0004B
00064
0007D
00097
000B0
000C8
000DE
000F3
00105
00115
00121
0012A
00130
00132
00130
0012A
00120
00114
00104
000F1
000DC
000C5
000AD
00094
0007B
00061
00049
00032
0001D
0000B
3FFFB
3FFEE
3FFE5
3FFE0
3FFDE
3FFE0
3FFE5
3FFEF
3FFFC
0000C
0001F
00035
0004C
00065
0007F
00099
000B3
000CC
000E4
000FB
0010E
0011F
0012D
00138
0013F
00142
00141
0013C
00133
00127
00118
00105
000F0
000D9
000C0
000A7
0008C
00072
00059
00041
0002A
00016
00005
3FFF7
3FFEC
3FFE5
3FFE2
3FFE3
3FFE8
3FFF0
3FFFD
0000D
0001F
00035
0004D
00066
00081
0009C
000B7
000D2
000EB
00103
00118
0012B
0013A
00146
0014E
00153
00153
0014F
00147
0013C
0012D
0011B
00106
000EE
000D5
000BB
0009F
00084
0006A
00050
00038
00023
00010
00000
3FFF4
3FFEB
3FFE7
3FFE7
3FFEA
3FFF2
3FFFE
0000D
00020
00036
0004E
00068
00083
0009F
000BC
000D7
000F2
0010B
00122
00137
00148
00155
0015F
00165
00166
00164
0015D
00152
00143
00131
0011C
00105
000EB
000D0
000B4
00097
0007B
00060
00047
00030
0001B
0000A
3FFFC
3FFF2
3FFEC
3FFEA
3FFED
3FFF4
3FFFF
0000E
00021
00036
0004F
00069
00086
000A3
000C0
000DE
000FA
00115
0012E
00144
00157
00166
00171
00179
0017B
0017A
00174
0016A
0015C
0014A
00135
0011D
00102
000E6
000C9
000AC
0008E
00072
00056
0003D
00027
00014
00004
3FFF9
3FFF1
3FFEE
3FFF0
3FFF6
00000
0000F
00021
00037
00050
0006B
00088
000A7
000C6
000E5
00103
00120
0013A
00152
00167
00178
00185
0018E
00192
00192
0018D
00184
00176
00165
0014F
00137
0011C
000FF
000E1
000C2
000A2
00084
00067
0004C
00034
0001F
0000D
00000
3FFF7
3FFF3
3FFF3
3FFF8
00002
00010
00022
00038
00052
0006E
0008C
000AC
000CC
000ED
0010D
0012B
00148
00162
00179
0018C
0019B
001A6
001AC
001AD
001A9
001A0
00193
00182
0016C
00153
00138
0011A
000FA
000D9
000B8
00098
00079
0005C
00042
0002A
00017
00008
3FFFD
3FFF7
3FFF6
3FFFA
00003
00011
00023
00039
00053
00070
00090
000B1
000D3
000F6
00118
00139
00158
00174
0018E
001A3
001B4
001C1
001C8
001CB
001C8
001C0
001B3
001A2
0018C
00173
00156
00137
00116
000F3
000D0
000AE
0008D
0006D
00050
00037
00021
00010
00003
3FFFC
3FFF9
3FFFC
00004
00012
00024
0003B
00055
00073
00094
000B7
000DC
00101
00125
00149
0016A
00189
001A5
001BD
001D0
001DF
001E8
001EC
001EB
001E4
001D8
001C6
001B0
00196
00178
00157
00134
00110
000EB
000C6
000A2
00080
00060
00044
0002C
00018
00009
00000
3FFFC
3FFFE
00006
00013
00025
0003C
00058
00077
0009A
000BF
000E6
0010D
00134
0015B
0017F
001A1
001C0
001DB
001F1
00202
0020D
00213
00213
0020C
00201
001EF
001D9
001BE
0019E
0017C
00157
00130
00108
000E0
000B9
00094
00071
00052
00037
00021
00010
00004
3FFFF
00000
00006
00013
00026
0003E
0005B
0007C
000A0
000C8
000F1
0011C
00147
00170
00199
001BE
001E0
001FE
00217
0022B
00238
00240
00241
0023C
00230
0021F
00207
001EB
001CA
001A5
0017E
00154
00129
000FD
000D3
000AA
00084
00061
00043
0002A
00016
00008
00001
00000
00006
00013
00026
0003F
0005E
00081
000A8
000D3
00100
0012E
0015D
0018B
001B7
001E1
00207
00229
00245
0025C
0026C
00276
00278
00274
00269
00257
0023E
00220
001FD
001D6
001AB
0017D
0014E
0011E
000F0
000C2
00098
00071
0004F
00032
0001B
0000B
00002
00000
00006
00012
00026
00041
00062
00088
000B3
000E1
00113
00146
00179
001AD
001DE
0020D
00238
0025E
0027E
00299
002AC
002B8
002BC
002B9
002AD
0029B
00281
00260
0023A
0020F
001E0
001AD
00179
00144
00110
000DD
000AD
00081
0005A
00039
0001F
0000C
00001
3FFFE
00003
00010
00025
00042
00066
00090
000C0
000F4
0012B
00165
0019F
001D9
00211
00246
00277
002A3
002C9
002E7
002FE
0030D
00313
00310
00304
002F0
002D4
002B0
00285
00255
00220
001E7
001AC
00170
00134
000FA
000C4
00091
00064
0003E
0001F
00009
3FFFB
3FFF7
3FFFC
0000B
00023
00043
0006C
0009C
000D3
0010F
0014E
00190
001D4
00217
00258
00296
002CF
00302
0032F
00353
0036E
00380
00387
00385
00378
00361
00340
00317
002E6
002AD
0026F
0022D
001E8
001A2
0015C
00118
000D8
0009D
00068
0003B
00017
3FFFC
3FFED
3FFE8
3FFEE
00000
0001D
00044
00075
000AF
000F1
00139
00185
001D5
00226
00277
002C6
00310
00356
00394
003C9
003F5
00415
0042A
00433
0042F
0041F
00402
003DA
003A6
00369
00323
002D7
00285
00230
001D9
00182
0012F
000E0
00097
00056
00020
3FFF5
3FFD6
3FFC5
3FFC2
3FFCD
3FFE7
0000F
00044
00087
000D4
0012B
0018A
001F0
00259
002C4
0032E
00395
003F7
00450
004A0
004E4
0051B
00543
0055B
00561
00557
0053B
0050E
004D1
00485
0042C
003C7
00358
002E3
00269
001ED
00173
000FD
0008F
0002B
3FFD4
3FF8D
3FF57
3FF36
3FF2A
3FF34
3FF56
3FF90
3FFE0
00047
000C3
00152
001F1
0029F
00357
00416
004D8
00599
00655
00706
007A9
00838
008B0
0090D
00949
00962
00953
0091B
008B5
0081F
00757
0065A
00523
003AE
001F0
3FFD8
3FD42
3F9D3
3F46D
3E622
0321A
3CAFC
09212
3BB5D
3E0A9
05B2A
3F50B
3FAC1
0ABE2
3A0BD
083F3
05D1B
097D3
3F95E
0539C
38608
3B772
3F1EA
02441
3AD46
3FAAB
05F82
064F5
3BFA2
04CED
08729
38A19
3DC34
3667D
3A379
06328
35C18
04F26
029DD
02989
3C248
08660
38FA9
0068F
35A8B
3E61F
3EBE5
02895
07B00
02752
024F3
3F1F6
3A049
0B3F5
07E5C
0408B
3CDE7
0FEC7
00C6F
37C73
3FC8F
34687
01B8A
00411
2E650
0180E
38745
3C977
0F767
008AC
07FA4
05139
075CB
3C8D1
38330
065DC
36831
0042D
3D23B
094E7
3B15B
3CBA4
3ED5F
02116
0B7B4
36F03
36D05
066C8
03A30
0349D
36E92
01B4D
01E49
3E61C
002DD
325DC
0233F
09B44
026C1
3BCF3
3D943
39A6B
04D20
33C68
3D566
02CD2
14A82
08B37
08400
01C0C
080D7
35842
04BD2
03630
0B00F
2FAA3
06248
382C8
3C651
2F611
039D3
009B5
3C5C1
06CFE
0257B
02245
3F311
025A7
3ECEC
3C92B
37330
0A8E7
37061
385B1
0558E
0B93F
0582C
384D8
3F715
00E26
093C2
3BF51
3B933
01E7F
3CFE9
3FFFA
04220
00F97
3D9FC
08208
02633
3839B
02033
058D0
00CC5
375FA
0C65C
05CC9
01071
3FDD1
3E6BD
055C2
39AB3
094AD
33793
3CA79
3FDBB
3FD9A
07E4B
3D802
37168
008CF
087B2
38B04
01AC9
3CF43
3FAD8
3F8BA
00017
06B23
3D527
00B0B
3BF77
3EE08
0180A
38B28
3DEDA
3E5F2
00285
01E15
3F342
3E2CA
01C12
00500
3B1D4
0193D
3DBCD
389E2
3207D
06A3E
38363
0219B
0AB4F
106E7
06923
02760
3B2D6
3E4A2
0A94D
0023A
39C24
3E261
04D7B
01096
098D9
035CC
10755
3F02D
02171
3E6E5
10872
37E93
32218
0A997
3F56D
3E033
39BC3
002E1
39F03
37424
34E94
032DB
09012
3E720
3B528
01F12
39A04
3DEC5
36ADB
01C6A
0138C
3EFCF
09C1B
0E919
06D4B
04BC2
0065C
3D347
05F74
05C62
3E38A
0B7CB
3CFC8
2A391
0C8D5
3E58A
36BF3
32A22
3B8E9
01B9B
348DA
3DD15
07F42
3EEA8
03717
09F33
391E5
3A801
3CF33
3B4DA
02972
0387D
03F66
3BA94
00CF0
3BD2C
0050D
0932C
3DF81
0157E
37738
356CC
385D2
055FC
0DE57
06951
03529
39842
3CB6C
0B80F
37CCF
100B9
0478C
07BF5
0C7D2
3B844
0E058
3D583
34F3A
09B61
39F24
0C35C
318ED
3D569
3699D
3E225
3CD74
36E54
05DA1
37451
03983
05586
03589
3D53A
05933
043B9
104BE
03802
3FDCB
0970A
09F0B
39137
04884
00718
3C471
3B573
34049
115C4
3862D
307CC
08C6F
069F4
32CB8
3AAA9
3D8EA
3D7EE
0C30E
3CA4B
3DC65
3573A
388C9
2B155
3EDE4
38919
0683B
0AE73
0B471
392D2
393EF
36A16
08000
03E53
3CAD0
08590
35351
0D895
06435
0A9A7
3EB80
00426
04D3E
0395F
00D0E
3D7B2
347FF
3A2A2
02E4E
0BEA3
03F83
05781
3BE66
014B3
06947
3921C
0C272
0C771
37374
3637E
01ECA
05C7F
00600
0099E
082E0
027B8
024BE
3DC0E
023F1
3871E
032A3
0681E
27C21
05B59
053AE
05386
3A050
3DDB8
3F699
334F4
03742
3FC58
0DBAE
3B8DB
3C240
3BA81
050CD
04371
07454
3D12D
07576
04C1C
3FEB4
3B29C
0442D
374BF
34070
05D70
050D4
04C22
0799C
36A39
380B8
0E342
33C73
094F1
0565B
02E29
04266
00D45
06DE8
2EC0F
07224
3D933
3998E
3C39F
36003
3955E
07CB5
10A31
3A236
37F71
3EBB2
08268
0E312
03138
3A0E8
37E84
14880
02327
3BF4F
3620E
057C0
058F9
04EDB
3B5FA
3C789
36008
3277A
37C2D
3AA1F
3A607
04158
0F96C
0B081
0B33C
01D3E
3FC1F
358DE
2D73C
0A554
05402
09A55
3BE37
03632
090B2
0B0EB
118BD
3D74A
0679E
0E85E
0020A
3E75B
012C3
09561
3ED26
3C8DB
3ABEE
3F3B3
2CF3A
070E9
38261
01F76
0D4CC
00C14
35C53
099F6
13548
0B1BD
05E10
3EE6A
3E69B
0528D
0A4EC
036C4
094B6
37ABF
3E04A
3CC51
06308
0193A
0F64A
029CA
3D4D6
02481
038B9
07C81
36192
363FF
3F96D
3D466
0805E
34F13
2DD12
3E7BD
01B77
080DA
0AE1C
0EDEE
023B5
00000
00B0F
0F636
385F5
3DECD
361D1
3B7B7
05417
086C1
30F73
000B1
37659
3A1C5
36993
00F9D
0EA4A
3C385
07B7D
38803
0960C
3F90F
39858
3EE8A
3BEF7
395E1
31E28
0311F
3F79A
33378
01B32
3C1D3
0043F
0239B
35ED0
3C53A
3F700
3B04F
3E026
00818
05A6C
07E78
33BEE
059A4
00294
38316
3EE06
05F12
38239
04084
32ABF
3EB2E
09C02
38715
01F5C
004F0
3A97D
35351
3FD75
390AD
2E67C
3E2C4
08E17
3DEA4
050A2
37D04
03C35
337AA
3BD22
030AC
01D8C
01A84
09666
0AD55
3E357
305A3
05B4D
3A685
3A81C
3E6A9
035C6
3A2F9
01B75
34772
02EB0
3F2EB
0E66B
00932
354C7
3A96E
01BA3
3CB34
37344
07E7B
3FBA7
2D483
0BAEA
0619E
0F781
3A594
07E16
049AF
0D44E
04788
0B38E
3654B
3FD66
067A0
3BF75
38D07
0430F
0520F
2F564
00952
30480
366A7
3DDAB
007BF
39B68
3D541
0E788
05CE7
01DF7
36606
39AB3
010B4
01AE3
38EF8
0BD0D
3AF81
3BA10
31647
01DB7
070BE
11D5A
38306
3F34D
01AE9
00D66
02FCF
07D0C
00A10
39D47
3CB8D
06A24
3926A
3E2F5
3C37C
3E4A1
3D299
39437
03824
0A248
01278
3C68D
3C341
370D4
0D512
3491D
3A768
3D092
0261C
3D979
3ABCF
033DF
3A974
0851E
043B5
3A251
3D41B
06397
3E368
383C6
00631
3F0D9
0E230
32DC6
092C7
39F66
05F12
39286
37A76
37DA2
0B1A3
020BD
3415D
01BB3
3EAC5
04B22
0DEC0
3CC08
05C4B
32E4A
3A9CD
39038
3DD8A
08341
3F1F5
023D3
067B9
0EDEC
3F3BA
00841
373FD
3BD94
0915C
004D1
00A13
05CCA
0766D
0DC55
01CFC
0D9E5
39A8B
3AB13
2F5EC
054D3
03204
326BE
0DE9A
025A3
310EA
004C8
383E1
3A25C
03652
3F0E3
29141
005B1
01ED1
3E75F
3AF49
01EBB
0648D
00BA5
02EFA
02246
04FAC
3D2AF
3BE35
04C0F
3E8CF
03FA3
391A4
376FF
3BF88
2CF03
3A18A
0A3CF
11B64
02A51
030D9
2D2B8
3A0BB
3F1A4
37F01
3E650
3E2FA
0F7B5
3BEC1
07D9F
3FC91
02811
3EB09
002D8
08BA8
3B9FD
0932E
09EBD
00F80
34F97
03D6E
36F80
0354B
06168
3D909
003B7
3D585
3931A
02F53
0476A
04F66
04F97
3F3B3
0083B
08868
0B9D3
39496
077FD
3A2A2
36CC5
0B219
3A84E
0A568
03833
339E1
3AF84
306F7
3CA7A
30437
030A0
3F7A0
3B9AC
010CA
07EB2
3F0F3
04DF7
06B11
06CBF
3B795
3D768
037D2
38D7C
35062
32CCD
05438
0BB02
0561C
2EAE5
06745
3AA1D
0B6E0
36D50
3CA7E
3EFB3
03AEE
01A30
02810
02929
38C3E
0661E
04FA4
36A9C
387E8
03B18
02639
3AD19
08FF1
3CF49
3BFA3
051A7
3CD95
31FB0
05D59
08E4E
04448
3890F
3E6DB
36492
088C9
07135
3F50B
028C2
3BEE6
08877
02AAD
3A13A
01399
04479
00503
03A44
058E0
37254
3F087
00B19
1294A
34F87
09E7E
0CF7F
03D02
388D8
3510F
36644
3E74C
344E3
33CBD
0561E
0011D
38F3B
0280D
3F5F5
38D78
040FF
3A84E
07B15
08D99
3E7FA
38CF6
3B465
33382
045CB
3A857
0ED7E
3C077
040D7
07330
08A6D
3AFD3
04FDA
00371
3F72C
3DE03
3FC60
110B2
0014A
3EEAE
06279
00C4E
03D7C
3D0F5
3C30B
3E88E
38DE8
3E7CB
3F4A7
37AAE
357C9
372D9
03246
3BCB6
3DEC1
3DD10
3C4F3
369CA
02103
3C962
04CA7
3AC0F
01734
0173D
04AE9
0C9DE
0185D
00ED5
03907
061E7
02AEE
07E7C
38050
08C7C
3CD2C
3C4A1
05179
3CCA3
3EE2A
0136A
3BE4C
3F57A
3AB6A
3AB8E
08E41
3722E
3DC65
04CD9
01449
3A189
03036
02D79
028A2
3C555
0388C
0633F
3C53F
390EF
0321E
3FF81
00B89
05D86
3B1DD
3690F
0227C
38AC7
0359A
04A6A
3AB5B
39C4C
0C462
3535F
3DDDB
3B513
0C253
0073F
01BB5
026CB
0667C
3C550
01A72
074EA
03080
3BBB6
3E887
3F3D3
3F8B0
383ED
00956
38445
02D27
011B1
36997
09A3A
30BDA
386C6
074A8
09A62
3BFA2
0221A
076C8
05DE0
00F50
3E3CF
07AB2
32CF0
379C8
331B0
0E496
3F6EB
367CB
07C9F
02659
00A5D
01E17
3FF3D
3AA00
01483
38096
02279
00AD8
00437
000E2
3FEC7
3FD4A
3FC2C
3FB53
3FAAD
3FA34
3F9E0
3F9AF
3F99C
3F9A5
3F9C7
3FA00
3FA4C
3FAA8
3FB12
3FB87
3FC02
3FC81
3FD02
3FD80
3FDF9
3FE6B
3FED3
3FF2F
3FF7D
3FFBC
3FFEA
00008
00015
00010
3FFFB
3FFD6
3FFA3
3FF63
3FF17
3FEC1
3FE65
3FE03
3FD9E
3FD39
3FCD6
3FC77
3FC1E
3FBCE
3FB87
3FB4C
3FB1E
3FAFD
3FAEB
3FAE7
3FAF1
3FB0A
3FB31
3FB64
3FBA2
3FBEB
3FC3C
3FC93
3FCF0
3FD4F
3FDAE
3FE0C
3FE67
3FEBC
3FF0B
3FF51
3FF8D
3FFBE
3FFE3
3FFFB
00006
00004
3FFF6
3FFDB
3FFB5
3FF84
3FF4A
3FF08
3FEC0
3FE73
3FE24
3FDD3
3FD84
3FD37
3FCEE
3FCAC
3FC70
3FC3E
3FC15
3FBF7
3FBE4
3FBDD
3FBE1
3FBF2
3FC0D
3FC32
3FC62
3FC9A
3FCD9
3FD1E
3FD68
3FDB4
3FE02
3FE4F
3FE99
3FEE1
3FF22
3FF5E
3FF91
3FFBC
3FFDD
3FFF4
00000
00001
3FFF8
3FFE5
3FFC7
3FFA1
3FF73
3FF3D
3FF02
3FEC3
3FE80
3FE3D
3FDF9
3FDB7
3FD79
3FD3F
3FD0B
3FCDD
3FCB8
3FC9C
3FC88
3FC7F
3FC7F
3FC8A
3FC9D
3FCBA
3FCE0
3FD0D
3FD41
3FD7A
3FDB7
3FDF7
3FE39
3FE7B
3FEBB
3FEF8
3FF32
3FF66
3FF94
3FFBB
3FFD9
3FFEF
3FFFC
00000
3FFFB
3FFEC
3FFD5
3FFB6
3FF90
3FF63
3FF31
3FEFB
3FEC2
3FE88
3FE4D
3FE13
3FDDC
3FDA8
3FD79
3FD4F
3FD2D
3FD11
3FCFE
3FCF3
3FCF1
3FCF7
3FD06
3FD1C
3FD3B
3FD60
3FD8C
3FDBC
3FDF1
3FE28
3FE61
3FE9B
3FED3
3FF0A
3FF3E
3FF6D
3FF97
3FFBB
3FFD7
3FFED
3FFFA
00000
3FFFD
3FFF3
3FFE0
3FFC7
3FFA6
3FF80
3FF55
3FF26
3FEF4
3FEC1
3FE8C
3FE59
3FE27
3FDF7
3FDCC
3FDA6
3FD85
3FD6B
3FD57
3FD4B
3FD47
3FD4A
3FD55
3FD67
3FD80
3FDA0
3FDC5
3FDEF
3FE1D
3FE4E
3FE80
3FEB4
3FEE7
3FF18
3FF47
3FF72
3FF99
3FFBB
3FFD6
3FFEB
3FFFA
00000
00000
3FFF8
3FFEA
3FFD4
3FFB9
3FF98
3FF72
3FF49
3FF1C
3FEEE
3FEBF
3FE90
3FE62
3FE37
3FE0F
3FDEA
3FDCB
3FDB2
3FD9E
3FD92
3FD8C
3FD8C
3FD94
3FDA3
3FDB8
3FDD3
3FDF3
3FE18
3FE40
3FE6C
3FE99
3FEC8
3FEF6
3FF23
3FF4F
3FF77
3FF9B
3FFBB
3FFD6
3FFEB
3FFF9
00001
00003
3FFFE
3FFF2
3FFE0
3FFC8
3FFAC
3FF8A
3FF65
3FF3E
3FF14
3FEE9
3FEBE
3FE93
3FE6B
3FE45
3FE23
3FE05
3FDEC
3FDD9
3FDCB
3FDC4
3FDC3
3FDC8
3FDD4
3FDE5
3FDFC
3FE19
3FE39
3FE5D
3FE85
3FEAE
3FED8
3FF03
3FF2D
3FF55
3FF7B
3FF9D
3FFBC
3FFD6
3FFEA
3FFF9
00002
00005
00002
3FFF9
3FFEA
3FFD6
3FFBD
3FF9F
3FF7E
3FF5A
3FF34
3FF0C
3FEE4
3FEBD
3FE97
3FE73
3FE53
3FE36
3FE1E
3FE0A
3FDFC
3FDF3
3FDF1
3FDF4
3FDFD
3FE0C
3FE20
3FE38
3FE55
3FE76
3FE99
3FEBF
3FEE6
3FF0E
3FF35
3FF5A
3FF7E
3FF9F
3FFBC
3FFD6
3FFEA
3FFFA
00004
00008
00007
00000
3FFF4
3FFE2
3FFCC
3FFB2
3FF94
3FF73
3FF4F
3FF2B
3FF06
3FEE1
3FEBD
3FE9B
3FE7C
3FE60
3FE48
3FE35
3FE26
3FE1C
3FE18
3FE1A
3FE20
3FE2C
3FE3E
3FE53
3FE6D
3FE8B
3FEAB
3FECE
3FEF2
3FF17
3FF3B
3FF5F
3FF81
3FFA1
3FFBD
3FFD6
3FFEA
3FFFA
00005
0000B
0000B
00006
3FFFC
3FFED
3FFDA
3FFC2
3FFA7
3FF89
3FF68
3FF46
3FF23
3FF01
3FEDF
3FEBE
3FEA0
3FE85
3FE6D
3FE5A
3FE4B
3FE40
3FE3B
3FE3A
3FE3F
3FE49
3FE58
3FE6B
3FE82
3FE9D
3FEBB
3FEDB
3FEFC
3FF1F
3FF41
3FF63
3FF84
3FFA2
3FFBE
3FFD6
3FFEB
3FFFB
00006
0000D
0000F
0000C
00004
3FFF7
3FFE6
3FFD1
3FFB8
3FF9C
3FF7E
3FF5F
3FF3E
3FF1D
3FEFD
3FEDE
3FEC1
3FEA6
3FE8F
3FE7B
3FE6B
3FE60
3FE59
3FE58
3FE5B
3FE63
3FE6F
3FE80
3FE95
3FEAD
3FEC8
3FEE6
3FF05
3FF25
3FF46
3FF66
3FF86
3FFA3
3FFBE
3FFD6
3FFEB
3FFFB
00008
00010
00013
00011
0000B
00000
3FFF1
3FFDE
3FFC8
3FFAE
3FF92
3FF75
3FF56
3FF37
3FF18
3FEFA
3FEDE
3FEC4
3FEAD
3FE99
3FE88
3FE7C
3FE75
3FE72
3FE73
3FE79
3FE84
3FE93
3FEA5
3FEBB
3FED4
3FEF0
3FF0D
3FF2C
3FF4B
3FF69
3FF87
3FFA4
3FFBE
3FFD6
3FFEB
3FFFC
00009
00012
00016
00016
00011
00008
3FFFB
3FFEA
3FFD6
3FFBE
3FFA5
3FF89
3FF6C
3FF4E
3FF31
3FF14
3FEF8
3FEDF
3FEC8
3FEB4
3FEA3
3FE96
3FE8E
3FE8A
3FE8A
3FE8E
3FE97
3FEA4
3FEB4
3FEC8
3FEDF
3FEF9
3FF14
3FF31
3FF4E
3FF6C
3FF89
3FFA5
3FFBF
3FFD6
3FFEB
3FFFC
0000A
00014
00019
0001A
00017
00010
00005
3FFF6
3FFE3
3FFCE
3FFB5
3FF9B
3FF80
3FF64
3FF48
3FF2C
3FF11
3FEF8
3FEE1
3FECD
3FEBC
3FEAE
3FEA5
3FE9F
3FE9E
3FEA1
3FEA8
3FEB3
3FEC2
3FED4
3FEE9
3FF01
3FF1B
3FF36
3FF52
3FF6E
3FF8A
3FFA5
3FFBF
3FFD6
3FFEB
3FFFD
0000B
00015
0001C
0001E
0001D
00017
0000D
00000
3FFEF
3FFDB
3FFC5
3FFAD
3FF93
3FF78
3FF5D
3FF42
3FF28
3FF0F
3FEF8
3FEE4
3FED3
3FEC5
3FEBA
3FEB4
3FEB1
3FEB3
3FEB8
3FEC1
3FECE
3FEDF
3FEF2
3FF08
3FF21
3FF3A
3FF55
3FF70
3FF8B
3FFA6
3FFBF
3FFD6
3FFEB
3FFFD
0000B
00017
0001E
00022
00022
0001E
00015
0000A
3FFFB
3FFE8
3FFD4
3FFBD
3FFA4
3FF8B
3FF70
3FF56
3FF3D
3FF24
3FF0E
3FEFA
3FEE8
3FED9
3FECE
3FEC7
3FEC3
3FEC3
3FEC7
3FECF
3FEDA
3FEE9
3FEFB
3FF0F
3FF26
3FF3E
3FF58
3FF72
3FF8C
3FFA6
3FFBF
3FFD6
3FFEA
3FFFD
0000C
00018
00021
00025
00026
00024
0001D
00013
00005
3FFF5
3FFE1
3FFCC
3FFB5
3FF9C
3FF83
3FF6A
3FF51
3FF39
3FF22
3FF0E
3FEFC
3FEED
3FEE1
3FED8
3FED3
3FED2
3FED5
3FEDB
3FEE5
3FEF3
3FF03
3FF16
3FF2B
3FF42
3FF5B
3FF74
3FF8D
3FFA6
3FFBE
3FFD5
3FFEA
3FFFD
0000D
00019
00023
00028
0002B
00029
00024
0001B
0000F
00000
3FFEE
3FFDA
3FFC4
3FFAD
3FF94
3FF7C
3FF63
3FF4C
3FF36
3FF21
3FF0F
3FEFF
3FEF3
3FEE9
3FEE3
3FEE1
3FEE2
3FEE7
3FEF0
3FEFC
3FF0A
3FF1C
3FF30
3FF46
3FF5D
3FF75
3FF8E
3FFA6
3FFBE
3FFD5
3FFEA
3FFFC
0000D
0001A
00024
0002B
0002F
0002E
0002A
00023
00018
0000B
3FFFA
3FFE7
3FFD3
3FFBC
3FFA5
3FF8D
3FF75
3FF5E
3FF48
3FF33
3FF21
3FF11
3FF04
3FEF9
3FEF2
3FEEF
3FEEF
3FEF3
3FEFA
3FF04
3FF12
3FF22
3FF34
3FF49
3FF5F
3FF77
3FF8E
3FFA6
3FFBE
3FFD4
3FFE9
3FFFC
0000D
0001B
00026
0002E
00032
00033
00030
0002A
00021
00015
00006
3FFF4
3FFE0
3FFCB
3FFB5
3FF9E
3FF86
3FF6F
3FF5A
3FF45
3FF32
3FF22
3FF14
3FF09
3FF01
3FEFC
3FEFB
3FEFE
3FF03
3FF0C
3FF18
3FF27
3FF39
3FF4C
3FF61
3FF78
3FF8F
3FFA6
3FFBD
3FFD4
3FFE9
3FFFC
0000D
0001B
00027
00030
00035
00037
00036
00031
00029
0001E
00010
00000
3FFED
3FFD9
3FFC4
3FFAD
3FF97
3FF80
3FF6A
3FF56
3FF43
3FF32
3FF23
3FF18
3FF0F
3FF09
3FF07
3FF08
3FF0D
3FF14
3FF1F
3FF2D
3FF3D
3FF4F
3FF64
3FF79
3FF8F
3FFA6
3FFBD
3FFD3
3FFE8
3FFFB
0000D
0001C
00028
00032
00038
0003B
0003B
00038
00031
00027
0001B
0000B
3FFFA
3FFE7
3FFD2
3FFBC
3FFA6
3FF90
3FF7B
3FF66
3FF53
3FF42
3FF32
3FF26
3FF1C
3FF16
3FF13
3FF13
3FF16
3FF1C
3FF26
3FF32
3FF41
3FF52
3FF66
3FF7A
3FF90
3FFA6
3FFBC
3FFD2
3FFE7
3FFFB
0000C
0001C
00029
00034
0003B
0003F
00040
0003E
00038
00030
00024
00016
00006
3FFF4
3FFE0
3FFCB
3FFB5
3FFA0
3FF8A
3FF76
3FF62
3FF51
3FF41
3FF34
3FF2A
3FF22
3FF1E
3FF1D
3FF1F
3FF24
3FF2C
3FF37
3FF45
3FF55
3FF68
3FF7B
3FF90
3FFA6
3FFBC
3FFD1
3FFE6
3FFFA
0000C
0001C
0002A
00035
0003D
00043
00045
00044
0003F
00038
0002E
00021
00011
00000
3FFED
3FFD9
3FFC4
3FFAE
3FF99
3FF85
3FF71
3FF5F
3FF4F
3FF42
3FF36
3FF2E
3FF29
3FF26
3FF27
3FF2B
3FF33
3FF3D
3FF49
3FF58
3FF6A
3FF7C
3FF91
3FFA6
3FFBB
3FFD0
3FFE5
3FFF9
0000B
0001C
0002A
00036
00040
00046
00049
00049
00046
0003F
00036
0002B
0001C
0000C
3FFFA
3FFE6
3FFD2
3FFBD
3FFA8
3FF94
3FF80
3FF6E
3FF5D
3FF4F
3FF43
3FF3A
3FF34
3FF30
3FF30
3FF33
3FF39
3FF42
3FF4D
3FF5B
3FF6C
3FF7E
3FF91
3FFA6
3FFBB
3FFD0
3FFE4
3FFF8
0000B
0001C
0002B
00037
00041
00049
0004D
0004E
0004C
00047
0003F
00034
00027
00017
00006
3FFF3
3FFDF
3FFCB
3FFB6
3FFA2
3FF8E
3FF7C
3FF6B
3FF5C
3FF50
3FF45
3FF3E
3FF3A
3FF39
3FF3A
3FF3F
3FF47
3FF51
3FF5E
3FF6E
3FF7F
3FF91
3FFA5
3FFBA
3FFCF
3FFE3
3FFF7
0000A
0001B
0002B
00038
00043
0004B
00050
00052
00052
0004E
00047
0003D
00031
00022
00012
00000
3FFED
3FFD9
3FFC4
3FFB0
3FF9D
3FF8A
3FF79
3FF69
3FF5C
3FF51
3FF49
3FF43
3FF41
3FF42
3FF45
3FF4C
3FF55
3FF61
3FF70
3FF80
3FF92
3FFA5
3FFB9
3FFCE
3FFE2
3FFF6
00009
0001B
0002B
00039
00045
0004D
00054
00057
00057
00054
0004E
00046
0003B
0002D
0001E
0000C
3FFFA
3FFE6
3FFD2
3FFBE
3FFAA
3FF97
3FF86
3FF76
3FF68
3FF5C
3FF53
3FF4D
3FF4A
3FF49
3FF4C
3FF51
3FF5A
3FF64
3FF72
3FF81
3FF93
3FFA5
3FFB9
3FFCD
3FFE1
3FFF5
00008
0001A
0002B
00039
00046
00050
00057
0005B
0005C
0005A
00056
0004E
00044
00038
00029
00018
00006
3FFF3
3FFDF
3FFCC
3FFB8
3FFA5
3FF93
3FF83
3FF74
3FF68
3FF5E
3FF57
3FF52
3FF51
3FF52
3FF56
3FF5E
3FF68
3FF74
3FF83
3FF93
3FFA5
3FFB8
3FFCC
3FFE0
3FFF4
00007
0001A
0002B
0003A
00047
00051
00059
0005F
00061
00060
0005D
00056
0004D
00042
00034
00024
00013
00000
3FFED
3FFD9
3FFC5
3FFB2
3FFA0
3FF8F
3FF80
3FF73
3FF68
3FF60
3FF5B
3FF58
3FF59
3FF5C
3FF62
3FF6B
3FF76
3FF84
3FF94
3FFA5
3FFB8
3FFCB
3FFDF
3FFF3
00006
00019
0002A
0003A
00048
00053
0005C
00062
00066
00066
00063
0005E
00056
0004B
0003E
0002F
0001F
0000D
3FFFA
3FFE6
3FFD3
3FFBF
3FFAD
3FF9C
3FF8C
3FF7E
3FF73
3FF6A
3FF63
3FF60
3FF5F
3FF61
3FF66
3FF6E
3FF79
3FF86
3FF95
3FFA5
3FFB7
3FFCA
3FFDE
3FFF2
00005
00018
0002A
0003A
00048
00055
0005E
00065
0006A
0006B
0006A
00066
0005E
00055
00049
0003A
0002A
00019
00006
3FFF3
3FFE0
3FFCC
3FFBA
3FFA8
3FF98
3FF8A
3FF7D
3FF73
3FF6C
3FF67
3FF66
3FF67
3FF6B
3FF72
3FF7B
3FF87
3FF95
3FFA5
3FFB7
3FFCA
3FFDD
3FFF1
00004
00017
00029
0003A
00049
00056
00060
00069
0006E
00070
00070
0006D
00067
0005E
00053
00045
00036
00025
00013
00000
3FFED
3FFD9
3FFC7
3FFB5
3FFA4
3FF95
3FF88
3FF7D
3FF75
3FF6F
3FF6D
3FF6D
3FF70
3FF76
3FF7E
3FF89
3FF96
3FFA6
3FFB7
3FFC9
3FFDC
3FFEF
00003
00016
00029
0003A
00049
00057
00062
0006B
00072
00075
00076
00074
0006F
00067
0005D
00050
00041
00031
0001F
0000D
3FFFA
3FFE6
3FFD3
3FFC1
3FFB0
3FFA0
3FF93
3FF87
3FF7E
3FF77
3FF74
3FF73
3FF75
3FF79
3FF81
3FF8B
3FF98
3FFA6
3FFB6
3FFC8
3FFDB
3FFEE
00002
00015
00028
00039
0004A
00058
00064
0006E
00075
0007A
0007C
0007A
00076
00070
00066
0005B
0004D
0003D
0002C
00019
00006
3FFF3
3FFE0
3FFCE
3FFBC
3FFAC
3FF9D
3FF91
3FF87
3FF7F
3FF7B
3FF79
3FF7A
3FF7D
3FF84
3FF8D
3FF99
3FFA7
3FFB6
3FFC8
3FFDA
3FFED
00001
00014
00027
00039
0004A
00059
00066
00071
00079
0007E
00081
00081
0007E
00078
00070
00065
00058
00049
00038
00026
00013
00000
3FFED
3FFDA
3FFC8
3FFB7
3FFA8
3FF9B
3FF90
3FF88
3FF82
3FF7F
3FF7F
3FF82
3FF87
3FF8F
3FF9A
3FFA7
3FFB6
3FFC7
3FFD9
3FFEC
3FFFF
00013
00026
00038
0004A
00059
00067
00073
0007C
00083
00086
00087
00085
00081
00079
0006F
00063
00054
00044
00032
00020
0000D
3FFFA
3FFE7
3FFD4
3FFC3
3FFB3
3FFA5
3FF9A
3FF90
3FF8A
3FF86
3FF84
3FF86
3FF8B
3FF92
3FF9C
3FFA8
3FFB6
3FFC7
3FFD8
3FFEB
3FFFE
00012
00025
00038
0004A
0005A
00068
00075
0007F
00087
0008B
0008D
0008C
00089
00082
00079
0006D
00060
00050
0003F
0002D
0001A
00006
3FFF3
3FFE1
3FFCF
3FFBF
3FFB0
3FFA3
3FF99
3FF91
3FF8C
3FF8A
3FF8B
3FF8E
3FF95
3FF9E
3FFA9
3FFB7
3FFC6
3FFD7
3FFEA
3FFFD
00011
00024
00037
00049
0005A
0006A
00077
00082
0008A
00090
00093
00093
00091
0008B
00083
00078
0006B
0005C
0004B
00039
00027
00013
00000
3FFED
3FFDB
3FFCA
3FFBB
3FFAD
3FFA2
3FF99
3FF93
3FF90
3FF90
3FF92
3FF97
3FFA0
3FFAA
3FFB7
3FFC6
3FFD7
3FFE9
3FFFC
0000F
00023
00036
00049
0005B
0006B
00079
00085
0008E
00095
00099
0009A
00099
00094
0008D
00083
00076
00068
00058
00046
00034
00020
0000D
3FFFA
3FFE7
3FFD6
3FFC6
3FFB7
3FFAB
3FFA2
3FF9A
3FF96
3FF95
3FF96
3FF9B
3FFA2
3FFAB
3FFB8
3FFC6
3FFD6
3FFE8
3FFFB
0000E
00022
00036
00049
0005B
0006B
0007A
00087
00092
0009A
0009F
000A1
000A0
0009D
00096
0008D
00082
00074
00064
00053
00041
0002D
0001A
00006
3FFF3
3FFE1
3FFD1
3FFC2
3FFB5
3FFAA
3FFA2
3FF9D
3FF9A
3FF9A
3FF9E
3FFA4
3FFAD
3FFB8
3FFC6
3FFD6
3FFE7
3FFFA
0000D
00021
00035
00048
0005B
0006C
0007C
0008A
00095
0009E
000A4
000A7
000A8
000A5
000A0
00098
0008D
00080
00071
00060
0004E
0003B
00027
00013
00000
3FFED
3FFDC
3FFCC
3FFBE
3FFB3
3FFAA
3FFA3
3FFA0
3FF9F
3FFA1
3FFA7
3FFAF
3FFB9
3FFC6
3FFD5
3FFE6
3FFF9
0000C
00020
00034
00048
0005B
0006D
0007D
0008C
00098
000A2
000AA
000AE
000AF
000AE
000A9
000A2
00098
0008C
0007D
0006D
0005B
00048
00034
00021
0000D
3FFFA
3FFE8
3FFD7
3FFC8
3FFBC
3FFB2
3FFAA
3FFA6
3FFA4
3FFA5
3FFA9
3FFB0
3FFBA
3FFC7
3FFD5
3FFE6
3FFF8
0000B
0001F
00033
00047
0005B
0006D
0007F
0008E
0009C
000A6
000AF
000B4
000B7
000B6
000B3
000AD
000A4
00098
0008A
0007A
00069
00056
00042
0002E
0001A
00006
3FFF4
3FFE2
3FFD3
3FFC5
3FFBA
3FFB2
3FFAC
3FFA9
3FFA9
3FFAC
3FFB3
3FFBB
3FFC7
3FFD5
3FFE5
3FFF7
0000A
0001E
00032
00047
0005B
0006E
00080
00090
0009F
000AB
000B4
000BB
000BE
000BF
000BD
000B7
000AF
000A4
00097
00087
00076
00063
00050
0003C
00027
00013
00000
3FFEE
3FFDE
3FFCF
3FFC3
3FFB9
3FFB2
3FFAE
3FFAE
3FFB0
3FFB5
3FFBD
3FFC8
3FFD5
3FFE5
3FFF6
00009
0001D
00031
00046
0005B
0006F
00081
00092
000A2
000AF
000B9
000C1
000C6
000C7
000C6
000C2
000BB
000B0
000A4
00095
00084
00072
0005E
0004A
00035
00021
0000D
3FFFA
3FFE9
3FFD9
3FFCC
3FFC1
3FFB9
3FFB4
3FFB2
3FFB3
3FFB7
3FFBF
3FFC9
3FFD5
3FFE4
3FFF5
00008
0001C
00030
00045
0005A
0006F
00082
00094
000A5
000B3
000BE
000C7
000CD
000D0
000D0
000CC
000C6
000BD
000B1
000A3
00092
00080
0006C
00058
00043
0002E
0001A
00006
3FFF4
3FFE4
3FFD5
3FFCA
3FFC1
3FFBA
3FFB7
3FFB7
3FFBA
3FFC0
3FFCA
3FFD6
3FFE4
3FFF5
00007
0001B
00030
00045
0005A
0006F
00084
00096
000A8
000B7
000C3
000CD
000D5
000D9
000DA
000D7
000D2
000CA
000BE
000B1
000A1
0008F
0007B
00067
00052
0003C
00027
00013
00000
3FFEF
3FFDF
3FFD2
3FFC8
3FFC1
3FFBC
3FFBB
3FFBD
3FFC3
3FFCB
3FFD6
3FFE4
3FFF4
00006
0001A
0002F
00044
0005A
00070
00085
00098
000AB
000BB
000C9
000D4
000DC
000E1
000E3
000E2
000DE
000D6
000CC
000BF
000AF
0009E
0008A
00076
00060
0004B
00035
00020
0000C
3FFFA
3FFEA
3FFDC
3FFD0
3FFC8
3FFC2
3FFC0
3FFC1
3FFC5
3FFCC
3FFD7
3FFE4
3FFF4
00005
00019
0002E
00044
0005A
00070
00086
0009A
000AE
000BF
000CE
000DA
000E4
000EA
000ED
000ED
000EA
000E4
000DA
000CE
000BE
000AD
0009A
00085
00070
0005A
00044
0002E
00019
00006
3FFF5
3FFE5
3FFD9
3FFCF
3FFC8
3FFC5
3FFC5
3FFC8
3FFCE
3FFD8
3FFE4
3FFF3
00005
00018
0002D
00043
0005A
00071
00087
0009C
000B1
000C3
000D3
000E1
000EC
000F3
000F8
000F9
000F7
000F1
000E8
000DD
000CE
000BD
000AA
00096
00080
00069
00053
0003C
00027
00013
00000
3FFF0
3FFE2
3FFD7
3FFCF
3FFCA
3FFC9
3FFCB
3FFD0
3FFD9
3FFE5
3FFF3
00004
00017
0002C
00043
0005A
00071
00088
0009F
000B4
000C7
000D9
000E8
000F4
000FD
00102
00105
00104
000FF
000F7
000EC
000DE
000CE
000BB
000A6
00091
0007A
00062
0004B
00035
00020
0000C
3FFFA
3FFEB
3FFDF
3FFD6
3FFD0
3FFCD
3FFCE
3FFD2
3FFDA
3FFE5
3FFF3
00004
00017
0002C
00042
0005A
00072
00089
000A1
000B7
000CC
000DE
000EE
000FC
00106
0010D
00111
00111
0010E
00107
000FC
000EF
000DF
000CD
000B8
000A2
0008B
00073
0005B
00044
0002D
00019
00006
3FFF5
3FFE8
3FFDD
3FFD6
3FFD2
3FFD1
3FFD5
3FFDC
3FFE6
3FFF3
00004
00016
0002B
00042
0005A
00072
0008B
000A3
000BA
000D0
000E4
000F6
00104
00110
00119
0011E
0011F
0011D
00117
0010D
00101
000F1
000DF
000CA
000B4
0009D
00084
0006C
00053
0003C
00026
00012
00000
3FFF1
3FFE5
3FFDC
3FFD7
3FFD5
3FFD8
3FFDD
3FFE7
3FFF3
00003
00016
0002B
00042
0005A
00073
0008C
000A5
000BE
000D5
000EA
000FD
0010D
0011B
00125
0012B
0012E
0012D
00128
0011F
00113
00104
000F2
000DE
000C7
000AF
00096
0007D
00064
0004B
00034
0001F
0000B
3FFFB
3FFED
3FFE3
3FFDC
3FFDA
3FFDB
3FFDF
3FFE8
3FFF4
00003
00016
0002A
00041
0005A
00074
0008E
000A8
000C2
000DA
000F1
00105
00117
00126
00131
00139
0013D
0013D
00139
00132
00127
00118
00106
000F2
000DC
000C3
000AA
00090
00075
0005C
00043
0002C
00018
00005
3FFF6
3FFEB
3FFE2
3FFDE
3FFDE
3FFE2
3FFE9
3FFF5
00003
00015
0002A
00041
0005A
00075
00090
000AB
000C6
000DF
000F8
0010E
00121
00132
0013F
00148
0014D
0014F
0014C
00146
0013B
0012D
0011C
00108
000F1
000D8
000BE
000A3
00088
0006D
00053
0003B
00025
00011
00000
3FFF3
3FFE9
3FFE3
3FFE2
3FFE4
3FFEB
3FFF5
00003
00015
0002A
00041
0005B
00076
00092
000AE
000CA
000E5
000FF
00117
0012C
0013E
0014D
00158
0015F
00162
00161
0015B
00152
00144
00133
0011F
00108
000EF
000D4
000B8
0009C
00080
00065
0004B
00032
0001D
0000A
3FFFB
3FFF0
3FFE9
3FFE6
3FFE7
3FFEC
3FFF6
00004
00015
0002A
00041
0005B
00077
00094
000B2
000CF
000EC
00107
00121
00138
0014C
0015C
00169
00172
00176
00176
00172
0016A
0015D
0014C
00138
00121
00108
000EC
000CF
000B2
00094
00077
0005B
00042
0002A
00016
00005
3FFF8
3FFEF
3FFEA
3FFEA
3FFEE
3FFF7
00004
00015
0002A
00042
0005C
00079
00097
000B5
000D4
000F3
00110
0012C
00145
0015B
0016D
0017C
00187
0018D
0018E
0018B
00184
00178
00167
00153
0013C
00122
00106
000E8
000C9
000AA
0008B
0006E
00052
00038
00022
0000F
00000
3FFF5
3FFEF
3FFED
3FFF0
3FFF8
00005
00015
0002A
00042
0005D
0007A
0009A
000BA
000DB
000FB
0011A
00138
00153
0016B
00180
00191
0019D
001A5
001A8
001A7
001A0
00195
00185
00171
0015A
0013F
00122
00103
000E3
000C2
000A1
00082
00064
00048
0002F
0001A
00009
3FFFC
3FFF4
3FFF1
3FFF3
3FFFA
00005
00015
0002A
00042
0005E
0007C
0009D
000BF
000E1
00104
00125
00145
00163
0017E
00195
001A8
001B7
001C1
001C6
001C5
001C0
001B5
001A6
00193
0017B
00160
00142
00121
000FF
000DD
000BA
00098
00077
00059
0003E
00026
00013
00004
3FFFA
3FFF5
3FFF5
3FFFB
00006
00016
0002A
00043
0005F
0007F
000A1
000C5
000E9
0010E
00132
00155
00175
00193
001AD
001C2
001D4
001E0
001E6
001E8
001E4
001DA
001CB
001B8
001A0
00184
00165
00143
0011F
000FA
000D5
000B1
0008D
0006C
0004E
00034
0001E
0000C
00000
3FFF9
3FFF8
3FFFC
00006
00016
0002A
00044
00061
00082
000A6
000CB
000F2
0011A
00141
00167
0018A
001AB
001C8
001E0
001F4
00203
0020C
0020F
0020D
00204
001F6
001E2
001CA
001AD
0018D
00169
00143
0011C
000F4
000CC
000A6
00082
00061
00043
0002A
00016
00007
3FFFE
3FFFB
3FFFE
00007
00016
0002A
00044
00063
00085
000AB
000D3
000FD
00128
00152
0017B
001A3
001C7
001E7
00204
0021B
0022C
00238
0023D
0023C
00235
00227
00214
001FB
001DD
001BB
00195
0016D
00142
00117
000EC
000C2
0009B
00076
00054
00038
00020
0000E
00002
3FFFD
3FFFF
00007
00015
0002A
00045
00065
00089
000B1
000DD
0010A
00138
00167
00194
001C0
001E8
0020D
0022D
00248
0025D
0026C
00274
00274
0026E
00262
0024E
00235
00216
001F1
001C9
0019E
00170
00141
00112
000E4
000B7
0008E
00068
00047
0002C
00016
00008
00000
00000
00006
00015
0002A
00045
00067
0008E
000B9
000E8
00119
0014C
00180
001B2
001E3
00211
0023B
00260
00280
00299
002AB
002B6
002B9
002B5
002A9
00295
0027B
0025A
00234
00209
001D9
001A7
00174
0013F
0010C
000DA
000AB
00080
0005A
00039
00020
0000D
00003
00000
00006
00013
00029
00045
00069
00093
000C2
000F6
0012D
00165
0019F
001D8
0020F
00244
00274
002A0
002C5
002E4
002FA
00309
0030F
0030D
00302
002EF
002D3
002B1
00287
00258
00224
001ED
001B3
00178
0013E
00105
000CF
0009D
00070
0004A
0002B
00014
00005
00000
00004
00011
00027
00045
0006C
0009A
000CE
00108
00145
00185
001C7
00209
00249
00286
002BF
002F3
00320
00346
00363
00376
00381
00381
00378
00364
00348
00323
002F5
002C1
00287
00249
00207
001C3
00180
0013D
000FE
000C3
0008D
0005F
00039
0001B
00008
3FFFF
00000
0000C
00023
00044
0006F
000A2
000DE
0011F
00167
001B1
001FE
0024C
00298
002E2
00327
00366
0039E
003CE
003F3
0040E
0041F
00423
0041C
00409
003EB
003C2
00390
00354
00312
002C9
0027C
0022D
001DC
0018D
00140
000F8
000B6
0007C
0004B
00025
0000A
3FFFC
3FFFA
00005
0001D
00042
00073
000AF
000F5
00144
00199
001F4
00252
002B1
00310
0036D
003C4
00415
0045E
0049C
004CF
004F6
0050F
00519
00515
00503
004E2
004B4
00479
00432
003E2
00389
0032A
002C7
00262
001FD
0019B
0013F
000E9
0009D
0005D
0002A
00005
3FFF0
3FFEB
3FFF8
00016
00044
00083
000D1
0012D
00195
00207
00280
002FE
0037F
003FE
00479
004EE
00558
005B4
00600
00639
0065B
00664
00651
00620
005CC
00553
004AD
003D4
002B6
00139
3FF1E
3FBC9
3F528
3DD87
07F6A
3EB7D
05600
000C3
3E1E9
3F5A3
3D9A7
38361
09835
00915
31B6A
0CE50
08638
0D310
3854E
01C31
3F0B0
3A220
38938
3DDE6
0405E
3659E
38B58
0793A
0F426
365C6
09669
3EE4F
3D2D9
07BBB
3F6AA
07C13
00750
00C2D
01779
0444A
3CF80
38B16
3E58E
03AB0
39984
3D935
3E44B
3F8C1
33DAD
04AED
02225
0ACA1
33B9E
063B4
054A5
3B596
3CA66
07539
3DD84
096F1
04E23
3A27A
3F477
0007F
3CDE2
06F11
03AC1
39CC1
3C774
03AAB
3D75E
3D287
3CFCA
05E77
3EBB7
3B327
0239B
08DD2
371BF
05472
05496
00A86
041B4
3EC96
011D6
0335D
3AE87
03B5F
032D4
37384
07FB0
38184
3D512
39E19
3C6F9
3F12B
3E7A3
33622
3B517
3E8C3
3E8CC
053F1
3B359
0369E
3DEFD
09636
03B0D
022F0
0213F
0434A
3CDBA
08D27
0A837
08552
00B59
01835
07218
01772
03CF5
02F0B
3C284
3F3B2
39D87
01152
3FEB6
2EF4E
003A0
021FD
008D4
3FC8F
3B026
0502D
37593
38CD0
3BF29
03F89
31282
057A9
3BA35
0CC7E
04B9B
0730A
01806
37267
384EB
057B2
3BF01
07288
00A0B
3D7F3
070C5
3FEE3
3A9E2
0C343
0BB1D
018B4
099BC
0AEF1
07728
3C2FE
33081
36182
0B079
2D6B6
3F4E7
00F79
08DAC
3A720
3C5BC
3FAFD
3BB87
3EC67
05EC6
3D553
37789
0411A
3D73E
00AF5
38ECB
37737
09B6E
01925
076F1
3BBB8
371B2
3A2A7
0E050
0326B
3AE59
0405D
030B7
3700F
052E7
3D9C7
3C4E8
07818
09564
3B05C
399E2
073C2
3D6D7
3D7F0
3E5D0
3C512
0104D
03582
092B0
34920
055E3
398BB
1151B
3A9E4
344FE
3ABC8
0D333
0AF9E
07284
3C82E
02898
0486B
39341
394EF
3B209
00F0D
3814E
3EF36
04654
00860
3CF60
0FBC9
03586
0F909
0507C
0C61F
3C7CD
35A98
057B2
34DE7
0933B
05D5E
38803
06B6A
3462D
37798
3F7C5
00C4D
3B069
3B09A
3B896
3D0AD
06CE6
02A7B
3FC49
026F7
39E98
3CAB5
09080
3C292
0B069
3F080
36143
36CD2
04603
37458
3FD28
014F7
3D7EF
0036F
38261
0413F
3084B
01D06
019B0
080FF
00E5C
05F45
12D48
3CF27
3D5AF
2E49C
35C31
05E76
130FD
04078
08901
06E5C
3C05D
01731
3B3F1
041CB
02D51
3B054
3DDBA
3D106
3F45B
39B73
3E145
050B7
018A1
3E12F
3FA4F
16EBF
00F1D
3C9AE
05DA4
07C1F
3FB38
0EF16
3DA5D
32166
0D942
3CDFC
3AB2D
10A14
054ED
06575
3261B
3E304
323AB
38993
3A336
3F5ED
3FB2F
36EA4
0426C
08C03
3F7BF
00C46
31214
39847
3DC2D
00E0B
37CBF
02276
06FC8
05633
0D1B6
3A3B5
033F8
32140
3B4DE
0153B
3E44D
0BEA3
3DF43
34E5D
0825E
0858A
06D7A
3A0EE
0609A
36D39
0D23A
31DD0
00F27
3F9CF
07C3A
01C98
39C69
02BE5
05DAF
3BC4B
37AE2
0568C
3CC21
05431
02687
3D9E4
02F6E
05898
0B6E3
32AEE
08F2C
03CBF
03973
3ED88
35DB8
3C7DC
06BC9
02D67
01B5F
03C84
01D0B
06D96
395DC
03473
062B9
3F5F0
382F4
3D031
3F29A
3E517
00CB3
07CFA
2E2A6
38F42
3E249
0E9B9
045F0
0507F
342F3
07108
3E51D
3EF4C
0654D
099FA
3E209
3A319
31878
02ABF
06498
3F841
02255
09959
0FB80
3F6AE
10A9C
3ADF1
3BCF1
072F9
0408B
39860
0029A
09AB5
34C72
3B878
32BB2
3B651
381EA
05A6C
3087F
39E62
34516
12B7D
00459
38185
08CBC
034CC
3E45D
05692
0AB39
3F6CE
31995
00D15
3D150
0B88E
3E48B
05D07
3CA3A
01957
057E4
0597B
3A4B3
0FA5D
01CA9
352AB
3699A
3E57C
3E274
3CF54
042DE
0C856
3C3CB
082FC
3AF5E
0215C
371E9
01D3C
11984
06F53
0028B
0ACAF
05683
3FB10
3E0A4
078EB
363FE
014D2
0D541
3BF7C
07DC7
3A0EE
011FA
07CEA
3FD6C
3A65C
0C412
38188
3A594
3F7E8
01FDA
04FB1
00900
03AC6
0A130
3DC65
3FBC1
03E2D
3E4CE
0CC88
00866
3CEE1
0E1D8
06A1F
04109
01176
067A8
006F1
369F4
077FD
38483
03C7B
315B6
3F063
0966D
05E3B
089A7
3FF4F
0F08D
3793F
3ABE9
04849
09E2F
02133
07A0B
309CA
3F4F1
00000
3F9DB
3EEBB
3E6C9
3A0B9
083B4
05FAF
32974
3D472
08A7A
3D75E
376B9
03F1C
08431
331AD
373DD
0CC91
009BD
2ED43
01A93
0CD8F
36E97
3672A
02805
3D54E
08B9B
00E83
2E394
032A6
0F65B
38255
3C298
3BD7C
3CFFB
3865B
3B16B
3AD34
3860C
24FDB
0B5E9
0BB2F
31B7D
39043
03F69
3E3A0
061EB
3E369
096C6
31A54
2E9E4
0895E
3EB5B
03BD1
3F074
0273A
3D9B2
3B7E3
01A94
04921
37FAD
3EFC7
2F4E0
3CBA0
198A1
39B8F
3B003
3BF30
3AE0E
0032B
3E227
3DCDC
3CE39
2FDDE
3D713
32776
07B4A
03EDC
006C6
01EB0
32380
3C663
38217
3ABBD
2D813
054A2
390E8
10CDF
0318B
15AD1
04208
3BCB0
024AA
3F31D
00C73
3A8A3
10D29
0819A
2E5BA
3FCD3
006B3
00594
009C1
3F985
3FDA1
3DE6C
3D672
0E3F7
0052A
348EE
03E01
079DC
3BF95
3EF15
3C1DE
3D17E
02C26
3CCEB
2C3A1
00899
38FAC
04FF9
3F2FA
09144
02F80
0C5AF
0363B
3EE40
064A3
0ED19
38D0D
3F4AD
3B354
3E3B5
3DDDA
3EA39
3B56F
00680
3F9AE
0177C
02742
3C02B
000C4
2D3C4
3D895
364FE
037FD
0792B
3A8AF
3DD6E
3F168
3E860
10B23
00414
36026
066D0
0AF18
3BB0F
0234E
34CE1
3C585
38DD6
3B75D
2ECA2
00679
37FC5
08026
029A7
012B1
0028D
02F82
3EBEB
3CFDB
3B99E
31DAD
095BF
3E141
12A30
056BA
033DE
0281A
3F2CF
054D2
09D23
3C5C7
04044
2F7CA
3C63A
35CEB
3EDFA
3D2BC
043F5
0C19C
36032
3F94D
35224
3DA56
2D31E
0125E
0A584
3D10F
3FDC5
00014
01089
01E2A
0287C
0245A
053DA
1267C
3D0ED
01968
3F6E9
026DD
36B6A
3DDCC
07AD5
3C003
2EB80
03B01
3A584
09C41
00063
16B8C
06921
037DC
03A9D
03D50
02229
029BA
017A1
04003
2F889
3BCEF
203F2
3F878
3EE8E
3F73E
007BC
3C82C
3DE91
3FDCE
3FB74
1BAA3
3CDB7
3E1BE
3CBD9
39E22
06EEB
03EC3
34667
3DD14
3593C
3E810
32346
0CECE
0FB1A
353B3
3FC8C
3A6A9
00875
0FB2D
3ED7C
3A1A4
084A8
0C532
36B7F
02488
24492
3B21C
3D945
3E2F8
014FE
3B83C
3C442
3D359
3B5D2
0CAB1
3FE84
3D1F8
3ECF7
3E750
3D566
3AC90
04DDD
003DF
03E90
010F8
1085C
3A9DD
3000E
0AF0E
092F9
38B2E
3DFCC
0E784
03514
3CE30
07371
0FE35
3FE09
0C769
28F8B
39EFB
3DBA8
3E491
3BAB1
01254
026F5
026CA
09091
2CA3B
38B3B
0D324
3FC05
05DDA
3D601
01299
36F05
33B03
0B508
3EB28
11F8C
3E665
2DAB4
00054
3790A
03E58
3BA47
0F9AD
055E1
37DB1
00642
3A17D
04281
093FF
3A59E
3DF02
3F603
3F797
0496A
0184F
0381A
051A6
14D6B
2F07F
3A884
380FA
3C2A8
34B55
3D07A
3F3C2
3D603
3B9BA
046CE
06962
31FBC
3CF4D
06A13
01DC1
0E74E
3D2AA
005B7
0063F
03E19
37832
3FD8F
2DDE7
02C85
1ADB6
37B44
3BB8E
3DDBF
3E4B9
3E0A2
3E4C2
3CA90
3C3D7
29D8F
0726A
04896
01308
00FB3
05205
03338
2FA6E
02DF6
0887C
01A31
09A24
33E43
373FA
0F81C
02F69
07751
01B9F
00571
04008
085F8
3B82D
01F23
34287
3D404
07AEE
3F1E1
3FCE1
3FAB9
00A31
3EAEE
3F6F9
01456
00CDA
385FF
02ED1
0DA12
3C607
0271C
374BD
38CC9
10CF6
038FF
00001
04DBA
11CD2
3D8BA
08F46
2F6F1
3826D
02CC5
3E359
3AA4F
3E484
39B94
04B69
09238
37549
010C8
27839
39715
3A83B
3C439
3D393
3C463
3CB06
3B105
39547
0DD54
000A0
3AF03
3DED4
391A2
00465
3BB76
05034
3F299
0F22F
02E2A
30B69
0467C
062DD
01A5C
04DB9
3B537
3E535
08CD3
02D0D
0A4F1
024E9
091B8
3C22E
3E3DB
00FC7
00A36
3F8E7
00BEB
04DFE
00A66
02015
01CB7
07222
329F7
3A61F
04F47
3E9B4
3F534
3C3C4
3182B
0A37F
09866
36F59
3DD52
02B19
011F7
12A23
3BA1C
3630D
07754
09604
32F13
3CA00
37664
3BE48
2BF42
01B83
02623
3DC9F
3E82E
3EB93
3E8C8
3DF42
3DC2F
3DA11
39EF4
29573
0FB11
0773A
0279F
03054
097E6
05DE3
16179
0269B
0DC2E
38518
3EF76
3DB3D
3D210
3DC78
3E210
3E600
3E90C
3EB8C
3EDAC
3EF89
3F132
3F2B6
3F41A
3F564
3F699
3F7BB
3F8CA
3F9C9
3FAB7
3FB94
3FC60
3FD1A
3FDC2
3FE58
3FED9
3FF48
3FFA2
3FFE7
00018
00036
0003F
00036
0001B
3FFF0
3FFB5
3FF6C
3FF18
3FEBB
3FE55
3FDEA
3FD7D
3FD0E
3FCA1
3FC38
3FBD4
3FB79
3FB27
3FAE0
3FAA6
3FA79
3FA5A
3FA4B
3FA4A
3FA59
3FA76
3FAA1
3FAD9
3FB1D
3FB6B
3FBC2
3FC20
3FC83
3FCE9
3FD4F
3FDB5
3FE18
3FE76
3FECE
3FF1D
3FF62
3FF9D
3FFCB
3FFED
00002
0000A
00005
3FFF3
3FFD4
3FFAB
3FF77
3FF3B
3FEF7
3FEAD
3FE60
3FE10
3FDC0
3FD71
3FD25
3FCDE
3FC9E
3FC65
3FC35
3FC10
3FBF5
3FBE5
3FBE0
3FBE8
3FBFB
3FC18
3FC40
3FC72
3FCAB
3FCEC
3FD32
3FD7C
3FDC9
3FE17
3FE63
3FEAE
3FEF4
3FF35
3FF6F
3FFA1
3FFCA
3FFEA
3FFFF
0000A
0000A
00000
3FFEB
3FFCD
3FFA6
3FF77
3FF41
3FF06
3FEC7
3FE85
3FE41
3FDFE
3FDBD
3FD80
3FD47
3FD14
3FCE8
3FCC4
3FCA8
3FC97
3FC8E
3FC90
3FC9C
3FCB1
3FCCF
3FCF5
3FD23
3FD57
3FD91
3FDCF
3FE0F
3FE51
3FE93
3FED3
3FF10
3FF49
3FF7D
3FFAA
3FFD0
3FFED
00002
0000E
00010
0000A
3FFFA
3FFE1
3FFC1
3FF99
3FF6B
3FF38
3FF01
3FEC6
3FE8B
3FE4F
3FE15
3FDDD
3FDA9
3FD7A
3FD50
3FD2E
3FD13
3FD01
3FCF7
3FCF5
3FCFD
3FD0D
3FD25
3FD45
3FD6C
3FD99
3FDCC
3FE02
3FE3B
3FE76
3FEB0
3FEEA
3FF22
3FF56
3FF86
3FFB0
3FFD4
3FFF1
00005
00012
00016
00012
00006
3FFF2
3FFD6
3FFB3
3FF8B
3FF5D
3FF2B
3FEF7
3FEC1
3FE8A
3FE54
3FE20
3FDEF
3FDC3
3FD9B
3FD7A
3FD5F
3FD4C
3FD40
3FD3C
3FD41
3FD4D
3FD61
3FD7D
3FD9F
3FDC7
3FDF3
3FE24
3FE58
3FE8D
3FEC4
3FEF9
3FF2D
3FF5E
3FF8B
3FFB4
3FFD6
3FFF3
00008
00016
0001C
0001A
00011
00000
3FFE8
3FFCA
3FFA6
3FF7C
3FF4F
3FF1F
3FEED
3FEBA
3FE88
3FE57
3FE28
3FDFD
3FDD7
3FDB6
3FD9B
3FD87
3FD7A
3FD74
3FD76
3FD7F
3FD8F
3FDA7
3FDC5
3FDE8
3FE11
3FE3D
3FE6C
3FE9E
3FED0
3FF03
3FF34
3FF63
3FF8E
3FFB5
3FFD7
3FFF4
0000A
00019
00021
00021
0001B
0000D
3FFF8
3FFDE
3FFBD
3FF98
3FF6F
3FF42
3FF14
3FEE4
3FEB4
3FE85
3FE59
3FE2F
3FE09
3FDE9
3FDCD
3FDB8
3FDA9
3FDA2
3FDA1
3FDA7
3FDB5
3FDC9
3FDE3
3FE03
3FE27
3FE50
3FE7C
3FEAA
3FED9
3FF09
3FF38
3FF65
3FF8F
3FFB5
3FFD7
3FFF4
0000A
0001B
00024
00027
00023
00018
00007
3FFF0
3FFD3
3FFB1
3FF8B
3FF62
3FF36
3FF09
3FEDC
3FEAF
3FE84
3FE5B
3FE36
3FE15
3FDF9
3FDE3
3FDD3
3FDC9
3FDC6
3FDCA
3FDD4
3FDE5
3FDFC
3FE18
3FE3A
3FE5F
3FE88
3FEB3
3FEE0
3FF0D
3FF3A
3FF65
3FF8E
3FFB4
3FFD6
3FFF3
0000A
0001C
00027
0002C
0002B
00023
00014
00000
3FFE6
3FFC7
3FFA5
3FF7E
3FF55
3FF2B
3FEFF
3FED4
3FEAA
3FE83
3FE5E
3FE3D
3FE21
3FE0A
3FDF8
3FDED
3FDE8
3FDE9
3FDF0
3FDFE
3FE12
3FE2B
3FE49
3FE6C
3FE91
3FEBA
3FEE4
3FF0F
3FF3A
3FF64
3FF8C
3FFB2
3FFD3
3FFF1
00009
0001C
00029
00030
00031
0002C
00020
0000F
3FFF8
3FFDC
3FFBC
3FF98
3FF72
3FF4A
3FF20
3FEF7
3FECE
3FEA7
3FE83
3FE62
3FE45
3FE2D
3FE1A
3FE0D
3FE06
3FE05
3FE0A
3FE15
3FE26
3FE3C
3FE57
3FE76
3FE99
3FEBF
3FEE7
3FF10
3FF3A
3FF63
3FF8A
3FFAF
3FFD1
3FFEE
00008
0001C
0002B
00034
00037
00034
0002B
0001C
00008
3FFEF
3FFD1
3FFB0
3FF8C
3FF66
3FF3F
3FF17
3FEEF
3FEC9
3FEA5
3FE84
3FE67
3FE4E
3FE3A
3FE2B
3FE22
3FE1E
3FE21
3FE29
3FE38
3FE4B
3FE63
3FE80
3FEA0
3FEC4
3FEEA
3FF11
3FF39
3FF61
3FF87
3FFAB
3FFCD
3FFEB
00005
0001B
0002B
00036
0003B
0003A
00034
00028
00016
00000
3FFE5
3FFC7
3FFA5
3FF81
3FF5B
3FF35
3FF0E
3FEE9
3FEC5
3FEA4
3FE87
3FE6D
3FE57
3FE47
3FE3C
3FE37
3FE37
3FE3D
3FE48
3FE59
3FE6F
3FE89
3FEA7
3FEC8
3FEEC
3FF11
3FF38
3FF5E
3FF84
3FFA8
3FFC9
3FFE8
00003
00019
0002B
00037
0003F
00040
0003C
00032
00023
00010
3FFF7
3FFDB
3FFBC
3FF9A
3FF76
3FF51
3FF2C
3FF07
3FEE4
3FEC3
3FEA5
3FE8A
3FE74
3FE62
3FE55
3FE4E
3FE4C
3FE4F
3FE58
3FE66
3FE79
3FE91
3FEAD
3FECC
3FEED
3FF11
3FF36
3FF5B
3FF80
3FFA4
3FFC5
3FFE4
00000
00017
0002A
00038
00041
00045
00043
0003C
0002F
0001E
00008
3FFEE
3FFD1
3FFB1
3FF8F
3FF6B
3FF47
3FF23
3FF00
3FEDF
3FEC1
3FEA6
3FE8E
3FE7B
3FE6D
3FE64
3FE5F
3FE61
3FE67
3FE73
3FE84
3FE99
3FEB2
3FECF
3FEEF
3FF11
3FF34
3FF58
3FF7C
3FF9F
3FFC1
3FFE0
3FFFC
00014
00029
00038
00043
00049
00049
00044
0003A
0002B
00018
00000
3FFE5
3FFC7
3FFA6
3FF84
3FF61
3FF3E
3FF1C
3FEFB
3FEDC
3FEC0
3FEA8
3FE94
3FE84
3FE79
3FE73
3FE72
3FE76
3FE80
3FE8E
3FEA1
3FEB8
3FED3
3FEF0
3FF10
3FF32
3FF55
3FF78
3FF9B
3FFBC
3FFDB
3FFF8
00011
00027
00038
00044
0004C
0004E
0004B
00044
00037
00026
00010
3FFF7
3FFDB
3FFBC
3FF9B
3FF7A
3FF58
3FF36
3FF15
3FEF6
3FEDA
3FEC1
3FEAB
3FE9A
3FE8D
3FE85
3FE83
3FE85
3FE8C
3FE98
3FEA8
3FEBD
3FED6
3FEF2
3FF10
3FF31
3FF52
3FF74
3FF96
3FFB7
3FFD7
3FFF4
0000E
00024
00037
00045
0004E
00052
00052
0004C
00042
00033
00020
00008
3FFEE
3FFD1
3FFB2
3FF91
3FF70
3FF4F
3FF2E
3FF0F
3FEF3
3FED9
3FEC2
3FEB0
3FEA1
3FE98
3FE93
3FE93
3FE98
3FEA2
3FEB0
3FEC3
3FED9
3FEF3
3FF10
3FF2F
3FF4F
3FF71
3FF92
3FFB3
3FFD2
3FFEF
0000A
00021
00035
00045
00050
00056
00057
00054
0004C
0003F
0002E
00019
00000
3FFE5
3FFC7
3FFA7
3FF87
3FF67
3FF46
3FF28
3FF0B
3FEF0
3FED9
3FEC5
3FEB5
3FEAA
3FEA3
3FEA1
3FEA4
3FEAC
3FEB8
3FEC8
3FEDD
3FEF5
3FF10
3FF2D
3FF4D
3FF6D
3FF8D
3FFAE
3FFCD
3FFEB
00006
0001E
00033
00044
00050
00059
0005C
0005B
00054
0004A
0003B
00028
00011
3FFF7
3FFDB
3FFBD
3FF9D
3FF7E
3FF5E
3FF3F
3FF22
3FF07
3FEEF
3FEDA
3FEC8
3FEBC
3FEB3
3FEAF
3FEB0
3FEB5
3FEC0
3FECE
3FEE1
3FEF7
3FF10
3FF2C
3FF4A
3FF69
3FF89
3FFA9
3FFC8
3FFE6
00002
0001B
00030
00043
00051
0005B
00060
00060
0005C
00054
00047
00035
00021
00009
3FFEE
3FFD1
3FFB3
3FF94
3FF74
3FF56
3FF38
3FF1D
3FF04
3FEEE
3FEDC
3FECD
3FEC3
3FEBD
3FEBC
3FEC0
3FEC8
3FED4
3FEE5
3FEF9
3FF10
3FF2B
3FF47
3FF66
3FF85
3FFA4
3FFC3
3FFE1
3FFFD
00017
0002D
00041
00050
0005C
00063
00065
00063
0005D
00052
00042
00030
00019
00000
3FFE4
3FFC7
3FFA9
3FF8A
3FF6C
3FF4E
3FF33
3FF19
3FF02
3FEEE
3FEDF
3FED3
3FECB
3FEC8
3FECA
3FED0
3FEDA
3FEE9
3FEFB
3FF11
3FF2A
3FF45
3FF62
3FF80
3FF9F
3FFBE
3FFDC
3FFF8
00012
0002A
0003F
00050
0005D
00065
0006A
0006A
00065
0005C
0004F
0003D
00029
00011
3FFF7
3FFDB
3FFBE
3FF9F
3FF81
3FF64
3FF48
3FF2E
3FF16
3FF01
3FEF0
3FEE3
3FED9
3FED5
3FED4
3FED8
3FEE1
3FEED
3FEFE
3FF12
3FF29
3FF43
3FF5F
3FF7C
3FF9B
3FFB9
3FFD7
3FFF3
0000E
00027
0003C
0004E
0005D
00067
0006D
0006F
0006C
00065
0005A
0004B
00038
00022
00009
3FFEE
3FFD1
3FFB4
3FF96
3FF79
3FF5D
3FF42
3FF29
3FF14
3FF01
3FEF3
3FEE8
3FEE1
3FEDF
3FEE1
3FEE8
3FEF2
3FF01
3FF13
3FF29
3FF41
3FF5C
3FF79
3FF96
3FFB4
3FFD1
3FFEE
00009
00023
00039
0004C
0005C
00068
00070
00074
00073
0006E
00064
00057
00046
00031
0001A
00000
3FFE4
3FFC8
3FFAB
3FF8D
3FF71
3FF56
3FF3D
3FF26
3FF13
3FF02
3FEF6
3FEEE
3FEEA
3FEEA
3FEEF
3FEF7
3FF04
3FF15
3FF29
3FF40
3FF5A
3FF75
3FF92
3FFAF
3FFCC
3FFE9
00005
0001E
00036
0004A
0005B
00069
00072
00078
00079
00075
0006E
00062
00053
00040
0002A
00011
3FFF7
3FFDB
3FFBE
3FFA1
3FF85
3FF6A
3FF50
3FF39
3FF24
3FF12
3FF05
3FEFB
3FEF5
3FEF3
3FEF6
3FEFD
3FF08
3FF17
3FF29
3FF3F
3FF57
3FF71
3FF8D
3FFAA
3FFC7
3FFE4
00000
0001A
00032
00048
0005A
00069
00074
0007B
0007E
0007C
00077
0006D
0005F
0004E
00039
00022
00009
3FFEE
3FFD2
3FFB5
3FF99
3FF7D
3FF63
3FF4B
3FF35
3FF23
3FF13
3FF08
3FF00
3FEFD
3FEFE
3FF03
3FF0C
3FF19
3FF2A
3FF3E
3FF55
3FF6E
3FF89
3FFA5
3FFC2
3FFDF
3FFFB
00015
0002E
00045
00058
00068
00075
0007E
00082
00083
0007F
00077
0006B
0005B
00048
00032
0001A
00000
3FFE5
3FFC8
3FFAC
3FF90
3FF76
3FF5D
3FF47
3FF33
3FF22
3FF15
3FF0C
3FF07
3FF06
3FF09
3FF11
3FF1C
3FF2B
3FF3E
3FF53
3FF6B
3FF85
3FFA1
3FFBD
3FFD9
3FFF5
00011
0002A
00041
00056
00067
00075
00080
00086
00088
00086
00080
00076
00068
00056
00042
0002B
00012
3FFF7
3FFDB
3FFBF
3FFA4
3FF89
3FF6F
3FF58
3FF43
3FF31
3FF23
3FF18
3FF11
3FF0F
3FF10
3FF16
3FF1F
3FF2D
3FF3E
3FF52
3FF69
3FF82
3FF9C
3FFB8
3FFD4
3FFF0
0000C
00026
0003E
00053
00066
00075
00081
00089
0008D
0008D
00088
00080
00074
00064
00051
0003B
00023
00009
3FFEE
3FFD2
3FFB6
3FF9B
3FF81
3FF69
3FF54
3FF41
3FF31
3FF25
3FF1C
3FF18
3FF17
3FF1B
3FF23
3FF2F
3FF3E
3FF51
3FF66
3FF7E
3FF98
3FFB3
3FFCF
3FFEB
00007
00021
0003A
00050
00064
00075
00082
0008C
00091
00093
00090
00089
0007F
00071
0005F
0004B
00034
0001A
00000
3FFE5
3FFC9
3FFAE
3FF94
3FF7B
3FF64
3FF50
3FF3F
3FF31
3FF27
3FF21
3FF1F
3FF21
3FF27
3FF31
3FF3F
3FF50
3FF64
3FF7B
3FF94
3FFAF
3FFCA
3FFE6
00001
0001C
00036
0004D
00062
00074
00083
0008E
00095
00098
00097
00092
0008A
0007D
0006D
0005A
00044
0002C
00012
3FFF7
3FFDC
3FFC0
3FFA6
3FF8C
3FF75
3FF60
3FF4D
3FF3E
3FF33
3FF2B
3FF27
3FF28
3FF2C
3FF34
3FF40
3FF50
3FF63
3FF78
3FF90
3FFAA
3FFC5
3FFE1
3FFFC
00017
00031
00049
0005F
00072
00083
0008F
00098
0009D
0009E
0009B
00094
00089
0007A
00068
00053
0003C
00023
00009
3FFEE
3FFD3
3FFB8
3FF9E
3FF86
3FF70
3FF5C
3FF4C
3FF3F
3FF35
3FF30
3FF2E
3FF31
3FF38
3FF42
3FF50
3FF62
3FF76
3FF8D
3FFA6
3FFC0
3FFDB
3FFF7
00012
0002D
00045
0005C
00071
00082
00090
0009B
000A1
000A4
000A2
0009D
00094
00087
00076
00063
0004D
00034
0001B
00000
3FFE5
3FFCA
3FFB0
3FF97
3FF80
3FF6B
3FF59
3FF4B
3FF40
3FF39
3FF36
3FF37
3FF3B
3FF44
3FF51
3FF61
3FF74
3FF8A
3FFA2
3FFBB
3FFD6
3FFF2
0000D
00028
00041
00059
0006E
00081
00091
0009D
000A5
000A9
000A9
000A6
0009E
00093
00084
00072
0005D
00045
0002C
00012
3FFF7
3FFDC
3FFC1
3FFA8
3FF90
3FF7A
3FF67
3FF58
3FF4B
3FF42
3FF3D
3FF3D
3FF40
3FF47
3FF52
3FF60
3FF72
3FF87
3FF9E
3FFB7
3FFD1
3FFEC
00008
00023
0003D
00055
0006C
00080
00091
0009E
000A8
000AE
000B0
000AE
000A8
0009E
00091
00080
0006C
00056
0003E
00024
00009
3FFEE
3FFD3
3FFB9
3FFA1
3FF8A
3FF76
3FF65
3FF57
3FF4C
3FF46
3FF43
3FF45
3FF4A
3FF53
3FF60
3FF71
3FF84
3FF9A
3FFB3
3FFCC
3FFE7
00003
0001E
00038
00052
00069
0007E
00090
0009F
000AB
000B2
000B6
000B6
000B1
000A9
0009D
0008E
0007B
00066
0004F
00035
0001B
00000
3FFE5
3FFCB
3FFB1
3FF9A
3FF85
3FF72
3FF63
3FF57
3FF4F
3FF4A
3FF4A
3FF4E
3FF55
3FF61
3FF70
3FF82
3FF97
3FFAE
3FFC8
3FFE2
3FFFD
00019
00034
0004D
00066
0007C
0008F
000A0
000AD
000B6
000BB
000BD
000BA
000B4
000A9
0009B
0008A
00076
0005F
00047
0002D
00012
3FFF7
3FFDC
3FFC2
3FFAA
3FF94
3FF80
3FF6F
3FF62
3FF58
3FF52
3FF50
3FF52
3FF58
3FF62
3FF6F
3FF80
3FF94
3FFAB
3FFC3
3FFDD
3FFF8
00014
0002F
00049
00062
00079
0008E
000A0
000AE
000B9
000C0
000C3
000C3
000BE
000B5
000A8
00099
00086
00070
00058
0003F
00024
00009
3FFEE
3FFD4
3FFBB
3FFA3
3FF8E
3FF7C
3FF6D
3FF62
3FF5A
3FF57
3FF57
3FF5B
3FF63
3FF6F
3FF7F
3FF92
3FFA7
3FFBF
3FFD8
3FFF3
0000E
0002A
00045
0005E
00076
0008C
0009F
000AF
000BC
000C5
000C9
000CA
000C7
000C0
000B5
000A7
00095
00080
00069
00050
00036
0001B
00000
3FFE5
3FFCC
3FFB3
3FF9D
3FF8A
3FF79
3FF6C
3FF63
3FF5E
3FF5C
3FF5F
3FF65
3FF70
3FF7E
3FF8F
3FFA4
3FFBB
3FFD3
3FFEE
00009
00025
00040
0005A
00073
0008A
0009E
000B0
000BE
000C8
000CF
000D2
000D0
000CB
000C1
000B4
000A4
00090
0007A
00062
00048
0002D
00012
3FFF7
3FFDD
3FFC4
3FFAD
3FF98
3FF86
3FF77
3FF6C
3FF65
3FF62
3FF63
3FF68
3FF71
3FF7D
3FF8E
3FFA1
3FFB7
3FFCF
3FFE9
00004
0001F
0003B
00056
00070
00088
0009D
000B0
000C0
000CC
000D4
000D8
000D9
000D5
000CD
000C2
000B3
000A0
0008B
00074
0005A
00040
00024
00009
3FFEE
3FFD4
3FFBC
3FFA6
3FF93
3FF83
3FF76
3FF6E
3FF69
3FF68
3FF6B
3FF72
3FF7D
3FF8C
3FF9E
3FFB3
3FFCA
3FFE4
3FFFF
0001A
00036
00051
0006C
00085
0009C
000B0
000C1
000CF
000D9
000DF
000E1
000DF
000D9
000CF
000C1
000B0
0009C
00085
0006C
00052
00037
0001B
00000
3FFE6
3FFCC
3FFB5
3FFA1
3FF8F
3FF81
3FF77
3FF70
3FF6D
3FF6F
3FF74
3FF7E
3FF8B
3FF9C
3FFB0
3FFC6
3FFDF
3FFF9
00015
00031
0004D
00068
00082
0009A
000AF
000C2
000D1
000DD
000E5
000E9
000E8
000E4
000DB
000CF
000BF
000AC
00097
0007F
00065
0004A
0002E
00012
3FFF7
3FFDD
3FFC5
3FFAF
3FF9C
3FF8C
3FF80
3FF78
3FF73
3FF73
3FF77
3FF7F
3FF8B
3FF9A
3FFAD
3FFC2
3FFDA
3FFF4
00010
0002C
00048
00064
0007E
00097
000AE
000C2
000D3
000E1
000EA
000F0
000F1
000EF
000E8
000DD
000CF
000BD
000A8
00091
00077
0005C
00041
00025
00009
3FFEE
3FFD5
3FFBE
3FFAA
3FF98
3FF8A
3FF80
3FF7A
3FF78
3FF7A
3FF80
3FF8B
3FF99
3FFAA
3FFBF
3FFD6
3FFEF
0000B
00027
00043
0005F
0007B
00095
000AD
000C2
000D5
000E4
000EF
000F7
000FA
000F9
000F4
000EB
000DE
000CD
000B9
000A3
0008A
00070
00054
00038
0001B
00000
3FFE6
3FFCE
3FFB8
3FFA5
3FF95
3FF89
3FF81
3FF7D
3FF7E
3FF82
3FF8B
3FF98
3FFA8
3FFBB
3FFD2
3FFEB
00005
00021
0003E
0005B
00077
00092
000AB
000C2
000D6
000E7
000F4
000FD
00102
00103
00100
000F8
000ED
000DD
000CB
000B5
0009D
00083
00067
0004B
0002E
00012
3FFF7
3FFDE
3FFC7
3FFB2
3FFA1
3FF93
3FF89
3FF84
3FF82
3FF85
3FF8C
3FF97
3FFA6
3FFB8
3FFCE
3FFE6
00000
0001C
00039
00056
00073
0008F
000A9
000C1
000D7
000E9
000F8
00103
0010A
0010D
0010B
00105
000FB
000EE
000DC
000C7
000B0
00096
0007B
0005F
00042
00025
00009
3FFEF
3FFD6
3FFC0
3FFAD
3FF9E
3FF92
3FF8B
3FF87
3FF88
3FF8E
3FF97
3FFA5
3FFB6
3FFCA
3FFE2
3FFFB
00017
00034
00051
0006E
0008B
000A6
000C0
000D7
000EB
000FC
00109
00111
00116
00116
00112
0010A
000FE
000ED
000DA
000C3
000AA
0008F
00073
00055
00038
0001C
00000
3FFE6
3FFCF
3FFBA
3FFA9
3FF9C
3FF92
3FF8D
3FF8C
3FF90
3FF98
3FFA4
3FFB4
3FFC7
3FFDD
3FFF7
00012
0002F
0004C
0006A
00087
000A4
000BF
000D7
000ED
000FF
0010E
00118
0011F
00121
0011F
00118
0010D
000FF
000EC
000D7
000BE
000A3
00087
0006A
0004C
0002F
00012
3FFF7
3FFDE
3FFC8
3FFB5
3FFA6
3FF9B
3FF94
3FF91
3FF93
3FF99
3FFA3
3FFB2
3FFC4
3FFD9
3FFF2
0000D
00029
00047
00065
00084
000A1
000BD
000D7
000EE
00102
00113
0011F
00128
0012C
0012B
00127
0011D
00110
000FF
000EA
000D2
000B8
0009C
0007F
00061
00042
00025
00009
3FFEF
3FFD7
3FFC3
3FFB1
3FFA4
3FF9B
3FF96
3FF96
3FF9B
3FFA3
3FFB0
3FFC1
3FFD6
3FFEE
00008
00024
00042
00061
00080
0009E
000BB
000D6
000EF
00105
00117
00126
00130
00136
00138
00135
0012D
00121
00112
000FE
000E7
000CD
000B2
00094
00076
00057
00039
0001C
00000
3FFE7
3FFD0
3FFBE
3FFAE
3FFA3
3FF9D
3FF9B
3FF9D
3FFA4
3FFB0
3FFBF
3FFD3
3FFE9
00003
0001F
0003D
0005C
0007B
0009A
000B9
000D5
000F0
00107
0011B
0012C
00138
00140
00144
00143
0013D
00133
00124
00112
000FC
000E3
000C8
000AA
0008C
0006C
0004D
0002F
00012
3FFF7
3FFDF
3FFCB
3FFB9
3FFAC
3FFA4
3FFA0
3FFA0
3FFA5
3FFAF
3FFBD
3FFD0
3FFE5
3FFFE
0001A
00038
00057
00077
00097
000B6
000D4
000F0
00109
0011F
00132
00140
0014B
00150
00151
0014D
00144
00138
00126
00111
000F9
000DE
000C1
000A2
00082
00063
00043
00025
00009
3FFEF
3FFD8
3FFC5
3FFB6
3FFAC
3FFA5
3FFA4
3FFA7
3FFB0
3FFBC
3FFCD
3FFE2
3FFFA
00015
00033
00052
00073
00093
000B3
000D3
000F0
0010B
00123
00138
00148
00154
0015C
0015F
0015D
00156
0014B
0013B
00127
00110
000F5
000D8
000BA
00099
00079
00059
00039
0001B
00000
3FFE7
3FFD2
3FFC1
3FFB4
3FFAC
3FFA9
3FFAA
3FFB0
3FFBB
3FFCB
3FFDF
3FFF6
00011
0002E
0004D
0006E
0008F
000B1
000D1
000F0
0010D
00127
0013D
00150
0015E
00168
0016D
0016D
00168
0015F
00150
0013E
00127
0010D
000F1
000D2
000B1
00090
0006F
0004E
0002F
00012
3FFF8
3FFE0
3FFCD
3FFBE
3FFB4
3FFAE
3FFAE
3FFB2
3FFBB
3FFC9
3FFDC
3FFF2
0000C
00029
00049
0006A
0008C
000AE
000CF
000F0
0010E
0012A
00143
00158
00168
00174
0017B
0017D
0017B
00173
00166
00155
0013F
00126
0010A
000EB
000CA
000A8
00086
00065
00044
00025
00009
3FFF0
3FFDA
3FFC9
3FFBC
3FFB5
3FFB2
3FFB4
3FFBC
3FFC8
3FFD9
3FFEF
00008
00025
00044
00065
00088
000AB
000CE
000F0
00110
0012D
00148
0015F
00172
00180
0018A
0018E
0018D
00187
0017C
0016C
00158
00140
00124
00105
000E4
000C2
0009F
0007C
0005A
00039
0001B
00000
3FFE8
3FFD5
3FFC6
3FFBC
3FFB7
3FFB7
3FFBD
3FFC8
3FFD7
3FFEC
00004
00020
0003F
00061
00084
000A8
000CC
000EF
00111
00131
0014E
00167
0017C
0018D
00199
0019F
001A1
0019C
00193
00185
00172
0015A
0013F
00121
00100
000DD
000B9
00095
00071
0004F
0002F
00012
3FFF8
3FFE2
3FFD1
3FFC4
3FFBD
3FFBB
3FFBF
3FFC8
3FFD6
3FFE9
00000
0001C
0003B
0005C
00080
000A5
000CA
000EF
00113
00134
00153
0016F
00187
0019A
001A8
001B1
001B4
001B2
001AB
0019E
0018C
00176
0015B
0013D
0011C
000F9
000D4
000AF
0008A
00066
00044
00025
00009
3FFF0
3FFDD
3FFCE
3FFC4
3FFC0
3FFC1
3FFC9
3FFD5
3FFE7
3FFFD
00018
00037
00058
0007C
000A2
000C8
000EF
00114
00138
00159
00177
00191
001A7
001B8
001C3
001C9
001C9
001C4
001B9
001A9
00193
00179
0015C
0013B
00117
000F2
000CB
000A5
0007F
0005B
00039
0001B
00000
3FFEA
3FFD8
3FFCC
3FFC6
3FFC5
3FFCA
3FFD5
3FFE5
3FFFB
00015
00033
00055
00079
0009F
000C7
000EF
00116
0013C
00160
00180
0019D
001B5
001C8
001D7
001DF
001E2
001DE
001D5
001C6
001B2
00199
0017C
0015B
00137
00111
000E9
000C1
0009A
00074
00050
0002F
00011
3FFF8
3FFE4
3FFD5
3FFCC
3FFC9
3FFCC
3FFD5
3FFE4
3FFF8
00012
0002F
00051
00076
0009D
000C6
000F0
00119
00141
00167
0018A
001A9
001C4
001DA
001EB
001F6
001FB
001FA
001F3
001E6
001D3
001BB
0019E
0017D
00159
00132
00109
000E0
000B6
0008E
00068
00044
00024
00008
3FFF1
3FFE0
3FFD4
3FFCF
3FFD0
3FFD7
3FFE4
3FFF7
0000F
0002D
0004E
00074
0009C
000C6
000F1
0011C
00146
0016F
00194
001B7
001D5
001EE
00202
00210
00217
00218
00213
00208
001F6
001DF
001C3
001A2
0017D
00156
0012C
00101
000D5
000AB
00082
0005B
00039
0001A
00000
3FFEC
3FFDD
3FFD5
3FFD4
3FFD9
3FFE4
3FFF6
0000D
0002A
0004C
00072
0009B
000C6
000F3
00120
0014D
00178
001A1
001C6
001E8
00204
0021B
0022C
00236
0023A
00237
0022D
0021D
00207
001EB
001CA
001A5
0017C
00151
00124
000F7
000CA
0009E
00075
0004F
0002D
00010
3FFF9
3FFE8
3FFDD
3FFD9
3FFDC
3FFE5
3FFF6
0000C
00029
0004B
00071
0009B
000C8
000F7
00127
00156
00184
001B0
001D9
001FD
0021D
00237
0024B
00259
0025F
0025E
00257
00248
00233
00217
001F7
001D1
001A7
0017B
0014C
0011C
000EC
000BE
00091
00068
00043
00022
00008
3FFF3
3FFE5
3FFDF
3FFDF
3FFE7
3FFF6
0000C
00029
0004B
00072
0009D
000CC
000FD
00130
00162
00194
001C3
001EF
00218
0023B
00259
00271
00281
0028A
0028C
00286
00279
00265
0024A
00229
00203
001D8
001A9
00178
00146
00113
000E1
000B1
00084
0005A
00036
00018
00000
3FFEF
3FFE6
3FFE4
3FFEA
3FFF8
0000D
0002A
0004C
00075
000A2
000D3
00107
0013C
00173
001A8
001DC
0020D
00239
00261
00283
0029F
002B3
002BF
002C4
002C0
002B4
002A1
00286
00265
0023D
00211
001E0
001AC
00176
0013F
00109
000D5
000A3
00075
0004D
0002A
0000E
3FFFA
3FFEE
3FFEA
3FFEE
3FFFB
0000F
0002C
00050
0007A
000AA
000DE
00116
00150
0018A
001C5
001FE
00234
00267
00294
002BB
002DB
002F3
00303
0030B
00309
002FF
002ED
002D2
002B0
00286
00257
00223
001EB
001B1
00175
0013A
000FF
000C8
00095
00067
0003F
0001F
00006
3FFF6
3FFF0
3FFF2
3FFFE
00013
00030
00056
00083
000B7
000F0
0012D
0016D
001AF
001F1
00231
0026F
002A9
002DD
0030B
00331
0034F
00364
00370
00372
00369
00358
0033C
00318
002EC
002B9
00280
00243
00202
001BF
0017B
00139
000FA
000BF
00089
0005A
00033
00015
00000
3FFF6
3FFF6
00001
00016
00036
0005F
00091
000CB
0010C
00152
0019D
001E9
00237
00284
002CE
00314
00355
0038E
003C0
003E8
00405
00418
00420
0041B
0040B
003F0
003CB
0039B
00362
00322
002DB
0028F
00240
001F0
001A0
00153
00109
000C5
00089
00055
0002C
0000D
3FFFB
3FFF6
3FFFE
00013
00035
00063
0009E
000E3
00132
0018A
001E8
0024B
002B1
00317
0037D
003E0
0043E
00495
004E3
00527
0055F
0058A
005A7
005B6
005B5
005A6
00587
0055A
00520
004D9
00487
0042C
003C8
0035F
002F2
00283
00216
001AB
00145
000E8
00094
0004B
00010
3FFE5
3FFCA
3FFC1
3FFCA
3FFE8
00019
0005E
000B8
00127
001A8
0023E
002E6
003A0
0046C
00549
00637
00736
00845
00967
00A9C
00BE6
00D4A
00ECE
01077
01254
01474
016F4
01A00
01DF0
02388
02DF0
024C3
0108A
07AE8
323D2
3D965
29E87
3A21D
3681A
3CFAC
3D861
388C6
304EF
16A8D
0610C
025EF
023D1
020BE
01738
0146D
017D2
02361
3D9DD
3E47D
140BE
041B8
0899C
03600
0D0ED
369FC
388AC
09CF3
045E4
2D5DD
3EE09
3D4E7
022AE
090A7
3679A
35C81
0E7D5
03C3C
00ACC
0164C
3B0B9
059E1
0D609
38DDE
3E349
3DFEB
3F59A
3B202
3F415
00719
3F5CA
3F039
01C25
03DD2
36E48
3DB17
35B0F
3D2F3
3732D
01ACB
04AC9
3B247
3E5A4
39D23
3B984
0F497
3D1D6
30DD1
00D67
3AFCC
0448A
3FB9B
06E5E
0212C
050FD
3FF60
322AC
06AB9
04EFB
034FA
03B9D
02C6D
03BC7
057C5
068EB
187C7
3EF38
08AB7
36DC8
3B497
0646C
01B7C
055B1
01CA7
3D33B
07D93
1090F
370BA
02746
2E32E
3B246
3FFFF
3C701
2F30A
07337
08B43
3D8E4
039F9
325EE
3D12F
07A01
3F326
3EBAA
00907
01512
3F5CF
00547
0031F
00E1F
38512
02BFC
0BD79
3E0DD
047D3
37A08
3BFF8
3FA8F
3E461
388AF
3D097
307E4
08C06
0C1BD
365DC
3E5CF
37784
3D20A
10592
3CCC8
3ADFB
3F04D
3ECF8
3B76A
38D96
16271
03C29
03570
01B3E
01F5E
01B47
02241
04472
084BC
2524A
3D37B
12219
00271
087CE
3C1E7
3F9C1
3FA49
02D56
318B2
3E23F
395ED
030B3
0E044
3969E
3B932
04646
029FD
00C3E
02F86
0B4AB
03D58
07F06
0577C
10F81
2B295
3AE5A
3C7E6
3E7B1
3B696
00869
009FD
020FE
05A62
36C01
3BD7F
05E83
3F9BE
0824F
3AA1F
30653
045B9
3C1A8
086F6
3FFAC
1254C
0199B
2E074
014D8
34AF8
0C4FD
090FB
3ED67
029FF
3A226
003FB
32CDC
074C5
135C5
36F6F
3D936
3D90B
3EDAC
0454F
01B6F
02458
06105
17075
33897
001F7
301CB
38C8F
031D0
3CAEC
3187C
02034
074D2
36D07
350F2
0FFF2
05623
2F7A4
3EF08
3C170
3FC21
3B223
05370
02A9A
018B0
01309
02E08
0017C
3354F
04A2E
02CA7
03BBE
047C4
3EB02
01D08
026BB
04DE4
1BB6E
3DB78
09481
33ACE
37B58
05E5C
01284
304D3
3F78B
05957
00374
0AC4D
304E6
33132
0DCBA
017F0
0A6C4
022EC
0B999
3C13D
39115
061DE
03427
01E42
03249
2455D
0048C
00232
0216F
037D4
3F844
008C2
01172
00788
1FC0E
04311
10777
3BFFD
3E85F
3D646
3DDD7
3C2B0
3C563
3C824
396DF
29474
3FF9D
363BF
05A7C
3C4FF
11480
03FFD
3852B
02234
09496
3D923
00917
3E698
02F13
2D984
3AC26
3DBA6
3D784
3E1D6
3EF77
3FFEC
0023B
02EF1
35A7C
3EDA2
12CE2
025AA
0ADDC
006B3
09FCE
33E64
3BC0B
02D44
01206
0A315
039C6
10836
3BFBC
03A39
362DD
3AB2E
00D31
3D7E6
3CC22
3A946
2D5D0
01EBF
36A41
0E253
04662
03025
01415
3D07E
3FD73
3ED4F
3D659
37FDA
0803B
3F987
1135E
048A3
0722A
03A7B
0B31F
3DCB2
044F1
350E8
39930
09FDA
3FBEC
2F4DD
017A0
00E98
02292
05751
386D5
3C803
09B02
0276B
12C3C
3FF3C
03FD5
3D8BE
3E884
00652
3F980
04A91
015C7
02226
01C4B
04CAC
00B53
072F3
312E7
39B5D
011C0
3C9C5
33A51
3D080
36EBC
00D06
3B007
07054
3F767
13C5F
03315
3D3DA
02E82
03E22
010EB
0406B
38624
3C1FF
0B712
3FAD6
31C09
0298E
02194
0025F
0067B
3F63F
3FA6C
3F94D
0032D
11A46
37E66
2F2D7
0575D
3F38D
00CE3
3DB56
04350
3BDF8
2A52F
3CE75
2F321
06F18
3AB5E
127ED
05443
07DE9
0399D
0DC80
3E150
3F93A
3C124
384B6
0D88A
028ED
10222
031C7
02324
01DD9
3FCD5
051F2
040D0
04FFD
06471
2675F
03460
10B20
01039
08053
3B6DF
3E56C
0481D
0264E
3D8C6
00F8C
3C42F
014A5
376A2
1161C
0E5AC
3693A
01C97
39E15
01C60
3C097
06FBD
0E483
344D1
34A17
1B025
079F4
052CC
04E95
079A5
03005
04284
03D68
07DAB
309A5
3CD5A
11C6C
3F17D
37465
02AB2
3D7FB
098D6
09169
33271
3E56D
112BD
3F643
3336F
08C23
0CE53
37BCF
3C0E4
08947
028A2
37586
02B8E
0D68C
3A051
37C4C
05F47
01937
01145
00625
00000
3DCD0
2E3EB
090E3
0A2E5
38D4C
3CC9C
0381D
002A1
07402
00971
08535
3AB79
3D3C3
3AD68
3A62F
05B01
3EB19
306CA
3E472
3C41C
3FF6E
01256
3BB9D
3E3E7
39D14
3D29D
3D51B
3E851
0310F
3ADE5
3B60E
3EFA8
3E0B6
3E432
3E29A
3B4CC
3F722
05CFE
38F1A
39102
3FAE1
3CB22
01958
3D26D
30D3D
3C8A4
373E4
3DF79
37FAD
0590E
3E83C
05493
3EAB0
3FB71
3B8F8
392DB
384A7
2D0C6
12C03
02268
07257
3F9D3
3904C
3CA80
33065
03D44
3E77E
039A5
00128
076F5
0252B
0C7FA
018A1
0B17D
39954
3ED7A
3B7D9
3EBEA
3B838
00C29
1D46C
3BD49
3DAA3
00E77
0478E
38411
3F4B5
31764
3CF12
33DEC
022E0
05333
3E431
004C6
004D9
01D8B
35794
3FAF4
059D4
3F060
3ED02
0117C
01502
3F3F0
008A3
3D575
0092E
040B4
015B4
072F6
3C714
03014
32D93
3B51C
3972B
3CFA7
0061E
3D2C3
3FEBA
3984B
378E2
0ABF0
030AA
3727E
00943
00B18
05856
1660F
2D7F6
37206
3D6E3
3C2A5
0166C
3CC83
391E5
3C0F1
33ACC
0606F
3E445
09CF6
01B8B
17427
0218E
3760F
05083
03E75
028F0
040F5
3AAF0
3EBA2
0DBD4
01490
03926
3F7C2
3F58A
01ED5
04416
33940
3C197
011C3
3D70F
36EE4
028A2
066DB
38FB8
3CF17
3CD6D
3DA91
3E23B
3D87E
37159
02233
031F9
3CFA9
3E2AF
01E04
001F8
005D5
3EFDB
34E3D
05DEE
05C11
01458
04AC0
36A21
3ED1D
3476A
3F066
3A922
01A98
3E395
05D7A
03AB9
0194F
02B4D
061B6
05156
13FAC
3C40A
02BA3
3A79B
3DDD1
009E6
006B8
33580
038DF
1346B
3A12E
00919
3BE6C
021F3
296EF
397C9
3C334
3BC12
39677
3EC67
3F84C
3895A
3623A
1ADBC
04614
035F4
02548
0917B
3A480
36FC4
08FEF
02AE7
02769
012F7
35A46
019F0
018B5
00BCA
005B8
01DA6
01C48
3D33E
00134
00633
0066A
3FE61
01C9A
037BA
3D970
01124
377B8
3E825
37C66
0218C
0A502
3A0A0
3B9F1
026F9
0119F
3D10B
004F9
063CB
01718
0A8EE
384F8
39784
02744
3EDD8
024FC
3DF2B
20411
02B51
01C4B
3EA4E
3C9E5
0314F
3EA24
0C4B6
01B9B
0EBC3
3B177
343A6
016E3
3AC54
06785
3F141
0C264
008A8
3F860
3E809
00DA8
36BC2
2FC0E
1289C
03057
0478D
008B2
0038F
00449
05DDA
375DA
372D5
04AB9
3E6BC
06E97
3F460
3DA0D
3DFCA
39004
04F88
04B40
3916C
3D651
075C4
006BD
03059
3E78E
3B079
041A0
021E2
026C9
02EB1
33A9D
3FDFA
3CBB5
0319E
06776
3ED69
039D1
35C34
3C402
028A7
3D147
304BE
003A0
3763D
09410
05053
00DA5
023C4
39F1F
0120E
0505D
3FD75
01F11
3C240
3A218
0C6DE
03C23
37E52
01929
0FCF8
37D5E
2F16B
0ADC3
02D65
03D5F
01B77
3B02A
3FC33
03FC4
391EE
2B8EB
1139A
06A45
02BA8
028C1
3C394
00EBF
3FEA3
00CD5
00491
00488
3F7B1
02A8D
00D65
37C1D
3F68E
3C79D
0108D
3F81E
03499
043AD
378AB
3EA47
38615
3F53A
3CA1C
02CD8
05E6E
3B993
3F0CA
3EB15
3F934
072EA
3FBE0
3BC4F
0257E
3FE75
05F85
05CCA
3AA07
01365
396D1
030B9
075F5
0152B
0340B
03B24
08783
2A6DA
3D1B8
38403
011A5
05E8D
005BF
06868
37E6C
3E91E
35CDA
3C3BB
0689A
3B76C
33296
00BC0
38D4A
0BD91
0577E
0119F
03487
09E2A
06337
19E2C
36DBD
3CF49
3EE0B
017FF
31662
3C221
322D3
3EBFF
3F2F7
3D209
39371
089D0
038F9
3ECEB
015DD
09426
0132D
05EC9
3C478
3AAA8
070A3
02FAB
3EB0B
00981
3A07D
0128B
3D3E1
05D5D
08376
39D37
3FE21
39D65
3EC84
3A528
008FE
00DBC
0148C
05521
34734
39766
0B9F1
3FA30
00EB3
3DB9C
3EF75
38022
2EF54
162B2
061E3
3D655
00152
3AEB4
3FD54
3E5C5
3DF06
3999E
07850
3F288
12B7F
014BF
2E79F
02843
3B331
07A3B
0631A
3E439
0157E
39430
3E568
2BC64
045BE
04671
000AD
3F7E9
05182
02DE8
00994
02947
09F02
00EA6
04D44
3C983
3C7ED
06760
02CB1
34C88
3E1B2
329A6
01642
3AF2A
07871
05F4A
3C87A
3FFC3
3FD81
3FD16
3FCBB
3FC65
3FC19
3FBDA
3FBAB
3FB8D
3FB80
3FB84
3FB96
3FBB7
3FBE6
3FC1F
3FC62
3FCAD
3FCFE
3FD53
3FDAA
3FE01
3FE55
3FEA6
3FEF2
3FF36
3FF73
3FFA5
3FFCE
3FFEB
3FFFC
00002
3FFFD
3FFEC
3FFD0
3FFAB
3FF7D
3FF47
3FF0A
3FEC9
3FE85
3FE3F
3FDF8
3FDB3
3FD72
3FD34
3FCFD
3FCCD
3FCA5
3FC86
3FC71
3FC65
3FC64
3FC6E
3FC81
3FC9E
3FCC4
3FCF2
3FD27
3FD62
3FDA1
3FDE3
3FE28
3FE6C
3FEAF
3FEF0
3FF2C
3FF63
3FF93
3FFBD
3FFDD
3FFF5
00004
00009
00004
3FFF5
3FFDE
3FFBE
3FF97
3FF69
3FF35
3FEFC
3FEC1
3FE83
3FE45
3FE08
3FDCD
3FD95
3FD63
3FD36
3FD10
3FCF2
3FCDC
3FCCF
3FCCA
3FCCF
3FCDD
3FCF3
3FD12
3FD38
3FD65
3FD97
3FDCE
3FE08
3FE44
3FE81
3FEBD
3FEF8
3FF2F
3FF62
3FF90
3FFB8
3FFD8
3FFF1
00002
0000A
00009
00000
3FFEF
3FFD5
3FFB5
3FF8E
3FF62
3FF31
3FEFC
3FEC6
3FE8E
3FE57
3FE21
3FDED
3FDBE
3FD93
3FD6E
3FD50
3FD38
3FD29
3FD21
3FD22
3FD2B
3FD3B
3FD54
3FD73
3FD98
3FDC3
3FDF3
3FE26
3FE5B
3FE92
3FEC9
3FEFE
3FF31
3FF61
3FF8D
3FFB3
3FFD3
3FFED
3FFFF
0000A
0000C
00008
3FFFB
3FFE7
3FFCD
3FFAC
3FF85
3FF5B
3FF2C
3FEFC
3FEC9
3FE97
3FE65
3FE35
3FE08
3FDDF
3FDBB
3FD9D
3FD85
3FD74
3FD6A
3FD67
3FD6C
3FD78
3FD8B
3FDA4
3FDC4
3FDE9
3FE13
3FE40
3FE70
3FEA1
3FED3
3FF05
3FF34
3FF61
3FF8B
3FFB0
3FFCF
3FFE9
3FFFD
00009
0000F
0000D
00004
3FFF5
3FFDF
3FFC3
3FFA2
3FF7C
3FF53
3FF27
3FEF9
3FECB
3FE9D
3FE70
3FE46
3FE1F
3FDFC
3FDDD
3FDC5
3FDB2
3FDA6
3FDA1
3FDA2
3FDAB
3FDBA
3FDCF
3FDEA
3FE0A
3FE2F
3FE57
3FE82
3FEAF
3FEDD
3FF0A
3FF37
3FF62
3FF89
3FFAD
3FFCC
3FFE6
3FFFB
00009
00010
00011
0000C
00000
3FFEE
3FFD6
3FFBA
3FF98
3FF73
3FF4C
3FF22
3FEF7
3FECC
3FEA2
3FE7A
3FE54
3FE32
3FE14
3FDFB
3FDE8
3FDDA
3FDD3
3FDD1
3FDD7
3FDE2
3FDF3
3FE0A
3FE26
3FE47
3FE6B
3FE92
3FEBB
3FEE5
3FF10
3FF3A
3FF62
3FF88
3FFAB
3FFCA
3FFE4
3FFF9
00008
00011
00015
00012
00009
3FFFB
3FFE6
3FFCD
3FFB0
3FF8F
3FF6A
3FF44
3FF1C
3FEF4
3FECD
3FEA6
3FE82
3FE61
3FE43
3FE2A
3FE16
3FE07
3FDFE
3FDFA
3FDFD
3FE05
3FE13
3FE27
3FE3F
3FE5C
3FE7C
3FEA0
3FEC6
3FEED
3FF15
3FF3C
3FF63
3FF87
3FFA9
3FFC7
3FFE1
3FFF7
00007
00012
00017
00017
00011
00005
3FFF4
3FFDE
3FFC4
3FFA6
3FF85
3FF62
3FF3D
3FF17
3FEF2
3FECD
3FEAA
3FE8A
3FE6D
3FE53
3FE3F
3FE2F
3FE24
3FE1E
3FE1F
3FE24
3FE30
3FE40
3FE55
3FE6F
3FE8C
3FEAC
3FECF
3FEF4
3FF19
3FF3E
3FF63
3FF86
3FFA7
3FFC5
3FFDF
3FFF5
00006
00012
00019
0001B
00017
0000E
00000
3FFED
3FFD6
3FFBB
3FF9D
3FF7C
3FF5A
3FF36
3FF13
3FEF0
3FECE
3FEAF
3FE92
3FE78
3FE63
3FE52
3FE46
3FE3F
3FE3D
3FE40
3FE49
3FE57
3FE69
3FE80
3FE9A
3FEB7
3FED8
3FEFA
3FF1D
3FF40
3FF63
3FF85
3FFA5
3FFC2
3FFDC
3FFF3
00005
00012
0001B
0001E
0001D
00016
0000A
3FFFA
3FFE6
3FFCD
3FFB2
3FF94
3FF74
3FF52
3FF30
3FF0F
3FEEE
3FECF
3FEB3
3FE9A
3FE84
3FE72
3FE65
3FE5C
3FE59
3FE5A
3FE60
3FE6B
3FE7B
3FE8F
3FEA7
3FEC2
3FEDF
3FEFF
3FF20
3FF42
3FF63
3FF84
3FFA3
3FFC0
3FFDA
3FFF1
00003
00012
0001C
00021
00021
0001D
00013
00006
3FFF4
3FFDE
3FFC5
3FFA9
3FF8B
3FF6B
3FF4B
3FF2B
3FF0C
3FEED
3FED1
3FEB8
3FEA2
3FE8F
3FE81
3FE77
3FE72
3FE71
3FE75
3FE7E
3FE8C
3FE9D
3FEB2
3FECB
3FEE6
3FF04
3FF23
3FF43
3FF63
3FF83
3FFA1
3FFBE
3FFD8
3FFEE
00002
00011
0001C
00023
00025
00023
0001B
00010
00000
3FFEC
3FFD6
3FFBC
3FFA0
3FF82
3FF64
3FF45
3FF26
3FF09
3FEED
3FED4
3FEBE
3FEAA
3FE9B
3FE90
3FE89
3FE87
3FE89
3FE90
3FE9B
3FEAA
3FEBD
3FED4
3FEED
3FF09
3FF26
3FF44
3FF63
3FF82
3FF9F
3FFBB
3FFD5
3FFEC
00000
00010
0001D
00025
00028
00028
00022
00019
0000B
3FFFA
3FFE5
3FFCD
3FFB3
3FF97
3FF7A
3FF5D
3FF3F
3FF22
3FF07
3FEEE
3FED7
3FEC4
3FEB3
3FEA7
3FE9F
3FE9B
3FE9C
3FEA0
3FEA9
3FEB7
3FEC8
3FEDC
3FEF3
3FF0D
3FF28
3FF45
3FF63
3FF80
3FF9D
3FFB9
3FFD3
3FFEA
3FFFE
0000F
0001D
00026
0002B
0002C
00029
00021
00015
00006
3FFF3
3FFDD
3FFC5
3FFAB
3FF8F
3FF73
3FF56
3FF3A
3FF1F
3FF06
3FEEF
3FEDB
3FECA
3FEBD
3FEB3
3FEAE
3FEAD
3FEB0
3FEB7
3FEC2
3FED1
3FEE4
3FEF9
3FF11
3FF2B
3FF46
3FF63
3FF7F
3FF9B
3FFB6
3FFD0
3FFE7
3FFFC
0000E
0001C
00027
0002D
00030
0002E
00028
0001E
00011
00000
3FFEC
3FFD5
3FFBD
3FFA2
3FF87
3FF6C
3FF50
3FF36
3FF1D
3FF06
3FEF1
3FEE0
3FED1
3FEC7
3FEC0
3FEBD
3FEBF
3FEC4
3FECE
3FEDB
3FEEB
3FEFF
3FF15
3FF2D
3FF47
3FF62
3FF7E
3FF99
3FFB4
3FFCD
3FFE5
3FFFA
0000C
0001C
00027
0002F
00033
00033
0002F
00027
0001B
0000C
3FFFA
3FFE5
3FFCD
3FFB5
3FF9A
3FF80
3FF65
3FF4B
3FF32
3FF1B
3FF06
3FEF4
3FEE5
3FED9
3FED1
3FECD
3FECD
3FED1
3FED8
3FEE4
3FEF2
3FF04
3FF19
3FF30
3FF48
3FF62
3FF7D
3FF97
3FFB2
3FFCB
3FFE2
3FFF8
0000B
0001B
00027
00030
00036
00037
00035
0002E
00024
00017
00006
3FFF3
3FFDD
3FFC5
3FFAD
3FF93
3FF79
3FF5F
3FF47
3FF30
3FF1A
3FF08
3FEF8
3FEEB
3FEE2
3FEDC
3FEDB
3FEDD
3FEE3
3FEEC
3FEF9
3FF09
3FF1C
3FF32
3FF49
3FF62
3FF7C
3FF96
3FFAF
3FFC8
3FFE0
3FFF5
00009
0001A
00027
00031
00038
0003B
0003A
00035
0002D
00021
00012
00000
3FFEC
3FFD5
3FFBE
3FFA5
3FF8C
3FF73
3FF5A
3FF43
3FF2E
3FF1A
3FF0A
3FEFC
3FEF2
3FEEB
3FEE8
3FEE8
3FEED
3FEF5
3FF00
3FF0F
3FF20
3FF34
3FF4A
3FF62
3FF7B
3FF94
3FFAD
3FFC6
3FFDD
3FFF3
00007
00018
00027
00032
0003A
0003E
0003E
0003B
00034
0002A
0001D
0000C
3FFF9
3FFE4
3FFCE
3FFB6
3FF9D
3FF85
3FF6D
3FF56
3FF40
3FF2C
3FF1B
3FF0D
3FF01
3FEF9
3FEF5
3FEF4
3FEF7
3FEFD
3FF07
3FF14
3FF24
3FF37
3FF4B
3FF62
3FF79
3FF92
3FFAB
3FFC3
3FFDA
3FFF0
00005
00016
00026
00032
0003B
00040
00042
00041
0003B
00033
00027
00018
00006
3FFF3
3FFDD
3FFC6
3FFAE
3FF96
3FF7F
3FF68
3FF52
3FF3E
3FF2C
3FF1D
3FF10
3FF07
3FF02
3FEFF
3FF01
3FF05
3FF0E
3FF19
3FF28
3FF39
3FF4C
3FF62
3FF79
3FF90
3FFA8
3FFC0
3FFD8
3FFEE
00002
00015
00025
00032
0003C
00043
00046
00046
00042
0003B
00030
00023
00013
00000
3FFEC
3FFD6
3FFBF
3FFA7
3FF90
3FF79
3FF63
3FF4F
3FF3C
3FF2C
3FF1F
3FF15
3FF0E
3FF0A
3FF0A
3FF0E
3FF14
3FF1F
3FF2C
3FF3B
3FF4E
3FF62
3FF78
3FF8F
3FFA6
3FFBE
3FFD5
3FFEB
00000
00013
00023
00031
0003C
00044
00049
0004A
00048
00042
00039
0002D
0001E
0000D
3FFF9
3FFE4
3FFCE
3FFB7
3FFA0
3FF8A
3FF74
3FF5F
3FF4C
3FF3C
3FF2E
3FF22
3FF1A
3FF15
3FF14
3FF16
3FF1B
3FF24
3FF30
3FF3E
3FF4F
3FF62
3FF77
3FF8D
3FFA4
3FFBB
3FFD2
3FFE8
3FFFD
00011
00022
00031
0003D
00046
0004B
0004E
0004D
00049
00041
00036
00029
00019
00006
3FFF2
3FFDD
3FFC7
3FFB0
3FF9A
3FF84
3FF6F
3FF5C
3FF4B
3FF3C
3FF30
3FF26
3FF20
3FF1E
3FF1E
3FF22
3FF29
3FF34
3FF41
3FF51
3FF63
3FF76
3FF8C
3FFA2
3FFB9
3FFCF
3FFE5
3FFFB
0000E
00020
00030
0003D
00047
0004E
00051
00052
0004F
00049
0003F
00033
00024
00013
00000
3FFEB
3FFD6
3FFC0
3FFA9
3FF94
3FF7F
3FF6B
3FF59
3FF4A
3FF3D
3FF33
3FF2B
3FF27
3FF27
3FF29
3FF2F
3FF38
3FF44
3FF52
3FF63
3FF76
3FF8A
3FFA0
3FFB6
3FFCC
3FFE3
3FFF8
0000C
0001E
0002E
0003C
00047
0004F
00054
00056
00054
00050
00048
0003D
0002F
0001F
0000D
3FFF9
3FFE4
3FFCF
3FFB9
3FFA3
3FF8E
3FF7A
3FF68
3FF58
3FF4A
3FF3F
3FF36
3FF31
3FF2F
3FF30
3FF35
3FF3C
3FF47
3FF54
3FF64
3FF76
3FF89
3FF9E
3FFB4
3FFCA
3FFE0
3FFF5
00009
0001C
0002D
0003C
00048
00051
00057
0005A
0005A
00056
0004F
00046
00039
0002A
00019
00007
3FFF2
3FFDD
3FFC8
3FFB2
3FF9D
3FF89
3FF76
3FF65
3FF57
3FF4B
3FF41
3FF3B
3FF37
3FF37
3FF3A
3FF41
3FF4A
3FF56
3FF65
3FF75
3FF88
3FF9C
3FFB1
3FFC7
3FFDD
3FFF2
00007
0001A
0002B
0003B
00048
00052
00059
0005D
0005E
0005C
00057
0004E
00043
00035
00025
00013
00000
3FFEB
3FFD6
3FFC1
3FFAC
3FF98
3FF84
3FF73
3FF64
3FF56
3FF4C
3FF45
3FF40
3FF3F
3FF40
3FF45
3FF4D
3FF58
3FF66
3FF76
3FF87
3FF9B
3FFAF
3FFC4
3FFDA
3FFEF
00004
00017
00029
0003A
00047
00052
0005B
00060
00062
00062
0005E
00056
0004D
00040
00031
00020
0000D
3FFF9
3FFE4
3FFCF
3FFBA
3FFA6
3FF92
3FF81
3FF70
3FF62
3FF57
3FF4E
3FF49
3FF46
3FF47
3FF4A
3FF51
3FF5B
3FF67
3FF76
3FF87
3FF99
3FFAD
3FFC2
3FFD7
3FFEC
00001
00015
00027
00038
00047
00053
0005C
00063
00066
00067
00064
0005E
00055
0004A
0003C
0002C
0001A
00007
3FFF2
3FFDE
3FFC9
3FFB4
3FFA0
3FF8E
3FF7D
3FF6F
3FF62
3FF59
3FF52
3FF4E
3FF4D
3FF50
3FF55
3FF5D
3FF69
3FF76
3FF86
3FF98
3FFAB
3FFBF
3FFD4
3FFEA
3FFFE
00012
00025
00037
00046
00053
0005D
00065
0006A
0006B
0006A
00065
0005E
00054
00047
00038
00026
00014
00000
3FFEB
3FFD7
3FFC2
3FFAE
3FF9B
3FF8A
3FF7B
3FF6D
3FF63
3FF5B
3FF56
3FF54
3FF55
3FF59
3FF60
3FF6A
3FF77
3FF86
3FF97
3FFA9
3FFBD
3FFD2
3FFE7
3FFFB
00010
00023
00035
00045
00053
0005E
00067
0006D
00070
0006F
0006C
00066
0005D
00051
00043
00033
00021
0000D
3FFF9
3FFE5
3FFD0
3FFBC
3FFA9
3FF97
3FF87
3FF79
3FF6D
3FF64
3FF5E
3FF5B
3FF5B
3FF5E
3FF63
3FF6C
3FF78
3FF86
3FF96
3FFA8
3FFBB
3FFCF
3FFE4
3FFF9
0000D
00021
00033
00044
00052
0005F
00069
00070
00074
00075
00073
0006D
00066
0005B
0004E
0003E
0002D
0001A
00007
3FFF2
3FFDE
3FFCA
3FFB6
3FFA4
3FF93
3FF84
3FF78
3FF6D
3FF66
3FF62
3FF60
3FF62
3FF67
3FF6F
3FF79
3FF86
3FF95
3FFA6
3FFB9
3FFCC
3FFE1
3FFF6
0000A
0001E
00031
00042
00052
0005F
0006A
00072
00077
00079
00079
00075
0006E
00064
00058
0004A
00039
00027
00014
00000
3FFEC
3FFD7
3FFC4
3FFB1
3FF9F
3FF90
3FF82
3FF77
3FF6F
3FF69
3FF67
3FF67
3FF6B
3FF71
3FF7A
3FF86
3FF94
3FFA5
3FFB7
3FFCA
3FFDE
3FFF3
00007
0001B
0002F
00041
00051
0005F
0006B
00074
0007A
0007E
0007E
0007C
00076
0006E
00062
00055
00045
00034
00021
0000D
3FFF9
3FFE5
3FFD1
3FFBE
3FFAC
3FF9B
3FF8D
3FF81
3FF78
3FF71
3FF6D
3FF6C
3FF6F
3FF74
3FF7C
3FF87
3FF94
3FFA4
3FFB5
3FFC8
3FFDB
3FFF0
00004
00019
0002C
0003F
00050
0005F
0006B
00076
0007D
00082
00084
00082
0007E
00076
0006C
00060
00051
00040
0002E
0001B
00007
3FFF2
3FFDE
3FFCB
3FFB8
3FFA7
3FF98
3FF8B
3FF81
3FF79
3FF74
3FF72
3FF73
3FF77
3FF7E
3FF88
3FF94
3FFA3
3FFB3
3FFC5
3FFD9
3FFED
00001
00016
0002A
0003D
0004E
0005E
0006C
00077
00080
00086
00088
00088
00085
0007F
00076
0006A
0005D
0004D
0003B
00028
00014
00000
3FFEC
3FFD8
3FFC5
3FFB3
3FFA3
3FF96
3FF8A
3FF81
3FF7B
3FF78
3FF78
3FF7A
3FF80
3FF89
3FF94
3FFA2
3FFB2
3FFC3
3FFD6
3FFEA
3FFFF
00013
00027
0003B
0004D
0005D
0006C
00078
00082
00089
0008D
0008E
0008C
00087
0007F
00075
00068
00059
00048
00035
00022
0000E
3FFF9
3FFE5
3FFD2
3FFC0
3FFAF
3FFA0
3FF94
3FF8A
3FF82
3FF7E
3FF7C
3FF7E
3FF83
3FF8A
3FF95
3FFA1
3FFB0
3FFC1
3FFD4
3FFE7
3FFFC
00010
00025
00038
0004B
0005C
0006C
00079
00084
0008C
00091
00094
00093
0008F
00088
0007F
00073
00065
00054
00042
0002F
0001B
00007
3FFF3
3FFDF
3FFCC
3FFBB
3FFAB
3FF9E
3FF92
3FF8A
3FF84
3FF82
3FF82
3FF86
3FF8C
3FF95
3FFA1
3FFAF
3FFBF
3FFD1
3FFE5
3FFF9
0000D
00022
00036
00049
0005B
0006C
0007A
00086
0008F
00095
00099
00099
00097
00091
00089
0007E
00070
00061
0004F
0003C
00029
00014
00000
3FFEC
3FFD9
3FFC7
3FFB6
3FFA8
3FF9C
3FF92
3FF8B
3FF87
3FF87
3FF89
3FF8E
3FF96
3FFA1
3FFAE
3FFBE
3FFCF
3FFE2
3FFF6
0000A
0001F
00034
00047
0005A
0006B
0007A
00087
00091
00099
0009E
000A0
0009E
0009A
00093
00088
0007C
0006D
0005C
0004A
00036
00022
0000E
3FFF9
3FFE6
3FFD3
3FFC2
3FFB2
3FFA5
3FF9A
3FF93
3FF8D
3FF8B
3FF8C
3FF90
3FF97
3FFA1
3FFAE
3FFBC
3FFCD
3FFDF
3FFF3
00007
0001C
00031
00045
00058
0006A
0007A
00088
00094
0009D
000A2
000A5
000A5
000A2
0009C
00093
00087
00079
00069
00057
00044
00030
0001B
00007
3FFF3
3FFDF
3FFCD
3FFBD
3FFAF
3FFA3
3FF9A
3FF94
3FF91
3FF90
3FF93
3FF99
3FFA2
3FFAD
3FFBB
3FFCB
3FFDD
3FFF0
00005
00019
0002E
00043
00057
00069
0007A
00089
00096
000A0
000A7
000AB
000AC
000AA
000A5
0009D
00093
00085
00076
00065
00052
0003E
00029
00015
00000
3FFEC
3FFDA
3FFC8
3FFB9
3FFAC
3FFA2
3FF9B
3FF96
3FF95
3FF96
3FF9B
3FFA3
3FFAD
3FFBA
3FFC9
3FFDB
3FFEE
00002
00016
0002C
00041
00055
00068
0007A
0008A
00097
000A3
000AB
000B0
000B3
000B2
000AE
000A7
0009E
00091
00083
00072
00060
0004C
00037
00022
0000E
3FFF9
3FFE6
3FFD4
3FFC4
3FFB6
3FFAB
3FFA2
3FF9C
3FF99
3FF9A
3FF9D
3FFA4
3FFAD
3FFB9
3FFC8
3FFD9
3FFEB
3FFFF
00014
00029
0003E
00053
00067
00079
0008A
00099
000A5
000AF
000B6
000B9
000BA
000B7
000B2
000A9
0009E
00090
0007F
0006E
0005A
00046
00031
0001C
00007
3FFF3
3FFE0
3FFCF
3FFC0
3FFB3
3FFAA
3FFA2
3FF9E
3FF9E
3FFA0
3FFA5
3FFAE
3FFB9
3FFC6
3FFD7
3FFE9
3FFFC
00011
00026
0003C
00051
00065
00079
0008A
0009A
000A8
000B3
000BB
000C0
000C1
000C0
000BB
000B4
000AA
0009C
0008D
0007C
00068
00054
0003F
0002A
00015
00000
3FFED
3FFDB
3FFCB
3FFBD
3FFB2
3FFA9
3FFA4
3FFA2
3FFA3
3FFA7
3FFAE
3FFB8
3FFC5
3FFD5
3FFE6
3FFF9
0000E
00023
00039
0004F
00064
00078
0008B
0009B
000AA
000B6
000BF
000C6
000C9
000C9
000C5
000BF
000B5
000A9
0009B
0008A
00077
00063
0004E
00038
00023
0000E
3FFF9
3FFE7
3FFD6
3FFC7
3FFBA
3FFB1
3FFAA
3FFA6
3FFA6
3FFA9
3FFAF
3FFB8
3FFC4
3FFD3
3FFE4
3FFF7
0000B
00020
00036
0004C
00062
00077
0008A
0009C
000AC
000B9
000C4
000CB
000D0
000D1
000CF
000CA
000C1
000B6
000A8
00098
00086
00072
0005D
00047
00031
0001C
00007
3FFF3
3FFE1
3FFD1
3FFC3
3FFB8
3FFB0
3FFAC
3FFAA
3FFAC
3FFB1
3FFB9
3FFC4
3FFD2
3FFE2
3FFF4
00008
0001D
00034
0004A
00060
00076
0008A
0009D
000AE
000BC
000C8
000D1
000D7
000D9
000D9
000D5
000CD
000C3
000B6
000A7
00095
00081
0006C
00057
00040
0002A
00015
00000
3FFED
3FFDC
3FFCD
3FFC1
3FFB7
3FFB1
3FFAE
3FFAF
3FFB2
3FFB9
3FFC3
3FFD0
3FFE0
3FFF2
00005
0001B
00031
00047
0005E
00074
0008A
0009D
000AF
000BF
000CC
000D7
000DE
000E2
000E2
000E0
000DA
000D0
000C4
000B5
000A4
00091
0007C
00066
00050
00039
00023
0000E
3FFFA
3FFE7
3FFD7
3FFCA
3FFBF
3FFB7
3FFB3
3FFB2
3FFB5
3FFBA
3FFC3
3FFCF
3FFDE
3FFEF
00003
00018
0002E
00045
0005C
00073
00089
0009E
000B1
000C2
000D0
000DC
000E5
000EA
000EC
000EB
000E6
000DE
000D2
000C4
000B4
000A1
0008C
00076
00060
00049
00032
0001C
00007
3FFF3
3FFE2
3FFD3
3FFC7
3FFBE
3FFB8
3FFB6
3FFB7
3FFBC
3FFC4
3FFCF
3FFDD
3FFED
00000
00015
0002B
00042
0005A
00071
00088
0009E
000B2
000C5
000D4
000E1
000EC
000F2
000F6
000F6
000F2
000EB
000E1
000D4
000C4
000B1
0009D
00087
00070
00059
00041
0002A
00014
00000
3FFED
3FFDD
3FFD0
3FFC5
3FFBE
3FFBA
3FFBA
3FFBD
3FFC4
3FFCE
3FFDB
3FFEB
3FFFE
00012
00028
00040
00058
00070
00087
0009E
000B4
000C7
000D8
000E7
000F2
000FB
000FF
00101
000FE
000F9
000F0
000E3
000D4
000C2
000AE
00098
00081
0006A
00052
0003A
00023
0000D
3FFFA
3FFE8
3FFD9
3FFCD
3FFC5
3FFBF
3FFBE
3FFC0
3FFC5
3FFCE
3FFDA
3FFEA
3FFFB
00010
00026
0003D
00055
0006E
00087
0009E
000B5
000C9
000DC
000EC
000F9
00103
00109
0010C
0010B
00107
000FF
000F3
000E5
000D4
000C0
000AA
00093
0007B
00063
0004A
00032
0001C
00007
3FFF4
3FFE3
3FFD6
3FFCC
3FFC5
3FFC2
3FFC2
3FFC6
3FFCE
3FFD9
3FFE8
3FFF9
0000D
00023
0003A
00053
0006C
00085
0009E
000B6
000CC
000E0
000F1
00100
0010B
00113
00118
00118
00115
0010E
00104
000F6
000E6
000D2
000BD
000A6
0008D
00074
0005B
00042
0002B
00014
00000
3FFEE
3FFDF
3FFD3
3FFCB
3FFC6
3FFC5
3FFC8
3FFCF
3FFD9
3FFE6
3FFF7
0000B
00020
00038
00051
0006A
00084
0009E
000B7
000CE
000E4
000F7
00107
00114
0011D
00123
00125
00124
0011E
00115
00108
000F8
000E6
000D0
000B9
000A1
00087
0006D
00053
0003B
00023
0000D
3FFFA
3FFE9
3FFDC
3FFD2
3FFCB
3FFC9
3FFCA
3FFD0
3FFD9
3FFE5
3FFF5
00008
0001E
00035
0004E
00069
00083
0009E
000B8
000D0
000E7
000FC
0010E
0011C
00128
0012F
00133
00133
0012F
00127
0011B
0010C
000FA
000E5
000CE
000B5
0009B
00080
00066
0004B
00033
0001B
00006
3FFF4
3FFE5
3FFD9
3FFD1
3FFCD
3FFCD
3FFD1
3FFD9
3FFE4
3FFF4
00006
0001B
00033
0004C
00067
00082
0009E
000B9
000D3
000EB
00101
00115
00125
00132
0013C
00141
00143
00140
00139
0012F
00120
0010F
000FA
000E3
000CA
000B0
00094
00079
0005E
00043
0002B
00014
00000
3FFEF
3FFE2
3FFD8
3FFD2
3FFD0
3FFD3
3FFD9
3FFE4
3FFF2
00004
00019
00030
0004A
00065
00081
0009D
000BA
000D5
000EF
00107
0011C
0012F
0013E
00149
00150
00153
00152
0014D
00143
00136
00125
00111
000FA
000E1
000C6
000AA
0008D
00071
00055
0003B
00023
0000D
3FFFA
3FFEB
3FFDF
3FFD7
3FFD4
3FFD5
3FFDA
3FFE3
3FFF1
00002
00016
0002D
00047
00063
00080
0009D
000BB
000D8
000F3
0010D
00124
00138
00149
00157
00160
00164
00165
00161
00159
0014D
0013C
00129
00112
000F9
000DE
000C1
000A3
00086
00069
0004D
00033
0001B
00006
3FFF5
3FFE7
3FFDE
3FFD8
3FFD8
3FFDB
3FFE3
3FFF0
00000
00014
0002B
00045
00061
0007E
0009D
000BC
000DA
000F7
00113
0012C
00143
00156
00165
00170
00177
00179
00177
00170
00165
00156
00142
0012C
00113
000F7
000DA
000BB
0009C
0007E
00060
00044
0002A
00014
00000
3FFF0
3FFE5
3FFDD
3FFDB
3FFDD
3FFE4
3FFEF
3FFFE
00012
00028
00042
0005F
0007D
0009D
000BD
000DD
000FC
0011A
00135
0014E
00163
00174
00182
0018B
0018F
0018E
00189
0017F
00171
0015E
00148
0012F
00113
000F4
000D5
000B5
00095
00075
00057
0003B
00022
0000C
3FFFA
3FFED
3FFE3
3FFDF
3FFDF
3FFE4
3FFEE
3FFFD
0000F
00026
00040
0005D
0007C
0009D
000BE
000E0
00101
00121
0013E
00159
00171
00185
00195
001A0
001A6
001A7
001A4
0019B
0018E
0017C
00166
0014D
00131
00112
000F1
000D0
000AE
0008C
0006C
0004E
00033
0001A
00006
3FFF6
3FFEA
3FFE3
3FFE2
3FFE5
3FFEE
3FFFB
0000D
00024
0003E
0005B
0007B
0009D
000C0
000E3
00106
00128
00149
00166
00180
00197
001A9
001B7
001C0
001C3
001C1
001BA
001AE
0019D
00188
0016E
00151
00132
00110
000ED
000CA
000A6
00084
00063
00045
0002A
00013
00000
3FFF2
3FFE9
3FFE5
3FFE7
3FFEE
3FFFA
0000B
00021
0003B
00059
0007A
0009D
000C2
000E7
0010C
00131
00154
00174
00191
001AB
001C0
001D0
001DC
001E1
001E2
001DC
001D1
001C1
001AD
00193
00176
00156
00133
0010E
000E9
000C3
0009E
0007B
0005A
0003C
00022
0000C
3FFFB
3FFEF
3FFE9
3FFE9
3FFEE
3FFF9
00009
0001F
00039
00057
00079
0009D
000C4
000EB
00113
0013A
00160
00184
001A4
001C1
001D9
001ED
001FB
00203
00206
00202
001F9
001EA
001D6
001BD
0019F
0017E
0015A
00133
0010C
000E4
000BC
00096
00071
00050
00033
0001A
00005
3FFF7
3FFEE
3FFEB
3FFEF
3FFF8
00007
0001C
00036
00055
00078
0009E
000C6
000F0
0011B
00145
0016E
00195
001B9
001DA
001F6
0020D
0021E
00229
0022F
0022D
00226
00218
00205
001EC
001CE
001AC
00186
0015E
00134
00109
000DE
000B4
0008D
00068
00046
0002A
00012
00000
3FFF4
3FFEF
3FFF0
3FFF7
00005
0001A
00034
00053
00077
0009E
000C9
000F6
00123
00151
0017E
001A9
001D1
001F6
00216
00231
00246
00255
0025E
0025F
0025A
0024E
0023B
00223
00204
001E1
001BA
00190
00163
00135
00107
000D9
000AD
00084
0005E
0003D
00021
0000B
3FFFC
3FFF3
3FFF1
3FFF7
00003
00017
00031
00050
00075
0009F
000CC
000FB
0012D
0015F
00190
001C0
001ED
00217
0023C
0025C
00275
00288
00294
00299
00296
0028C
0027B
00263
00245
00221
001F8
001CB
0019B
00169
00137
00104
000D4
000A5
0007B
00054
00033
00019
00005
3FFF8
3FFF4
3FFF6
00001
00013
0002D
0004D
00073
0009F
000CF
00102
00137
0016E
001A5
001DA
0020D
0023D
00268
0028D
002AC
002C5
002D5
002DE
002DF
002D7
002C8
002B0
00292
0026D
00242
00213
001DF
001A9
00172
0013A
00104
000CF
0009E
00072
0004B
0002B
00011
00000
3FFF7
3FFF6
3FFFE
0000F
00028
00048
00070
0009E
000D1
00108
00143
0017F
001BC
001F8
00232
00269
0029B
002C8
002EE
0030D
00323
00331
00336
00331
00324
0030E
002F0
002CA
0029D
0026B
00233
001F8
001BB
0017D
0013F
00104
000CB
00097
00069
00042
00022
0000B
3FFFC
3FFF7
3FFFC
0000B
00023
00043
0006D
0009D
000D4
00110
00151
00194
001D8
0021D
0025F
0029E
002D9
0030E
0033C
00362
0037F
00392
0039C
0039B
0038F
0037A
0035B
00333
00303
002CC
0028E
0024D
00208
001C1
0017B
00137
000F6
000B9
00083
00055
00030
00014
00003
3FFFE
00004
00015
00032
0005B
0008D
000CA
0010E
0015A
001AB
001FF
00256
002AD
00302
00353
0039E
003E1
0041A
00449
0046A
0047C
00480
00473
00455
00426
003E7
0039B
00345
002EA
0027F
0003D
03786
3A0B6
3878F
050D6
3E9BE
0D65A
01E4E
0B378
3D34F
398A0
03813
0367D
3B2BC
3F15A
360FE
3D6B9
3F66C
3D218
3AE7E
00817
3FF53
3B98F
3BA42
1439C
01A98
06BD0
3EA82
01BC7
39CE6
385C5
04CCF
3D7BD
11861
3EB41
2D481
00D78
387B0
06662
020FA
01A3B
002AC
0514C
3FEAE
029AB
39E1D
29D4E
110AC
07FDE
0108B
02464
3F14D
005D0
3460F
0689A
0B8CC
3AADF
3EB74
3F244
3F702
05AD8
0137C
0629B
001DF
062C9
37C8A
3A2A3
02C1F
3ED75
05F83
3F67F
014F5
3D055
38F5D
05558
03B88
3A137
3ECD3
36BDA
3EA23
01315
3C707
37630
06C8F
02DF7
00D09
01401
0DD2D
03DDF
0E99E
3E801
011F5
030B7
09243
261D4
39CC9
361D6
3CB79
3EE61
3A882
3426F
072B6
3F440
0CD6A
04894
39766
03C45
0A326
016E2
08194
39798
3FA41
3A173
3EE5B
07BFD
02E48
15926
3787D
3C4DC
3CBF5
3EAD5
38A0B
3CF47
0692F
3EC9B
055F9
3A336
3A07B
0018B
3DA82
043B1
00420
38D16
006CC
014EB
00F36
0466D
3A192
3D328
035E4
00AC6
079EB
015B9
08755
3BC53
3CB67
007E2
3EF73
03863
00972
083E3
3F29B
3D573
0084F
3FB78
3FB6F
3F32B
0015D
3F141
03C6C
3D73F
3D458
395BB
2EC66
14715
06E12
3C03C
003CD
04FD6
3E489
3C2A1
3D29B
3523D
10E95
082A2
30308
3E6D7
081AE
3C3DD
33922
05DE8
03DC0
3E0EF
0028B
3AFA3
3EDF2
060E1
3DC3C
3F25B
3AFAD
36BF0
089C3
3FC60
0FB42
02EB9
3D759
03BFE
0A3CC
3C62F
01297
3988A
3CE62
0344B
00206
0C563
3D14F
3D937
3DE1E
3BE60
04F87
01872
3CFA7
3F943
38A3C
029AF
06E94
3B4C0
3B078
06FFC
02036
025F3
00BA0
39169
01944
3B547
08D2B
08A26
3A226
3FBB7
3FC71
3F74E
3B873
3CFA9
2D764
103F2
0943E
3F258
017F7
007A0
3F758
33D9C
00EBF
3987B
053AC
3E91D
0BC5A
04E89
3143D
3E465
33B4A
015DC
3CEB1
0361B
015B2
3E3B5
3D4AF
1FBEF
020D5
3DB04
01228
3D8BC
0687C
07B08
35712
3E8E8
39C35
3FB07
02EF5
3EE61
3D907
0460F
05F60
35AFE
3DE74
0839A
017DB
08848
3EEDC
02690
3C846
3E366
0019F
3F996
3F9CD
3FECC
02CC2
3E3B8
3E25A
3FA48
3F436
3E74B
3E610
0A5BA
3ED09
3D897
3D519
37011
0903C
05B80
36E85
3DAB8
3CA0C
3B9EC
25244
09DC6
076A6
007B4
01399
06989
043EE
03CCC
06837
16911
3DE0D
04194
3F6E7
05ED2
2CB95
3C721
0CA80
3F948
3F61A
0222F
05865
3D45D
03BF6
2C054
3AEAA
39E4A
3D4B3
3E6B1
3C547
3A286
01C6B
3E568
056DE
00F9A
0B896
012E3
095DF
3B540
3EBA8
3A3EF
3A212
0B1C3
01025
3FA2B
3FE08
3E1FC
01D51
03057
3CE07
3DDCD
08EA7
02782
01DC5
0256F
03293
030E9
07048
39925
3D75E
0911C
028F1
3EE3D
03E69
0C6C0
3BBEA
3E12B
00A76
0083E
3C6DA
3EB70
3242C
0145E
05510
3BF0B
3D710
3C18B
3AF7D
089F1
3DE72
28BD9
3E475
3630A
01BBB
39F91
0C534
03F0F
06E1B
0337D
3E994
03D5B
0291D
08DFA
1280A
299F1
3A7AA
3F4E8
3F6BD
08D82
3CF56
35410
0871E
067B5
00146
02D3D
3F9E2
03059
068D5
04AE4
0D26D
3CFEC
038EC
38D0A
3EA4C
3BF4C
3F6D2
02A8B
3F75D
00C10
3EAFE
3EE84
012FE
00FA0
3A62C
0050C
0A86C
3E275
3FB27
3FB3A
01BCF
3ACCD
3DD20
0C214
030EE
0E89C
00B4B
07BEF
3B872
3F189
0255D
042B7
22B94
3F3D7
047C8
01416
04827
01286
066AC
34E83
3E75F
33806
3DAD5
3890B
3FED8
3C65B
01882
3C2BC
0CF9B
03580
06FB4
0062D
38DA9
3DD98
2D3FD
12F3A
07B59
06D25
04708
0048F
01550
3AB6D
017C4
3A6F2
08053
02087
08C1C
0375C
0F2C3
02D93
3E6A8
034DE
0051F
06EFE
070E6
3A302
008DE
04B34
01D66
01BCE
01F4A
01058
049F2
0521B
3CEF1
017AF
02AE5
02D63
062EC
01C19
04463
3EDAA
00092
03BE4
01B8E
0F936
014E7
3A4FF
059D1
05298
02C3D
05487
37ACB
3F68F
38BFE
3FD5F
3C7E3
03364
072B4
35D1B
36F1D
11C15
02330
00000
0521E
10AD7
04F0B
379E8
05B2D
2BC1F
39D3A
0325D
02885
04CB1
04C23
36408
2B8E8
39799
397A1
03F38
0367C
3CAD3
00CBB
03973
34FFA
3422D
078DC
05E6A
317EC
042E6
07876
2CC87
09206
38842
38BE6
080D7
34116
06C2C
00F08
323F2
01AB6
025EA
0841A
37EE5
2F24C
31829
39A19
36346
3AA5F
3E953
3B773
08A16
3A571
07A7B
01BFA
3FD73
3A55B
341C9
3A025
05A5D
368B7
03372
1554F
32E3B
39CC3
35B88
00335
380E9
07CB2
046D8
32200
31B1F
3C2C7
3C3F7
34C71
36BFA
38378
05ACA
04D3C
0DFC8
05DA6
0B309
3B294
34AF4
10368
376EC
3C754
04B70
059D7
0F756
0781A
02BA1
26455
3676D
11223
07239
3EEF7
3533E
13592
2AFCF
381EA
35236
03728
06FB2
3B667
07646
391B0
0A5C4
39735
364CB
30EF5
06FD7
0A61C
06767
0C93B
3ACCD
06EED
1683F
36B0A
3E917
364C2
3B524
3EA4B
3A160
3200D
36947
07663
3BE0E
0987B
08786
381F2
0BB39
2B31B
3A181
33781
03A3C
07EBE
020D5
3E58E
0B6E1
008CB
3303C
348E1
00CB5
195F8
36950
0ED25
3D8E7
3C67A
0087F
2B24F
38534
00BFD
39192
04B91
02D18
3ACAB
3E24C
3B7F6
01C60
0B1F5
2F175
0A0A8
06910
0CAF3
395F3
020A0
336D1
390DE
2C011
3EC07
05452
07645
0219E
38721
150E5
3AC13
0255A
21480
0008C
11E95
02AE4
0280C
39B77
35E7C
0C172
0723A
0DE1D
01E37
3E614
01702
07B9E
38571
152DA
371D1
0BA5F
33754
07BE0
2EC49
351CF
06BBA
0B987
0B366
2DC4B
02A4F
36F8C
04FF1
386C8
001D5
0B5D2
2DBF5
30081
03CAE
3977E
2DBC3
05321
0060C
3AFB2
17D3B
38ECA
2FFF8
03B55
03B9B
3E088
02DD1
362F3
358D9
13BDA
02BBD
12459
3FBDD
0184F
3FFD5
0CDF2
02899
0310F
06595
383D5
2F106
3383B
34A2D
36BD3
3AF69
02418
360D7
01C01
0E0FC
0A9F2
131EE
3D2A0
0987C
336FC
04E27
06628
3D152
0178A
0AB47
03029
380E2
088E5
08719
3CDB9
381A5
2A11D
3D09B
3A4F8
06565
2EE01
362F2
3AA80
0092E
3DDD0
1043E
3CBED
3C85F
3BC47
0B612
0AA47
31205
3EB3F
0517C
3D661
38411
3DD6C
3A28C
2F44D
38FBA
3AFD8
1186F
07292
032BB
36CD0
3A03A
06859
3B262
05F03
0F842
3952D
0CF4E
37B12
100F4
18061
3925E
0CB13
07519
0482B
06204
01E51
397FC
3264F
2F25D
030E8
07A6E
298BC
044A1
15539
3A6F8
3A285
01659
37CEB
2F459
3AAD1
0AC3A
0442F
068CD
3E58C
3D7C8
3CB08
3A2E6
3989A
31FBE
0688B
0A800
06F58
35F27
323F2
0AAA0
0CA50
3840E
06B48
31E54
3CD5A
0F27A
36FC8
08CAA
3565D
0967D
38412
32816
0C196
3CDC4
3928F
053D9
2ABC1
14577
36B26
3A327
3B6BC
3C41A
3F5F3
3C3AB
37E3F
03A1D
0A39D
1565D
3F686
0C7D7
012FA
31101
3AA1A
014FB
0D4A5
319E4
38664
0C861
037C6
099EB
04F3F
31C58
01C58
2B1F1
0E046
0979A
13B79
3F7C8
3A14B
3F82F
16BEC
32479
3A8A8
01DBF
00434
3AF6D
0C8E3
052F7
36BF6
0C18D
3C1E8
2DF51
38ABC
3C85A
0D71C
35F35
0CDCE
37E26
29E1E
031F5
09D0A
382E5
3F13F
36B1B
32CF1
05AD3
0572F
32A6C
0C581
0B03A
07B3F
06091
398FF
09CF6
3959A
01387
31F57
068D5
3E5AF
05885
3D7CC
2FE9F
38A9E
0E5C5
02389
3526D
09EB7
091AD
38091
2A937
103B3
09748
2F9CB
04CC2
3EF58
39664
3D5B0
0993B
015F7
00CD4
3E1DC
28C4D
0E8DF
3DA36
38EC4
3D475
009F4
01DCF
3C2D1
04C2F
0CF30
3BB3E
026FC
01A32
3D5EC
3F4F3
0AE0E
1432D
03AAC
37950
32F33
061C6
0664C
09917
05FDC
2F69F
07264
00CAB
00C89
00EFB
0C881
3E48E
0E087
2E063
39A2A
2F4F7
0E91B
0DBC7
37D1E
01D60
328E0
32076
3D6B0
00034
32741
00C16
01167
03D70
009AD
0D4DB
163C6
32F64
08447
385D4
3F469
02336
3BA6F
336E5
37713
31678
0B9AB
05FD4
38FEC
05CE3
085E2
3F581
2DE60
0CAC4
05A41
31736
05CEB
078BF
3D805
0CFFB
3DD20
1457A
2C46E
3D33A
387CF
004F4
02104
013B5
00F7B
00D99
00CAB
00C31
00BF2
00BD2
00BBF
00BAF
00B9B
00B7F
00B58
00B23
00ADF
00A8D
00A2A
009B8
00937
008A7
0080A
00761
006AD
005F0
0052D
00464
00399
002CD
00203
0013C
0007C
3FFC4
3FF16
3FE75
3FDE1
3FD5E
3FCEB
3FC8B
3FC3D
3FC03
3FBDD
3FBCB
3FBCD
3FBE1
3FC07
3FC3E
3FC84
3FCD8
3FD37
3FDA1
3FE12
3FE88
3FF01
3FF7A
3FFF1
00065
000D2
00136
00190
001DE
0021F
00251
00273
00286
00288
0027A
0025C
0022F
001F3
001AB
00156
000F8
00092
00025
3FFB5
3FF42
3FED1
3FE61
3FDF7
3FD93
3FD37
3FCE6
3FCA1
3FC68
3FC3E
3FC22
3FC15
3FC17
3FC28
3FC48
3FC76
3FCB0
3FCF5
3FD44
3FD9B
3FDF9
3FE5B
3FEBF
3FF23
3FF86
3FFE4
0003D
0008E
000D5
00112
00143
00167
0017E
00186
00181
0016D
0014C
0011F
000E5
000A1
00054
00000
3FFA6
3FF48
3FEE8
3FE89
3FE2B
3FDD2
3FD7E
3FD32
3FCEF
3FCB6
3FC89
3FC69
3FC55
3FC4F
3FC56
3FC6A
3FC8B
3FCB8
3FCEF
3FD31
3FD7B
3FDCB
3FE21
3FE79
3FED3
3FF2D
3FF83
3FFD6
00022
00067
000A3
000D4
000FA
00115
00122
00123
00117
000FF
000DB
000AC
00072
00030
3FFE7
3FF98
3FF44
3FEEF
3FE99
3FE44
3FDF2
3FDA5
3FD5F
3FD21
3FCEB
3FCC0
3FCA1
3FC8D
3FC85
3FC89
3FC9A
3FCB7
3FCDE
3FD10
3FD4B
3FD8E
3FDD7
3FE25
3FE76
3FEC9
3FF1B
3FF6B
3FFB8
3FFFF
0003F
00077
000A5
000CA
000E3
000F0
000F2
000E8
000D2
000B2
00087
00052
00016
3FFD2
3FF8A
3FF3D
3FEEE
3FE9F
3FE50
3FE05
3FDBE
3FD7E
3FD44
3FD13
3FCEC
3FCCF
3FCBD
3FCB7
3FCBC
3FCCC
3FCE7
3FD0D
3FD3C
3FD73
3FDB2
3FDF7
3FE40
3FE8C
3FED9
3FF26
3FF70
3FFB7
3FFF9
00034
00067
00092
000B3
000C9
000D4
000D5
000CA
000B5
00095
0006B
0003A
00000
3FFC0
3FF7C
3FF33
3FEEA
3FE9F
3FE57
3FE11
3FDD0
3FD94
3FD60
3FD34
3FD11
3FCF7
3FCE9
3FCE5
3FCEC
3FCFD
3FD18
3FD3E
3FD6C
3FDA1
3FDDD
3FE1F
3FE64
3FEAC
3FEF5
3FF3D
3FF82
3FFC4
00001
00037
00066
0008C
000A8
000BB
000C4
000C1
000B5
0009E
0007E
00055
00024
3FFED
3FFAF
3FF6E
3FF29
3FEE3
3FE9E
3FE5A
3FE19
3FDDC
3FDA6
3FD76
3FD4F
3FD30
3FD1B
3FD10
3FD0F
3FD19
3FD2C
3FD48
3FD6E
3FD9C
3FDD0
3FE0B
3FE4A
3FE8D
3FED1
3FF16
3FF59
3FF9B
3FFD8
0000F
00041
0006B
0008C
000A5
000B3
000B8
000B3
000A5
0008C
0006B
00042
00012
3FFDB
3FF9F
3FF60
3FF1E
3FEDC
3FE9A
3FE5B
3FE1E
3FDE7
3FDB5
3FD8A
3FD67
3FD4D
3FD3C
3FD35
3FD37
3FD43
3FD59
3FD77
3FD9D
3FDCB
3FDFF
3FE39
3FE76
3FEB6
3FEF7
3FF39
3FF78
3FFB5
3FFEE
00021
0004E
00073
00090
000A4
000AF
000B0
000A8
00097
0007D
0005A
00030
00000
3FFCA
3FF90
3FF53
3FF14
3FED4
3FE96
3FE5A
3FE22
3FDEF
3FDC2
3FD9C
3FD7E
3FD68
3FD5B
3FD58
3FD5D
3FD6C
3FD84
3FDA3
3FDCB
3FDF9
3FE2D
3FE65
3FEA1
3FEDF
3FF1E
3FF5C
3FF98
3FFD0
00005
00033
0005B
0007C
00095
000A5
000AB
000A9
0009E
0008A
0006E
0004A
00020
3FFEF
3FFBA
3FF81
3FF45
3FF09
3FECC
3FE92
3FE5A
3FE26
3FDF7
3FDCE
3FDAD
3FD93
3FD81
3FD79
3FD79
3FD82
3FD93
3FDAD
3FDCF
3FDF7
3FE26
3FE5A
3FE91
3FECB
3FF07
3FF43
3FF7E
3FFB6
3FFEB
0001B
00046
00069
00086
0009A
000A6
000A9
000A3
00095
0007E
00060
0003B
00010
3FFDF
3FFAA
3FF72
3FF38
3FEFE
3FEC5
3FE8D
3FE59
3FE29
3FDFE
3FDDA
3FDBD
3FDA7
3FD9A
3FD95
3FD99
3FDA5
3FDB9
3FDD5
3FDF9
3FE22
3FE51
3FE85
3FEBB
3FEF4
3FF2E
3FF67
3FF9F
3FFD4
00005
00031
00057
00077
0008F
0009F
000A6
000A6
0009D
0008C
00073
00053
0002C
00000
3FFCF
3FF9B
3FF64
3FF2C
3FEF4
3FEBD
3FE89
3FE58
3FE2C
3FE06
3FDE5
3FDCC
3FDBB
3FDB2
3FDB1
3FDB8
3FDC7
3FDDE
3FDFC
3FE21
3FE4C
3FE7B
3FEAE
3FEE4
3FF1C
3FF53
3FF8A
3FFBF
3FFF1
0001E
00046
00068
00083
00097
000A3
000A7
000A2
00096
00082
00067
00045
0001D
3FFF1
3FFC0
3FF8C
3FF56
3FF20
3FEEA
3FEB6
3FE85
3FE58
3FE30
3FE0D
3FDF1
3FDDC
3FDCF
3FDCA
3FDCC
3FDD7
3FDE9
3FE02
3FE22
3FE49
3FE74
3FEA4
3FED6
3FF0B
3FF41
3FF77
3FFAB
3FFDD
0000B
00035
00059
00077
0008E
0009E
000A6
000A6
0009E
0008F
00078
0005B
00038
0000F
3FFE1
3FFB1
3FF7D
3FF49
3FF15
3FEE1
3FEB0
3FE82
3FE58
3FE34
3FE15
3FDFD
3FDEC
3FDE3
3FDE1
3FDE7
3FDF5
3FE0A
3FE25
3FE47
3FE6F
3FE9B
3FECB
3FEFD
3FF31
3FF65
3FF99
3FFCB
3FFFA
00024
0004A
0006B
00085
00098
000A4
000A8
000A4
0009A
00087
0006E
0004F
0002A
00000
3FFD2
3FFA2
3FF6F
3FF3C
3FF0A
3FED9
3FEAA
3FE7F
3FE59
3FE38
3FE1D
3FE09
3FDFC
3FDF7
3FDF9
3FE02
3FE13
3FE2A
3FE48
3FE6C
3FE94
3FEC1
3FEF1
3FF23
3FF55
3FF88
3FFB9
3FFE9
00014
0003C
0005E
0007B
00091
000A0
000A8
000A9
000A2
00094
0007F
00064
00042
0001C
3FFF1
3FFC4
3FF93
3FF62
3FF30
3FF00
3FED1
3FEA5
3FE7E
3FE5B
3FE3E
3FE27
3FE16
3FE0D
3FE0B
3FE10
3FE1D
3FE30
3FE4A
3FE6A
3FE8F
3FEB9
3FEE6
3FF16
3FF47
3FF78
3FFA9
3FFD8
00005
0002D
00052
00070
00089
0009C
000A7
000AB
000A9
0009E
0008D
00076
00058
00035
0000E
3FFE3
3FFB5
3FF85
3FF55
3FF25
3FEF6
3FECA
3FEA1
3FE7D
3FE5D
3FE44
3FE30
3FE24
3FE1E
3FE20
3FE28
3FE38
3FE4E
3FE6A
3FE8C
3FEB2
3FEDD
3FF0A
3FF39
3FF69
3FF99
3FFC8
3FFF5
0001F
00045
00066
00081
00096
000A5
000AD
000AD
000A7
0009A
00086
0006C
0004D
00028
00000
3FFD4
3FFA7
3FF78
3FF48
3FF1A
3FEEE
3FEC4
3FE9E
3FE7D
3FE61
3FE4B
3FE3B
3FE32
3FE30
3FE35
3FE41
3FE53
3FE6B
3FE8A
3FEAD
3FED4
3FEFF
3FF2D
3FF5B
3FF8B
3FFB9
3FFE6
00011
00038
0005A
00078
00090
000A1
000AC
000B1
000AE
000A5
00094
0007E
00062
00041
0001B
3FFF2
3FFC6
3FF99
3FF6A
3FF3C
3FF10
3FEE6
3FEBF
3FE9C
3FE7D
3FE65
3FE52
3FE46
3FE41
3FE42
3FE4A
3FE59
3FE6E
3FE89
3FEA9
3FECE
3FEF6
3FF21
3FF4F
3FF7D
3FFAB
3FFD8
00003
0002B
0004F
0006E
00089
0009D
000AB
000B3
000B3
000AD
000A1
0008E
00075
00057
00034
0000E
3FFE4
3FFB8
3FF8B
3FF5E
3FF31
3FF07
3FEDF
3FEBA
3FE9A
3FE7F
3FE6A
3FE5B
3FE52
3FE50
3FE55
3FE60
3FE72
3FE89
3FEA6
3FEC8
3FEEE
3FF17
3FF43
3FF6F
3FF9D
3FFCA
3FFF5
0001E
00043
00064
00081
00098
000A9
000B3
000B7
000B5
000AC
0009C
00087
0006C
0004C
00028
00000
3FFD6
3FFAA
3FF7E
3FF52
3FF27
3FEFE
3FED8
3FEB7
3FE9A
3FE82
3FE70
3FE65
3FE5F
3FE61
3FE69
3FE77
3FE8B
3FEA5
3FEC4
3FEE7
3FF0E
3FF38
3FF63
3FF8F
3FFBC
3FFE7
00010
00037
0005A
00078
00091
000A5
000B3
000BA
000BA
000B5
000A9
00096
0007E
00061
00040
0001B
3FFF2
3FFC8
3FF9D
3FF71
3FF46
3FF1D
3FEF6
3FED3
3FEB4
3FE9B
3FE86
3FE77
3FE6F
3FE6D
3FE72
3FE7D
3FE8E
3FEA4
3FEC0
3FEE1
3FF06
3FF2D
3FF57
3FF83
3FFAE
3FFDA
00003
0002B
0004F
0006F
0008A
000A0
000B1
000BB
000BF
000BC
000B3
000A4
00090
00076
00057
00034
0000D
3FFE5
3FFBA
3FF8F
3FF65
3FF3B
3FF14
3FEF0
3FECF
3FEB3
3FE9C
3FE8B
3FE80
3FE7B
3FE7C
3FE84
3FE92
3FEA5
3FEBE
3FEDC
3FEFE
3FF24
3FF4C
3FF77
3FFA2
3FFCD
3FFF6
0001E
00044
00065
00083
0009B
000AE
000BB
000C2
000C3
000BD
000B1
0009F
00088
0006C
0004B
00027
00000
3FFD7
3FFAD
3FF82
3FF59
3FF31
3FF0C
3FEEA
3FECC
3FEB3
3FE9F
3FE91
3FE89
3FE87
3FE8C
3FE96
3FEA7
3FEBD
3FED8
3FEF8
3FF1C
3FF42
3FF6B
3FF95
3FFC0
3FFEA
00012
00038
0005B
0007A
00095
000AA
000BA
000C4
000C8
000C5
000BC
000AE
00099
00080
00062
00040
0001A
3FFF3
3FFC9
3FFA0
3FF76
3FF4E
3FF28
3FF04
3FEE5
3FECA
3FEB4
3FEA3
3FE98
3FE93
3FE95
3FE9C
3FEAA
3FEBD
3FED6
3FEF3
3FF14
3FF39
3FF60
3FF89
3FFB3
3FFDD
00006
0002D
00051
00072
0008E
000A6
000B8
000C5
000CB
000CC
000C6
000BA
000A9
00092
00077
00057
00033
0000D
3FFE5
3FFBC
3FF93
3FF6A
3FF43
3FF1F
3FEFE
3FEE1
3FEC9
3FEB6
3FEA8
3FEA0
3FE9F
3FEA3
3FEAE
3FEBE
3FED4
3FEEF
3FF0E
3FF30
3FF56
3FF7E
3FFA7
3FFD0
3FFF9
00021
00046
00068
00086
000A0
000B5
000C4
000CE
000D1
000CE
000C6
000B7
000A3
0008A
0006D
0004B
00027
00000
3FFD8
3FFAF
3FF86
3FF5F
3FF3A
3FF17
3FEF9
3FEDE
3FEC9
3FEB9
3FEAE
3FEAA
3FEAB
3FEB3
3FEC0
3FED3
3FEEB
3FF08
3FF29
3FF4D
3FF73
3FF9B
3FFC4
3FFED
00015
0003B
0005E
0007E
0009A
000B1
000C3
000CF
000D5
000D6
000D0
000C4
000B3
0009D
00082
00062
0003F
0001A
3FFF3
3FFCA
3FFA2
3FF7A
3FF54
3FF31
3FF11
3FEF4
3FEDD
3FECA
3FEBD
3FEB5
3FEB4
3FEB9
3FEC3
3FED3
3FEE9
3FF03
3FF22
3FF44
3FF69
3FF90
3FFB8
3FFE1
00009
00030
00054
00076
00093
000AC
000C0
000CF
000D8
000DC
000D9
000D0
000C2
000AE
00095
00078
00057
00033
0000D
3FFE5
3FFBD
3FF96
3FF6F
3FF4A
3FF29
3FF0B
3FEF1
3FEDC
3FECC
3FEC2
3FEBE
3FEC0
3FEC7
3FED5
3FEE7
3FEFF
3FF1C
3FF3C
3FF5F
3FF85
3FFAD
3FFD5
3FFFD
00024
0004A
0006C
0008C
000A7
000BD
000CE
000DA
000E0
000E0
000DB
000CF
000BE
000A8
0008D
0006E
0004C
00027
00000
3FFD8
3FFB1
3FF8A
3FF64
3FF41
3FF22
3FF06
3FEEF
3FEDC
3FED0
3FEC9
3FEC7
3FECC
3FED7
3FEE7
3FEFC
3FF16
3FF34
3FF56
3FF7B
3FFA1
3FFC9
3FFF1
00019
0003F
00063
00083
000A0
000B9
000CD
000DB
000E4
000E7
000E4
000DB
000CD
000B9
000A1
00084
00063
00040
0001A
3FFF3
3FFCB
3FFA4
3FF7E
3FF5A
3FF39
3FF1B
3FF02
3FEEE
3FEDE
3FED4
3FED0
3FED2
3FEDA
3FEE7
3FEFA
3FF12
3FF2E
3FF4E
3FF71
3FF97
3FFBE
3FFE5
0000D
00034
00058
0007B
00099
000B4
000CA
000DB
000E7
000EC
000EC
000E6
000DB
000CA
000B3
00099
0007A
00058
00033
0000D
3FFE6
3FFBE
3FF98
3FF73
3FF51
3FF31
3FF16
3FEFF
3FEED
3FEE1
3FEDA
3FED9
3FEDE
3FEE9
3FEF9
3FF0E
3FF28
3FF46
3FF68
3FF8C
3FFB2
3FFDA
00001
00028
0004E
00071
00092
000AE
000C7
000DA
000E8
000F1
000F3
000F0
000E7
000D9
000C5
000AD
00090
00070
0004C
00027
00000
3FFD9
3FFB2
3FF8C
3FF69
3FF48
3FF2B
3FF12
3FEFE
3FEEF
3FEE5
3FEE1
3FEE3
3FEEB
3FEF9
3FF0B
3FF23
3FF3F
3FF5F
3FF82
3FFA7
3FFCE
3FFF6
0001D
00043
00068
00089
000A8
000C2
000D8
000E9
000F4
000F9
000F9
000F3
000E7
000D6
000C0
000A5
00086
00065
00040
0001A
3FFF3
3FFCC
3FFA6
3FF81
3FF5F
3FF40
3FF25
3FF0F
3FEFD
3FEF1
3FEEA
3FEEA
3FEEF
3FEFA
3FF0A
3FF1F
3FF39
3FF57
3FF79
3FF9D
3FFC3
3FFEA
00011
00038
0005E
00081
000A1
000BD
000D5
000E8
000F6
000FE
00101
000FD
000F4
000E6
000D2
000B9
0009D
0007C
00059
00034
0000D
3FFE6
3FFBF
3FF9A
3FF77
3FF56
3FF39
3FF21
3FF0D
3FEFE
3FEF5
3FEF1
3FEF3
3FEFB
3FF09
3FF1C
3FF34
3FF50
3FF70
3FF92
3FFB8
3FFDE
00006
0002D
00053
00077
00099
000B7
000D1
000E7
000F7
00102
00107
00107
00100
000F4
000E3
000CD
000B2
00093
00071
0004D
00027
00000
3FFD9
3FFB3
3FF8F
3FF6D
3FF4E
3FF33
3FF1D
3FF0C
3FF00
3FEF9
3FEF9
3FEFE
3FF09
3FF19
3FF2F
3FF49
3FF67
3FF89
3FFAD
3FFD3
3FFFA
00022
00048
0006E
00090
000B0
000CC
000E4
000F7
00105
0010D
0010F
0010B
00102
000F3
000DF
000C7
000AA
00089
00066
00041
0001A
3FFF3
3FFCC
3FFA7
3FF84
3FF63
3FF47
3FF2E
3FF1A
3FF0C
3FF03
3FEFF
3FF02
3FF0A
3FF18
3FF2B
3FF43
3FF5F
3FF7F
3FFA2
3FFC8
3FFEF
00016
0003D
00063
00087
000A9
000C7
000E1
000F6
00106
00111
00116
00116
0010F
00103
000F1
000DB
000C0
000A1
0007F
0005A
00034
0000D
3FFE6
3FFC0
3FF9B
3FF7A
3FF5B
3FF40
3FF2A
3FF19
3FF0D
3FF07
3FF07
3FF0C
3FF17
3FF28
3FF3E
3FF58
3FF77
3FF98
3FFBD
3FFE3
0000A
00032
00059
0007E
000A1
000C1
000DD
000F5
00107
00115
0011D
0011F
0011B
00111
00102
000EE
000D5
000B8
00097
00074
0004E
00027
00000
3FFD9
3FFB4
3FF90
3FF70
3FF53
3FF3B
3FF27
3FF19
3FF10
3FF0D
3FF0F
3FF18
3FF26
3FF39
3FF52
3FF6E
3FF8F
3FFB2
3FFD8
3FFFF
00026
0004E
00074
00098
000BA
000D8
000F2
00107
00117
00122
00127
00126
0011F
00113
00101
000EA
000CF
000AF
0008D
00068
00042
0001A
3FFF3
3FFCD
3FFA8
3FF86
3FF67
3FF4D
3FF36
3FF25
3FF1A
3FF14
3FF14
3FF19
3FF25
3FF36
3FF4C
3FF67
3FF85
3FFA8
3FFCC
3FFF3
0001B
00042
00069
0008F
000B2
000D2
000EE
00106
00119
00126
0012E
00130
0012C
00122
00112
000FE
000E5
000C7
000A6
00082
0005C
00035
0000D
3FFE6
3FFC0
3FF9D
3FF7C
3FF5F
3FF47
3FF33
3FF25
3FF1C
3FF19
3FF1C
3FF25
3FF33
3FF47
3FF60
3FF7D
3FF9D
3FFC1
3FFE7
0000F
00037
0005F
00085
000AA
000CC
000EA
00104
00119
00129
00134
00139
00137
00130
00124
00111
000FA
000DE
000BF
0009C
00076
0004F
00028
00000
3FFD9
3FFB4
3FF92
3FF73
3FF58
3FF42
3FF31
3FF25
3FF20
3FF20
3FF26
3FF32
3FF43
3FF59
3FF74
3FF94
3FFB6
3FFDC
00003
0002B
00053
0007B
000A1
000C4
000E4
00101
00119
0012B
00139
00140
00142
0013E
00134
00124
0010F
000F5
000D7
000B6
00091
0006A
00043
0001B
3FFF3
3FFCD
3FFA9
3FF88
3FF6B
3FF52
3FF3E
3FF30
3FF27
3FF24
3FF28
3FF31
3FF40
3FF54
3FF6D
3FF8A
3FFAC
3FFD0
3FFF7
0001F
00048
00070
00097
000BC
000DE
000FD
00117
0012D
0013D
00147
0014C
0014B
00143
00136
00123
0010C
000EF
000CF
000AC
00086
0005E
00036
0000D
3FFE6
3FFC1
3FF9E
3FF7E
3FF63
3FF4D
3FF3C
3FF30
3FF2A
3FF2B
3FF31
3FF3D
3FF4F
3FF66
3FF82
3FFA2
3FFC5
3FFEB
00013
0003C
00065
0008D
000B3
000D7
000F8
00115
0012D
00140
0014D
00155
00156
00152
00147
00137
00122
00107
000E9
000C6
000A1
0007A
00051
00028
00000
3FFD9
3FFB5
3FF93
3FF76
3FF5D
3FF49
3FF3A
3FF32
3FF2F
3FF32
3FF3C
3FF4B
3FF60
3FF7A
3FF98
3FFBA
3FFDF
00007
00030
00059
00082
000AA
000D0
000F2
00111
0012C
00142
00152
0015D
00161
00160
00158
0014A
00137
0011F
00102
000E1
000BD
00096
0006D
00044
0001B
3FFF3
3FFCD
3FFA9
3FF89
3FF6E
3FF57
3FF46
3FF3A
3FF34
3FF35
3FF3B
3FF48
3FF5A
3FF72
3FF8E
3FFAF
3FFD3
3FFFA
00023
0004D
00077
000A0
000C7
000EC
0010D
0012A
00143
00156
00164
0016B
0016D
00168
0015D
0014C
00136
0011B
000FC
000D8
000B2
0008A
00060
00037
0000D
3FFE6
3FFC0
3FF9E
3FF80
3FF67
3FF52
3FF44
3FF3B
3FF38
3FF3C
3FF46
3FF56
3FF6B
3FF86
3FFA5
3FFC8
3FFEE
00016
00040
0006B
00095
000BE
000E4
00108
00128
00143
00159
0016A
00174
00179
00177
0016F
00161
0014D
00134
00116
000F4
000CF
000A7
0007E
00053
00029
00000
3FFD9
3FFB5
3FF94
3FF78
3FF61
3FF4F
3FF43
3FF3D
3FF3E
3FF45
3FF52
3FF65
3FF7D
3FF9B
3FFBC
3FFE2
0000A
00033
0005E
00089
000B4
000DC
00102
00124
00142
0015B
0016E
0017C
00184
00185
00180
00175
00164
0014D
00131
00110
000EC
000C5
0009B
00071
00046
0001B
3FFF3
3FFCC
3FFA9
3FF8A
3FF70
3FF5C
3FF4D
3FF44
3FF41
3FF45
3FF4F
3FF60
3FF76
3FF91
3FFB1
3FFD5
3FFFD
00026
00052
0007D
000A9
000D3
000FA
0011F
00140
0015C
00172
00183
0018E
00193
00191
00189
0017A
00165
0014C
0012D
0010A
000E3
000BA
0008F
00063
00038
0000E
3FFE5
3FFC0
3FF9F
3FF82
3FF6A
3FF57
3FF4B
3FF46
3FF46
3FF4D
3FF5B
3FF6F
3FF88
3FFA6
3FFC9
3FFF0
00019
00044
00071
0009D
000C8
000F2
00119
0013C
0015B
00175
00189
00197
0019F
001A1
0019B
00190
0017E
00166
00149
00128
00102
000D9
000AE
00082
00056
0002A
00000
3FFD8
3FFB4
3FF94
3FF79
3FF64
3FF54
3FF4B
3FF49
3FF4D
3FF57
3FF68
3FF7F
3FF9C
3FFBD
3FFE2
0000B
00036
00063
00091
000BD
000E9
00112
00138
0015A
00177
0018E
001A0
001AB
001B0
001AE
001A5
00196
00181
00166
00146
00121
000F9
000CF
000A2
00075
00048
0001C
3FFF2
3FFCC
3FFA9
3FF8B
3FF72
3FF5F
3FF53
3FF4D
3FF4D
3FF55
3FF63
3FF77
3FF92
3FFB1
3FFD5
3FFFD
00028
00055
00083
000B1
000DF
0010A
00132
00157
00177
00192
001A7
001B6
001BE
001BF
001BA
001AE
0019B
00183
00164
00141
0011A
000F0
000C4
00096
00067
0003A
0000E
3FFE5
3FFBF
3FF9E
3FF82
3FF6C
3FF5B
3FF52
3FF4F
3FF54
3FF5F
3FF70
3FF88
3FFA6
3FFC8
3FFEF
0001A
00047
00075
000A5
000D3
00101
0012C
00153
00176
00195
001AD
001BF
001CB
001D0
001CE
001C5
001B5
0019F
00183
00162
0013C
00112
000E6
000B8
00088
00059
0002C
00000
3FFD8
3FFB3
3FF94
3FF7A
3FF66
3FF59
3FF53
3FF53
3FF5B
3FF6A
3FF7F
3FF9A
3FFBB
3FFE1
0000B
00038
00067
00097
000C7
000F6
00123
0014E
00174
00196
001B2
001C8
001D8
001E0
001E2
001DC
001D0
001BC
001A3
00183
0015F
00136
0010A
000DB
000AB
0007B
0004B
0001D
3FFF2
3FFCB
3FFA8
3FF8A
3FF73
3FF62
3FF57
3FF55
3FF59
3FF64
3FF77
3FF90
3FFAE
3FFD3
3FFFB
00028
00057
00088
000B9
000EA
0011A
00147
00171
00196
001B6
001D0
001E3
001F0
001F5
001F3
001EA
001D9
001C2
001A5
00182
0015B
0012F
00100
000D0
0009E
0006D
0003C
0000F
3FFE4
3FFBE
3FF9C
3FF81
3FF6C
3FF5E
3FF57
3FF58
3FF60
3FF6F
3FF85
3FFA2
3FFC4
3FFEC
00017
00047
00078
000AB
000DD
0010F
0013F
0016C
00194
001B8
001D6
001ED
001FE
00207
00209
00204
001F7
001E3
001C8
001A7
00181
00156
00127
000F6
000C4
00091
0005E
0002E
00000
3FFD6
3FFB1
3FF92
3FF79
3FF66
3FF5C
3FF58
3FF5C
3FF68
3FF7B
3FF95
3FFB6
3FFDC
00006
00035
00067
0009B
000CF
00103
00135
00165
00191
001B9
001DB
001F6
0020B
00219
0021F
0021D
00214
00203
001EB
001CC
001A8
0017E
00150
0011F
000EB
000B7
00083
0004F
0001F
3FFF1
3FFC8
3FFA5
3FF88
3FF71
3FF62
3FF5A
3FF5A
3FF62
3FF72
3FF89
3FFA7
3FFCB
3FFF5
00023
00055
00089
000BF
000F5
0012A
0015C
0018C
001B7
001DE
001FE
00217
00229
00234
00236
00231
00224
0020F
001F3
001D0
001A8
0017B
0014A
00116
000E0
000AA
00074
00040
0000F
3FFE3
3FFBB
3FF99
3FF7E
3FF6A
3FF5E
3FF59
3FF5D
3FF69
3FF7D
3FF98
3FFBA
3FFE2
0000F
00041
00076
000AD
000E4
0011C
00152
00185
001B4
001DF
00204
00222
00239
00248
0024F
0024E
00245
00234
0021B
001FA
001D4
001A8
00177
00143
0010C
000D4
0009C
00065
00031
00000
3FFD4
3FFAD
3FF8D
3FF74
3FF63
3FF5A
3FF5A
3FF61
3FF71
3FF89
3FFA9
3FFCF
3FFFB
0002C
00061
00099
000D2
0010C
00145
0017B
001AF
001DE
00207
0022B
00247
0025B
00267
0026B
00266
00259
00243
00226
00202
001D7
001A7
00173
0013B
00102
000C8
0008E
00056
00021
3FFF0
3FFC5
3FFA0
3FF82
3FF6B
3FF5D
3FF57
3FF5A
3FF66
3FF7A
3FF97
3FFBA
3FFE5
00015
0004A
00082
000BD
000F9
00135
0016F
001A6
001DA
00209
00231
00253
0026D
0027E
00287
00287
0027F
0026D
00253
00232
00209
001DA
001A6
0016E
00134
000F7
000BB
0007F
00046
00011
3FFE0
3FFB6
3FF92
3FF76
3FF62
3FF57
3FF55
3FF5B
3FF6B
3FF84
3FFA5
3FFCD
3FFFB
00030
00068
000A4
000E2
00121
0015F
0019B
001D3
00207
00235
0025D
0027C
00294
002A3
002A8
002A5
00298
00282
00264
0023E
00211
001DE
001A6
0016A
0012C
000EC
000AD
00070
00036
00000
3FFD0
3FFA6
3FF83
3FF69
3FF58
3FF50
3FF51
3FF5C
3FF70
3FF8D
3FFB2
3FFDF
00012
0004B
00088
000C7
00109
0014A
0018A
001C7
00201
00235
00263
00289
002A7
002BD
002C9
002CB
002C4
002B3
00299
00276
0024B
00219
001E2
001A5
00166
00124
000E2
000A0
00061
00025
3FFEE
3FFBE
3FF95
3FF74
3FF5B
3FF4D
3FF48
3FF4D
3FF5B
3FF74
3FF95
3FFBF
3FFF1
00028
00065
000A7
000EA
0012F
00173
001B6
001F5
00230
00264
00292
002B8
002D4
002E7
002F1
002F0
002E5
002D0
002B1
0028A
0025A
00224
001E7
001A6
00162
0011D
000D7
00092
00051
00013
3FFDC
3FFAB
3FF82
3FF62
3FF4B
3FF3F
3FF3C
3FF45
3FF58
3FF74
3FF9A
3FFC9
3FFFF
0003C
0007E
000C3
0010B
00154
0019C
001E1
00223
0025F
00294
002C2
002E8
00303
00314
0031B
00317
00309
002EF
002CC
002A0
0026C
00230
001EF
001A9
00161
00116
000CD
00084
00040
00000
3FFC6
3FF95
3FF6B
3FF4B
3FF36
3FF2B
3FF2C
3FF37
3FF4D
3FF6E
3FF99
3FFCC
00007
00049
00090
000DA
00127
00174
001C0
00209
0024E
0028D
002C4
002F3
00319
00334
00344
00349
00343
00331
00314
002ED
002BC
00282
00242
001FB
001B0
00161
00112
000C3
00076
0002E
3FFEA
3FFAE
3FF79
3FF4E
3FF2E
3FF18
3FF0E
3FF10
3FF1D
3FF36
3FF5B
3FF89
3FFC1
00001
00048
00095
000E5
00137
0018A
001DB
00229
00272
002B5
002F0
00322
00349
00366
00377
0037B
00373
0035F
00340
00315
002DF
002A1
0025B
0020E
001BC
00167
00111
000BC
00068
00019
3FFD0
3FF8E
3FF54
3FF25
3FF01
3FEE9
3FEDD
3FEDE
3FEEB
3FF06
3FF2C
3FF5D
3FF99
3FFDE
0002A
0007D
000D3
0012D
00187
001DF
00235
00285
002CF
00311
00348
00375
00396
003AA
003B1
003AB
00397
00377
0034A
00311
002CE
00282
0022E
001D5
00177
00118
000B8
0005A
00000
3FFAC
3FF5F
3FF1B
3FEE1
3FEB4
3FE93
3FE7F
3FE7A
3FE82
3FE99
3FEBD
3FEEE
3FF2B
3FF72
3FFC3
0001C
0007A
000DD
00141
001A5
00207
00265
002BC
0030B
00350
0038A
003B8
003D8
003E9
003EB
003DE
003C2
00398
0035F
0031A
002C9
0026D
00209
0019F
0012F
000BE
0004B
3FFDB
3FF6E
3FF08
3FEAA
3FE55
3FE0D
3FDD1
3FDA4
3FD86
3FD78
3FD7A
3FD8D
3FDAF
3FDE1
3FE22
3FE70
3FECA
3FF2E
3FF9B
0000F
00086
000FF
00178
001EE
0025F
002C9
00328
0037C
003C2
003F9
0041F
00433
00435
00423
003FD
003C3
00375
00315
002A2
0021F
0018B
000EA
0003C
3FF84
3FEC4
3FDFD
3FD33
3FC67
3FB9C
3FAD3
3FA10
3F953
3F89F
3F7F6
3F759
3F6C9
3F648
3F5D6
3F573
3F521
3F4DD
3F4A8
3F481
3F465
3F451
3F441
3F42E
3F40E
3F3CF
3F355
3F267
3F085
3EC4B
3DEFC
3FB0C
07831
02CC6
13B92
2BA86
022E0
33005
027FB
38741
3A315
0E8CA
3A5BF
3353C
121A0
00A7F
37A1E
3A31D
07014
3A02C
34655
0E988
088ED
0C91B
04591
3DCCA
00B97
07A2C
37BB9
0D09C
29C3A
32B25
3F653
3C290
3EE99
3F3EA
0D8BF
3FFCC
02950
0DF8A
0D720
3E2A0
082E2
32439
316E5
10B09
065D6
11F9D
31F79
01B72
3377F
3F105
3F377
3F355
38D9C
10961
3A024
366E9
399B4
39E3A
0D0CD
086B0
3C554
2BCD3
351F2
00B0D
02A14
3E5CE
3D904
044C2
330D0
3B3D1
03D2F
3E231
3F60C
02B8B
0713C
025CA
31721
173B3
01E24
3F32C
3EA09
366C5
02A50
0699C
010A8
3B33E
10635
368B8
2FC4D
156C9
07F6F
36E53
36149
0AD93
3DC77
31A3B
07562
10161
02834
3A77B
01A51
3972B
0E0A9
3EC79
06A66
3630A
06701
39F6F
384C1
34FC6
33A7F
0D594
3A8D1
3A52D
0D30F
094E5
00EC1
07D1B
362F6
3CE0B
161E2
081DA
33232
0A0CB
328E4
037A6
07544
120AF
03E18
33E73
0940A
3AD09
3371D
05093
3FBCC
3E241
05758
0DB87
29414
007D1
05EB5
00838
2C487
36866
31FBA
14E0F
3E3A8
0E3A8
3B0C1
36615
3C83A
3379F
0799C
0E61C
32B5B
3EB05
055E6
0EEFF
3ED06
33829
0097A
2A9A3
35C63
3C5E3
081C1
03C55
00A0D
03BE6
04944
05CD9
094DA
2BA89
1543F
3AC27
06D71
0323C
33E6A
0D7EA
07BEE
36983
0A9A3
37356
09038
30D86
032A6
0E1AC
394B8
07BF2
335B0
35560
0DC0E
0A0D9
390A8
35800
39775
0E042
06766
05D1A
034F8
02838
01A74
39733
3BBD1
353C6
0552F
10BA7
08315
3E9A7
05D7B
05908
2AAC7
3BB5F
16744
38592
3CF18
10DA3
0D9B1
06804
3E1AF
39DFC
3B7D5
38AE7
334ED
06DA2
27F9F
2FF0C
084EE
330B2
06AD3
307BE
3A0FD
04D9E
397A7
05FC6
09330
3CD45
38D6E
2E791
05028
07046
10BB3
05D74
02294
07BEF
0299F
3AE84
014C1
0EDFB
355B9
349EE
043B9
037A1
03413
2FBC2
02230
3F6D2
05580
09D0E
111FF
39A9B
05B08
02F65
15EE3
07E5B
03247
378E7
3771B
07F1E
3CFD7
354B9
3E876
02EAE
399D8
3B1D9
0C904
36784
02D60
2CE12
3560E
31F04
3E3FF
09F29
3DBE8
05097
0942D
0B5D3
0C7C5
10EFA
07C2B
39A6B
3CEF1
3D767
3320E
0002B
3E7B1
00423
2DBA7
3D443
2C426
0A727
09D0D
3D22F
01F78
3C465
3C4AB
10008
07136
282C5
0504E
3F9F4
3ACDF
1243D
06882
3C352
0FF7F
1240B
34A2E
3FE2B
07938
3B00F
09074
3D5B1
123B5
34C9A
34679
39446
0AE31
113B7
38420
0C8AC
345A1
08E2F
2AD26
07A8F
38462
3E8FE
019EC
3E1C9
321E3
38DC6
33E8E
0A184
06489
3D7F4
3D51C
2E16B
3FF74
1EB80
3DAA6
053ED
2AF1B
078DF
3DE62
389BB
3ABAE
013F9
13FEF
06F22
0C92F
3DF60
06A0D
3350D
396F0
35F58
10E8B
34E0B
3E3A0
0480A
01DB4
05355
3D2E8
3B46F
06E6E
3F403
07ACC
14DB1
3F781
03986
02719
312DB
096B0
26A08
3F34B
0B71F
0CFC4
3F735
3491F
01A72
3DF2B
38142
3C5C4
0C87F
05E7F
14CE5
344C7
07E0E
3787A
36785
041F2
3899D
096B9
0DFF3
05EA0
015B5
04ADC
09B3E
016E9
094F6
297C1
39113
05333
336C5
39899
359E4
39029
0F10B
09B35
068CB
35A3C
06E50
389BA
04999
3904E
3C8D8
0ADCA
07E16
15031
2CA6E
0ACC2
01109
38DC7
2EDDD
09893
19BAB
3D45F
387E6
308AA
3A629
3B490
038AC
08914
2FC98
0B50C
04D6C
34CF7
3A25A
32038
3B2C4
3A536
07C88
09406
0B38F
03C09
03D39
0E4E1
0DE00
3B928
3834E
07F17
3FCCB
0A478
0633D
0D1C5
2AAB1
3CC8E
09749
3A5A3
05FDB
0BE37
05AA5
0028D
3E406
38585
05A8F
375EA
0488D
016AD
055A1
09CBA
065E7
0E7D7
10DB4
0811B
37BE6
3DA16
3E54A
0DC0E
3F0F8
393D4
0BEEA
37F29
0741A
077BE
36DFA
13379
3878A
3BD1A
0E814
3A196
38724
0BDD3
0B006
3C68D
3F345
0352D
3C984
3C0C8
0685F
06867
14718
09BF8
3B3DD
3B34F
3D77B
3CDA3
062C6
143E1
3A4D3
08618
3B0F5
2F529
3ADE2
00000
02AAD
0AFDF
037D6
08F0B
39540
39171
0A8CE
08BA1
3FD95
06E0F
05E8D
3C2EE
002BB
371B2
37FC9
056C1
3E884
1138A
07F77
041C6
2E6F0
36ACA
345FF
06ABE
31DE0
03B5E
04583
3DFC7
3E005
3F248
3A81C
37A2A
34497
0BD93
2F01D
3D94C
02AF7
3CF03
2A1A2
076CE
04DAC
3CB24
3D9C5
0149D
3C2FB
3E3FE
3BEE3
33045
38474
0C358
3EFF2
3517D
323F2
35A8F
11386
03969
37FAB
3AB19
0049E
0189D
34642
040D0
07A71
3A3D8
00516
351F7
3B9B3
3DE31
04A3E
02FB2
3BA5F
2C95A
32B28
30FDF
02421
011FE
0B65F
0876B
0CF89
02587
074A8
3F274
3ACF7
048BA
3F4EA
0A4AD
3A74D
0390E
03D46
3CC58
063E6
2E5FC
06133
3438C
03CFA
3F53D
36C78
15E82
02D61
0B7C2
334C8
02A29
3C344
2C066
34524
09BE5
00C7E
05A9B
07902
39985
04611
3F98B
0F087
301D6
08B3F
3F11B
07873
39E76
035AB
3FC4F
074AD
02951
307C2
04823
03CF1
3F479
3F007
3FE8F
3F718
28C27
3BDA9
3E20F
02122
07A9F
01EA5
009BB
375A5
3EBF0
3CCDF
07F46
3939C
39FD3
393BC
2E86B
056D2
3E40C
38FEA
0324E
022E2
09076
3398A
1109D
3A6A9
0792A
06D24
3A677
3A40C
3D0AE
007E4
3C0BF
3BE84
3ADF8
02E11
30C1B
0B809
3B9C7
0D015
350C6
30BDB
0E924
0B214
0B636
02995
3C38D
05737
396F2
369C5
0BCF6
3D317
3C8C5
0DBAB
05063
05FCB
37A60
06FA2
35975
08A2B
2A900
00FB8
2FE73
3F16B
00916
09E4F
07235
037C3
3DD05
3C875
0B303
3FF58
3E83F
089E0
3FA53
3C6FE
372FA
3F00E
34E5B
3CDDA
02930
0014F
02553
3978A
3D7B3
01C74
0D906
3F542
052CA
05A5F
3A8CC
071B3
012EE
3C112
051B2
2BDCF
05769
02AE1
38115
3B7C1
06797
29ED7
3CA18
3FE26
029DF
04A0C
3754B
00224
00D2F
01C99
3DC18
06A73
3E333
3B799
0AF50
3C4B7
36CC2
11270
0A4C9
2B2D6
2F148
02CFE
3D68E
0A649
3DF71
3A7CF
3E457
37118
3D220
10A83
07E00
35049
03936
3CB1E
06A5D
06FEE
3FAF9
0F1F0
0C0C7
10F6B
3B3DD
3F2E4
3DFAA
313C5
37A1E
07580
00121
08C23
0354D
03F14
06AED
36B2F
323C8
3AD11
3CB5C
2F22E
2EC4B
07003
02AD2
391B9
02469
3455D
08BB1
34E96
050D4
03421
3DB19
024E8
351F0
091CF
02D2E
3CDC8
3DA74
06255
15D06
0C3EC
03348
39B34
3CEA9
3C772
36CEF
0C6ED
01DD8
02DCD
03246
0261C
0CF78
0357F
3B913
319F5
3E499
042CB
362AD
3F911
35944
37787
00EA8
3A181
3E0F4
00919
36818
018D1
3EF72
3998C
00726
0D0D2
0227F
073BC
05FE6
3D380
0189C
3C5EC
041BC
07A6F
08D14
03FAD
3B860
34059
38FAF
330D4
3B656
37DF6
0A2AD
07CF7
38266
04949
39610
02750
059B7
3AE0D
02868
3C962
3E751
3A7DB
36870
10B37
05511
3DED0
3F8E3
3DC42
3355B
06F0A
04D43
05549
3F3B0
38630
0FB51
0E181
2C505
05374
01A89
04485
02CFA
31658
00B7A
01D23
074EB
0022E
03E8E
04B52
0967E
0B3B9
07A50
38FEF
055FA
3777A
37514
02E91
00F04
3301A
336C7
3D061
32E53
33E1C
02138
11AFF
3F5E4
380F8
01A75
03F50
0FFF5
3C193
01B59
32DAB
3ABA1
0E4B2
375FE
31B85
3CA28
39E95
3DA63
02377
3C7D2
03BD6
048B4
3719C
0814B
032F4
3B3A9
02696
3F1A7
09208
3FCBA
14E6A
012A8
02FDE
347E5
3D169
0BB94
050E7
3AA78
39112
38BDD
0D712
3696E
33FB3
04DF1
01C90
0A5BA
3CCBC
3B333
02416
01BE1
3EC84
0624B
3A18B
00B85
013C0
3B868
35B25
05D61
3BDF0
04F42
0A4F5
01E0D
04905
07227
34D45
3913B
0251F
3A44B
02FC5
3FDDA
03AEA
3F3FE
008AA
37AB2
0314A
11AE9
3D6A3
33D8B
048C7
3ADF2
3EBE8
3C9FA
3DA2C
36D46
3BB54
09352
3E0C3
37EC8
3A64A
0A519
01308
000D5
002AB
094DB
07E12
0391E
37D01
077C6
0B6CF
0615F
32EFD
011BB
3E045
35C2C
36A0F
3C429
0259E
005FA
094BC
3D9E0
0316C
39C4F
0C594
0A3A0
04DDA
3536A
31228
3B188
0A8F9
3AD4B
38A9B
3C833
36C8D
051BB
027AD
01AD3
0143C
01019
00D33
00B09
00958
007FB
006DD
005EF
00526
0047D
003ED
00373
0030A
002B1
00264
00221
001E6
001B2
00183
00158
00130
00109
000E2
000BC
00096
0006E
00046
0001C
3FFF2
3FFC7
3FF9C
3FF71
3FF47
3FF1E
3FEF7
3FED3
3FEB2
3FE96
3FE7E
3FE6B
3FE5D
3FE55
3FE54
3FE59
3FE64
3FE75
3FE8C
3FEA8
3FEC9
3FEEE
3FF17
3FF43
3FF70
3FF9E
3FFCB
3FFF7
00021
00048
0006B
00088
000A0
000B1
000BC
000BF
000BB
000B0
0009D
00083
00063
0003C
00010
3FFDF
3FFAB
3FF74
3FF3B
3FF02
3FECA
3FE94
3FE60
3FE31
3FE06
3FDE2
3FDC4
3FDAD
3FD9E
3FD97
3FD98
3FDA2
3FDB3
3FDCC
3FDEC
3FE12
3FE3E
3FE6F
3FEA3
3FEDA
3FF12
3FF4A
3FF82
3FFB7
3FFE8
00015
0003D
0005E
00078
0008B
00096
00098
00092
00084
0006D
00050
0002B
00000
3FFD0
3FF9C
3FF64
3FF2B
3FEF0
3FEB6
3FE7E
3FE49
3FE18
3FDEB
3FDC5
3FDA6
3FD8E
3FD7D
3FD75
3FD76
3FD7F
3FD90
3FDA9
3FDC9
3FDF0
3FE1D
3FE4F
3FE84
3FEBC
3FEF5
3FF2E
3FF66
3FF9D
3FFCF
3FFFD
00026
00048
00063
00077
00082
00085
00080
00072
0005C
0003F
0001B
3FFF1
3FFC2
3FF8F
3FF58
3FF20
3FEE7
3FEAE
3FE77
3FE44
3FE14
3FDE9
3FDC4
3FDA6
3FD90
3FD81
3FD7A
3FD7C
3FD86
3FD98
3FDB2
3FDD2
3FDFA
3FE26
3FE57
3FE8C
3FEC3
3FEFB
3FF34
3FF6A
3FF9F
3FFD0
3FFFC
00023
00043
0005D
0006F
00078
0007A
00073
00065
0004F
00031
0000D
3FFE4
3FFB5
3FF83
3FF4D
3FF17
3FEE0
3FEA9
3FE75
3FE44
3FE16
3FDEE
3FDCC
3FDB1
3FD9D
3FD91
3FD8D
3FD90
3FD9C
3FDB0
3FDCA
3FDEC
3FE13
3FE40
3FE71
3FEA4
3FEDA
3FF10
3FF47
3FF7B
3FFAD
3FFDB
00005
00029
00046
0005D
0006C
00073
00073
0006A
0005A
00043
00024
00000
3FFD6
3FFA8
3FF77
3FF43
3FF0E
3FED9
3FEA5
3FE74
3FE45
3FE1C
3FDF7
3FDD8
3FDC0
3FDAF
3FDA6
3FDA5
3FDAB
3FDB9
3FDCE
3FDEA
3FE0C
3FE34
3FE60
3FE90
3FEC3
3FEF7
3FF2C
3FF60
3FF92
3FFC1
3FFEC
00012
00032
0004D
00060
0006C
00070
0006D
00062
00050
00037
00018
3FFF3
3FFC9
3FF9C
3FF6B
3FF39
3FF06
3FED3
3FEA2
3FE73
3FE48
3FE22
3FE01
3FDE6
3FDD1
3FDC4
3FDBD
3FDBF
3FDC8
3FDD8
3FDEF
3FE0C
3FE2F
3FE57
3FE84
3FEB3
3FEE4
3FF17
3FF49
3FF7B
3FFAA
3FFD6
3FFFE
00020
0003D
00054
00064
0006D
0006E
00068
0005B
00047
0002C
0000C
3FFE7
3FFBD
3FF90
3FF60
3FF2F
3FEFE
3FECE
3FE9F
3FE74
3FE4C
3FE29
3FE0B
3FDF4
3FDE3
3FDD9
3FDD6
3FDDA
3FDE6
3FDF8
3FE11
3FE2F
3FE53
3FE7C
3FEA8
3FED6
3FF06
3FF37
3FF68
3FF96
3FFC3
3FFEB
00010
0002F
00048
0005C
00068
0006D
0006C
00063
00053
0003D
00021
00000
3FFDA
3FFB0
3FF84
3FF55
3FF26
3FEF7
3FEC9
3FE9D
3FE75
3FE50
3FE31
3FE16
3FE02
3FDF5
3FDEE
3FDEF
3FDF6
3FE04
3FE18
3FE33
3FE53
3FE77
3FEA0
3FECB
3FEF9
3FF28
3FF57
3FF85
3FFB1
3FFDB
00000
00021
0003D
00053
00062
0006B
0006E
00069
0005E
0004C
00034
00016
3FFF4
3FFCE
3FFA4
3FF78
3FF4B
3FF1D
3FEF0
3FEC5
3FE9C
3FE76
3FE55
3FE39
3FE22
3FE12
3FE08
3FE04
3FE07
3FE11
3FE22
3FE38
3FE54
3FE75
3FE9B
3FEC3
3FEEE
3FF1B
3FF49
3FF76
3FFA2
3FFCB
3FFF2
00014
00032
0004A
0005C
00068
0006E
0006D
00066
00058
00044
0002A
0000B
3FFE8
3FFC2
3FF98
3FF6D
3FF41
3FF15
3FEEA
3FEC1
3FE9B
3FE78
3FE5A
3FE41
3FE2E
3FE21
3FE1A
3FE1A
3FE20
3FE2D
3FE40
3FE58
3FE75
3FE97
3FEBD
3FEE6
3FF10
3FF3C
3FF68
3FF93
3FFBD
3FFE4
00007
00026
00041
00055
00064
0006D
00070
0006C
00061
00051
0003B
00020
00000
3FFDC
3FFB5
3FF8C
3FF62
3FF37
3FF0D
3FEE4
3FEBE
3FE9A
3FE7B
3FE60
3FE4B
3FE3B
3FE31
3FE2E
3FE30
3FE39
3FE48
3FE5D
3FE77
3FE96
3FEB9
3FEDF
3FF07
3FF31
3FF5C
3FF86
3FFAF
3FFD6
3FFFB
0001B
00037
0004E
00060
0006B
00071
00070
00069
0005D
0004A
00032
00015
3FFF5
3FFD0
3FFAA
3FF81
3FF58
3FF2E
3FF06
3FEDF
3FEBB
3FE9B
3FE7E
3FE67
3FE55
3FE48
3FE41
3FE41
3FE47
3FE52
3FE64
3FE7A
3FE96
3FEB6
3FED9
3FEFF
3FF28
3FF51
3FF7A
3FFA3
3FFCA
3FFEF
00010
0002E
00046
0005A
00068
00071
00073
00070
00066
00057
00042
00029
0000B
3FFE9
3FFC5
3FF9E
3FF76
3FF4E
3FF26
3FEFF
3FEDB
3FEB9
3FE9C
3FE82
3FE6E
3FE5F
3FE56
3FE52
3FE55
3FE5D
3FE6B
3FE7F
3FE97
3FEB4
3FED5
3FEF9
3FF1F
3FF47
3FF6F
3FF97
3FFBE
3FFE3
00005
00024
0003E
00054
00065
00070
00075
00075
0006E
00062
00051
0003A
0001F
00000
3FFDE
3FFB9
3FF93
3FF6B
3FF44
3FF1E
3FEF9
3FED7
3FEB8
3FE9E
3FE87
3FE76
3FE6A
3FE64
3FE63
3FE69
3FE74
3FE84
3FE9A
3FEB4
3FED2
3FEF3
3FF18
3FF3E
3FF65
3FF8C
3FFB3
3FFD8
3FFFA
0001A
00036
0004E
00060
0006E
00076
00078
00075
0006C
0005D
0004A
00031
00015
3FFF5
3FFD2
3FFAE
3FF88
3FF61
3FF3B
3FF17
3FEF4
3FED4
3FEB8
3FEA0
3FE8D
3FE7F
3FE76
3FE73
3FE75
3FE7D
3FE8A
3FE9D
3FEB4
3FED0
3FEEF
3FF11
3FF35
3FF5B
3FF82
3FFA8
3FFCD
3FFF0
00010
0002D
00047
0005B
0006B
00076
0007B
0007A
00074
00068
00058
00042
00028
0000B
3FFEA
3FFC7
3FFA2
3FF7D
3FF58
3FF33
3FF10
3FEF0
3FED3
3FEB9
3FEA4
3FE93
3FE88
3FE82
3FE82
3FE87
3FE92
3FEA1
3FEB6
3FECF
3FEEC
3FF0C
3FF2E
3FF52
3FF78
3FF9D
3FFC2
3FFE5
00006
00025
0003F
00056
00067
00074
0007C
0007E
0007B
00072
00064
00051
0003A
0001F
00000
3FFDF
3FFBC
3FF97
3FF73
3FF4E
3FF2C
3FF0B
3FEEC
3FED1
3FEBB
3FEA8
3FE9B
3FE92
3FE8F
3FE92
3FE99
3FEA6
3FEB8
3FECF
3FEE9
3FF07
3FF28
3FF4A
3FF6F
3FF93
3FFB8
3FFDB
3FFFD
0001C
00037
0004F
00063
00072
0007C
00081
00080
0007A
0006F
0005F
0004A
00031
00015
3FFF5
3FFD4
3FFB1
3FF8D
3FF69
3FF46
3FF25
3FF06
3FEEA
3FED1
3FEBD
3FEAD
3FEA3
3FE9D
3FE9D
3FEA2
3FEAC
3FEBC
3FECF
3FEE8
3FF03
3FF22
3FF43
3FF66
3FF8A
3FFAE
3FFD1
3FFF3
00013
0002F
00049
0005E
0006F
0007B
00083
00084
00081
00078
0006B
00059
00042
00028
0000A
3FFEA
3FFC9
3FFA6
3FF82
3FF60
3FF3E
3FF1E
3FF02
3FEE8
3FED2
3FEC0
3FEB4
3FEAC
3FEA9
3FEAB
3FEB3
3FEC0
3FED1
3FEE7
3FF00
3FF1D
3FF3D
3FF5E
3FF81
3FFA4
3FFC7
3FFE9
00009
00027
00042
00059
0006C
0007A
00083
00088
00087
00081
00076
00066
00052
0003A
0001E
00000
3FFE0
3FFBE
3FF9B
3FF79
3FF57
3FF37
3FF19
3FEFE
3FEE7
3FED4
3FEC5
3FEBB
3FEB5
3FEB5
3FEBA
3FEC5
3FED3
3FEE7
3FEFE
3FF19
3FF37
3FF57
3FF79
3FF9B
3FFBE
3FFE0
00000
0001F
0003B
00053
00067
00078
00083
0008A
0008B
00088
0007F
00072
00060
0004B
00031
00014
3FFF5
3FFD5
3FFB3
3FF91
3FF6F
3FF4F
3FF30
3FF15
3FEFC
3FEE7
3FED6
3FECA
3FEC2
3FEC0
3FEC3
3FECA
3FED7
3FEE8
3FEFD
3FF16
3FF32
3FF50
3FF71
3FF92
3FFB4
3FFD6
3FFF7
00016
00033
0004D
00063
00075
00082
0008B
0008F
0008E
00088
0007D
0006E
0005A
00043
00028
0000A
3FFEB
3FFCA
3FFA8
3FF87
3FF66
3FF47
3FF2B
3FF11
3FEFA
3FEE8
3FEDA
3FED0
3FECB
3FECB
3FED1
3FEDB
3FEE9
3FEFC
3FF13
3FF2D
3FF4A
3FF69
3FF8A
3FFAB
3FFCD
3FFEE
0000E
0002B
00046
0005D
00071
00081
0008C
00092
00093
0008F
00087
0007A
00068
00053
0003A
0001E
00000
3FFE0
3FFBF
3FF9E
3FF7E
3FF5E
3FF41
3FF26
3FF0E
3FEFA
3FEEA
3FEDE
3FED7
3FED5
3FED8
3FEDF
3FEEB
3FEFC
3FF11
3FF29
3FF45
3FF62
3FF82
3FFA3
3FFC4
3FFE5
00005
00023
0003F
00058
0006D
0007E
0008B
00094
00097
00096
00090
00085
00076
00062
0004B
00031
00014
3FFF6
3FFD6
3FFB5
3FF94
3FF75
3FF57
3FF3B
3FF22
3FF0C
3FEFA
3FEEC
3FEE3
3FEDF
3FEDF
3FEE5
3FEEF
3FEFD
3FF10
3FF26
3FF40
3FF5C
3FF7B
3FF9B
3FFBB
3FFDC
3FFFC
0001B
00037
00051
00068
0007B
0008A
00094
0009A
0009B
00098
0008F
00082
00071
0005C
00043
00028
0000A
3FFEB
3FFCB
3FFAB
3FF8B
3FF6C
3FF50
3FF36
3FF1E
3FF0B
3FEFB
3FEF0
3FEEA
3FEE8
3FEEB
3FEF2
3FEFF
3FF0F
3FF24
3FF3B
3FF56
3FF74
3FF93
3FFB3
3FFD3
3FFF3
00012
00030
0004B
00063
00077
00088
00095
0009D
000A0
0009E
00098
0008D
0007E
0006B
00054
0003A
0001E
00000
3FFE1
3FFC1
3FFA1
3FF82
3FF65
3FF49
3FF31
3FF1C
3FF0B
3FEFE
3FEF5
3FEF1
3FEF2
3FEF7
3FF01
3FF0F
3FF22
3FF38
3FF51
3FF6D
3FF8B
3FFAA
3FFCA
3FFEA
0000A
00028
00044
0005D
00073
00086
00094
0009E
000A3
000A4
000A0
00098
0008B
00079
00065
0004C
00031
00014
3FFF6
3FFD6
3FFB7
3FF97
3FF7A
3FF5D
3FF44
3FF2D
3FF1B
3FF0C
3FF01
3FEFB
3FEF9
3FEFC
3FF04
3FF10
3FF21
3FF35
3FF4D
3FF67
3FF84
3FFA2
3FFC2
3FFE2
00001
00020
0003C
00057
0006E
00082
00093
0009F
000A6
000A9
000A7
000A1
00096
00087
00074
0005D
00044
00028
0000A
3FFEB
3FFCC
3FFAD
3FF8E
3FF72
3FF57
3FF3F
3FF2B
3FF1A
3FF0D
3FF05
3FF01
3FF02
3FF08
3FF12
3FF20
3FF33
3FF49
3FF62
3FF7D
3FF9B
3FFBA
3FFD9
3FFF9
00018
00035
00050
00069
0007F
00090
0009E
000A8
000AD
000AD
000A9
000A1
00094
00082
0006E
00056
0003B
0001E
00000
3FFE1
3FFC2
3FFA3
3FF86
3FF6A
3FF51
3FF3B
3FF29
3FF1A
3FF10
3FF0A
3FF09
3FF0C
3FF14
3FF21
3FF31
3FF45
3FF5D
3FF77
3FF94
3FFB2
3FFD1
3FFF0
0000F
0002D
00049
00063
0007A
0008E
0009D
000A9
000B0
000B3
000B1
000AA
0009F
00090
0007D
00067
0004D
00032
00014
3FFF6
3FFD7
3FFB8
3FF9A
3FF7E
3FF64
3FF4C
3FF38
3FF28
3FF1C
3FF14
3FF10
3FF12
3FF17
3FF22
3FF30
3FF42
3FF58
3FF71
3FF8D
3FFAA
3FFC9
3FFE8
00007
00025
00042
0005D
00075
0008A
0009C
000A9
000B3
000B7
000B8
000B3
000AA
0009D
0008C
00077
0005F
00045
00028
0000A
3FFEB
3FFCD
3FFAE
3FF91
3FF76
3FF5E
3FF48
3FF36
3FF28
3FF1E
3FF19
3FF18
3FF1B
3FF23
3FF30
3FF40
3FF54
3FF6C
3FF86
3FFA3
3FFC0
3FFDF
3FFFE
0001D
0003B
00056
00070
00086
0009A
000A9
000B4
000BB
000BD
000BB
000B4
000A9
0009A
00087
00071
00057
0003C
0001E
00000
3FFE1
3FFC3
3FFA5
3FF89
3FF70
3FF59
3FF45
3FF35
3FF29
3FF21
3FF1E
3FF20
3FF26
3FF30
3FF3F
3FF51
3FF67
3FF80
3FF9B
3FFB9
3FFD7
3FFF6
00015
00033
00050
0006A
00082
00097
000A8
000B5
000BE
000C2
000C2
000BE
000B5
000A7
00096
00081
00069
0004F
00032
00014
3FFF6
3FFD7
3FFB9
3FF9C
3FF82
3FF69
3FF54
3FF43
3FF35
3FF2B
3FF26
3FF25
3FF29
3FF31
3FF3E
3FF4F
3FF63
3FF7A
3FF95
3FFB1
3FFCF
3FFEE
0000D
0002B
00048
00064
0007D
00093
000A6
000B5
000C0
000C7
000C9
000C6
000BF
000B4
000A4
00091
0007B
00061
00046
00028
0000A
3FFEC
3FFCD
3FFB0
3FF94
3FF7B
3FF64
3FF51
3FF41
3FF35
3FF2E
3FF2B
3FF2D
3FF33
3FF3E
3FF4D
3FF5F
3FF75
3FF8E
3FFAA
3FFC7
3FFE5
00004
00023
00041
0005D
00078
0008F
000A4
000B5
000C1
000CA
000CE
000CE
000C9
000C0
000B2
000A1
0008C
00073
00059
0003C
0001F
00000
3FFE1
3FFC4
3FFA7
3FF8D
3FF74
3FF5F
3FF4E
3FF40
3FF37
3FF32
3FF32
3FF36
3FF3F
3FF4B
3FF5C
3FF71
3FF88
3FFA3
3FFBF
3FFDD
3FFFC
0001B
00039
00056
00072
0008B
000A1
000B3
000C2
000CD
000D3
000D5
000D2
000CB
000BF
000AF
0009C
00085
0006C
00050
00033
00014
3FFF6
3FFD8
3FFBA
3FF9F
3FF85
3FF6F
3FF5C
3FF4C
3FF41
3FF3A
3FF37
3FF39
3FF40
3FF4B
3FF5A
3FF6D
3FF83
3FF9C
3FFB8
3FFD5
3FFF3
00012
00031
0004F
0006B
00086
0009D
000B1
000C2
000CF
000D7
000DB
000DA
000D5
000CB
000BD
000AC
00097
0007E
00064
00047
00029
0000A
3FFEC
3FFCE
3FFB1
3FF97
3FF7F
3FF6A
3FF59
3FF4B
3FF42
3FF3E
3FF3E
3FF42
3FF4B
3FF58
3FF69
3FF7E
3FF96
3FFB0
3FFCD
3FFEB
0000A
00029
00047
00065
00080
00099
000AF
000C1
000D0
000DA
000E0
000E2
000DF
000D7
000CB
000BB
000A7
00090
00077
0005B
0003D
0001F
00000
3FFE2
3FFC4
3FFA9
3FF8F
3FF79
3FF66
3FF57
3FF4C
3FF45
3FF43
3FF45
3FF4C
3FF57
3FF66
3FF7A
3FF90
3FFAA
3FFC5
3FFE3
00002
00021
00040
0005D
0007A
00094
000AC
000C0
000D0
000DD
000E5
000E8
000E7
000E2
000D8
000CA
000B8
000A2
0008A
0006F
00052
00033
00015
3FFF6
3FFD8
3FFBB
3FFA1
3FF89
3FF74
3FF63
3FF56
3FF4D
3FF48
3FF49
3FF4D
3FF57
3FF64
3FF76
3FF8B
3FFA3
3FFBE
3FFDB
3FFF9
00018
00037
00056
00073
0008F
000A8
000BE
000D0
000DE
000E9
000EE
000F0
000EC
000E4
000D8
000C8
000B4
0009C
00082
00066
00048
00029
0000A
3FFEC
3FFCE
3FFB3
3FF99
3FF83
3FF70
3FF61
3FF56
3FF4F
3FF4D
3FF50
3FF57
3FF63
3FF72
3FF86
3FF9D
3FFB7
3FFD3
3FFF1
00010
0002F
0004E
0006C
00089
000A3
000BB
000CF
000DF
000EC
000F4
000F7
000F6
000F0
000E6
000D7
000C5
000AF
00096
0007A
0005D
0003E
0001F
00000
3FFE2
3FFC5
3FFAA
3FF92
3FF7E
3FF6C
3FF5F
3FF57
3FF53
3FF53
3FF58
3FF62
3FF70
3FF81
3FF97
3FFB0
3FFCB
3FFE8
00007
00027
00046
00065
00083
0009E
000B7
000CD
000E0
000EE
000F8
000FE
000FF
000FB
000F3
000E6
000D5
000C1
000A9
0008E
00072
00053
00034
00015
3FFF6
3FFD8
3FFBC
3FFA3
3FF8C
3FF79
3FF6A
3FF5F
3FF59
3FF57
3FF5A
3FF61
3FF6D
3FF7E
3FF92
3FFA9
3FFC4
3FFE0
3FFFF
0001E
0003E
0005E
0007C
00099
000B3
000CB
000DF
000F0
000FC
00104
00107
00105
000FF
000F4
000E5
000D3
000BC
000A3
00086
00069
00049
0002A
0000A
3FFEC
3FFCF
3FFB4
3FF9B
3FF87
3FF75
3FF68
3FF60
3FF5C
3FF5D
3FF62
3FF6C
3FF7A
3FF8D
3FFA3
3FFBC
3FFD8
3FFF6
00016
00036
00056
00075
00093
000AF
000C8
000DE
000F1
000FF
00109
0010E
0010F
0010B
00102
000F5
000E4
000CF
000B7
0009B
0007E
0005F
0003F
0001F
00000
3FFE2
3FFC6
3FFAC
3FF95
3FF82
3FF73
3FF68
3FF62
3FF60
3FF63
3FF6B
3FF78
3FF89
3FF9D
3FFB5
3FFD0
3FFEE
0000D
0002D
0004D
0006D
0008C
000AA
000C5
000DC
000F1
00101
0010E
00115
00118
00116
00110
00105
000F5
000E2
000CA
000B0
00094
00075
00055
00035
00015
3FFF6
3FFD8
3FFBD
3FFA4
3FF8F
3FF7E
3FF71
3FF68
3FF65
3FF66
3FF6C
3FF76
3FF85
3FF98
3FFAF
3FFC9
3FFE5
00004
00024
00045
00065
00085
000A4
000C0
000DA
000F0
00103
00111
0011B
00121
00121
0011D
00114
00106
000F4
000DE
000C5
000A9
0008B
0006C
0004B
0002A
0000A
3FFEC
3FFCF
3FFB5
3FF9E
3FF8A
3FF7B
3FF70
3FF6A
3FF69
3FF6C
3FF75
3FF82
3FF93
3FFA8
3FFC1
3FFDD
3FFFB
0001B
0003C
0005D
0007E
0009E
000BB
000D7
000EF
00104
00115
00121
00128
0012B
00129
00122
00116
00106
000F2
000DA
000BF
000A2
00082
00062
00041
00020
00000
3FFE2
3FFC6
3FFAD
3FF98
3FF86
3FF79
3FF71
3FF6D
3FF6E
3FF74
3FF7F
3FF8F
3FFA3
3FFBA
3FFD5
3FFF2
00012
00033
00055
00076
00097
000B6
000D3
000ED
00104
00117
00125
0012F
00135
00135
00130
00126
00118
00106
000EF
000D5
000B9
0009A
00079
00058
00036
00015
3FFF6
3FFD8
3FFBD
3FFA6
3FF92
3FF83
3FF78
3FF72
3FF71
3FF75
3FF7E
3FF8B
3FF9D
3FFB3
3FFCD
3FFEA
00009
0002A
0004C
0006E
0008F
000B0
000CE
000EA
00103
00118
00129
00136
0013D
00140
0013E
00136
0012A
00119
00104
000EB
000D0
000B1
00091
0006F
0004D
0002B
0000B
3FFEC
3FFCF
3FFB5
3FFA0
3FF8E
3FF81
3FF78
3FF75
3FF76
3FF7D
3FF88
3FF99
3FFAD
3FFC5
3FFE1
00000
00020
00042
00065
00087
000A9
000C9
000E7
00102
00119
0012D
0013B
00146
0014B
0014B
00145
0013B
0012C
00119
00102
000E7
000C9
000A9
00087
00065
00042
00020
00000
3FFE2
3FFC6
3FFAE
3FF9A
3FF8A
3FF7F
3FF79
3FF78
3FF7D
3FF86
3FF94
3FFA7
3FFBE
3FFD9
3FFF7
00017
00039
0005C
0007F
000A2
000C3
000E3
00100
00119
0012F
00140
0014D
00155
00157
00154
0014C
00140
0012E
00118
000FE
000E2
000C2
000A0
0007E
0005A
00037
00016
3FFF6
3FFD8
3FFBE
3FFA7
3FF95
3FF88
3FF7F
3FF7C
3FF7D
3FF85
3FF91
3FFA2
3FFB7
3FFD1
3FFED
0000D
0002F
00052
00076
0009A
000BD
000DE
000FD
00118
00131
00144
00154
0015E
00163
00163
0015D
00153
00143
0012F
00116
000FA
000DB
000BA
00097
00073
0004F
0002C
0000B
3FFEB
3FFCF
3FFB6
3FFA1
3FF91
3FF86
3FF80
3FF7F
3FF84
3FF8E
3FF9D
3FFB1
3FFC9
3FFE4
00003
00025
00048
0006D
00091
000B6
000D8
000F9
00117
00131
00148
0015A
00167
0016E
00171
0016E
00165
00158
00145
0012F
00114
000F5
000D4
000B2
0008D
00069
00044
00021
00000
3FFE1
3FFC6
3FFAF
3FF9C
3FF8E
3FF85
3FF82
3FF84
3FF8C
3FF99
3FFAA
3FFC1
3FFDB
3FFFA
0001B
0003E
00063
00088
000AE
000D2
000F4
00114
00131
0014A
0015F
0016E
00179
0017E
0017E
00178
0016D
0015C
00147
0012D
00110
000F0
000CD
000A8
00083
0005E
00039
00016
3FFF5
3FFD8
3FFBE
3FFA8
3FF98
3FF8C
3FF86
3FF85
3FF8A
3FF95
3FFA5
3FFB9
3FFD3
3FFF0
00010
00033
00058
0007E
000A5
000CB
000EF
00111
00130
0014C
00163
00176
00183
0018B
0018D
0018A
00181
00173
00160
00148
0012C
0010C
000E9
000C5
0009F
00078
00052
0002E
0000B
3FFEB
3FFCF
3FFB6
3FFA3
3FF94
3FF8B
3FF88
3FF8A
3FF92
3FFA0
3FFB2
3FFCA
3FFE6
00006
00028
0004D
00074
0009B
000C2
000E8
0010D
0012E
0014C
00166
0017C
0018C
00197
0019D
0019C
00196
0018A
00179
00162
00148
00129
00107
000E2
000BC
00095
0006D
00047
00022
00000
3FFE1
3FFC6
3FFAF
3FF9E
3FF92
3FF8B
3FF8B
3FF90
3FF9B
3FFAC
3FFC2
3FFDC
3FFFB
0001D
00042
00069
00091
000B9
000E1
00107
0012B
0014C
00169
00181
00195
001A3
001AB
001AE
001AA
001A1
00192
0017E
00164
00147
00125
00101
000DA
000B2
0008A
00062
0003B
00017
3FFF5
3FFD7
3FFBE
3FFA9
3FF9A
3FF90
3FF8D
3FF8F
3FF98
3FFA6
3FFBA
3FFD2
3FFF0
00011
00036
0005D
00086
000AF
000D8
00101
00127
0014A
0016A
00186
0019C
001AE
001B9
001BF
001BF
001B8
001AB
00199
00182
00165
00145
00121
000FA
000D2
000A8
0007F
00056
00030
0000B
3FFEB
3FFCE
3FFB6
3FFA3
3FF97
3FF90
3FF8F
3FF95
3FFA0
3FFB2
3FFC9
3FFE5
00005
0002A
00051
0007A
000A4
000CF
000F9
00121
00147
0016A
00189
001A3
001B8
001C7
001D0
001D2
001CF
001C5
001B5
001A0
00185
00166
00142
0011C
000F3
000C9
0009E
00074
0004B
00024
00000
3FFE0
3FFC5
3FFAF
3FF9F
3FF94
3FF90
3FF93
3FF9C
3FFAB
3FFBF
3FFDA
3FFF9
0001C
00043
0006D
00098
000C4
000F0
0011A
00143
00169
0018B
001A8
001C0
001D3
001E0
001E6
001E6
001DF
001D2
001BF
001A6
00188
00165
0013F
00116
000EB
000BF
00093
00068
0003E
00018
3FFF5
3FFD6
3FFBC
3FFA8
3FF9A
3FF93
3FF92
3FF98
3FFA4
3FFB6
3FFCE
3FFEC
0000E
00035
0005E
0008A
000B7
000E5
00112
0013D
00165
0018B
001AC
001C8
001DE
001EF
001F9
001FC
001F8
001EE
001DE
001C7
001AB
0018A
00164
0013B
00110
000E3
000B5
00088
0005C
00032
0000C
3FFEA
3FFCC
3FFB4
3FFA2
3FF97
3FF92
3FF95
3FF9E
3FFAD
3FFC3
3FFDF
00000
00025
0004F
0007B
000A9
000D8
00107
00135
00160
00189
001AD
001CD
001E8
001FC
0020A
00211
00212
0020B
001FE
001EA
001CF
001B0
0018B
00163
00137
00109
000DA
000AB
0007C
00050
00026
00000
3FFDF
3FFC3
3FFAD
3FF9D
3FF94
3FF93
3FF98
3FFA4
3FFB8
3FFD1
3FFF0
00015
0003D
0006A
00098
000C9
000FA
0012A
00158
00184
001AD
001D1
001EF
00208
0021A
00226
0022A
00227
0021D
0020C
001F5
001D7
001B4
0018C
00161
00132
00102
000D1
000A0
00070
00043
00019
3FFF4
3FFD4
3FFB9
3FFA5
3FF98
3FF92
3FF93
3FF9C
3FFAC
3FFC3
3FFE0
00002
0002A
00056
00085
000B7
000E9
0011C
0014D
0017C
001A9
001D1
001F4
00211
00228
00238
00241
00243
0023C
0022F
0021A
001FF
001DE
001B8
0018D
0015E
0012D
000FA
000C7
00095
00064
00037
0000D
3FFE8
3FFC9
3FFB0
3FF9E
3FF93
3FF90
3FF94
3FFA0
3FFB3
3FFCE
3FFEE
00014
0003F
0006E
000A0
000D4
00109
0013D
00170
001A0
001CC
001F4
00216
00232
00247
00255
0025B
0025A
00251
00240
00228
00209
001E4
001BB
0018C
0015B
00127
000F2
000BD
00089
00058
0002A
00000
3FFDC
3FFBD
3FFA6
3FF96
3FF8D
3FF8D
3FF94
3FFA3
3FFBA
3FFD7
3FFFB
00025
00053
00085
000B9
000F0
00126
0015C
0018F
001C0
001ED
00214
00236
00250
00264
00270
00273
0026F
00263
0024F
00234
00212
001EA
001BC
0018B
00157
00120
000E9
000B3
0007D
0004B
0001C
3FFF3
3FFCF
3FFB1
3FF9B
3FF8D
3FF86
3FF88
3FF91
3FFA3
3FFBD
3FFDD
00004
00030
00061
00096
000CC
00105
0013D
00174
001A9
001DA
00206
0022E
0024E
00268
0027A
00284
00286
0027F
00270
0025A
0023C
00217
001EC
001BC
00189
00152
00119
000E0
000A8
00071
0003E
0000F
3FFE5
3FFC1
3FFA4
3FF8E
3FF80
3FF7B
3FF7E
3FF89
3FF9D
3FFB8
3FFDA
00003
00031
00063
0009A
000D2
0010B
00144
0017C
001B1
001E3
00210
00237
00257
00270
00281
0028A
0028B
00283
00272
0025A
0023B
00215
001E8
001B7
00182
0014A
00110
000D5
0009C
00064
00030
00000
3FFD5
3FFB0
3FF93
3FF7C
3FF6E
3FF68
3FF6A
3FF75
3FF88
3FFA2
3FFC3
3FFEB
00018
00049
0007E
000B6
000EE
00126
0015D
00191
001C2
001EE
00214
00234
0024D
0025E
00268
00269
00262
00253
0023C
0021E
001FA
001CF
001A0
0016C
00136
000FE
000C5
0008C
00055
00021
3FFF0
3FFC4
3FF9D
3FF7D
3FF63
3FF50
3FF45
3FF41
3FF44
3FF4F
3FF60
3FF78
3FF95
3FFB8
3FFDF
00009
00035
00062
00090
000BD
000E9
00112
00137
00158
00174
0018B
0019C
001A7
001AC
001AB
001A3
00195
00182
0016A
0014E
0012D
00109
000E2
000B9
0008F
00064
00039
0000E
3FFE4
3FFBA
3FF92
3FF6A
3FF44
3FF1E
3FEF7
3FED0
3FEA8
3FE7D
3FE4E
3FE1A
3FDDF
3FD9C
3FD4F
3FCF6
3FC8D
3FC13
3FB83
3FADA
3FA11
3F923
3F805
3F6A8
3F4F7
3F2CD
3EFE7
3EBC4
3E52D
3D853
3AE45
09373
037CD
07565
052B5
35707
04E78
0EDD8
0AC96
3B226
35C60
33A6C
063B1
3CE94
02620
36B44
3FA06
3DA62
03BD7
095F1
0A3D4
01FBB
3EE45
0D103
39EA1
34931
3883A
082FF
3C6E2
381EE
36B25
3FD55
3FF2B
3ECF8
35AE7
059B6
08138
01F3D
36CAE
044AC
092BA
025D4
03606
01418
0520E
3B739
0C275
0295D
2E517
3CEB6
0854E
3F756
00C02
3C516
00226
3D03B
05BB5
3DAE1
06EC5
0B2BB
38DD9
3B6FB
3E1F3
35B0B
3B0BE
04210
3A29F
0A4DB
04798
3EC40
3F47B
05E75
39DB5
0137C
3E41F
3DBEA
04CCD
03344
35A46
3E370
3B20F
0C04D
09692
328EE
07423
06EEE
05588
3AF19
3446C
02E97
0B81B
3D022
3ED58
2B196
00346
36DF8
00E59
3D96A
04C57
3CD0C
37EB5
08E64
3B74C
3C42A
0382E
3DC89
0259D
0616B
035D8
0E47B
08A02
31B4E
0545F
0D255
3E4A7
03E6D
3000B
3C0B0
3E58B
07F08
00A1C
2E501
3DEC8
0C1E4
0D1AD
02F9F
0C939
0CFE6
3F0FC
3D16F
08AEC
08886
3AA06
07011
385B0
34C47
36982
3B4AE
3C172
3FDD2
38B15
3E2DD
3F486
0E9A8
3D306
3BB7B
3E577
3AC8C
13AFB
31E7F
304AF
079D0
00C50
3AAB7
3B2BD
390F6
0CAA5
023BE
0071D
02130
3AAEF
2F4C9
09790
05825
018AF
0369E
3D798
051F3
3A649
3D8B0
069F0
3B6B7
07D9A
38309
35D53
0820A
049AA
0CF2C
07051
0BFA7
047A0
3C053
372EC
38591
3BE44
03A14
3E764
02C80
3A01A
38C44
3DD81
32F2E
3F8DA
06674
0108E
3E72F
097E8
3F6E7
01F0C
05E7F
3F158
08879
0A6BC
006EF
09D53
3BD35
01B67
0E60B
046ED
3CA81
33088
3D9E4
3CDBA
3D233
3E228
33913
09311
0388E
03157
064CC
3CCB8
33C14
2A2FA
39DAB
0258C
03238
3D2D2
36E31
0AE10
3DB18
024E7
3CBDF
3AF2C
0B16A
3744F
0BAA3
3DB97
06E47
3D52E
38FFD
113B5
10DD2
034A4
052EF
0DC38
094D1
39513
3C0EC
3CAB3
373DD
3FEDF
38A80
085E2
0EC3B
02056
00D1C
04C23
2F095
33F39
30E10
00507
39012
395A3
034E2
3C6CA
0AFB7
38200
2F57D
02DE0
08EE8
01BA9
05831
0208F
359B7
02972
3D302
10EB8
14D2A
35B37
2ED90
0933E
03B49
350B0
04867
01CCD
3958D
023E8
3E367
3F2D1
3FDDC
08AB5
3B5F4
3D621
001DA
035E8
16129
39869
0483F
07EEB
3D51F
3A897
14231
3AE4E
03EEE
3ED12
38E4D
05734
3A5A1
3AD36
00ABE
326FA
3E38C
0284D
06876
3DAAD
3FEB1
3D6D0
03226
0B1A5
00FF2
08D06
03902
005AD
37620
017C1
000A8
34CFD
0378B
022FB
3C83D
38DCB
361B1
3F6EA
00E95
1018D
3F048
15700
375D5
0A68B
3905E
085A0
3A035
3AF9D
32455
0373B
02CE9
3430A
0963B
0690E
3A8C9
03C73
3D66B
349CA
34DEC
316DC
0F425
0AF3A
32FEB
04639
347F7
0F3E5
3D1EF
05208
0417C
03F41
3F81C
02F52
05BF4
05989
392DC
386D6
05957
2EF63
0C676
36F8A
3DD1E
3CDB2
07016
01BF4
3A92E
11795
06C44
0602D
06C64
380BA
03321
01410
08A5B
3F645
3E15B
38561
3DEDE
01DF1
04257
173D9
008E8
00171
00FF9
00B87
3C30F
3B7DD
0F83E
3D6AF
38B53
003B1
3CA55
0618A
3878D
00EE5
374C1
0FE2A
30F79
00675
3B9EF
0667B
386FE
3A565
3F382
3641B
0BADC
13F9A
03CBC
3D5D7
0CB38
3483E
3D29F
2A17E
09388
00AC3
3C306
0BC74
39ECD
11A04
39C1A
033A8
3C2BA
3C6F2
058B3
35B53
00B16
3B746
05309
00D8C
38B58
3DA79
33077
37895
349A1
3EE02
3DBDF
0F021
0D4D8
136A6
045A1
3D04E
3B5C2
021CF
0464D
0AE09
3FAEA
05C28
3858F
3BF30
0B9BE
3E763
3FB62
054E7
08055
3C697
2EC7A
0A571
0DC0E
0AE83
0100E
33CA8
07B8C
0CFBB
0411D
01C02
03D05
3EB63
0263B
034DC
3B254
38932
15E5E
030FD
3D509
026B4
10FE3
3426D
0BB69
085D6
057E4
00DB8
01FFB
02039
3BA7D
3C4A2
0E220
39542
0BA01
09536
11910
3BE3A
38089
2EC76
0177C
3A93F
08037
08E4E
3FD45
03D12
3A173
391F1
0026B
3745F
35732
06E8F
06AC0
370F5
3C82A
35021
3D553
00000
3CFA5
35CB3
30098
3FF94
04547
0F7FE
0AE3D
3E56D
37ADB
300D3
3885A
00F53
0082A
04D05
03045
33555
36A33
3ED8E
3A3A3
08EA3
0739C
3A5DF
33513
36421
3BC8A
3F90E
004B6
08A04
3CD8F
3C29D
36BE6
00581
33BB4
3C449
34246
1B603
35867
3AEB5
3DBE3
32CAE
2BE32
05ECB
30F83
0299D
35A67
3EC78
0A514
0C30A
00107
33451
2E8E3
0E312
001FE
336A4
3C01B
375DD
2E6D5
04449
02751
3ABFD
0ED5A
01F26
3CE96
3663A
3E646
3C553
07A3F
318A2
3296A
2FFD3
177AB
02D68
3E6F6
0C72E
3E3D8
3B3CD
3F16F
13CB3
03798
3641D
0B2F7
34F71
38A47
38EF1
3DE89
3EB73
2EE72
332F3
378D6
072D7
349DF
390A9
34ECA
39EA8
04A80
18A70
3C9AC
3F567
089F3
0F98E
07CD7
3F9D4
3C9D4
0D00D
11175
044F8
0AB6A
34B5A
3C4E7
32109
3FC66
382F3
39C23
3419F
02309
010CE
01067
0AB01
0D4A3
01A52
0298A
3D365
3D7DE
012A6
0AA2A
3F4D0
0232E
00029
3A544
36CAB
3D562
31C8B
3A71E
32D1A
39CFB
2FEC3
11ADF
06C33
36E39
0EE0B
06999
2C145
05602
3AD25
1588A
019C3
051A0
36887
29F6F
3AFCA
2F86B
3B81C
351CA
0DAD0
38436
32D96
05BA0
2DC81
11FC9
01418
32B7E
12D7E
363BF
0E4C2
3190C
103CF
080C6
3D89E
00509
03DAF
3D7BF
00BA2
0B048
0C569
2E1BE
03684
0D2D6
2FCB8
3E7E1
353A3
06719
3C946
0C39D
0FE3B
04DCB
042A7
37779
293FB
39E80
0AC61
3B87F
0CDA2
3A235
3D03A
3B4EA
08EB8
06DB1
034D3
03941
30296
05824
02514
3B9B6
30B83
3527B
39164
02748
07A1E
3889A
38FD3
0BD58
07A7F
12BB4
028D9
33272
32FC6
015C2
3AF9D
364D0
323FF
0425E
0C533
3BD4B
37635
10AED
120E3
07EDB
345B7
05E3D
07698
0CE0C
3F4E4
324D0
0521B
3CBBA
2AF3B
0F6C1
34DDC
31180
0EFD2
367F0
30927
3D6BD
025D2
00E52
3FACB
051CA
03C37
39DF0
0334E
3B509
3A960
06D25
353B4
3C857
09337
0450D
2BFFC
3ED20
36756
0738E
0017F
3ED76
09E27
37346
04E66
0F8E0
09EDE
33B47
0C9D5
35B62
2B1D0
02C28
3E5E4
0038F
04B44
03831
0807D
02B12
09549
11722
3D6EE
06E2F
373AA
3667F
39D3F
2F92E
0C7B4
12BD7
3C7BF
32902
3E01F
3E564
3FF00
0FAAA
3161D
0B9AE
02E2F
0205E
35677
02D62
3FA28
08379
03E81
05107
3BCD2
34967
33371
0869F
0EC32
3D91F
3A81A
026F7
3E376
3AA42
23E76
15D7C
2E75B
06C61
38054
0CA77
08B2E
2DD80
3309B
063E1
37C60
2C448
0B651
37136
04E09
0790B
3F1F1
3FDC8
32913
3D223
3F735
17A58
3E1ED
06A8F
096F0
3A480
003AE
3088E
05C49
10CFA
29093
015ED
062A8
04422
0EE2C
00BC5
00A57
317DB
01E1A
06AA6
3B14A
30E84
38E5C
3B970
0C1C2
33977
06CF8
10A8E
08A95
30F7E
06552
3E247
06DAD
39995
0B538
3D951
376CA
06FD5
02896
381FE
12BE3
36D90
35F70
38AFF
15B43
37B4E
0925C
0EBE7
3D2FF
34C8A
0A579
06B55
06D60
338A4
03A49
30E31
3567A
35D0B
0A78D
044DC
3557A
398EC
0F38C
38F46
07F1E
3C43E
25701
37816
3AC65
0624E
2C7D2
09373
3F167
01DBD
3B2DB
0693F
2B431
07AA5
133F6
3A918
3D4A6
09239
064EC
090A4
021E7
354CE
3F2AB
0DBDA
05665
36F6C
3A715
3F6C7
06D46
3B22B
149D4
3B3C0
0163C
314BB
047EF
3E6B1
35A79
3542E
2C34C
3F4E9
06F9D
09009
07CB9
2C8AA
03B35
0FABB
0583F
1295F
0F3DF
0789D
0B77B
03DD5
26619
30620
01731
34B2A
069BE
01681
3CE10
383E6
3E7EB
32DBE
01CD1
02470
03708
12AE9
02C21
3B07F
31B44
34EE7
10307
08929
39508
34C75
3F8C4
12769
07917
00AC7
01D5F
05D8B
028D0
00ECD
33F68
38772
052B6
39289
230CE
2E63A
3642C
0B1A2
3803A
3C4E6
02E81
3A787
35D16
0B258
1126F
03013
39D6A
0183A
0813A
02C1E
3D1D7
06DF3
08440
3E7F1
34337
05FCA
18096
04ACD
30173
31434
03846
0C1B1
37E87
3B1FC
33EF4
050C5
004DF
05F21
1180F
04900
08906
3D391
3B444
3CD0B
3D71A
3DCF1
3E0E6
3E3DB
3E63C
3E841
3EA0D
3EBB3
3ED41
3EEBD
3F02D
3F194
3F2F3
3F449
3F595
3F6D7
3F80C
3F933
3FA48
3FB4B
3FC39
3FD0F
3FDCD
3FE71
3FEF9
3FF65
3FFB5
3FFE8
3FFFF
3FFFC
3FFDF
3FFAA
3FF5F
3FF01
3FE92
3FE16
3FD8F
3FD01
3FC70
3FBDD
3FB4E
3FAC4
3FA43
3F9CE
3F967
3F90F
3F8CA
3F898
3F87A
3F870
3F87B
3F89B
3F8CE
3F913
3F969
3F9CD
3FA3E
3FABA
3FB3D
3FBC4
3FC4E
3FCD7
3FD5D
3FDDC
3FE52
3FEBE
3FF1C
3FF6C
3FFAC
3FFDA
3FFF6
00001
3FFF9
3FFDF
3FFB5
3FF7B
3FF34
3FEE0
3FE82
3FE1B
3FDB0
3FD41
3FCD2
3FC64
3FBFB
3FB99
3FB40
3FAF1
3FAAF
3FA7A
3FA55
3FA3F
3FA39
3FA44
3FA5E
3FA87
3FABF
3FB04
3FB54
3FBAE
3FC0F
3FC77
3FCE1
3FD4D
3FDB7
3FE1E
3FE80
3FED9
3FF2A
3FF6F
3FFA9
3FFD4
3FFF2
00000
00000
3FFF1
3FFD4
3FFAA
3FF73
3FF31
3FEE6
3FE94
3FE3B
3FDDF
3FD82
3FD25
3FCCA
3FC74
3FC25
3FBDE
3FBA0
3FB6E
3FB48
3FB2F
3FB23
3FB25
3FB35
3FB52
3FB7B
3FBB0
3FBF0
3FC38
3FC88
3FCDE
3FD37
3FD92
3FDEE
3FE47
3FE9C
3FEEB
3FF33
3FF72
3FFA7
3FFD1
3FFEF
00000
00004
3FFFC
3FFE7
3FFC6
3FF9A
3FF64
3FF26
3FEE0
3FE94
3FE44
3FDF3
3FDA1
3FD50
3FD03
3FCBB
3FC7A
3FC40
3FC10
3FBEA
3FBD0
3FBC1
3FBBE
3FBC7
3FBDC
3FBFC
3FC27
3FC5B
3FC98
3FCDC
3FD26
3FD74
3FDC4
3FE14
3FE63
3FEB0
3FEF8
3FF3A
3FF75
3FFA7
3FFCF
3FFED
00000
00008
00004
3FFF5
3FFDB
3FFB7
3FF89
3FF54
3FF17
3FED5
3FE8F
3FE46
3FDFC
3FDB4
3FD6D
3FD2B
3FCEE
3FCB7
3FC89
3FC64
3FC48
3FC37
3FC30
3FC35
3FC44
3FC5D
3FC80
3FCAD
3FCE1
3FD1C
3FD5D
3FDA1
3FDE9
3FE31
3FE79
3FEBF
3FF02
3FF3F
3FF76
3FFA6
3FFCE
3FFEC
00000
0000B
0000A
00000
3FFEC
3FFCE
3FFA7
3FF79
3FF44
3FF09
3FECA
3FE88
3FE45
3FE02
3FDC1
3FD83
3FD4A
3FD16
3FCE9
3FCC4
3FCA8
3FC95
3FC8B
3FC8C
3FC96
3FCAA
3FCC7
3FCED
3FD1A
3FD4E
3FD88
3FDC6
3FE06
3FE48
3FE8B
3FECB
3FF09
3FF43
3FF78
3FFA6
3FFCD
3FFEB
00001
0000D
00010
0000A
3FFFA
3FFE1
3FFC0
3FF97
3FF68
3FF34
3FEFB
3FEBF
3FE81
3FE44
3FE07
3FDCC
3FD96
3FD64
3FD38
3FD14
3FCF7
3FCE2
3FCD7
3FCD4
3FCDB
3FCEA
3FD02
3FD22
3FD4A
3FD78
3FDAC
3FDE3
3FE1E
3FE5B
3FE99
3FED5
3FF0F
3FF46
3FF79
3FFA5
3FFCC
3FFEA
00001
00010
00015
00012
00006
3FFF2
3FFD5
3FFB2
3FF88
3FF59
3FF25
3FEEE
3FEB5
3FE7B
3FE42
3FE0B
3FDD7
3FDA7
3FD7C
3FD58
3FD3A
3FD24
3FD17
3FD11
3FD15
3FD20
3FD34
3FD50
3FD72
3FD9B
3FDCA
3FDFD
3FE33
3FE6B
3FEA4
3FEDD
3FF14
3FF49
3FF79
3FFA5
3FFCB
3FFEA
00002
00012
00019
00019
00011
00000
3FFE8
3FFC9
3FFA3
3FF79
3FF49
3FF17
3FEE2
3FEAC
3FE76
3FE41
3FE0F
3FDE1
3FDB7
3FD93
3FD75
3FD5E
3FD4E
3FD47
3FD47
3FD4F
3FD5F
3FD77
3FD95
3FDBA
3FDE4
3FE12
3FE44
3FE78
3FEAE
3FEE4
3FF18
3FF4A
3FF79
3FFA4
3FFCA
3FFE9
00002
00013
0001D
0001F
0001A
0000D
3FFF8
3FFDD
3FFBC
3FF95
3FF6A
3FF3B
3FF0A
3FED7
3FEA4
3FE72
3FE42
3FE15
3FDEB
3FDC7
3FDA9
3FD91
3FD80
3FD76
3FD74
3FD79
3FD86
3FD99
3FDB4
3FDD4
3FDFA
3FE25
3FE53
3FE84
3FEB6
3FEE9
3FF1B
3FF4C
3FF79
3FFA3
3FFC8
3FFE8
00002
00014
00020
00025
00022
00018
00007
3FFF0
3FFD2
3FFAF
3FF87
3FF5C
3FF2E
3FEFE
3FECD
3FE9D
3FE6F
3FE43
3FE1B
3FDF7
3FDD8
3FDBF
3FDAC
3FDA0
3FD9C
3FD9E
3FDA8
3FDB8
3FDCF
3FDEC
3FE0F
3FE36
3FE61
3FE8E
3FEBE
3FEEE
3FF1E
3FF4C
3FF79
3FFA2
3FFC7
3FFE7
00001
00015
00023
0002A
0002A
00022
00014
00000
3FFE6
3FFC6
3FFA1
3FF79
3FF4E
3FF21
3FEF3
3FEC5
3FE98
3FE6D
3FE45
3FE21
3FE02
3FDE8
3FDD5
3FDC7
3FDC0
3FDC0
3FDC7
3FDD4
3FDE8
3FE02
3FE21
3FE45
3FE6C
3FE97
3FEC4
3FEF2
3FF20
3FF4D
3FF78
3FFA0
3FFC5
3FFE5
00001
00016
00025
0002E
00030
0002B
00020
0000F
3FFF8
3FFDB
3FFBA
3FF94
3FF6C
3FF41
3FF15
3FEE9
3FEBE
3FE94
3FE6D
3FE49
3FE29
3FE0F
3FDFA
3FDEB
3FDE2
3FDDF
3FDE4
3FDEE
3FDFF
3FE16
3FE32
3FE53
3FE77
3FE9F
3FECA
3FEF5
3FF21
3FF4D
3FF77
3FF9F
3FFC3
3FFE4
00000
00016
00027
00032
00036
00034
0002B
0001C
00008
3FFEE
3FFD0
3FFAD
3FF87
3FF5F
3FF35
3FF0B
3FEE1
3FEB8
3FE91
3FE6E
3FE4E
3FE32
3FE1C
3FE0C
3FE01
3FDFC
3FDFE
3FE06
3FE14
3FE28
3FE41
3FE5F
3FE81
3FEA7
3FECF
3FEF8
3FF23
3FF4D
3FF76
3FF9D
3FFC1
3FFE2
3FFFF
00016
00028
00035
0003B
0003B
00035
00029
00017
00000
3FFE4
3FFC4
3FFA1
3FF7B
3FF53
3FF2A
3FF01
3FED9
3FEB3
3FE90
3FE70
3FE54
3FE3C
3FE2A
3FE1E
3FE18
3FE17
3FE1D
3FE28
3FE39
3FE50
3FE6B
3FE8B
3FEAE
3FED3
3FEFB
3FF24
3FF4D
3FF75
3FF9B
3FFBF
3FFE0
3FFFD
00016
00029
00037
0003F
00041
0003E
00034
00025
00010
3FFF7
3FFDA
3FFB8
3FF94
3FF6E
3FF47
3FF20
3FEF9
3FED3
3FEB0
3FE90
3FE73
3FE5B
3FE48
3FE3A
3FE31
3FE2F
3FE32
3FE3B
3FE4A
3FE5E
3FE76
3FE93
3FEB4
3FED8
3FEFE
3FF25
3FF4C
3FF73
3FF99
3FFBD
3FFDE
3FFFC
00015
0002A
00039
00043
00047
00046
0003E
00032
0001F
00009
3FFED
3FFCF
3FFAD
3FF88
3FF63
3FF3C
3FF16
3FEF1
3FECE
3FEAE
3FE91
3FE78
3FE63
3FE54
3FE4A
3FE45
3FE46
3FE4D
3FE59
3FE6B
3FE81
3FE9C
3FEBA
3FEDC
3FF00
3FF25
3FF4C
3FF72
3FF97
3FFBB
3FFDC
3FFFA
00014
0002A
0003A
00046
0004C
0004D
00048
0003D
0002D
00019
00000
3FFE3
3FFC3
3FFA1
3FF7D
3FF58
3FF33
3FF0E
3FEEB
3FECB
3FEAD
3FE93
3FE7E
3FE6D
3FE61
3FE5B
3FE5A
3FE5E
3FE68
3FE77
3FE8B
3FEA4
3FEC0
3FEE0
3FF02
3FF26
3FF4B
3FF70
3FF95
3FFB8
3FFD9
3FFF8
00013
00029
0003B
00049
00051
00053
00050
00048
0003A
00028
00011
3FFF7
3FFD9
3FFB8
3FF95
3FF71
3FF4D
3FF29
3FF07
3FEE6
3FEC8
3FEAE
3FE97
3FE85
3FE78
3FE6F
3FE6C
3FE6F
3FE77
3FE84
3FE95
3FEAC
3FEC6
3FEE4
3FF04
3FF27
3FF4A
3FF6F
3FF93
3FFB6
3FFD7
3FFF6
00011
00029
0003C
0004B
00054
00059
00058
00052
00047
00036
00022
00009
3FFED
3FFCE
3FFAD
3FF8A
3FF67
3FF44
3FF21
3FF01
3FEE2
3FEC7
3FEB0
3FE9C
3FE8D
3FE84
3FE7F
3FE7F
3FE85
3FE90
3FE9F
3FEB3
3FECC
3FEE7
3FF06
3FF27
3FF4A
3FF6D
3FF90
3FFB3
3FFD4
3FFF3
0000F
00028
0003C
0004C
00058
0005E
0005F
0005B
00052
00044
00031
0001A
00000
3FFE3
3FFC3
3FFA1
3FF7F
3FF5D
3FF3B
3FF1A
3FEFC
3FEE0
3FEC7
3FEB3
3FEA3
3FE97
3FE91
3FE8F
3FE93
3FE9B
3FEA9
3FEBB
3FED1
3FEEB
3FF08
3FF28
3FF49
3FF6B
3FF8E
3FFB0
3FFD1
3FFF1
0000D
00027
0003C
0004E
0005A
00062
00065
00063
0005C
00050
0003F
0002B
00012
3FFF6
3FFD8
3FFB8
3FF97
3FF75
3FF53
3FF33
3FF14
3FEF8
3FEDE
3FEC9
3FEB7
3FEAA
3FEA2
3FE9F
3FEA0
3FEA7
3FEB2
3FEC3
3FED7
3FEEF
3FF0A
3FF28
3FF49
3FF6A
3FF8C
3FFAE
3FFCF
3FFEE
0000B
00025
0003C
0004E
0005D
00066
0006B
0006B
00066
0005C
0004D
0003A
00023
00009
3FFED
3FFCE
3FFAD
3FF8C
3FF6B
3FF4B
3FF2C
3FF0F
3FEF5
3FEDE
3FECC
3FEBD
3FEB3
3FEAE
3FEAE
3FEB2
3FEBC
3FECA
3FEDD
3FEF3
3FF0D
3FF29
3FF48
3FF68
3FF8A
3FFAB
3FFCC
3FFEB
00009
00023
0003B
0004F
0005E
0006A
00070
00072
0006F
00066
0005A
00049
00034
0001B
00000
3FFE2
3FFC3
3FFA3
3FF82
3FF62
3FF43
3FF26
3FF0B
3FEF3
3FEE0
3FED0
3FEC4
3FEBD
3FEBB
3FEBE
3FEC6
3FED2
3FEE2
3FEF7
3FF0F
3FF2A
3FF48
3FF67
3FF87
3FFA8
3FFC9
3FFE8
00006
00021
0003A
0004F
00060
0006D
00075
00078
00077
00071
00066
00057
00043
0002D
00013
3FFF6
3FFD8
3FFB8
3FF98
3FF78
3FF59
3FF3C
3FF21
3FF08
3FEF3
3FEE2
3FED5
3FECC
3FEC9
3FECA
3FECF
3FED9
3FEE8
3FEFB
3FF11
3FF2B
3FF47
3FF66
3FF85
3FFA5
3FFC6
3FFE5
00003
0001F
00038
0004E
00061
0006F
00079
0007E
0007E
0007A
00071
00064
00052
0003D
00025
0000A
3FFEC
3FFCE
3FFAE
3FF8E
3FF6F
3FF52
3FF36
3FF1D
3FF07
3FEF4
3FEE6
3FEDC
3FED6
3FED5
3FED9
3FEE1
3FEEE
3FEFF
3FF14
3FF2C
3FF47
3FF64
3FF83
3FFA3
3FFC3
3FFE2
00000
0001D
00037
0004E
00061
00071
0007C
00083
00085
00083
0007C
00070
00061
0004D
00036
0001C
00000
3FFE2
3FFC3
3FFA4
3FF85
3FF67
3FF4B
3FF31
3FF1A
3FF06
3FEF6
3FEEB
3FEE4
3FEE1
3FEE3
3FEE9
3FEF4
3FF04
3FF17
3FF2E
3FF47
3FF63
3FF81
3FFA0
3FFC0
3FFDF
3FFFD
0001A
00035
0004D
00061
00072
0007F
00088
0008C
0008B
00086
0007C
0006E
0005C
00047
0002E
00013
3FFF6
3FFD8
3FFB9
3FF9A
3FF7C
3FF60
3FF45
3FF2D
3FF18
3FF07
3FEFA
3FEF1
3FEED
3FEED
3FEF2
3FEFB
3FF08
3FF1A
3FF2F
3FF47
3FF62
3FF7F
3FF9E
3FFBD
3FFDC
3FFFA
00017
00033
0004C
00061
00074
00082
0008C
00092
00093
0008F
00087
0007B
0006B
00057
00040
00026
0000A
3FFEC
3FFCE
3FFAF
3FF91
3FF74
3FF59
3FF40
3FF2A
3FF18
3FF09
3FEFF
3FEF9
3FEF7
3FEFA
3FF02
3FF0D
3FF1D
3FF31
3FF48
3FF62
3FF7E
3FF9B
3FFBA
3FFD9
3FFF7
00015
00030
0004A
00061
00074
00084
00090
00097
0009A
00098
00092
00087
00079
00066
00051
00038
0001D
00000
3FFE2
3FFC4
3FFA6
3FF88
3FF6D
3FF53
3FF3C
3FF29
3FF19
3FF0D
3FF05
3FF02
3FF03
3FF09
3FF13
3FF21
3FF33
3FF48
3FF61
3FF7C
3FF99
3FFB7
3FFD5
3FFF4
00012
0002E
00048
00060
00075
00086
00093
0009C
000A0
000A0
0009C
00093
00086
00075
00061
00049
0002F
00013
3FFF6
3FFD8
3FFBA
3FF9D
3FF80
3FF66
3FF4E
3FF3A
3FF28
3FF1B
3FF11
3FF0C
3FF0C
3FF10
3FF18
3FF25
3FF35
3FF49
3FF61
3FF7B
3FF97
3FFB4
3FFD2
3FFF1
0000F
0002B
00046
0005F
00075
00087
00096
000A0
000A7
000A8
000A6
0009F
00093
00084
00071
0005B
00042
00027
0000A
3FFEC
3FFCE
3FFB1
3FF94
3FF79
3FF60
3FF4B
3FF38
3FF29
3FF1E
3FF17
3FF15
3FF17
3FF1E
3FF29
3FF38
3FF4B
3FF61
3FF79
3FF94
3FFB1
3FFCF
3FFED
0000B
00029
00044
0005E
00075
00088
00098
000A4
000AC
000B0
000AF
000A9
000A0
00092
00080
0006B
00054
00039
0001D
00000
3FFE2
3FFC5
3FFA8
3FF8C
3FF73
3FF5C
3FF48
3FF37
3FF2B
3FF23
3FF1F
3FF1F
3FF24
3FF2D
3FF3B
3FF4C
3FF61
3FF78
3FF93
3FFAF
3FFCC
3FFEA
00008
00026
00042
0005C
00074
00089
0009A
000A8
000B1
000B7
000B7
000B4
000AC
0009F
0008F
0007C
00065
0004C
00030
00014
3FFF6
3FFD8
3FFBB
3FF9F
3FF85
3FF6D
3FF58
3FF46
3FF38
3FF2E
3FF29
3FF28
3FF2B
3FF32
3FF3E
3FF4E
3FF61
3FF78
3FF91
3FFAC
3FFC9
3FFE7
00005
00023
0003F
0005A
00073
00089
0009C
000AB
000B6
000BD
000BF
000BD
000B7
000AD
0009E
0008C
00076
0005E
00043
00027
0000A
3FFEC
3FFCF
3FFB2
3FF97
3FF7E
3FF68
3FF55
3FF46
3FF3A
3FF33
3FF30
3FF32
3FF37
3FF42
3FF50
3FF62
3FF77
3FF8F
3FFAA
3FFC6
3FFE4
00002
00020
0003D
00058
00072
00089
0009D
000AE
000BA
000C3
000C7
000C7
000C2
000B9
000AC
0009B
00087
00070
00056
0003B
0001E
00000
3FFE2
3FFC5
3FFAA
3FF90
3FF79
3FF65
3FF54
3FF47
3FF3E
3FF39
3FF39
3FF3D
3FF46
3FF52
3FF63
3FF77
3FF8E
3FFA8
3FFC3
3FFE0
3FFFE
0001C
0003A
00056
00071
00089
0009E
000B0
000BE
000C9
000CE
000D0
000CD
000C6
000BA
000AB
00098
00082
00069
0004E
00031
00014
3FFF6
3FFD9
3FFBD
3FFA2
3FF8A
3FF74
3FF62
3FF53
3FF49
3FF43
3FF41
3FF43
3FF4A
3FF55
3FF64
3FF77
3FF8D
3FFA6
3FFC1
3FFDD
3FFFB
00019
00037
00054
0006F
00088
0009F
000B2
000C2
000CE
000D5
000D8
000D7
000D2
000C8
000BA
000A8
00093
0007B
00061
00045
00028
0000A
3FFEC
3FFD0
3FFB4
3FF9B
3FF84
3FF71
3FF61
3FF54
3FF4C
3FF49
3FF49
3FF4F
3FF58
3FF66
3FF77
3FF8C
3FFA4
3FFBE
3FFDA
3FFF8
00016
00034
00051
0006D
00088
0009F
000B4
000C5
000D3
000DC
000E1
000E1
000DD
000D5
000C9
000B8
000A4
0008D
00074
00058
0003B
0001E
00000
3FFE3
3FFC7
3FFAC
3FF95
3FF80
3FF6E
3FF60
3FF57
3FF51
3FF50
3FF54
3FF5C
3FF68
3FF78
3FF8B
3FFA2
3FFBC
3FFD7
3FFF5
00013
00031
0004F
0006C
00087
0009F
000B5
000C8
000D7
000E2
000E9
000EB
000E9
000E2
000D7
000C8
000B5
000A0
00087
0006C
0004F
00032
00014
3FFF6
3FFD9
3FFBE
3FFA5
3FF8F
3FF7C
3FF6D
3FF61
3FF5A
3FF58
3FF59
3FF60
3FF6A
3FF79
3FF8B
3FFA1
3FFBA
3FFD5
3FFF1
0000F
0002E
0004C
00069
00085
0009F
000B7
000CB
000DB
000E8
000F0
000F4
000F4
000EF
000E5
000D8
000C6
000B2
0009A
00080
00063
00046
00028
0000A
3FFED
3FFD1
3FFB7
3FF9F
3FF8B
3FF7A
3FF6D
3FF64
3FF60
3FF60
3FF64
3FF6D
3FF7A
3FF8B
3FFA0
3FFB8
3FFD2
3FFEE
0000C
0002B
00049
00067
00084
0009F
000B8
000CD
000DF
000ED
000F7
000FD
000FE
000FB
000F3
000E7
000D7
000C4
000AD
00093
00078
0005A
0003C
0001E
00000
3FFE3
3FFC8
3FFAF
3FF9A
3FF87
3FF79
3FF6E
3FF68
3FF66
3FF69
3FF70
3FF7C
3FF8C
3FF9F
3FFB6
3FFD0
3FFEB
00009
00027
00046
00065
00082
0009E
000B8
000CF
000E3
000F3
000FE
00106
00109
00107
00101
000F7
000E8
000D6
000C0
000A7
0008C
0006F
00051
00032
00014
3FFF6
3FFDA
3FFC0
3FFA9
3FF95
3FF85
3FF79
3FF71
3FF6D
3FF6E
3FF74
3FF7E
3FF8C
3FF9F
3FFB4
3FFCD
3FFE9
00006
00024
00043
00062
00081
0009E
000B9
000D1
000E6
000F8
00105
0010E
00113
00113
0010F
00106
000F9
000E8
000D3
000BB
000A0
00084
00066
00047
00028
0000A
3FFED
3FFD2
3FFB9
3FFA4
3FF92
3FF84
3FF7A
3FF75
3FF74
3FF78
3FF81
3FF8E
3FF9F
3FFB3
3FFCB
3FFE6
00003
00021
00040
00060
0007F
0009D
000B9
000D2
000E9
000FC
0010C
00117
0011D
0011F
0011C
00115
0010A
000FA
000E6
000CF
000B5
00099
0007B
0005C
0003D
0001E
00000
3FFE4
3FFCA
3FFB3
3FF9F
3FF90
3FF84
3FF7D
3FF7B
3FF7D
3FF84
3FF8F
3FF9F
3FFB2
3FFC9
3FFE3
00000
0001E
0003D
0005D
0007D
0009C
000B9
000D4
000EC
00101
00112
0011F
00127
0012B
0012A
00124
0011A
0010C
000F9
000E3
000CA
000AE
00091
00072
00052
00032
00014
3FFF6
3FFDB
3FFC3
3FFAE
3FF9C
3FF8F
3FF86
3FF82
3FF82
3FF87
3FF91
3FF9F
3FFB2
3FFC8
3FFE1
3FFFD
0001B
0003A
0005B
0007B
0009A
000B9
000D5
000EF
00105
00118
00127
00131
00136
00137
00134
0012B
0011E
0010D
000F8
000DF
000C4
000A7
00088
00068
00048
00028
0000A
3FFED
3FFD3
3FFBD
3FFA9
3FF9A
3FF8F
3FF89
3FF88
3FF8B
3FF93
3FFA0
3FFB1
3FFC6
3FFDF
3FFFA
00018
00037
00058
00079
00099
000B8
000D6
000F1
00109
0011E
0012E
0013A
00142
00145
00143
0013C
00130
00120
0010D
000F5
000DA
000BD
0009E
0007E
0005D
0003D
0001E
00000
3FFE5
3FFCC
3FFB7
3FFA6
3FF9A
3FF91
3FF8E
3FF90
3FF96
3FFA2
3FFB1
3FFC5
3FFDD
3FFF7
00015
00034
00055
00076
00098
000B8
000D7
000F3
0010D
00123
00136
00144
0014E
00152
00152
0014D
00143
00134
00122
0010B
000F1
000D4
000B5
00095
00074
00053
00032
00013
3FFF7
3FFDD
3FFC6
3FFB3
3FFA4
3FF9A
3FF95
3FF95
3FF9A
3FFA3
3FFB2
3FFC4
3FFDB
3FFF5
00012
00031
00052
00074
00096
000B7
000D8
000F6
00111
00129
0013D
0014E
00159
00160
00161
0015E
00156
00149
00137
00122
00108
000EC
000CD
000AD
0008B
00069
00048
00028
0000A
3FFEE
3FFD5
3FFC1
3FFB0
3FFA4
3FF9D
3FF9B
3FF9E
3FFA6
3FFB2
3FFC4
3FFD9
3FFF3
0000F
0002F
00050
00072
00095
000B7
000D8
000F8
00115
0012F
00145
00157
00165
0016D
00171
0016F
00169
0015D
0014D
00139
00120
00104
000E6
000C5
000A3
00081
0005F
0003D
0001D
00000
3FFE6
3FFCF
3FFBC
3FFAE
3FFA5
3FFA1
3FFA2
3FFA8
3FFB4
3FFC4
3FFD8
3FFF1
0000D
0002C
0004D
00070
00093
000B6
000D9
000FA
00119
00134
0014D
00161
00170
0017B
00181
00181
0017C
00173
00164
00150
00139
0011E
000FF
000DF
000BC
00099
00076
00053
00032
00013
3FFF7
3FFDE
3FFCA
3FFB9
3FFAE
3FFA8
3FFA7
3FFAC
3FFB5
3FFC4
3FFD7
3FFEF
0000A
00029
0004A
0006D
00091
000B6
000D9
000FC
0011C
0013A
00154
0016B
0017C
00189
00191
00194
00191
00188
0017B
00169
00152
00138
0011A
000F9
000D7
000B3
0008F
0006B
00048
00027
00009
3FFEF
3FFD8
3FFC6
3FFB8
3FFB0
3FFAD
3FFAF
3FFB7
3FFC5
3FFD7
3FFED
00008
00027
00048
0006B
00090
000B5
000DA
000FE
00120
00140
0015C
00175
00189
00198
001A2
001A6
001A5
0019F
00193
00182
0016D
00153
00135
00115
000F2
000CD
000A8
00083
0005F
0003D
0001D
00000
3FFE7
3FFD3
3FFC3
3FFB8
3FFB3
3FFB4
3FFBA
3FFC6
3FFD6
3FFEC
00006
00024
00045
00069
0008E
000B4
000DB
00100
00124
00146
00164
0017F
00195
001A7
001B3
001BA
001BB
001B6
001AC
0019D
00188
0016F
00152
00132
0010F
000EA
000C4
0009D
00078
00053
00031
00013
3FFF7
3FFE1
3FFCE
3FFC2
3FFBA
3FFB9
3FFBD
3FFC7
3FFD6
3FFEB
00004
00022
00043
00067
0008D
000B4
000DB
00102
00128
0014C
0016D
0018A
001A2
001B6
001C5
001CE
001D1
001CF
001C6
001B8
001A5
0018D
00170
00150
0012D
00107
000E0
000B9
00092
0006C
00048
00026
00009
3FFF0
3FFDB
3FFCC
3FFC2
3FFBF
3FFC1
3FFC9
3FFD7
3FFEA
00003
00020
00041
00065
0008B
000B3
000DC
00105
0012D
00152
00175
00195
001B0
001C7
001D8
001E3
001E9
001E8
001E2
001D6
001C4
001AC
00190
00170
0014D
00127
000FF
000D6
000AD
00085
0005F
0003C
0001C
00000
3FFE9
3FFD7
3FFCB
3FFC5
3FFC5
3FFCB
3FFD8
3FFEA
00001
0001E
0003F
00063
0008A
000B3
000DD
00108
00131
00159
0017F
001A1
001BF
001D8
001EC
001FA
00202
00204
001FF
001F4
001E4
001CE
001B2
00192
0016F
00148
0011F
000F5
000CB
000A1
00079
00053
00030
00012
3FFF8
3FFE4
3FFD5
3FFCC
3FFCA
3FFCE
3FFD9
3FFEA
00000
0001C
0003D
00061
00089
000B3
000DF
0010B
00136
00161
00189
001AD
001CE
001EA
00201
00212
0021C
00221
0021E
00215
00206
001F1
001D7
001B7
00193
0016C
00142
00117
000EB
000BF
00094
0006C
00046
00025
00008
3FFF1
3FFE0
3FFD5
3FFD0
3FFD2
3FFDB
3FFEA
3FFFF
0001B
0003B
00060
00088
000B3
000E0
0010E
0013C
00169
00194
001BB
001DF
001FE
00218
0022C
00239
00240
00240
00239
0022B
00218
001FE
001DF
001BB
00193
00168
0013B
0010D
000DF
000B2
00087
0005F
0003A
0001A
00000
3FFEC
3FFDE
3FFD6
3FFD6
3FFDD
3FFEB
3FFFF
00019
00039
0005E
00087
000B4
000E2
00112
00142
00172
0019F
001CA
001F1
00214
00231
00248
00258
00262
00264
00260
00254
00241
00228
00209
001E5
001BD
00191
00163
00133
00102
000D2
000A4
00079
00051
0002E
00010
3FFF9
3FFE8
3FFDE
3FFDB
3FFE0
3FFEC
3FFFE
00018
00038
0005D
00087
000B4
000E5
00117
0014A
0017C
001AD
001DB
00206
0022C
0024C
00267
0027A
00287
0028C
0028A
00280
0026F
00257
00239
00215
001EB
001BE
0018E
0015C
00129
000F6
000C5
00096
0006B
00044
00023
00008
3FFF3
3FFE6
3FFE1
3FFE3
3FFED
3FFFE
00017
00036
0005C
00087
000B6
000E8
0011C
00152
00188
001BC
001EE
0021C
00246
0026B
00289
002A1
002B1
002B9
002B9
002B2
002A2
0028B
0026D
00249
0021F
001F1
001BF
0018A
00154
0011E
000E9
000B7
00087
0005D
00037
00018
00000
3FFEF
3FFE7
3FFE7
3FFEE
3FFFE
00016
00035
0005B
00087
000B7
000EC
00123
0015C
00195
001CD
00203
00236
00265
0028E
002B0
002CC
002E0
002EB
002EF
002E9
002DC
002C6
002A8
00284
00259
00229
001F5
001BE
00185
0014B
00112
000DB
000A7
00078
0004E
0002B
0000E
3FFFA
3FFEE
3FFEB
3FFF0
3FFFF
00016
00034
0005B
00087
000BA
000F1
0012B
00167
001A5
001E2
0021D
00254
00288
002B6
002DE
002FE
00316
00325
0032C
00329
0031E
00309
002EC
002C8
0029C
0026A
00234
001F9
001BC
0017F
00141
00105
000CC
00098
00069
00040
0001F
00006
3FFF6
3FFF0
3FFF3
3FFFF
00015
00033
0005A
00088
000BD
000F7
00135
00175
001B8
001FA
0023A
00278
002B2
002E6
00313
00339
00356
0036A
00374
00375
0036B
00358
0033C
00317
002EA
002B6
0027D
0023F
001FE
001BB
00178
00136
000F7
000BC
00087
00059
00032
00014
00000
3FFF6
3FFF5
00000
00014
00032
0005A
0008A
000C1
000FE
00141
00187
001CF
00217
0025F
002A3
002E4
0031F
00353
00380
003A3
003BC
003CB
003D0
003C9
003B8
0039C
00377
00349
00312
002D5
00293
0024C
00204
001BA
00171
0012B
000E9
000AC
00077
00049
00025
0000B
3FFFC
3FFF8
00000
00013
00031
00059
0008B
000C6
00108
00150
0019D
001EC
0023C
0028C
002DA
00324
00368
003A5
003D9
00404
00424
00439
00442
0043F
00430
00416
003F0
003C0
00386
00345
002FD
002B0
0025F
0020D
001BC
0016C
00120
000DA
0009C
00066
0003A
00019
00004
3FFFC
00000
00011
0002F
00059
0008E
000CD
00115
00164
001B9
00212
0026E
002C9
00322
00378
003C8
00410
00450
00485
004AE
004CB
004DB
004DD
004D1
004B8
00492
00460
00422
003DB
0038C
00336
002DB
0027E
00221
001C5
0016C
0011A
000CF
0008D
00056
0002C
0000F
00000
00000
0000E
0002C
00057
00091
000D6
00127
00180
001E2
00249
002B3
0031F
00389
003F1
00452
004AC
004FC
00541
00579
005A2
005BC
005C7
005C1
005AB
00586
00551
0050F
004C0
00467
00405
0039C
0032E
002BF
00250
001E5
0017E
00120
000CC
00085
0004B
00021
00007
3FFFF
0000A
00026
00054
00094
000E4
00142
001AE
00224
002A3
00329
003B2
0043C
004C3
00546
005C2
00633
00697
006ED
00732
00765
00785
00790
00786
00768
00736
006F1
00699
00632
005BD
0053C
004B2
00423
00390
002FF
00271
001EA
0016E
000FF
000A1
00056
00021
00004
00001
00018
0004B
0009B
00107
0018F
00233
002F1
003C7
004B5
005B8
006CD
007F4
00929
00A6B
00BB7
00D0D
00E6C
00FD3
01143
012BF
0144D
015F3
017BF
019C4
01C25
01F1A
0230F
028E6
032F5
04BBC
02C6F
376FA
3B700
2E7F1
3A0DF
3FB21
3AF3B
0C10C
04E04
08179
33E4F
3C7BA
0EBCC
0FE8D
3B533
27F6A
3A036
0BCC9
0180F
37BC0
3920D
02E29
3D3E2
37EC6
3E7C6
06296
3CFED
2ED91
34DA8
0A2EA
05879
3D17F
03B1A
07FC6
34E5E
09BD4
119C6
1CF32
06D77
3AD4A
0788E
0C098
3F133
3D730
3A275
3E2A1
3F539
386E9
2D897
0073C
0B38B
06AF8
376D7
2FCF9
0B119
0E4BC
04F81
3D3DF
2D517
3C8F8
3DB90
3E32F
0D242
01815
07C1A
031F0
3E97F
39642
0B4D6
3E8CF
0F9E0
199E7
3C22B
34885
38763
30C21
2D6A1
3A7C1
30545
3C4CB
13756
38347
36FF7
39063
00B17
13CB4
0ABD2
0A587
0194F
3B811
0EB45
3E9C4
04C40
2B62C
04DD5
392BA
00939
058EB
09094
3A99B
32426
00D55
0AB32
3DE19
36F5C
39B14
36DC7
02B5A
056E8
2CC0A
3855B
14BCF
396C1
04D25
3E243
00E99
36C8D
1382E
39DB2
0539B
087EA
1A8FF
03BC2
380E2
070BA
30C74
06714
0AA86
3BB24
35873
0A2F5
0A986
0F1CF
3C5B7
0C75C
392A0
394AB
35A87
0B376
02D01
31419
36DA4
084B2
2A4BD
07501
0A090
09270
2D41D
07E02
3D76A
3902B
08936
026AF
34AC8
0666B
39253
01DB9
39AAE
0F082
3756B
2F572
39308
0C689
33E3E
04690
071A4
0F17C
04EB6
3955A
3E1E6
0E825
3F5A9
3F43B
311D4
3BBDE
39D58
3EA13
16F6D
2F306
3A3B7
0F772
3FC52
05B80
36910
39571
01E13
285A8
008CB
02DDD
0D6ED
00238
00E0F
386F5
3B1F7
08ECA
349AF
13BB8
083A0
39C1F
0CF65
12280
374D2
33589
07FAC
3939F
118A5
2A284
1C18A
055BE
01C8A
3D909
057E6
026E1
313CE
37961
0CC8F
0B699
0432E
3AEF9
3C17F
37C87
005D8
3D29E
0A989
3DFA2
3D1D1
34652
0E9E3
30556
00100
01A9C
01FE1
0D6FE
03841
2D429
3384C
106D2
062C1
09981
08C56
391D1
02912
2E8DE
36AB7
3D4EE
37F83
3C7CF
3B4BC
3FC71
01A1C
3D3D8
14E30
0A49E
3362B
0C4B9
36122
30720
3B19A
08CBA
361D9
0128A
3FE81
38C72
098AA
012E0
14004
3BAF3
36CC9
037A9
0AC4C
392DB
056A0
04AF7
3CCB2
06210
3C3C9
3AE36
00535
3F1AE
3DA2E
02943
0F6D9
09810
3102E
0EE80
0B224
3093F
150C5
03446
3ADE5
0DB30
00B1C
331F4
38968
3A1C3
0BA49
38125
2DF1D
2F513
089CB
042B5
33ACD
3BDA2
0DC01
09B30
05063
3EA3E
0D03A
0CD8E
3D727
2D44C
38581
342A8
0702D
07766
385E2
3D8B8
06E9C
0AD85
0F47D
0464A
3DAEC
3A7DC
0FD6A
3C6BF
3CB2D
3924F
37148
04B16
02FC6
05DCB
3325E
04781
3539F
06180
16C05
08887
3BD59
3B235
301C5
33C63
036BA
398E7
0AC5D
0181F
10348
32D2A
3C97C
11E42
33A97
34FB8
3F45E
02841
3C251
3FAF7
02762
37F3A
2FC31
0E6F4
31B3E
09C41
2D282
0D482
3EBE8
2E037
1237F
3A460
0D26A
07BCA
32530
0AE36
047E4
10795
05036
16091
09779
3AE60
3E63D
2A776
052DB
3A9FE
13EBB
39667
311F5
091C7
393CD
2E521
1013D
06305
0D2E6
058E2
0E375
02A9E
09355
05ABC
3FFD7
3DCD2
00B30
355D6
3ED5A
02822
02C9B
3D676
3E5AE
32B5D
354FF
3EF99
3EF32
3DCF7
0BE61
063DD
07D0D
0039A
0DEF7
03B19
0B4A6
35496
3BB08
2EE8B
32FF3
0362C
0062C
38329
30672
3760D
00A99
03654
27590
3B580
06158
0B136
06F57
0B621
38D29
0872A
0CD0D
1118E
0148D
02177
0710F
075B9
0B08F
34D09
09BE3
3C868
2C34D
00E91
04C33
01C28
338D2
0190A
3D298
28855
1002D
0D696
0E75E
385C1
03AAD
019BA
099C6
0316A
3E0DA
312A6
05403
3D8AF
3BBB7
1192B
08A23
03FE5
0C95C
3FE02
31CEE
1171D
0CBAF
3FEF9
33CF6
35AEC
01388
0A599
3D663
0F07D
3A135
141CE
0D352
0241D
0514B
0A799
249FD
0BDBA
03BB7
0C44C
3FA7F
0941A
03D63
03271
375FC
3FB4A
006F2
04376
09BDF
0CAED
05A21
38C64
3715D
05C5D
01272
095CD
0CAAB
3CFBB
3B2FB
3F7D6
3F0AD
077A6
0FF2D
08525
01A93
351C3
30802
3BAB9
0006C
0FF68
0A34D
0305B
00000
02EC1
3DBAE
2E721
2ECB9
079EC
0B347
3D8C4
3A24F
3D8FE
3E8F6
013C9
28D10
3EAE0
3C826
39076
3DFE6
3B923
38874
2EDC2
0305F
3C7C4
05B72
3B1BA
0B4FF
0203D
2BF40
2BC93
3CC5C
0D85B
028DC
08A42
01AF0
3C41B
3B364
3EF28
3B185
02D8B
09FE6
3F6CB
35FE0
002C5
3A847
2CC7E
388F2
05E8E
01DF7
34FE2
38FFB
37FC1
00286
392BD
395BA
2EE70
07867
3F49B
3DC2E
00815
04F61
0194B
3CE41
300C0
38E30
02803
1318D
0357A
0041B
3C92A
3CA6E
06457
39B75
32737
0165C
00930
07842
0D979
346F0
08537
00988
2F358
317E7
37EED
3FB43
3623C
06848
046BF
3B357
000CD
32356
060B8
04922
35514
01A21
041C9
3C7FB
013F5
137E0
34FE4
01C48
007B9
01D75
07971
0BB87
0333A
00514
38038
3FC96
01466
3BD6E
382AF
3EC20
3AF13
374B2
08BD6
03433
3AF1F
0645A
3D76B
3E016
374EA
3BA4C
0DEFE
3F459
38306
39215
10933
3EAB6
0CEBB
3A6B2
089B1
0EEEC
0712E
382D0
37F82
3FD37
322D7
3D36C
067CD
0A658
07524
36E31
39B13
24CE8
33740
00396
3E864
35436
05414
0C4D5
08A65
025BB
0183D
3CE07
3C7AD
02E76
3E035
0F676
324ED
3258D
27813
3BF95
35C82
3DD32
0C813
35B79
003C9
35EC4
3A648
3EAFD
3ECAF
01A9E
363AF
13706
0BC8A
31B4B
0BDDA
3A58C
134A7
02DAD
02017
3719C
07AF9
3940B
129A3
08DEE
04D11
3CD82
02221
3F561
36784
0B85A
30AE9
05BD7
3ABAB
3CAF8
05222
013FC
31A55
0B251
03D2A
00952
3A49C
3BC1E
37EDE
0AC36
13820
0A5F8
3C253
177DE
3A997
2D6A9
3AC9F
0E298
12CD9
3C666
32726
2CD59
33166
33597
3E94A
2F05F
3C1C2
01BB2
2986C
3D71E
01129
06B6A
3CD2B
0B4BB
07B41
01D6E
0861E
3A4EB
02384
3F79D
05A63
38872
39729
05213
34E59
02B71
34A3E
0BFED
006AF
03BC9
0A74E
3BCC6
3C1D2
2F095
1522C
3B029
3F4EB
3FD0D
055A5
0BA33
377E5
02EC4
3E4C8
0B5C5
37F6E
394B9
39C8C
385BB
37E15
3C67E
3BD58
02DDF
3FE8B
0E9A5
066D3
00E86
07061
08961
39308
00D70
3F919
2D7E8
1016B
36CA0
2B887
3C1CA
3D6D7
08E02
0AD64
39EF9
3A0E6
001E8
06807
336BA
05264
0350C
0EBA4
03CA4
06C94
0D60B
3C2D5
3B4A1
0E6A7
0360F
09A44
09B80
3423C
00CC3
3E52D
3B84F
038EA
2D122
329E8
05B7E
3B148
35B5D
01ACB
0B581
34101
3D8C1
21779
3F246
06382
302CB
05519
025D8
3BF8D
3D83F
03189
0F0F5
0D2BB
3C055
39DA8
34563
0788A
32B0B
06760
02DB9
0B24E
3DD6F
05FA3
055CD
08F7E
030DB
062B5
3B0F5
3334A
3D93B
006B1
3B655
33763
38F40
35575
3B953
0B509
1AE20
3A9C4
2BD93
0057F
3E089
07BA4
04DF5
06C31
309DC
04166
32A7B
39269
014EE
09C1A
0E75D
16C80
3CBCE
3E4F0
3DED2
0AA9F
0997D
045F4
38BD3
04E99
0581F
19175
37245
376BC
357D6
3E808
349D4
3776E
33F53
37A9E
32852
3F930
3723A
047D7
010A0
3C2A7
04EF8
3A75B
08B5D
04475
3F5AA
3F9C1
14331
015A2
07A4B
3E8D1
0024D
2987E
3DB7F
02329
37F2C
3B4ED
017ED
00023
0C70F
06FD8
378B4
209F1
074E5
31D4B
0F5EB
09492
072DD
30765
14DED
065F3
01CC0
3E371
030AE
35FD8
311E0
393D5
01949
14337
07483
32500
0C8D9
06B6F
0B64D
3890A
31397
38235
3FB8A
38E56
089F3
3EEDE
07453
346DF
00F85
07643
01223
329FA
35D2D
3FE14
3FCF7
3CBC9
01599
08974
08137
080ED
31C37
064BF
36583
03F1B
08471
3B4F1
17682
3A5F8
09B92
2CEAB
3904A
05CE7
2942F
03051
0DE09
3F2C8
099DD
32BD9
3FADF
05FCE
3BD79
00720
00F1D
0A236
051CB
2ECF4
37895
3BD67
01EA0
04BC9
3A071
114AA
37810
3FC39
0F1E9
028E9
3949D
05C62
3EB31
30388
2F25A
043F9
3C1CC
363AC
3ABDC
0DE9D
35398
3A308
12827
3DC14
3E773
0E9F8
3FB44
067C0
0332D
3E56F
03772
00568
36FE1
2B86E
331E5
03EE5
0BEBA
387B8
006F7
0BC23
2DBA7
0D21C
07BD6
36E28
3FF0C
3F4E6
3F2E3
3F1C1
3F0D6
3F00C
3EF60
3EED8
3EE76
3EE3E
3EE30
3EE4E
3EE96
3EF08
3EFA1
3F05E
3F13B
3F234
3F344
3F467
3F596
3F6CD
3F805
3F939
3FA64
3FB81
3FC8B
3FD7E
3FE57
3FF11
3FFAC
00024
0007A
000AC
000BC
000A9
00077
00027
3FFBB
3FF38
3FEA1
3FDFB
3FD48
3FC8E
3FBD2
3FB17
3FA61
3F9B6
3F918
3F88B
3F812
3F7AF
3F765
3F734
3F71D
3F721
3F73F
3F777
3F7C6
3F82B
3F8A3
3F92C
3F9C2
3FA63
3FB0A
3FBB5
3FC5F
3FD05
3FDA3
3FE38
3FEBE
3FF35
3FF99
3FFEA
00025
0004A
00059
00051
00033
00001
3FFBC
3FF66
3FF01
3FE8F
3FE14
3FD92
3FD0C
3FC86
3FC03
3FB85
3FB0F
3FAA4
3FA46
3F9F7
3F9B9
3F98E
3F975
3F96F
3F97C
3F99D
3F9CF
3FA12
3FA65
3FAC4
3FB2F
3FBA2
3FC1C
3FC99
3FD17
3FD94
3FE0C
3FE7C
3FEE4
3FF40
3FF8F
3FFD0
00000
00020
0002E
0002C
00018
3FFF5
3FFC2
3FF81
3FF34
3FEDD
3FE7D
3FE18
3FDAE
3FD44
3FCDB
3FC75
3FC16
3FBBE
3FB70
3FB2D
3FAF8
3FAD0
3FAB8
3FAAF
3FAB5
3FACA
3FAEE
3FB20
3FB5F
3FBA9
3FBFC
3FC57
3FCB8
3FD1C
3FD82
3FDE6
3FE48
3FEA5
3FEFB
3FF48
3FF8A
3FFC1
3FFEB
00008
00017
00017
0000A
3FFEF
3FFC8
3FF94
3FF56
3FF10
3FEC1
3FE6E
3FE17
3FDBE
3FD66
3FD10
3FCBF
3FC73
3FC30
3FBF6
3FBC6
3FBA2
3FB8A
3FB7F
3FB81
3FB90
3FBAB
3FBD2
3FC04
3FC40
3FC85
3FCD0
3FD20
3FD74
3FDC9
3FE1F
3FE72
3FEC1
3FF0B
3FF4E
3FF88
3FFB9
3FFDF
3FFFA
00009
0000C
00002
3FFEE
3FFCE
3FFA4
3FF71
3FF35
3FEF3
3FEAC
3FE62
3FE16
3FDC9
3FD7F
3FD38
3FCF5
3FCB9
3FC85
3FC5A
3FC38
3FC21
3FC15
3FC14
3FC1E
3FC33
3FC53
3FC7C
3FCAE
3FCE8
3FD27
3FD6C
3FDB4
3FDFE
3FE48
3FE91
3FED7
3FF18
3FF54
3FF88
3FFB4
3FFD7
3FFF1
00000
00005
3FFFF
3FFEF
3FFD5
3FFB2
3FF86
3FF53
3FF1B
3FEDD
3FE9C
3FE59
3FE16
3FDD4
3FD94
3FD59
3FD22
3FCF3
3FCCB
3FCAB
3FC94
3FC87
3FC84
3FC8B
3FC9B
3FCB5
3FCD8
3FD02
3FD33
3FD6B
3FDA7
3FDE6
3FE27
3FE69
3FEAA
3FEE8
3FF23
3FF59
3FF89
3FFB2
3FFD3
3FFEB
3FFFB
00001
3FFFE
3FFF1
3FFDC
3FFBE
3FF99
3FF6D
3FF3B
3FF05
3FECB
3FE8F
3FE53
3FE17
3FDDE
3FDA8
3FD76
3FD4A
3FD24
3FD06
3FCF0
3FCE2
3FCDD
3FCE1
3FCEE
3FD03
3FD20
3FD45
3FD70
3FDA1
3FDD6
3FE0E
3FE48
3FE83
3FEBE
3FEF7
3FF2D
3FF5F
3FF8B
3FFB1
3FFD1
3FFE8
3FFF8
3FFFF
3FFFE
3FFF5
3FFE3
3FFCA
3FFAA
3FF83
3FF57
3FF26
3FEF3
3FEBD
3FE86
3FE50
3FE1B
3FDE9
3FDBB
3FD91
3FD6D
3FD50
3FD3A
3FD2C
3FD26
3FD28
3FD31
3FD43
3FD5C
3FD7C
3FDA2
3FDCD
3FDFC
3FE2F
3FE64
3FE9A
3FECF
3FF03
3FF35
3FF64
3FF8D
3FFB2
3FFD0
3FFE7
3FFF7
3FFFF
00000
3FFF9
3FFEA
3FFD5
3FFB9
3FF96
3FF6F
3FF44
3FF15
3FEE4
3FEB2
3FE80
3FE4F
3FE20
3FDF5
3FDCD
3FDAB
3FD8F
3FD79
3FD6B
3FD63
3FD63
3FD6A
3FD79
3FD8E
3FDAA
3FDCB
3FDF2
3FE1D
3FE4B
3FE7B
3FEAC
3FEDE
3FF0E
3FF3D
3FF68
3FF90
3FFB2
3FFCF
3FFE6
3FFF7
00000
00002
3FFFE
3FFF2
3FFDF
3FFC7
3FFA8
3FF85
3FF5D
3FF33
3FF06
3FED8
3FEA9
3FE7B
3FE50
3FE27
3FE01
3FDE1
3FDC5
3FDAF
3FDA0
3FD97
3FD96
3FD9B
3FDA7
3FDB9
3FDD1
3FDEF
3FE12
3FE38
3FE63
3FE8F
3FEBD
3FEEB
3FF18
3FF44
3FF6D
3FF92
3FFB4
3FFD0
3FFE7
3FFF7
00002
00005
00002
3FFF9
3FFE9
3FFD4
3FFB8
3FF99
3FF75
3FF4D
3FF24
3FEF9
3FECE
3FEA3
3FE79
3FE53
3FE2F
3FE0F
3FDF4
3FDDF
3FDCF
3FDC5
3FDC2
3FDC5
3FDCE
3FDDE
3FDF3
3FE0E
3FE2D
3FE51
3FE77
3FEA0
3FECB
3FEF6
3FF20
3FF4A
3FF71
3FF95
3FFB5
3FFD1
3FFE7
3FFF8
00004
00009
00007
00000
3FFF3
3FFE0
3FFC7
3FFAB
3FF8A
3FF66
3FF3F
3FF17
3FEEF
3FEC6
3FE9F
3FE7A
3FE57
3FE38
3FE1E
3FE08
3FDF8
3FDED
3FDE9
3FDEA
3FDF2
3FDFF
3FE11
3FE29
3FE46
3FE66
3FE8A
3FEB0
3FED7
3FF00
3FF28
3FF4F
3FF75
3FF97
3FFB7
3FFD2
3FFE9
3FFFA
00006
0000C
0000C
00007
3FFFC
3FFEB
3FFD5
3FFBB
3FF9D
3FF7C
3FF58
3FF33
3FF0C
3FEE6
3FEC0
3FE9D
3FE7B
3FE5D
3FE43
3FE2E
3FE1D
3FE11
3FE0C
3FE0B
3FE11
3FE1C
3FE2C
3FE42
3FE5B
3FE79
3FE9A
3FEBD
3FEE3
3FF09
3FF2F
3FF54
3FF78
3FF9A
3FFB8
3FFD3
3FFEA
3FFFC
00008
00010
00011
0000D
00004
3FFF6
3FFE3
3FFCB
3FFAF
3FF90
3FF6F
3FF4C
3FF27
3FF03
3FEDF
3FEBD
3FE9C
3FE7F
3FE65
3FE4F
3FE3E
3FE32
3FE2B
3FE29
3FE2D
3FE36
3FE45
3FE58
3FE6F
3FE8A
3FEA9
3FECA
3FEED
3FF11
3FF35
3FF59
3FF7C
3FF9C
3FFBA
3FFD5
3FFEB
3FFFD
0000B
00013
00016
00014
0000C
00000
3FFEF
3FFD9
3FFC0
3FFA3
3FF84
3FF63
3FF40
3FF1E
3FEFB
3FEDA
3FEBB
3FE9E
3FE84
3FE6E
3FE5D
3FE50
3FE48
3FE45
3FE47
3FE4E
3FE5B
3FE6C
3FE81
3FE9A
3FEB6
3FED5
3FEF6
3FF18
3FF3B
3FF5D
3FF7F
3FF9F
3FFBC
3FFD6
3FFED
3FFFF
0000D
00017
0001B
0001A
00014
0000A
3FFFA
3FFE7
3FFD0
3FFB5
3FF98
3FF78
3FF58
3FF37
3FF15
3FEF5
3FED7
3FEBA
3FEA1
3FE8B
3FE79
3FE6B
3FE62
3FE5E
3FE5F
3FE64
3FE6F
3FE7E
3FE91
3FEA8
3FEC2
3FEDF
3FEFF
3FF1F
3FF40
3FF61
3FF82
3FFA1
3FFBD
3FFD8
3FFEE
00001
00010
0001A
0001F
00020
0001C
00013
00005
3FFF4
3FFDE
3FFC6
3FFAA
3FF8D
3FF6E
3FF4E
3FF2E
3FF0F
3FEF1
3FED5
3FEBC
3FEA5
3FE93
3FE85
3FE7B
3FE75
3FE75
3FE79
3FE82
3FE8F
3FEA0
3FEB5
3FECE
3FEE9
3FF06
3FF25
3FF45
3FF65
3FF85
3FFA3
3FFBF
3FFD9
3FFF0
00003
00012
0001D
00024
00026
00023
0001C
00010
00000
3FFEC
3FFD5
3FFBC
3FFA0
3FF82
3FF64
3FF45
3FF26
3FF09
3FEEE
3FED4
3FEBE
3FEAB
3FE9C
3FE92
3FE8B
3FE89
3FE8C
3FE93
3FE9F
3FEAE
3FEC2
3FED8
3FEF2
3FF0E
3FF2B
3FF4A
3FF69
3FF87
3FFA5
3FFC1
3FFDA
3FFF1
00005
00015
00020
00028
0002B
0002A
00024
0001A
0000C
3FFFA
3FFE4
3FFCC
3FFB2
3FF95
3FF78
3FF5A
3FF3D
3FF20
3FF05
3FEEC
3FED6
3FEC2
3FEB3
3FEA7
3FEA0
3FE9C
3FE9E
3FEA3
3FEAD
3FEBB
3FECD
3FEE2
3FEFA
3FF15
3FF31
3FF4E
3FF6C
3FF8A
3FFA6
3FFC2
3FFDC
3FFF3
00006
00017
00024
0002C
00030
00030
0002C
00023
00017
00006
3FFF2
3FFDC
3FFC3
3FFA8
3FF8C
3FF6F
3FF52
3FF36
3FF1B
3FF02
3FEEC
3FED8
3FEC8
3FEBC
3FEB3
3FEAF
3FEAF
3FEB3
3FEBB
3FEC8
3FED8
3FEEC
3FF02
3FF1B
3FF36
3FF52
3FF6F
3FF8C
3FFA8
3FFC3
3FFDD
3FFF4
00008
00019
00027
00030
00035
00037
00034
0002C
00021
00012
00000
3FFEB
3FFD3
3FFB9
3FF9E
3FF82
3FF66
3FF4B
3FF30
3FF17
3FF01
3FEED
3FEDC
3FECF
3FEC5
3FEC0
3FEBF
3FEC2
3FEC9
3FED4
3FEE2
3FEF4
3FF0A
3FF21
3FF3B
3FF56
3FF72
3FF8E
3FFAA
3FFC5
3FFDE
3FFF5
0000A
0001B
00029
00034
0003A
0003D
0003B
00035
0002B
0001E
0000D
3FFF9
3FFE3
3FFCA
3FFB0
3FF95
3FF7A
3FF5F
3FF45
3FF2C
3FF15
3FF01
3FEEF
3FEE1
3FED7
3FED1
3FECE
3FED0
3FED5
3FEDF
3FEEC
3FEFD
3FF11
3FF27
3FF3F
3FF59
3FF74
3FF90
3FFAB
3FFC6
3FFDF
3FFF6
0000B
0001D
0002C
00037
0003F
00042
00042
0003D
00035
00029
00019
00007
3FFF2
3FFDA
3FFC1
3FFA7
3FF8C
3FF72
3FF58
3FF3F
3FF28
3FF14
3FF02
3FEF3
3FEE8
3FEE1
3FEDD
3FEDD
3FEE2
3FEEA
3FEF6
3FF05
3FF17
3FF2D
3FF44
3FF5D
3FF77
3FF92
3FFAD
3FFC7
3FFE0
3FFF7
0000D
0001F
0002F
0003B
00043
00048
00048
00045
0003E
00033
00025
00014
00000
3FFEA
3FFD2
3FFB8
3FF9E
3FF84
3FF6B
3FF52
3FF3B
3FF26
3FF14
3FF05
3FEF9
3FEF0
3FEEB
3FEEB
3FEEE
3FEF4
3FEFF
3FF0D
3FF1E
3FF32
3FF48
3FF60
3FF7A
3FF94
3FFAE
3FFC8
3FFE1
3FFF8
0000E
00021
00031
0003E
00047
0004D
0004F
0004D
00047
0003E
00031
00021
0000E
3FFF9
3FFE2
3FFC9
3FFB0
3FF96
3FF7D
3FF64
3FF4D
3FF38
3FF25
3FF15
3FF09
3FEFF
3FEF9
3FEF7
3FEF9
3FEFF
3FF08
3FF15
3FF25
3FF37
3FF4C
3FF63
3FF7C
3FF95
3FFAF
3FFC9
3FFE2
3FFF9
0000F
00022
00033
00041
0004B
00052
00055
00054
00050
00048
0003C
0002D
0001B
00007
3FFF1
3FFD9
3FFC1
3FFA7
3FF8E
3FF76
3FF5F
3FF49
3FF36
3FF26
3FF18
3FF0E
3FF07
3FF04
3FF04
3FF09
3FF11
3FF1C
3FF2B
3FF3C
3FF50
3FF67
3FF7E
3FF97
3FFB0
3FFCA
3FFE3
3FFFA
00010
00024
00035
00044
0004F
00057
0005B
0005B
00058
00051
00047
00039
00028
00015
00000
3FFE9
3FFD1
3FFB8
3FFA0
3FF87
3FF70
3FF5A
3FF47
3FF36
3FF27
3FF1C
3FF14
3FF10
3FF0F
3FF13
3FF19
3FF23
3FF31
3FF41
3FF54
3FF6A
3FF81
3FF99
3FFB2
3FFCB
3FFE3
3FFFB
00011
00025
00037
00047
00053
0005B
00061
00062
00060
0005A
00051
00045
00035
00023
0000F
3FFF8
3FFE1
3FFC9
3FFB0
3FF98
3FF81
3FF6B
3FF57
3FF45
3FF36
3FF2A
3FF21
3FF1C
3FF1A
3FF1C
3FF22
3FF2B
3FF37
3FF46
3FF58
3FF6D
3FF83
3FF9A
3FFB3
3FFCC
3FFE4
3FFFC
00012
00027
00039
00049
00056
00060
00066
00069
00068
00063
0005B
00050
00041
00030
0001D
00007
3FFF1
3FFD9
3FFC1
3FFA9
3FF91
3FF7B
3FF67
3FF55
3FF45
3FF38
3FF2E
3FF28
3FF25
3FF26
3FF2A
3FF32
3FF3D
3FF4B
3FF5C
3FF70
3FF85
3FF9C
3FFB4
3FFCC
3FFE5
3FFFC
00013
00028
0003B
0004C
00059
00064
0006B
0006F
0006F
0006C
00065
0005B
0004D
0003D
0002B
00016
00000
3FFE9
3FFD1
3FFB9
3FFA2
3FF8B
3FF77
3FF64
3FF53
3FF45
3FF3B
3FF33
3FF30
3FF2F
3FF32
3FF39
3FF43
3FF50
3FF60
3FF73
3FF87
3FF9E
3FFB5
3FFCD
3FFE5
3FFFD
00014
00029
0003D
0004E
0005D
00068
00070
00075
00076
00074
0006F
00065
00059
0004A
00038
00025
0000F
3FFF8
3FFE1
3FFC9
3FFB2
3FF9B
3FF86
3FF73
3FF62
3FF53
3FF47
3FF3F
3FF3A
3FF39
3FF3B
3FF40
3FF49
3FF55
3FF64
3FF76
3FF8A
3FF9F
3FFB6
3FFCE
3FFE6
3FFFE
00015
0002A
0003E
00050
00060
0006C
00075
0007B
0007E
0007C
00078
00070
00065
00057
00046
00033
0001E
00008
3FFF0
3FFD9
3FFC2
3FFAB
3FF95
3FF82
3FF70
3FF60
3FF54
3FF4B
3FF45
3FF42
3FF43
3FF47
3FF4F
3FF5A
3FF68
3FF79
3FF8C
3FFA1
3FFB7
3FFCF
3FFE6
3FFFE
00015
0002B
00040
00052
00062
00070
0007A
00081
00084
00084
00081
0007A
00070
00063
00053
00041
0002D
00017
00000
3FFE9
3FFD1
3FFBA
3FFA5
3FF90
3FF7E
3FF6E
3FF61
3FF56
3FF4F
3FF4B
3FF4B
3FF4F
3FF55
3FF5F
3FF6C
3FF7C
3FF8E
3FFA3
3FFB8
3FFCF
3FFE7
3FFFF
00016
0002C
00041
00054
00065
00073
0007F
00087
0008B
0008C
0008A
00084
0007B
0006F
00060
0004F
0003B
00026
0000F
3FFF8
3FFE1
3FFCA
3FFB4
3FF9F
3FF8C
3FF7B
3FF6D
3FF62
3FF5A
3FF55
3FF54
3FF56
3FF5B
3FF64
3FF70
3FF7F
3FF91
3FFA4
3FFBA
3FFD0
3FFE8
3FFFF
00017
0002D
00043
00056
00068
00077
00083
0008C
00092
00094
00093
0008E
00086
0007B
0006D
0005C
00049
00035
0001F
00008
3FFF0
3FFD9
3FFC3
3FFAE
3FF9A
3FF89
3FF7A
3FF6D
3FF64
3FF5E
3FF5C
3FF5D
3FF62
3FF69
3FF74
3FF82
3FF93
3FFA6
3FFBB
3FFD1
3FFE8
00000
00017
0002E
00044
00058
0006A
0007A
00087
00091
00098
0009C
0009B
00098
00091
00087
0007A
0006A
00058
00043
0002E
00017
00000
3FFE9
3FFD2
3FFBD
3FFA8
3FF96
3FF86
3FF79
3FF6F
3FF68
3FF65
3FF64
3FF68
3FF6F
3FF79
3FF86
3FF96
3FFA8
3FFBC
3FFD2
3FFE9
00000
00018
0002F
00045
0005A
0006D
0007E
0008C
00097
0009E
000A3
000A4
000A2
0009C
00093
00086
00077
00066
00052
0003D
00027
00010
3FFF8
3FFE1
3FFCB
3FFB7
3FFA4
3FF93
3FF85
3FF7A
3FF72
3FF6D
3FF6C
3FF6E
3FF74
3FF7D
3FF89
3FF98
3FFAA
3FFBD
3FFD3
3FFE9
00001
00018
00030
00046
0005C
0006F
00081
00090
0009C
000A5
000AA
000AC
000AB
000A6
0009E
00093
00085
00074
00061
0004C
00036
0001F
00008
3FFF1
3FFDA
3FFC5
3FFB1
3FFA0
3FF91
3FF85
3FF7C
3FF76
3FF74
3FF75
3FF79
3FF81
3FF8D
3FF9B
3FFAC
3FFBF
3FFD4
3FFEA
00001
00019
00031
00048
0005D
00072
00084
00094
000A1
000AB
000B1
000B5
000B5
000B1
000AA
0009F
00092
00082
00070
0005B
00046
0002F
00017
00000
3FFE9
3FFD3
3FFBF
3FFAD
3FF9D
3FF90
3FF86
3FF7F
3FF7C
3FF7C
3FF7F
3FF86
3FF90
3FF9E
3FFAE
3FFC0
3FFD5
3FFEB
00002
0001A
00031
00049
0005F
00074
00087
00098
000A6
000B1
000B9
000BD
000BE
000BB
000B5
000AC
000A0
00090
0007E
0006B
00055
0003E
00027
00010
3FFF8
3FFE2
3FFCD
3FFBA
3FFA9
3FF9B
3FF90
3FF88
3FF84
3FF82
3FF85
3FF8B
3FF94
3FFA0
3FFB0
3FFC2
3FFD6
3FFEB
00002
0001A
00032
0004A
00061
00076
0008A
0009C
000AB
000B7
000C0
000C5
000C7
000C6
000C1
000B9
000AD
0009E
0008D
0007A
00065
0004E
00037
0001F
00008
3FFF1
3FFDB
3FFC8
3FFB6
3FFA7
3FF9B
3FF91
3FF8C
3FF8A
3FF8B
3FF90
3FF98
3FFA3
3FFB2
3FFC3
3FFD7
3FFEC
00003
0001B
00033
0004B
00062
00079
0008D
000A0
000B0
000BD
000C7
000CE
000D1
000D0
000CD
000C5
000BB
000AD
0009C
00089
00075
0005E
00047
0002F
00017
00000
3FFEA
3FFD5
3FFC3
3FFB3
3FFA5
3FF9B
3FF94
3FF91
3FF91
3FF95
3FF9C
3FFA7
3FFB4
3FFC5
3FFD8
3FFED
00004
0001B
00034
0004C
00064
0007B
00090
000A4
000B5
000C3
000CE
000D6
000DA
000DB
000D8
000D2
000C8
000BB
000AB
00099
00085
0006F
00057
0003F
00027
0000F
3FFF9
3FFE3
3FFD0
3FFBF
3FFB0
3FFA5
3FF9D
3FF98
3FF97
3FF9A
3FFA0
3FFAA
3FFB7
3FFC7
3FFD9
3FFEE
00004
0001C
00034
0004D
00066
0007D
00093
000A8
000BA
000C9
000D5
000DE
000E4
000E6
000E4
000DF
000D6
000CA
000BB
000A9
00095
0007F
00068
00050
00037
0001F
00008
3FFF1
3FFDD
3FFCB
3FFBB
3FFAF
3FFA6
3FFA0
3FF9E
3FF9F
3FFA5
3FFAD
3FFB9
3FFC9
3FFDB
3FFEF
00005
0001D
00035
0004E
00067
0007F
00096
000AC
000BF
000CF
000DD
000E7
000ED
000F1
000F0
000EC
000E4
000D9
000CA
000B9
000A6
00090
00079
00060
00048
0002F
00017
00000
3FFEB
3FFD8
3FFC7
3FFB9
3FFAF
3FFA8
3FFA5
3FFA5
3FFA9
3FFB1
3FFBC
3FFCB
3FFDC
3FFF0
00006
0001D
00036
00050
00069
00082
00099
000B0
000C4
000D5
000E4
000EF
000F7
000FC
000FC
000F9
000F2
000E8
000DA
000CA
000B7
000A1
0008A
00072
00059
0003F
00027
0000F
3FFF9
3FFE5
3FFD3
3FFC4
3FFB8
3FFB0
3FFAC
3FFAB
3FFAE
3FFB5
3FFBF
3FFCD
3FFDE
3FFF1
00007
0001E
00037
00051
0006B
00084
0009D
000B4
000C9
000DB
000EB
000F8
00101
00107
00109
00107
00101
000F7
000EB
000DB
000C8
000B3
0009C
00083
0006A
00050
00037
0001E
00007
3FFF2
3FFDF
3FFCF
3FFC2
3FFB9
3FFB3
3FFB1
3FFB3
3FFB9
3FFC2
3FFCF
3FFDF
3FFF2
00008
0001F
00038
00052
0006C
00086
000A0
000B8
000CE
000E2
000F3
00101
0010C
00112
00115
00115
00110
00107
000FB
000EC
000DA
000C5
000AE
00095
0007C
00062
00048
0002E
00016
00000
3FFEC
3FFDB
3FFCD
3FFC2
3FFBB
3FFB8
3FFB8
3FFBD
3FFC5
3FFD1
3FFE1
3FFF3
00009
00020
00039
00053
0006E
00089
000A3
000BC
000D3
000E9
000FB
0010A
00116
0011E
00123
00123
0011F
00118
0010D
000FE
000EC
000D8
000C1
000A8
0008E
00074
00059
0003F
00026
0000E
3FFF9
3FFE7
3FFD7
3FFCB
3FFC3
3FFBE
3FFBE
3FFC1
3FFC9
3FFD4
3FFE3
3FFF5
0000A
00021
0003A
00055
00070
0008C
000A7
000C1
000D9
000EF
00103
00114
00121
0012B
00130
00132
0012F
00129
0011F
00111
000FF
000EB
000D4
000BB
000A1
00086
0006B
00050
00036
0001D
00007
3FFF3
3FFE2
3FFD5
3FFCB
3FFC5
3FFC3
3FFC6
3FFCC
3FFD7
3FFE5
3FFF6
0000B
00022
0003B
00056
00072
0008E
000AA
000C5
000DF
000F6
0010C
0011E
0012C
00137
0013E
00141
00140
0013B
00131
00124
00113
000FF
000E9
000D0
000B5
0009A
0007E
00062
00047
0002D
00015
00000
3FFEE
3FFDF
3FFD4
3FFCC
3FFC9
3FFCB
3FFD0
3FFD9
3FFE7
3FFF8
0000C
00023
0003D
00058
00074
00091
000AE
000CA
000E5
000FE
00114
00128
00138
00145
0014D
00151
00151
0014D
00144
00138
00128
00114
000FE
000E5
000CA
000AE
00091
00074
00058
0003D
00024
0000E
3FFFA
3FFE9
3FFDD
3FFD4
3FFD0
3FFD0
3FFD4
3FFDC
3FFE9
3FFFA
0000D
00024
0003E
0005A
00076
00094
000B2
000CF
000EB
00106
0011E
00133
00145
00153
0015D
00162
00164
00160
00159
0014D
0013E
0012A
00114
000FB
000E0
000C3
000A6
00088
0006B
0004E
00034
0001C
00006
3FFF4
3FFE6
3FFDC
3FFD6
3FFD5
3FFD8
3FFE0
3FFEB
3FFFB
0000F
00026
0003F
0005B
00079
00097
000B6
000D5
000F2
0010E
00128
0013E
00152
00161
0016D
00174
00177
00175
0016E
00164
00155
00142
0012C
00112
000F7
000DA
000BB
0009C
0007E
00060
00044
0002B
00014
00000
3FFF0
3FFE4
3FFDD
3FFDA
3FFDC
3FFE3
3FFEE
3FFFD
00010
00027
00041
0005D
0007B
0009B
000BB
000DB
000FA
00117
00132
0014B
00160
00171
0017E
00187
0018B
0018B
00185
0017B
0016D
0015B
00144
0012B
0010F
000F1
000D2
000B2
00092
00073
00056
0003A
00022
0000C
3FFFB
3FFED
3FFE4
3FFE0
3FFE1
3FFE6
3FFF0
3FFFF
00012
00028
00043
0005F
0007E
0009F
000C0
000E1
00101
00121
0013E
00158
0016F
00182
00191
0019C
001A1
001A2
0019E
00195
00187
00175
0015F
00146
00129
0010B
000EB
000C9
000A8
00088
00068
0004B
00030
00019
00006
3FFF6
3FFEC
3FFE6
3FFE5
3FFE9
3FFF3
00001
00013
0002A
00044
00061
00081
000A3
000C5
000E8
0010A
0012B
0014A
00166
0017F
00194
001A5
001B2
001B9
001BB
001B8
001B0
001A3
00192
0017C
00162
00145
00126
00105
000E2
000C0
0009D
0007C
0005D
00040
00027
00011
00000
3FFF4
3FFEC
3FFEA
3FFED
3FFF5
00003
00015
0002B
00046
00064
00084
000A7
000CB
000EF
00113
00136
00157
00176
00191
001A8
001BB
001CA
001D3
001D7
001D5
001CE
001C2
001B1
0019B
00181
00164
00143
00121
000FD
000D9
000B4
00091
00070
00051
00035
0001D
0000A
3FFFC
3FFF3
3FFEF
3FFF0
3FFF8
00004
00016
0002D
00048
00066
00088
000AC
000D1
000F7
0011D
00143
00166
00187
001A5
001BE
001D4
001E4
001EF
001F5
001F4
001EF
001E3
001D2
001BD
001A3
00185
00163
00140
0011A
000F4
000CD
000A8
00084
00063
00045
0002B
00015
00004
3FFF9
3FFF4
3FFF4
3FFFA
00006
00017
0002E
00049
00069
0008B
000B1
000D8
00100
00129
00150
00176
0019A
001BA
001D7
001EF
00201
0020E
00216
00217
00213
00208
001F8
001E2
001C8
001A9
00186
00161
0013A
00111
000E9
000C1
0009A
00076
00055
00039
00020
0000D
00000
3FFF9
3FFF7
3FFFC
00008
00019
0002F
0004B
0006B
0008F
000B6
000E0
0010A
00135
00160
00189
001AF
001D3
001F2
0020D
00222
00232
0023B
0023E
0023B
00231
00221
0020C
001F1
001D1
001AD
00187
0015D
00132
00107
000DC
000B3
0008B
00067
00048
0002C
00017
00007
3FFFE
3FFFB
3FFFE
00009
00019
00030
0004C
0006E
00093
000BC
000E8
00115
00143
00171
0019D
001C8
001EE
00211
0022F
00247
00259
00265
0026A
00269
00260
00251
0023B
0021F
001FF
001D9
001B0
00185
00157
00128
000FA
000CD
000A3
0007B
00058
00039
00021
0000E
00002
3FFFE
00000
00009
0001A
00031
0004E
00070
00098
000C3
000F2
00122
00154
00185
001B5
001E3
0020E
00235
00256
00272
00287
00296
0029D
0029D
00295
00287
00271
00255
00233
0020B
001E0
001B1
00180
0014E
0011C
000EB
000BC
00091
0006A
00047
0002B
00016
00007
00000
00001
00009
00019
00030
0004E
00073
0009C
000CB
000FD
00131
00166
0019C
001D1
00204
00233
0025E
00284
002A4
002BD
002CF
002D8
002DA
002D4
002C6
002B0
00293
0026F
00245
00217
001E5
001B0
0017A
00143
0010D
000DA
000A9
0007D
00056
00036
0001D
0000B
00002
00001
00008
00018
0002F
0004F
00075
000A1
000D3
00109
00142
0017D
001B8
001F2
0022A
0025F
00290
002BB
002E0
002FD
00312
0031F
00323
0031E
00310
002FA
002DC
002B6
0028A
00258
00222
001E9
001AD
00171
00135
000FB
000C5
00093
00067
00042
00024
0000F
00002
3FFFF
00005
00015
0002D
0004E
00077
000A7
000DD
00118
00156
00197
001D9
0021A
00259
00295
002CD
002FE
00328
0034B
00365
00375
0037C
00379
0036C
00355
00335
0030D
002DE
002A7
0026C
0022C
001EA
001A7
00164
00123
000E5
000AD
0007A
0004E
0002B
00011
00001
3FFFB
00000
0000F
00029
0004C
00078
000AC
000E8
00129
0016F
001B8
00202
0024C
00294
002D9
00318
00352
00384
003AD
003CD
003E2
003EC
003EB
003DF
003C8
003A6
0037B
00347
0030B
002C8
00281
00237
001EA
0019E
00154
0010D
000CB
0008F
0005C
00032
00012
3FFFE
3FFF4
3FFF7
00006
00021
00047
00078
000B2
000F5
0013F
0018E
001E1
00237
0028C
002E0
00330
0037B
003C0
003FC
0042E
00455
00470
0047F
00481
00476
0045E
0043A
0040A
003D0
0038D
00341
002F0
0029A
00242
001E9
00192
0013F
000F0
000AA
0006C
00038
00011
3FFF6
3FFE9
3FFE9
3FFF8
00015
0003F
00076
000B8
00105
0015B
001B8
0021A
0027E
002E4
00348
003A9
00404
00457
004A1
004E0
00512
00536
0054B
00551
00548
00530
00508
004D3
00490
00442
003EA
0038B
00325
002BC
00252
001E8
00183
00123
000CC
0007F
0003E
0000B
3FFE8
3FFD4
3FFD2
3FFE0
00000
00030
00071
000C0
0011C
00184
001F4
0026C
002E9
00367
003E4
0045E
004D1
0053C
0059B
005EE
00631
00663
00684
00691
0068B
00672
00647
00609
005BA
0055C
004F1
0047B
003FD
0037A
002F4
0026E
001EC
00171
000FF
0009A
00044
3FFFF
3FFCD
3FFAF
3FFA7
3FFB6
3FFDB
00016
00067
000CB
00142
001C8
0025D
002FB
003A1
0044B
004F6
0059D
0063E
006D4
0075D
007D5
0083A
00889
008C1
008DF
008E3
008CC
0089B
00851
007EE
00775
006E8
0064A
0059F
004E9
0042E
00372
002B8
00205
0015F
000C8
00045
3FFD9
3FF89
3FF57
3FF44
3FF54
3FF86
3FFDC
00054
000EF
001A9
00282
00375
0047F
0059C
006C7
007FB
00933
00A6A
00B99
00CBC
00DCC
00EC5
00FA2
0105F
010F8
0116A
011B2
011D0
011C2
0118A
01128
010A0
00FF4
00F2A
00E3F
00D1D
00B1A
000F4
091D8
3842A
32DE4
12459
343DD
3F909
07848
34146
3C11B
0CE1B
14792
0901F
3FA98
3C88E
01A91
3CCD3
39840
004BC
31608
0188D
023EC
2D7D9
05CF8
0AC68
32163
05424
09C54
03E34
3BC07
10DA6
0FC78
014CF
3A39E
06B63
3D717
30E17
003C7
087F0
2EB56
05F8F
3B437
3E160
04299
0876B
1130C
3AE35
35DCA
3F0E3
3F8E0
04287
3A032
00521
0D427
36623
00D38
321F7
3CFAF
16BD1
3A319
06FB6
13155
3646E
05A08
2897E
04B0F
37B8F
3C0E5
09A7D
39B41
0E3C9
37F13
37EC9
3768C
3EA67
03437
00309
001EC
0A2D3
0D606
3EDDD
389BD
3F07B
0B921
38BAD
01122
3760D
071AA
00476
07DCB
0EC69
076F6
349B3
39491
33727
0DB00
38B7D
2BCC9
3E6B7
06C2B
0EE20
0A028
3CF52
01C8F
3E340
39A0D
2B213
0F89B
38D23
36B6E
30A15
0E2B5
38B1B
1F60F
0874C
39028
338F1
3FFDD
3E813
04B13
080D4
3DCD7
02481
16782
3FDB3
0172F
385B5
3EA5E
2BCCF
0063F
00A56
3BB8B
374A3
058A5
3B108
03D59
3EF60
3B829
08DC6
006D0
0D7AE
08562
0C0AD
08892
0B62C
017F8
0A82A
08944
08DBB
26E8B
3A7E1
3B167
0742D
3BA0C
36683
35561
0212E
01B10
03432
29380
318A3
363E6
3EB12
06D97
0D585
3BE9A
0F624
393CF
3B20B
3845C
01F77
3FA81
1426D
0563C
251E0
34AF7
046AD
0AA8B
070C0
0C89D
049AB
3F94F
026C5
0CCB6
04F0B
39D4B
3CF25
37082
3AA33
3A05D
02291
34DB2
3D247
398A0
0D4F5
38776
0BA9D
06258
03FAB
32D45
30F0B
3CE77
027C1
04073
3DA28
3AAE7
0FD35
39C7E
00DBA
1E887
0273F
0BEFF
34A7F
3E535
0A4A3
04EB8
3A482
0D618
12EDE
3C716
047B1
01AD3
3F33D
0BDC4
36480
365BC
3C9F1
31959
04B5F
03D2B
329F5
3936C
3C35C
3145C
3CAF4
3AD9C
0C946
397F9
3FE18
05F1A
06107
3529C
371FE
02929
03E36
14779
09360
2FE95
12818
006E7
3F290
06CF8
3769F
38F9F
3F17A
3992D
3165B
00175
3D221
042A8
03982
081EB
07A45
06374
06B47
08092
34A3B
01B38
3D13C
0881B
345CD
3AA5B
002F3
00B15
04FD7
2ADD4
10F6B
03E2E
0433A
358B2
3C437
3F951
34013
0B5C2
3D48F
0B1A7
3ADED
068D7
0778E
3A59D
00863
3DC7C
05B15
379E2
3E292
384BF
34B45
032D5
39496
3EED7
028E2
16794
3E44E
03E3E
10FA1
016B6
0CA69
0CE9A
132A7
0D8DA
0399A
2D327
31D68
05361
12957
05669
28822
03DAD
35A08
2C7E0
353CA
08122
043E2
05B64
3F6AE
3C2D6
34DAF
0E5AB
3EC04
3ADDE
03508
05455
3A429
0F517
347A6
0987C
00A9F
3DDDF
0327E
3B2EF
37212
2D65D
06BF5
38507
08E64
3DFE9
3D253
2CB59
05A74
34226
0E4B5
34376
2C8FA
09C51
3E562
01351
01503
059B8
0A13C
3FC37
0A487
337ED
022CE
0A37E
0406B
187ED
0DA73
0DB13
3098A
01FCB
3D18A
03853
031F9
3E7C3
3DA45
3759B
33B2B
3ABEC
0ABCA
0179C
3FC6A
0C8C0
1B318
064ED
091CF
38ADC
359A8
39833
02C94
0DD29
002C9
0807E
07D30
38ED2
31114
3764F
0594E
33145
0154A
2F6CD
06DEB
07CFA
00BA7
32102
045B4
08B16
01FEA
02895
39BA6
050E1
3CBCD
3742A
08B4E
050ED
013E0
07D51
04292
3EB9A
0036A
07FC8
3FAEC
3CCC6
34479
3868F
3E28B
3F847
3E3B8
0B01C
2C820
3EC0B
03805
3BE37
3E5DF
0AAEC
3B6DE
39F48
0DCAA
3FF33
04CA9
3B941
397B8
09DC4
004BD
08113
0E819
10CA8
3F678
37AC9
0B910
32687
387BE
3F6D0
3E9A4
0D8C9
0648B
39BA9
03592
036D6
3FBE5
3CA86
2CE73
3D7FD
071D0
0FF40
031BF
3E6B5
3B09F
3F7EB
023D2
00B65
38799
11190
06A46
06D43
3FD7A
0803F
07005
0B01E
3E209
3A172
0770E
13382
057B9
3FD3B
0A020
00935
3601A
3D275
04E7B
010D8
04C9C
03BE5
3E510
375BE
3D724
327A5
033A4
1436D
140C0
3DFC3
34B01
04E46
3A48E
0383C
3CFA1
1123E
0778C
046DD
0201A
06F8A
037DA
01520
172F0
3EC37
0170A
02702
05DB1
0273C
34CB9
38614
11347
118DF
02452
3D13F
00000
0AE4D
00A6D
096EB
3121F
0953A
062A9
044B7
3C629
38C5F
00367
0D148
3C9E6
33186
3A08F
0B340
3DA5B
07F74
360AA
3AF28
3A955
0D88F
0AB96
36F17
10EA9
0A33D
2DA35
3101B
3FF2D
08B34
0C902
08CD9
337F6
2DA97
091C5
313C3
354B0
0059C
01506
3FD2B
37FCA
34AAA
3B118
2A0F5
3BFC4
37F8E
334D6
0774F
07027
362D4
0DEF5
3BA43
3A5F3
068A7
3DD73
38771
32D66
041D3
3E2E1
3122D
04A8E
2E4E5
2F330
3665B
0A859
3E3E5
3F35D
087A9
01445
0DE07
33C22
276D4
094B2
0FE26
35948
0F523
310FA
06183
38BFA
35C4F
30200
07364
3B222
02A9D
39FD4
09F9A
362D3
37590
0608A
378F0
01449
0B486
13A71
38145
371C2
096DB
042FA
3EEF6
0C85D
0897F
3D642
03C40
072D7
0221A
2E469
0046D
09564
3C26A
029E6
34BDA
3B947
018F3
07510
0991F
0632A
29A06
3ADE5
3B6BF
0D602
374C1
3B58A
0151F
0D8C8
2C6B0
0B303
3D750
30EE6
0BE7C
0ED79
3B355
3EADD
0D211
2D5B4
10875
03041
04078
3E47D
0080D
32ED6
36F84
3FD96
3DCC6
3C55A
39577
0A2B8
3CE0F
39E01
3F072
3A816
3F62C
3A315
3F7E6
0A7E5
35C87
017CB
34950
07459
3EA61
30DFB
3D3CA
3A3A9
38DFE
024A1
3AD1A
09DEC
05084
38305
01F58
10104
0423F
0B08C
2D90D
05F99
3884F
393D9
3797D
33BE3
0D3F8
3F39E
35274
02A8E
092A4
0F042
3AE02
022C7
37765
3941C
0F268
29E73
06A41
07F29
3DF90
09773
02419
0FB45
06DCE
042BD
00DDD
3769B
02E76
3BBBF
344F4
0D829
005FB
30A33
0327B
097BD
36DB6
0092E
0E165
382B8
38B78
09F9A
3A4FD
08EDA
3842B
031C5
32ADC
22FB9
3A728
3D124
03A52
38144
009C0
0D274
0953E
029E5
042E9
05355
02FF5
045EA
07BAD
36BAB
06C8D
2DB54
3E88D
3F167
3BCEE
17321
2F6D0
36955
00856
3E9B9
0D6B6
3D00A
076B3
3B34A
32CDD
2CAE2
0D8F6
0F8E8
029E0
3B68D
0C5C5
3CBF8
38628
05458
32F0B
3C579
32566
014B7
38317
126B4
0A9D3
3B249
0749B
03CB3
09266
3BD29
3597C
05A32
3954A
01B13
31CFA
07EF8
3A69D
2D204
3A80F
02F42
00D1D
3C52E
052E5
376E2
07C95
0097C
35482
0DDF9
2BE4C
02BA5
03FC3
0DC99
37FD5
0728E
3B6BE
040B3
0AF65
03161
3A6D2
0904C
00A17
0C9E6
3D211
00F44
30FC7
02718
05555
31970
355F3
02C18
07E4B
39B40
2E53E
0AD24
07076
133BE
39D4A
3EDAB
3D0E4
04AF6
0409A
0684D
344BD
07698
015C7
35577
071F3
054F7
044E3
018D0
026AB
01699
3AE87
1272D
086C4
37811
2F795
0180F
331F8
3C886
06837
2A9F5
0159D
37DAB
3C15E
38953
3BC9D
3F1C2
011B3
37D1E
11CBB
0E012
3CA21
375D0
34ABF
01683
33F76
3F7FE
04BFD
06020
050EE
3F456
05C6B
37297
3A274
0AE2B
3EAEF
3B052
07EEF
00BF2
0918C
02694
2EE5A
3E36C
125C3
0C886
0D0CD
3E489
0341B
08F84
32F63
3B925
3682D
2B580
3EC31
348DD
03AAF
082D4
050E1
3E341
3208E
37CBC
0E868
2F9C4
3BBE8
0649F
056B2
04D1F
3E1EF
0AC71
034E3
00677
01012
06D18
01CB4
06474
1141C
00725
3A3ED
3C2A1
35F72
3DA24
3D972
3E2E6
2C1BB
34CA7
01642
09416
3DB9E
0420E
00461
017DF
17AF9
3A2BA
3E7A9
06A18
3F80B
00FFB
0BD5A
3BFED
39489
3C68A
35FB8
3D1F1
30CDE
00C9E
31B6A
06B43
38393
094BC
0C147
0C0DD
31F68
05F70
0409A
366FA
08097
3A642
25565
3FC4C
3B851
0B3DD
118E6
37920
0E882
3E961
0D233
17372
31E11
37D2F
3BB1C
01025
36A72
3A99E
39B75
38870
15449
06191
03262
3A1F9
36CB1
36E99
3C539
3D130
3DC90
008CE
3DC60
0094F
0D592
0830C
02DC4
3B486
33B71
3C1A8
012A4
360D2
0BED0
37E68
00194
37CBD
08278
082AB
007AC
00EED
0BE04
2A9B7
03EB8
00F05
3C4C9
3CD16
04E31
3DB37
299BE
05CDE
39F13
00C1C
00360
03709
3CB66
0B21D
3D35A
0952D
08FF9
3FCD2
09C88
04B39
14BB4
36832
0006C
3FDF9
0FF5D
0467A
3D078
3B2B3
013FA
3C80E
3D7D2
3DE60
3E2D1
3E658
3E95B
3EC08
3EE79
3F0B9
3F2CF
3F4C1
3F68F
3F83C
3F9C7
3FB30
3FC78
3FD9C
3FE9E
3FF7D
00039
000D2
00149
0019F
001D4
001EA
001E2
001C0
00185
00133
000CD
00057
3FFD3
3FF44
3FEAE
3FE14
3FD78
3FCDF
3FC4B
3FBBF
3FB3D
3FAC8
3FA61
3FA0B
3F9C7
3F995
3F977
3F96D
3F976
3F993
3F9C1
3FA01
3FA50
3FAAC
3FB15
3FB87
3FC01
3FC7F
3FD00
3FD81
3FDFE
3FE77
3FEE9
3FF51
3FFAE
3FFFE
00040
00072
00095
000A7
000A9
0009B
0007D
00050
00016
3FFD0
3FF7F
3FF26
3FEC7
3FE63
3FDFD
3FD97
3FD33
3FCD3
3FC7A
3FC29
3FBE1
3FBA5
3FB76
3FB54
3FB3F
3FB3A
3FB42
3FB59
3FB7D
3FBAE
3FBEB
3FC32
3FC82
3FCD8
3FD34
3FD93
3FDF4
3FE54
3FEB0
3FF09
3FF5B
3FFA4
3FFE4
0001A
00044
00061
00071
00074
00069
00052
0002F
00000
3FFC7
3FF85
3FF3C
3FEEE
3FE9B
3FE46
3FDF1
3FD9D
3FD4D
3FD02
3FCBD
3FC81
3FC4E
3FC26
3FC09
3FBF8
3FBF4
3FBFB
3FC0F
3FC2E
3FC59
3FC8D
3FCCA
3FD0F
3FD59
3FDA8
3FDFA
3FE4D
3FE9E
3FEEE
3FF39
3FF7E
3FFBD
3FFF2
0001E
00040
00057
00062
00061
00055
0003E
0001C
3FFF0
3FFBC
3FF80
3FF3E
3FEF6
3FEAC
3FE60
3FE15
3FDCB
3FD85
3FD43
3FD08
3FCD4
3FCAA
3FC88
3FC72
3FC66
3FC65
3FC6F
3FC84
3FCA3
3FCCB
3FCFD
3FD36
3FD75
3FDBA
3FE02
3FE4C
3FE96
3FEDF
3FF26
3FF68
3FFA4
3FFDA
00007
0002B
00046
00057
0005D
00058
00049
00030
0000D
3FFE2
3FFAF
3FF76
3FF38
3FEF5
3FEB1
3FE6B
3FE26
3FDE3
3FDA5
3FD6B
3FD37
3FD0B
3FCE7
3FCCC
3FCBB
3FCB4
3FCB7
3FCC5
3FCDC
3FCFC
3FD25
3FD55
3FD8D
3FDC9
3FE0A
3FE4D
3FE91
3FED6
3FF18
3FF57
3FF92
3FFC7
3FFF5
0001C
0003A
0004E
00059
0005A
00051
0003F
00024
00000
3FFD5
3FFA2
3FF6B
3FF2F
3FEF0
3FEAF
3FE6F
3FE2F
3FDF3
3FDBA
3FD86
3FD59
3FD34
3FD16
3FD01
3FCF5
3FCF3
3FCFA
3FD0B
3FD25
3FD47
3FD70
3FDA0
3FDD6
3FE11
3FE4E
3FE8E
3FECE
3FF0D
3FF4A
3FF83
3FFB8
3FFE7
0000E
0002F
00046
00055
0005B
00058
0004B
00036
00018
3FFF3
3FFC7
3FF95
3FF5F
3FF25
3FEE9
3FEAC
3FE6F
3FE35
3FDFD
3FDCA
3FD9C
3FD75
3FD55
3FD3D
3FD2E
3FD27
3FD29
3FD34
3FD48
3FD64
3FD88
3FDB2
3FDE2
3FE18
3FE50
3FE8B
3FEC8
3FF04
3FF3E
3FF76
3FFAA
3FFD9
00002
00024
0003F
00051
0005B
0005C
00054
00044
0002C
0000C
3FFE6
3FFB9
3FF87
3FF52
3FF1A
3FEE1
3FEA7
3FE6E
3FE38
3FE06
3FDD8
3FDAF
3FD8D
3FD73
3FD60
3FD56
3FD53
3FD5A
3FD69
3FD7F
3FD9E
3FDC3
3FDEE
3FE1E
3FE52
3FE8A
3FEC2
3FEFC
3FF34
3FF6B
3FF9E
3FFCD
3FFF7
0001B
00037
0004C
0005A
0005F
0005B
00050
0003D
00022
00000
3FFD8
3FFAB
3FF7A
3FF46
3FF0F
3FED8
3FEA2
3FE6D
3FE3B
3FE0D
3FDE4
3FDC0
3FDA4
3FD8E
3FD80
3FD7A
3FD7C
3FD87
3FD99
3FDB2
3FDD2
3FDF9
3FE25
3FE55
3FE88
3FEBE
3FEF4
3FF2B
3FF60
3FF92
3FFC1
3FFEC
00011
00030
00047
00058
00060
00061
00059
0004A
00034
00017
3FFF4
3FFCB
3FF9D
3FF6D
3FF3A
3FF05
3FED1
3FE9D
3FE6C
3FE3E
3FE14
3FDEF
3FDD1
3FDB9
3FDA8
3FD9E
3FD9D
3FDA3
3FDB1
3FDC6
3FDE2
3FE04
3FE2B
3FE57
3FE87
3FEBA
3FEEE
3FF22
3FF56
3FF88
3FFB6
3FFE1
00007
00028
00042
00055
00060
00064
00061
00056
00044
0002B
0000C
3FFE7
3FFBD
3FF90
3FF60
3FF2E
3FEFB
3FEC9
3FE99
3FE6B
3FE41
3FE1B
3FDFB
3FDE0
3FDCD
3FDC0
3FDBB
3FDBE
3FDC8
3FDD8
3FDF0
3FE0E
3FE32
3FE5B
3FE87
3FEB7
3FEE8
3FF1A
3FF4C
3FF7D
3FFAC
3FFD7
3FFFE
0001F
0003B
00051
0005F
00067
00067
00060
00052
0003C
00021
00000
3FFDA
3FFB0
3FF83
3FF53
3FF23
3FEF2
3FEC2
3FE95
3FE6A
3FE44
3FE22
3FE06
3FDF0
3FDE1
3FDD9
3FDD8
3FDDE
3FDEB
3FDFF
3FE19
3FE39
3FE5E
3FE87
3FEB4
3FEE3
3FF13
3FF44
3FF73
3FFA1
3FFCD
3FFF4
00017
00035
0004C
0005E
00068
0006B
00068
0005D
0004C
00034
00017
3FFF4
3FFCD
3FFA3
3FF76
3FF47
3FF18
3FEE9
3FEBC
3FE92
3FE6B
3FE48
3FE2A
3FE12
3FE00
3FDF5
3FDF1
3FDF3
3FDFD
3FE0D
3FE24
3FE40
3FE62
3FE88
3FEB2
3FEDE
3FF0C
3FF3B
3FF6A
3FF97
3FFC3
3FFEB
0000F
0002E
00047
0005B
00068
0006E
0006E
00067
00059
00045
0002B
0000B
3FFE8
3FFC0
3FF95
3FF69
3FF3B
3FF0E
3FEE1
3FEB7
3FE8F
3FE6C
3FE4C
3FE33
3FE1E
3FE11
3FE09
3FE09
3FE0F
3FE1C
3FE2F
3FE48
3FE66
3FE89
3FEB0
3FEDA
3FF06
3FF33
3FF61
3FF8E
3FFB9
3FFE1
00006
00026
00042
00057
00067
00070
00073
0006F
00065
00054
0003D
00021
00000
3FFDB
3FFB3
3FF88
3FF5D
3FF30
3FF04
3FEDA
3FEB2
3FE8E
3FE6D
3FE52
3FE3C
3FE2B
3FE21
3FE1E
3FE21
3FE2A
3FE3A
3FE50
3FE6B
3FE8B
3FEAF
3FED7
3FF01
3FF2C
3FF58
3FF84
3FFAF
3FFD8
3FFFD
0001F
0003B
00053
00065
00071
00077
00076
0006E
00061
0004D
00034
00016
3FFF4
3FFCE
3FFA6
3FF7C
3FF51
3FF26
3FEFC
3FED4
3FEAF
3FE8D
3FE70
3FE58
3FE46
3FE39
3FE33
3FE33
3FE39
3FE46
3FE58
3FE70
3FE8D
3FEAF
3FED4
3FEFC
3FF26
3FF50
3FF7B
3FFA6
3FFCE
3FFF4
00017
00035
0004E
00063
00071
00079
0007B
00077
0006C
0005C
00046
0002B
0000B
3FFE8
3FFC2
3FF99
3FF70
3FF46
3FF1C
3FEF4
3FECF
3FEAC
3FE8E
3FE74
3FE60
3FE51
3FE48
3FE45
3FE48
3FE52
3FE61
3FE76
3FE90
3FEAF
3FED1
3FEF7
3FF1F
3FF49
3FF73
3FF9D
3FFC5
3FFEB
0000E
0002E
00049
0005F
00070
0007B
0007F
0007E
00076
00069
00056
0003E
00021
00000
3FFDC
3FFB5
3FF8D
3FF64
3FF3B
3FF13
3FEED
3FECA
3FEAB
3FE8F
3FE79
3FE68
3FE5C
3FE57
3FE57
3FE5E
3FE6A
3FE7C
3FE94
3FEB0
3FED0
3FEF3
3FF1A
3FF42
3FF6B
3FF94
3FFBC
3FFE2
00006
00027
00043
0005B
0006E
0007B
00082
00084
0007F
00075
00064
0004F
00035
00016
3FFF4
3FFD0
3FFA9
3FF81
3FF59
3FF31
3FF0B
3FEE8
3FEC7
3FEAA
3FE92
3FE7F
3FE71
3FE69
3FE67
3FE6A
3FE74
3FE83
3FE98
3FEB1
3FECF
3FEF0
3FF14
3FF3B
3FF63
3FF8B
3FFB3
3FFD9
3FFFE
0001F
0003D
00056
0006B
0007B
00084
00088
00087
0007F
00072
0005F
00047
0002B
0000B
3FFE8
3FFC3
3FF9D
3FF75
3FF4E
3FF28
3FF04
3FEE3
3FEC5
3FEAB
3FE96
3FE86
3FE7B
3FE76
3FE77
3FE7E
3FE8A
3FE9C
3FEB3
3FECE
3FEEE
3FF10
3FF35
3FF5B
3FF83
3FFAA
3FFD0
3FFF5
00017
00036
00051
00068
00079
00086
0008C
0008D
00088
0007D
0006D
00058
0003F
00021
00000
3FFDC
3FFB7
3FF91
3FF6A
3FF44
3FF20
3FEFE
3FEDF
3FEC3
3FEAC
3FE9A
3FE8D
3FE86
3FE85
3FE89
3FE92
3FEA1
3FEB6
3FECE
3FEEB
3FF0C
3FF2F
3FF54
3FF7B
3FFA1
3FFC8
3FFED
0000F
0002F
0004C
00064
00077
00086
0008F
00092
00090
00088
0007A
00068
00051
00035
00016
3FFF4
3FFD0
3FFAB
3FF85
3FF5F
3FF3B
3FF18
3FEF8
3FEDC
3FEC3
3FEAF
3FEA0
3FE96
3FE92
3FE94
3FE9B
3FEA7
3FEB9
3FECF
3FEEA
3FF08
3FF2A
3FF4E
3FF73
3FF99
3FFBF
3FFE4
00007
00028
00046
0005F
00075
00085
00090
00096
00096
00091
00086
00076
00062
00048
0002B
0000B
3FFE9
3FFC4
3FF9F
3FF7A
3FF55
3FF32
3FF11
3FEF4
3FEDA
3FEC4
3FEB3
3FEA7
3FEA0
3FE9F
3FEA4
3FEAE
3FEBD
3FED1
3FEE9
3FF06
3FF25
3FF48
3FF6C
3FF91
3FFB6
3FFDB
3FFFF
00020
0003F
0005A
00071
00084
00091
00099
0009C
00099
00091
00084
00071
0005A
0003F
00021
00000
3FFDD
3FFB8
3FF94
3FF6F
3FF4C
3FF2A
3FF0C
3FEF0
3FED9
3FEC6
3FEB8
3FEAF
3FEAB
3FEAD
3FEB5
3FEC1
3FED3
3FEE9
3FF03
3FF21
3FF42
3FF65
3FF89
3FFAE
3FFD3
3FFF7
00019
00038
00055
0006D
00082
00091
0009C
000A1
000A0
0009B
00090
00080
0006B
00052
00036
00016
3FFF5
3FFD1
3FFAD
3FF89
3FF65
3FF43
3FF24
3FF07
3FEEE
3FED9
3FEC9
3FEBE
3FEB8
3FEB7
3FEBC
3FEC6
3FED6
3FEE9
3FF02
3FF1E
3FF3D
3FF5E
3FF82
3FFA6
3FFCA
3FFEE
00011
00031
0004F
00069
0007F
00090
0009D
000A4
000A7
000A3
0009B
0008D
0007B
00064
0004A
0002C
0000B
3FFE9
3FFC5
3FFA1
3FF7E
3FF5C
3FF3B
3FF1E
3FF03
3FEED
3FEDB
3FECD
3FEC5
3FEC2
3FEC5
3FECC
3FED9
3FEEB
3FF01
3FF1B
3FF38
3FF58
3FF7A
3FF9E
3FFC2
3FFE6
00009
0002A
00048
00064
0007B
0008F
0009D
000A7
000AC
000AB
000A5
0009A
0008A
00075
0005C
00040
00021
00000
3FFDD
3FFBA
3FF96
3FF74
3FF53
3FF34
3FF19
3FF01
3FEED
3FEDD
3FED3
3FECE
3FECD
3FED3
3FEDD
3FEEC
3FF00
3FF18
3FF34
3FF52
3FF74
3FF96
3FFBA
3FFDD
00001
00022
00042
0005E
00077
0008D
0009D
000A9
000B0
000B2
000AE
000A5
00097
00085
0006E
00054
00036
00016
3FFF5
3FFD2
3FFAE
3FF8C
3FF6A
3FF4B
3FF2E
3FF14
3FEFF
3FEEE
3FEE1
3FED9
3FED7
3FEDA
3FEE2
3FEEF
3FF00
3FF16
3FF30
3FF4D
3FF6D
3FF8F
3FFB2
3FFD5
3FFF8
0001A
0003B
00058
00073
0008A
0009C
000AA
000B3
000B7
000B6
000B0
000A4
00094
0007F
00067
0004B
0002C
0000B
3FFE9
3FFC6
3FFA3
3FF82
3FF61
3FF44
3FF29
3FF11
3FEFE
3FEF0
3FEE6
3FEE1
3FEE2
3FEE7
3FEF2
3FF01
3FF15
3FF2D
3FF49
3FF67
3FF88
3FFAA
3FFCD
3FFF0
00012
00033
00052
0006E
00086
0009B
000AB
000B6
000BC
000BD
000B9
000B0
000A2
0008F
00079
0005F
00041
00021
00000
3FFDE
3FFBB
3FF99
3FF78
3FF59
3FF3D
3FF24
3FF0F
3FEFF
3FEF3
3FEEC
3FEEA
3FEED
3FEF6
3FF03
3FF15
3FF2B
3FF45
3FF62
3FF81
3FFA2
3FFC5
3FFE8
0000A
0002C
0004B
00068
00082
00098
000AA
000B8
000C0
000C3
000C2
000BB
000AF
0009F
0008A
00071
00056
00037
00016
3FFF5
3FFD2
3FFB0
3FF8F
3FF6F
3FF52
3FF38
3FF21
3FF0F
3FF01
3FEF7
3FEF3
3FEF4
3FEFA
3FF05
3FF15
3FF29
3FF41
3FF5C
3FF7B
3FF9B
3FFBD
3FFE0
00002
00024
00044
00062
0007E
00095
000A9
000B9
000C3
000C9
000C9
000C5
000BB
000AD
0009A
00084
00069
0004C
0002D
0000B
3FFE9
3FFC7
3FFA5
3FF85
3FF67
3FF4B
3FF33
3FF1F
3FF0F
3FF03
3FEFD
3FEFC
3FEFF
3FF08
3FF16
3FF28
3FF3E
3FF58
3FF75
3FF94
3FFB5
3FFD8
3FFFA
0001C
0003D
0005C
00079
00092
000A7
000B9
000C6
000CD
000D0
000CE
000C7
000BB
000AA
00095
0007C
00061
00042
00022
00000
3FFDE
3FFBC
3FF9B
3FF7C
3FF5F
3FF46
3FF30
3FF1E
3FF10
3FF08
3FF04
3FF05
3FF0C
3FF17
3FF27
3FF3B
3FF54
3FF6F
3FF8D
3FFAE
3FFD0
3FFF2
00014
00036
00056
00073
0008E
000A5
000B8
000C7
000D1
000D6
000D6
000D1
000C8
000B9
000A6
0008F
00075
00057
00038
00017
3FFF5
3FFD3
3FFB1
3FF91
3FF74
3FF59
3FF41
3FF2D
3FF1E
3FF13
3FF0D
3FF0C
3FF10
3FF19
3FF27
3FF3A
3FF50
3FF6A
3FF87
3FFA7
3FFC8
3FFEA
0000C
0002E
0004F
0006D
00089
000A2
000B7
000C8
000D4
000DC
000DE
000DB
000D4
000C7
000B6
000A1
00088
0006C
0004D
0002D
0000B
3FFE9
3FFC8
3FFA7
3FF88
3FF6C
3FF53
3FF3D
3FF2C
3FF1F
3FF17
3FF13
3FF15
3FF1C
3FF28
3FF38
3FF4D
3FF65
3FF81
3FFA0
3FFC0
3FFE2
00004
00026
00047
00067
00084
0009F
000B5
000C8
000D6
000E0
000E5
000E4
000DF
000D5
000C6
000B2
0009B
00080
00063
00043
00022
00000
3FFDE
3FFBD
3FF9D
3FF80
3FF65
3FF4E
3FF3A
3FF2B
3FF21
3FF1C
3FF1B
3FF20
3FF2A
3FF38
3FF4B
3FF61
3FF7C
3FF99
3FFB9
3FFDA
3FFFC
0001E
00040
00060
0007F
0009B
000B3
000C8
000D8
000E4
000EB
000ED
000E9
000E1
000D4
000C3
000AD
00094
00078
00059
00038
00017
3FFF5
3FFD3
3FFB3
3FF94
3FF78
3FF5F
3FF4A
3FF39
3FF2C
3FF25
3FF22
3FF24
3FF2C
3FF38
3FF49
3FF5E
3FF77
3FF93
3FFB1
3FFD2
3FFF4
00016
00038
00059
00079
00096
000B0
000C6
000D9
000E7
000F0
000F4
000F3
000ED
000E2
000D3
000BF
000A7
0008C
0006F
0004F
0002D
0000B
3FFE9
3FFC8
3FFA9
3FF8B
3FF71
3FF5A
3FF47
3FF38
3FF2F
3FF2A
3FF2A
3FF2F
3FF39
3FF48
3FF5B
3FF72
3FF8D
3FFAA
3FFCA
3FFEC
0000E
00030
00052
00073
00091
000AC
000C5
000D9
000E9
000F4
000FB
000FC
000F8
000F0
000E2
000D0
000BA
000A1
00084
00065
00044
00022
00000
3FFDE
3FFBE
3FF9F
3FF84
3FF6B
3FF56
3FF45
3FF39
3FF32
3FF30
3FF33
3FF3A
3FF47
3FF59
3FF6E
3FF87
3FFA4
3FFC3
3FFE4
00006
00028
0004B
0006C
0008B
000A8
000C2
000D8
000EA
000F8
00101
00104
00103
000FD
000F1
000E1
000CD
000B5
00099
0007B
0005B
00039
00017
3FFF5
3FFD3
3FFB4
3FF97
3FF7C
3FF66
3FF53
3FF45
3FF3B
3FF37
3FF37
3FF3D
3FF47
3FF57
3FF6B
3FF82
3FF9E
3FFBC
3FFDC
3FFFE
00020
00043
00065
00085
000A4
000BF
000D7
000EB
000FB
00106
0010C
0010D
00109
000FF
000F1
000DF
000C8
000AE
00091
00071
00050
0002E
0000B
3FFEA
3FFC9
3FFAA
3FF8F
3FF76
3FF61
3FF51
3FF45
3FF3E
3FF3D
3FF40
3FF48
3FF56
3FF68
3FF7E
3FF98
3FFB5
3FFD4
3FFF6
00018
0003B
0005E
0007F
0009E
000BB
000D5
000EB
000FD
0010A
00113
00116
00114
0010D
00101
000F1
000DC
000C3
000A7
00088
00067
00045
00022
00000
3FFDF
3FFBF
3FFA1
3FF87
3FF71
3FF5E
3FF50
3FF47
3FF43
3FF44
3FF4A
3FF55
3FF65
3FF7A
3FF92
3FFAE
3FFCD
3FFEE
00010
00033
00056
00078
00099
000B7
000D3
000EB
000FF
0010E
00119
0011E
0011F
0011A
00110
00102
000EF
000D7
000BC
0009F
0007E
0005D
0003A
00017
3FFF5
3FFD4
3FFB5
3FF99
3FF81
3FF6C
3FF5C
3FF50
3FF4A
3FF49
3FF4D
3FF56
3FF64
3FF76
3FF8D
3FFA8
3FFC5
3FFE6
00008
0002B
0004E
00071
00093
000B3
000D0
000EA
00100
00111
0011E
00126
00129
00127
0011F
00112
00101
000EC
000D2
000B5
00096
00074
00052
0002E
0000B
3FFEA
3FFCA
3FFAC
3FF92
3FF7B
3FF69
3FF5B
3FF52
3FF4E
3FF50
3FF57
3FF63
3FF73
3FF89
3FFA2
3FFBE
3FFDE
3FFFF
00023
00046
0006A
0008C
000AE
000CC
000E8
00100
00114
00123
0012D
00133
00132
0012D
00123
00113
000FF
000E7
000CC
000AD
0008C
0006A
00046
00023
00000
3FFDF
3FFC0
3FFA4
3FF8B
3FF76
3FF66
3FF5B
3FF55
3FF54
3FF59
3FF63
3FF71
3FF85
3FF9C
3FFB8
3FFD6
3FFF7
0001A
0003E
00062
00086
000A8
000C8
000E5
000FF
00115
00127
00134
0013B
0013E
0013B
00133
00125
00113
000FD
000E2
000C5
000A4
00082
0005F
0003B
00017
3FFF5
3FFD4
3FFB6
3FF9C
3FF85
3FF73
3FF65
3FF5D
3FF59
3FF5C
3FF63
3FF70
3FF81
3FF97
3FFB1
3FFCF
3FFEF
00012
00036
0005A
0007E
000A2
000C3
000E2
000FE
00117
0012A
0013A
00144
00149
00148
00142
00137
00127
00112
000F9
000DC
000BD
0009B
00077
00053
0002F
0000B
3FFEA
3FFCA
3FFAE
3FF95
3FF80
3FF70
3FF65
3FF60
3FF5F
3FF64
3FF6F
3FF7E
3FF93
3FFAB
3FFC8
3FFE7
00009
0002D
00052
00077
0009B
000BE
000DF
000FD
00117
0012D
0013F
0014B
00153
00155
00151
00148
0013A
00127
00110
000F4
000D6
000B4
00091
0006C
00048
00023
00000
3FFDF
3FFC1
3FFA6
3FF8F
3FF7C
3FF6F
3FF67
3FF64
3FF67
3FF6F
3FF7C
3FF8F
3FFA6
3FFC1
3FFE0
00001
00025
0004A
0006F
00094
000B8
000DB
000FA
00117
0012F
00143
00152
0015C
00161
00160
00159
0014D
0013C
00126
0010C
000EF
000CE
000AB
00086
00061
0003C
00017
3FFF5
3FFD5
3FFB8
3FF9E
3FF8A
3FF7A
3FF6F
3FF6A
3FF6A
3FF70
3FF7B
3FF8B
3FFA1
3FFBA
3FFD8
3FFF9
0001C
00041
00067
0008D
000B2
000D6
000F8
00116
00131
00147
00159
00165
0016C
0016E
0016A
00160
00151
0013D
00124
00108
000E8
000C5
000A1
0007B
00055
00030
0000C
3FFEA
3FFCB
3FFAF
3FF98
3FF86
3FF78
3FF70
3FF6E
3FF71
3FF7A
3FF89
3FF9C
3FFB4
3FFD1
3FFF1
00013
00038
0005F
00085
000AC
000D1
000F4
00115
00132
0014A
0015F
0016E
00177
0017B
0017A
00173
00166
00154
0013D
00121
00102
000E0
000BC
00096
0006F
00049
00024
00000
3FFDF
3FFC1
3FFA8
3FF93
3FF83
3FF78
3FF73
3FF74
3FF7A
3FF87
3FF98
3FFAF
3FFCA
3FFE9
0000B
00030
00056
0007D
000A5
000CB
000F0
00112
00132
0014D
00164
00176
00182
00189
0018A
00185
0017A
0016A
00155
0013B
0011D
000FC
000D8
000B2
0008B
00063
0003D
00018
3FFF5
3FFD5
3FFB9
3FFA1
3FF8E
3FF81
3FF79
3FF78
3FF7C
3FF85
3FF95
3FFAA
3FFC3
3FFE1
00002
00027
0004D
00075
0009D
000C5
000EC
00110
00131
0014F
00168
0017D
0018C
00196
00199
00197
0018F
00181
0016E
00156
00139
00118
000F5
000CF
000A7
0007F
00057
00030
0000C
3FFEA
3FFCB
3FFB1
3FF9C
3FF8B
3FF81
3FF7C
3FF7E
3FF85
3FF92
3FFA5
3FFBD
3FFD9
3FFFA
0001E
00044
0006C
00095
000BE
000E6
0010D
00130
00150
0016C
00184
00196
001A2
001A9
001A9
001A4
00198
00187
00171
00155
00136
00113
000ED
000C5
0009C
00073
0004B
00024
00000
3FFDF
3FFC2
3FFAA
3FF97
3FF8A
3FF82
3FF81
3FF85
3FF90
3FFA1
3FFB7
3FFD2
3FFF2
00015
0003B
00063
0008D
000B7
000E1
00109
0012F
00151
00170
0018A
0019F
001AE
001B8
001BB
001B8
001AF
001A0
0018C
00172
00154
00131
0010C
000E4
000BA
00090
00067
0003E
00018
3FFF5
3FFD5
3FFBA
3FFA4
3FF94
3FF89
3FF85
3FF87
3FF8F
3FF9D
3FFB2
3FFCB
3FFE9
0000C
00032
0005A
00085
000B0
000DA
00104
0012C
00151
00173
00190
001A8
001BA
001C7
001CD
001CD
001C7
001BA
001A8
00190
00173
00151
0012C
00104
000DA
000AF
00084
0005A
00032
0000C
3FFEA
3FFCC
3FFB3
3FF9F
3FF92
3FF8A
3FF89
3FF8F
3FF9B
3FFAD
3FFC5
3FFE1
00003
00028
00051
0007C
000A8
000D4
000FF
00129
00151
00175
00195
001B0
001C6
001D6
001DF
001E2
001DF
001D5
001C4
001AE
00193
00172
0014E
00126
000FC
000D0
000A3
00078
0004D
00025
00000
3FFDF
3FFC3
3FFAC
3FF9B
3FF91
3FF8D
3FF90
3FF99
3FFA9
3FFBE
3FFDA
3FFFA
0001F
00047
00072
0009F
000CD
000FA
00126
00150
00177
0019A
001B8
001D1
001E4
001F1
001F7
001F7
001EF
001E2
001CD
001B4
00194
00171
00149
0011F
000F2
000C5
00097
0006B
00040
00018
3FFF5
3FFD5
3FFBB
3FFA7
3FF99
3FF92
3FF92
3FF98
3FFA5
3FFB9
3FFD2
3FFF1
00015
0003D
00069
00096
000C5
000F4
00122
0014E
00178
0019E
001C0
001DC
001F3
00203
0020D
0020F
0020B
00200
001EE
001D6
001B8
00195
0016E
00144
00117
000E8
000B9
0008A
0005D
00033
0000C
3FFE9
3FFCC
3FFB4
3FFA3
3FF98
3FF95
3FF98
3FFA2
3FFB4
3FFCB
3FFE9
0000C
00033
0005F
0008D
000BC
000ED
0011D
0014C
00179
001A2
001C7
001E7
00201
00215
00222
00228
00227
0021F
00210
001FA
001DE
001BC
00196
0016B
0013E
0010E
000DD
000AD
0007D
00050
00026
00000
3FFDF
3FFC4
3FFAE
3FFA0
3FF99
3FF99
3FFA1
3FFAF
3FFC5
3FFE1
00002
00029
00054
00083
000B4
000E6
00118
00149
00179
001A5
001CE
001F2
00210
00228
00238
00242
00245
00240
00233
00220
00205
001E5
001BF
00195
00167
00137
00105
000D2
000A0
00070
00043
00019
3FFF4
3FFD5
3FFBC
3FFAA
3FF9F
3FF9C
3FFA0
3FFAB
3FFBE
3FFD8
3FFF9
0001F
0004A
00078
000AA
000DE
00112
00146
00179
001A9
001D5
001FC
0021E
0023A
0024F
0025D
00263
00262
00258
00247
0022F
00211
001EC
001C2
00194
00163
0012F
000FB
000C6
00093
00063
00035
0000C
3FFE9
3FFCC
3FFB6
3FFA7
3FF9F
3FFA0
3FFA8
3FFB9
3FFD0
3FFEF
00014
0003F
0006E
000A0
000D5
0010C
00142
00178
001AB
001DB
00207
0022E
0024E
00267
00279
00284
00286
00280
00272
0025C
00240
0021C
001F3
001C5
00193
0015E
00128
000F1
000BA
00086
00055
00028
00000
3FFDE
3FFC3
3FFB0
3FFA5
3FFA1
3FFA6
3FFB4
3FFC9
3FFE5
00009
00033
00062
00095
000CC
00104
0013E
00176
001AE
001E2
00212
0023D
00262
00281
00297
002A6
002AD
002AA
002A0
0028D
00273
00251
00228
001FA
001C8
00192
00159
0011F
000E6
000AE
00079
00047
0001A
3FFF4
3FFD4
3FFBC
3FFAC
3FFA4
3FFA5
3FFAF
3FFC1
3FFDC
3FFFE
00027
00056
0008A
000C2
000FC
00138
00175
001B0
001E8
0021E
0024E
00278
0029C
002B8
002CC
002D7
002D9
002D2
002C3
002AB
0028B
00264
00236
00203
001CB
00191
00154
00117
000DB
000A1
0006B
00039
0000D
3FFE8
3FFCA
3FFB5
3FFA8
3FFA5
3FFAB
3FFBA
3FFD1
3FFF2
00019
00048
0007D
000B6
000F3
00132
00172
001B2
001EF
0022A
00260
00290
002B9
002DB
002F5
00306
0030D
0030B
002FF
002EA
002CC
002A7
0027A
00246
0020D
001D1
00191
00151
00110
000D1
00095
0005E
0002B
00000
3FFDC
3FFC1
3FFAF
3FFA6
3FFA7
3FFB2
3FFC6
3FFE4
0000B
00039
0006E
000A9
000E8
0012A
0016F
001B3
001F6
00237
00273
002AB
002DB
00304
00324
0033B
00349
0034C
00345
00334
00319
002F5
002C9
00295
0025B
0021D
001DA
00195
0014F
0010B
000C8
0008A
00051
0001E
3FFF3
3FFD0
3FFB7
3FFA8
3FFA3
3FFA9
3FFBA
3FFD5
3FFF9
00026
0005C
00098
000DA
00121
0016A
001B4
001FE
00246
0028B
002CA
00303
00335
0035D
0037C
00391
0039B
0039A
0038E
00378
00356
0032C
002F8
002BD
0027B
00235
001EB
001A0
00154
0010A
000C2
00080
00044
00010
3FFE4
3FFC2
3FFAB
3FF9F
3FF9E
3FFA9
3FFC0
3FFE2
0000E
00043
00082
000C7
00112
00162
001B3
00206
00258
002A7
002F1
00336
00373
003A7
003D2
003F1
00405
0040C
00408
003F7
003DA
003B2
0037F
00343
002FE
002B3
00263
0020F
001BA
00165
00112
000C4
0007B
00039
00000
3FFD1
3FFAE
3FF97
3FF8C
3FF8F
3FF9F
3FFBC
3FFE6
0001C
0005C
000A5
000F7
00150
001AC
0020C
0026D
002CC
00328
0037E
003CE
00415
00452
00483
004A7
004BE
004C6
004C1
004AC
0048A
0045B
0041F
003D7
00386
0032D
002CD
00269
00203
0019D
00139
000DA
00081
00030
3FFEA
3FFB0
3FF83
3FF65
3FF57
3FF59
3FF6B
3FF8E
3FFC0
00002
00052
000AF
00117
00189
00202
0027F
00300
00381
003FF
00479
004EB
00554
005B0
005FF
0063F
0066D
0068A
00693
00689
0066B
00639
005F5
0059F
00538
004C3
00441
003B5
00321
00288
001EC
00152
000BC
0002D
3FFA9
3FF33
3FECD
3FE7B
3FE40
3FE1E
3FE16
3FE2C
3FE61
3FEB7
3FF2E
3FFC7
00083
00162
00264
00388
004D0
00639
007C4
00971
00B3F
00D31
00F47
01187
013F8
016A5
019A8
01D2F
021A0
0282E
037F2
3EC06
04D4D
02F88
3B986
300A3
00207
3FF94
097CE
2B44C
3B4C7
36378
0032E
37007
36AD3
02CA6
34DE3
0349A
3C8F7
3FCA0
3F3E4
060ED
3A322
16642
024C9
3B1CF
032EA
03B37
3F0FB
3C148
15649
341FC
3F113
3F854
37D55
37D88
08343
3FE6C
08198
34130
09F2E
3ED5C
03E58
0C48F
04B7A
3D23C
37CF4
32A6E
3F6B1
023A0
3F732
02370
02ED0
03AC7
09167
0934F
05E07
3CD9E
39E6F
2ABB7
07790
0648B
05662
0958E
3EFDB
044E4
082D1
0E1EF
28C8E
32DCD
0169F
3177E
086E0
2E71A
34C23
047AF
003B4
1AA9B
059BE
37F69
09906
3BF66
3A090
0E098
33F23
33EB9
36B44
07C6D
394BD
0E496
3F362
0F322
02E0F
0A048
03976
06B77
04013
342A6
3F005
007F5
395E8
01857
05D46
28507
3E821
3FB9F
3BDF2
02462
36BEA
3E9BE
0B359
13E45
01D1A
0268E
025DC
0A08E
03D5F
05C13
3F8DB
2EBE4
39B8C
3E34C
392E8
3EFEE
3F989
3CB1D
3538F
01E11
3B2E1
3A94E
39B61
04418
1063C
31798
08344
0DF72
01CBF
3AF1F
37D2C
3C551
0B723
013CF
14A80
097D3
046DB
0D09D
3707C
3CBE5
01B77
32F33
3377A
2DA3D
01C94
111A6
3D96C
36E74
3F40E
38111
04FAE
01511
351D5
05D8C
08D69
3A395
00BAA
3AF12
39FE0
3B403
00802
0C08A
3E97D
0B541
08A30
035DF
31FEE
2E345
082E2
3EE4D
00E3E
04363
076AD
03EA2
08255
3EA63
1560B
397C9
0377A
0CE08
3E7F1
1086B
087EF
3793C
2D8D3
05179
3E967
3D955
3E730
3BB1D
3AB09
38E0D
0AA89
3EA39
38968
0BB43
397B3
3BF66
3B50A
02F1C
01255
062B6
2CC42
38F8A
352DC
11AC2
064C0
381B5
3D3E8
0AA0D
0E690
3AAAB
3D8E8
0F039
3F0BC
02DEF
3361A
3F5E9
36FB4
0592E
3CE9F
3509B
3BF4D
04942
38D72
0802B
32367
3C03D
3D45B
141B4
32207
0AB7E
3F684
3836B
0891E
3AD1B
03AD2
3F2E3
3D0BE
057F1
12DFC
05963
38108
0E306
3E4ED
06AB6
3A5CE
0A684
042D7
36D9A
3C34D
38B65
04DB7
3562D
2D94C
07CE9
3EB49
0DA9A
03A87
0D0F5
3ABA8
079D8
03408
33A3B
04973
3D620
30718
3270A
1351E
0D323
04CB6
3894D
02FF6
3294A
01647
3F7AA
096AB
10930
28CDF
04312
00E99
01773
124AC
39373
09455
38453
3BA16
3D00B
3ACAB
3BD17
3D61B
36AC2
32D8C
3F640
07EBC
3C5AE
02EDC
058D8
1D047
0D524
3CE3B
07BD5
37126
05B03
36066
07488
07D48
31E9B
3F6D2
0924A
36843
3CD85
0F5CD
3FA05
327D7
0BB0C
04441
3D18A
08965
3F223
3BD43
39232
304BB
3DBE7
3688D
02070
380D7
395BF
1618D
30D98
06BE4
0889B
3DD39
051FE
30FBE
36D5C
3D572
0AD8C
00C62
32C08
0C41D
08683
06C27
077B1
3A067
126F3
34F74
3BDC1
2FEFC
3E0A8
07CFB
3AF7C
36214
052E6
3DB5F
07202
05C57
02C36
0F205
0159F
38BA7
0B6B0
3E835
0A379
3581B
0081A
05CEB
009D4
057EA
00F8E
061FF
031F1
35D48
06A89
03AA6
0233A
0026A
0907C
0D12A
3F7F3
01B83
3BF88
3CFBF
2F78B
12A4C
32DEF
01523
04CAB
31287
34184
0F11A
028B0
34CFD
13950
32738
3EAE1
04A76
08B3F
329FE
04941
0521B
165FA
39CD6
366E1
38AF0
3E70D
046B9
0B426
3D61A
03D96
36A9C
3FB93
11B97
3DDE6
38D29
3C3C0
029BE
37681
337A3
0110A
3BD06
36925
08E3E
07EBB
2C58F
34B7A
3EBB7
08710
39F76
08A70
09D2D
36066
0602C
3D563
04DDE
38C9C
0FE00
0A3B1
07406
39E7D
0EF06
30ADD
0A6B8
301DA
36B4E
1892C
0C3DE
321F9
3EBBB
37857
00CA3
01C1B
357A7
099A5
10CD0
11B1B
3B572
0EDD3
01D1F
3BE2D
0D29A
0788F
0228D
39759
05A0D
045BD
3210B
09D2C
38FD9
388B1
0CB2A
08072
0403C
15F0B
04EE8
0B556
08036
002D5
3EAFA
3FA64
0AB50
0EC3D
36E3B
12569
0C80A
37327
336FE
374CC
000D3
0EFE5
125CB
35CC3
2F157
090E9
3546A
32771
056AB
050D8
09F56
3808C
025A5
34CC0
05F71
0CE7A
0361A
32EB8
3FC99
073A1
039D7
3BB49
39D57
36AC6
0EDE1
36915
3F593
351B3
00000
3956E
31C3A
006F6
2A603
00A32
33A33
38F49
3F08C
3C0D2
0AC7F
02CBD
3F267
027BC
32B7F
13F22
02780
13B79
069CF
027D8
37213
02F22
05089
02CDC
0593F
01868
38BFD
2C246
39AB4
0212E
06A27
37F80
33CA2
0506D
3F616
3BAC7
2B998
0A0C7
2F898
3092C
06D81
37537
3FC66
29F67
051F6
35545
29008
042A5
3B276
3BA6B
363DD
3FB4F
06029
0A75A
02601
37F79
3E0A9
38288
0134E
3D6EA
3D70A
38EB7
3B9DC
3C396
00A94
3EAF1
32CA6
0AFA0
079C3
3EF3C
3BF9D
315CC
03A95
09D68
360BF
3B307
39431
01251
3FDD1
3E020
3707F
386AD
044DB
027B6
113B5
38B97
37E25
09273
070F3
00B54
3E263
3C0DE
0D8F4
0A847
3D402
0B92D
01D0A
057F1
38B4B
043FC
04448
2D150
04949
01FDF
312DD
09232
0FF5D
09656
3F79B
366AE
3F408
0DD05
38D72
36DDF
01E13
215BA
3C621
369EB
0DADF
3B1F5
05F01
3FA1D
0A5CA
332DB
0AB53
3AF08
2C593
33650
0C494
36FDD
3C7E3
082FB
05C68
0BBFA
320ED
00571
3EBD7
3FE6E
3C127
00BAA
2D14C
0C281
3F545
3D367
097AB
08D57
2B663
08485
3F963
0EB3B
3AF32
3FF28
0D449
296CC
389E3
3C00B
3ECA7
3D34D
01896
34939
0B66B
34EEF
3324F
373CE
0648D
044B2
0CC73
02869
08EFF
3FE6E
06277
3C3DC
36765
067CD
0E500
30D9F
37CD1
12583
3E6AB
2C33B
07538
3F09E
0C7CC
3ADD4
378BD
3E2DD
3AD7D
07686
351BA
04826
0D6BF
3C1F9
0A53A
1709C
015AB
02E19
040E8
308FA
30EC1
0445F
05E6E
29C31
0A12B
35077
265C6
3F4E0
387B7
3F6BB
02C95
0EF94
3F738
02395
0EA04
0DDDE
3B64E
3E940
028D4
0C3C5
2E065
3A589
08614
052C2
3C278
01984
3C883
3E0C0
38CC6
3C862
07149
38B32
02B2A
0B32B
322D4
0AD55
332BF
355DD
39534
077D0
03803
3AE21
3C635
00F49
32F7E
0E0B1
30BE4
3EEC9
3D447
06DCB
25855
3E06B
16860
3C380
09023
06C64
3E754
3ADD1
0D899
087EE
2B66A
3C21E
3C077
34658
072F7
0CF31
0B17A
0F0DF
00E0E
06819
003F6
27BE3
022C4
0029B
3C5AB
3F675
3E7CD
038EF
30DBE
0B6ED
3FD65
0BAF4
04713
3FB50
01E6F
046FA
38367
01F3D
0E3B4
29FC6
2DCB6
3E8D3
0A140
3799A
08091
3B514
0A590
07642
02A96
380D2
0928E
352FC
0DC23
34EDC
05110
02BB6
329AF
348D6
3F682
35D58
0670F
3E22E
05202
30F5C
3ACD9
0715B
05D67
36910
09E7E
3F349
3B847
3929D
055BC
35B5D
04E3D
0AC30
090F7
35125
12D07
07AB8
13DFC
03C20
3EFC3
3B023
03AB2
02563
39B5F
30765
3DE61
35E04
37302
03152
3403F
010A2
36FEA
02387
383DB
3173D
367E7
0C42B
00F90
0A388
07423
3EC76
028DC
00499
01903
31984
03536
306FA
05E1D
1407E
04C89
078BF
35FDB
009BF
073E8
0194C
39FD2
3E09E
0B173
0C966
2FE47
3850D
01431
0BFD2
10F76
04E51
007F3
3C176
38455
3C991
0696A
3644B
3E34E
3DE71
04A2F
2F53C
3A97D
045BD
38B27
07D08
00E3A
3E24B
3A02A
343C8
12462
0F04A
2C859
06598
07D29
3D197
3DA80
06178
027E8
39D15
0C27B
32473
078E7
3A5B7
36B63
344C0
09355
08A95
3E01A
334C7
33608
018BA
3400A
04606
2F315
0590C
022C9
10E74
01D7E
3A523
0D727
003EF
3898F
05C15
09668
08E4F
38482
01957
39CE3
3AED1
05E7C
0178C
3D7CE
3B2D4
3462E
1251F
09463
064C3
0D030
03BB3
018FC
3EC99
3419E
2520E
00306
3481A
3F5A7
05225
37A1E
065DD
3F924
38F6A
0BFD2
33A9F
3D70B
2F801
0171C
07CED
3AFA3
10006
3B915
0D87B
02F46
187E0
3E2EE
33D42
3AF2C
10FCF
34141
2D331
0878A
088B8
0E9B2
38E61
0920B
03374
01D49
398AC
367B7
04EC1
39288
3FBF5
38020
3A825
2F9C0
0D8D1
3EB87
04BDD
0518C
0E09B
328B8
09944
3F355
02F8A
34173
011D4
3EB2D
38353
3E912
3F14D
33AFB
3C35B
02A81
35457
06377
3AC5B
009AB
05FF8
389AE
11E2E
02166
15B97
3A1C3
04753
2EAFE
09DE8
12100
3E391
33DBE
3B0F7
01410
0033C
3FFE7
3FF24
3FF35
3FF99
00020
000B1
00144
001D2
00256
002CF
0033A
00397
003E5
00422
0044E
0046A
00473
0046C
00453
00429
003EF
003A6
0034E
002E9
00278
001FE
0017A
000F0
00061
3FFCF
3FF3D
3FEAC
3FE1F
3FD97
3FD17
3FCA0
3FC34
3FBD5
3FB84
3FB41
3FB0F
3FAEC
3FADB
3FADA
3FAE9
3FB08
3FB36
3FB72
3FBBB
3FC0F
3FC6C
3FCD0
3FD3A
3FDA7
3FE15
3FE82
3FEED
3FF52
3FFB0
00006
00051
00091
000C3
000E8
000FF
00108
00101
000ED
000CA
0009B
0005F
00019
3FFCA
3FF74
3FF18
3FEB8
3FE57
3FDF6
3FD97
3FD3C
3FCE8
3FC9B
3FC57
3FC1E
3FBF1
3FBD0
3FBBD
3FBB7
3FBBE
3FBD3
3FBF5
3FC22
3FC5B
3FC9D
3FCE8
3FD39
3FD90
3FDE9
3FE45
3FE9F
3FEF7
3FF4B
3FF99
3FFDF
0001C
0004F
00077
00093
000A3
000A6
0009C
00086
00064
00037
00000
3FFC0
3FF79
3FF2C
3FEDB
3FE88
3FE34
3FDE1
3FD91
3FD46
3FD01
3FCC4
3FC90
3FC66
3FC46
3FC33
3FC2B
3FC2F
3FC40
3FC5B
3FC82
3FCB3
3FCED
3FD2E
3FD76
3FDC2
3FE12
3FE63
3FEB4
3FF03
3FF4E
3FF94
3FFD3
0000A
00038
0005C
00075
00083
00086
0007D
00068
00049
00020
3FFEE
3FFB4
3FF74
3FF2E
3FEE4
3FE99
3FE4C
3FE02
3FDBA
3FD76
3FD38
3FD02
3FCD3
3FCAE
3FC93
3FC83
3FC7E
3FC83
3FC94
3FCAF
3FCD4
3FD02
3FD39
3FD76
3FDB8
3FDFF
3FE49
3FE93
3FEDD
3FF25
3FF69
3FFA8
3FFE0
00011
00039
00058
0006D
00077
00077
0006C
00056
00037
0000F
3FFDF
3FFA8
3FF6A
3FF29
3FEE4
3FE9E
3FE57
3FE13
3FDD1
3FD94
3FD5C
3FD2C
3FD03
3FCE4
3FCCE
3FCC2
3FCC0
3FCC8
3FCDB
3FCF7
3FD1C
3FD4A
3FD7E
3FDB9
3FDF9
3FE3B
3FE80
3FEC6
3FF0A
3FF4C
3FF8A
3FFC2
3FFF5
00020
00042
0005C
0006C
00072
0006E
00060
00049
00028
00000
3FFD0
3FF9A
3FF5F
3FF21
3FEE0
3FE9E
3FE5C
3FE1D
3FDE0
3FDA9
3FD77
3FD4D
3FD2A
3FD0F
3FCFE
3FCF7
3FCF9
3FD04
3FD19
3FD37
3FD5D
3FD8B
3FDBF
3FDF8
3FE35
3FE74
3FEB5
3FEF6
3FF36
3FF72
3FFAB
3FFDE
0000B
00030
0004D
00061
0006C
0006E
00067
00056
0003C
0001B
3FFF2
3FFC2
3FF8D
3FF53
3FF17
3FED9
3FE9B
3FE5E
3FE23
3FDEC
3FDBA
3FD8D
3FD68
3FD4A
3FD35
3FD29
3FD26
3FD2B
3FD3A
3FD52
3FD72
3FD99
3FDC7
3FDFA
3FE32
3FE6D
3FEAA
3FEE8
3FF25
3FF60
3FF97
3FFCB
3FFF9
00020
00040
00058
00067
0006E
0006B
00060
0004C
00031
0000D
3FFE3
3FFB4
3FF7F
3FF47
3FF0D
3FED2
3FE97
3FE5E
3FE27
3FDF5
3FDC8
3FDA1
3FD80
3FD68
3FD58
3FD50
3FD51
3FD5A
3FD6C
3FD86
3FDA8
3FDD0
3FDFE
3FE31
3FE68
3FEA1
3FEDC
3FF16
3FF50
3FF86
3FFBA
3FFE8
00011
00033
0004E
00061
0006C
0006E
00068
00059
00043
00025
00000
3FFD5
3FFA5
3FF72
3FF3B
3FF03
3FECB
3FE93
3FE5D
3FE2B
3FDFD
3FDD5
3FDB2
3FD97
3FD83
3FD77
3FD74
3FD79
3FD86
3FD9B
3FDB7
3FDDA
3FE04
3FE32
3FE65
3FE9A
3FED2
3FF0A
3FF42
3FF77
3FFAA
3FFD9
00003
00027
00045
0005B
00069
0006F
0006E
00064
00052
00039
00019
3FFF3
3FFC7
3FF97
3FF64
3FF2F
3FEF9
3FEC3
3FE8F
3FE5D
3FE2F
3FE05
3FDE1
3FDC3
3FDAD
3FD9D
3FD96
3FD96
3FD9F
3FDAF
3FDC7
3FDE5
3FE0A
3FE34
3FE63
3FE95
3FECA
3FEFF
3FF35
3FF6A
3FF9C
3FFCB
3FFF6
0001C
0003B
00054
00065
0006F
00072
0006C
0005F
0004A
0002E
0000D
3FFE5
3FFB9
3FF8A
3FF57
3FF24
3FEF0
3FEBC
3FE8B
3FE5D
3FE32
3FE0D
3FDED
3FDD4
3FDC2
3FDB7
3FDB3
3FDB8
3FDC4
3FDD7
3FDF1
3FE12
3FE38
3FE63
3FE91
3FEC3
3FEF6
3FF2A
3FF5D
3FF8F
3FFBE
3FFE9
00010
00031
0004D
00061
0006E
00074
00072
00069
00059
00041
00023
00000
3FFD8
3FFAB
3FF7C
3FF4B
3FF19
3FEE7
3FEB6
3FE88
3FE5D
3FE36
3FE15
3FDF9
3FDE4
3FDD6
3FDCF
3FDD0
3FDD8
3FDE7
3FDFD
3FE1A
3FE3C
3FE63
3FE8E
3FEBD
3FEEE
3FF20
3FF52
3FF83
3FFB1
3FFDD
00005
00028
00045
0005C
0006C
00075
00077
00071
00065
00051
00038
00018
3FFF3
3FFCA
3FF9E
3FF6F
3FF3F
3FF0E
3FEDE
3FEB0
3FE85
3FE5E
3FE3B
3FE1D
3FE06
3FDF5
3FDEB
3FDE8
3FDEC
3FDF8
3FE0A
3FE22
3FE41
3FE65
3FE8D
3FEB8
3FEE7
3FF17
3FF47
3FF77
3FFA5
3FFD1
3FFFA
0001E
0003D
00056
00069
00075
0007A
00078
0006F
00060
0004A
0002D
0000C
3FFE6
3FFBD
3FF90
3FF62
3FF33
3FF04
3FED7
3FEAB
3FE83
3FE5F
3FE40
3FE26
3FE13
3FE06
3FE00
3FE01
3FE08
3FE17
3FE2C
3FE47
3FE67
3FE8C
3FEB5
3FEE0
3FF0E
3FF3D
3FF6C
3FF9A
3FFC6
3FFEF
00014
00034
0004F
00065
00074
0007C
0007D
00078
0006C
00059
00041
00023
00000
3FFD9
3FFAF
3FF83
3FF56
3FF28
3FEFB
3FED0
3FEA7
3FE82
3FE62
3FE46
3FE30
3FE21
3FE17
3FE15
3FE19
3FE24
3FE36
3FE4D
3FE6A
3FE8C
3FEB2
3FEDB
3FF07
3FF34
3FF62
3FF8F
3FFBA
3FFE4
0000A
0002C
00048
00060
00071
0007D
00081
0007F
00076
00067
00052
00037
00018
3FFF4
3FFCC
3FFA2
3FF76
3FF4A
3FF1D
3FEF2
3FECA
3FEA4
3FE82
3FE65
3FE4D
3FE3B
3FE2F
3FE29
3FE2A
3FE32
3FE40
3FE54
3FE6E
3FE8D
3FEB0
3FED6
3FF00
3FF2C
3FF58
3FF84
3FFB0
3FFD9
00000
00023
00041
0005B
0006E
0007C
00084
00085
0007F
00073
00061
0004A
0002D
0000C
3FFE7
3FFBF
3FF95
3FF6A
3FF3E
3FF14
3FEEB
3FEC5
3FEA2
3FE83
3FE69
3FE55
3FE46
3FE3E
3FE3C
3FE40
3FE4B
3FE5C
3FE72
3FE8E
3FEAE
3FED3
3FEFA
3FF24
3FF4F
3FF7A
3FFA5
3FFCE
3FFF6
00019
00039
00055
0006B
0007B
00085
00089
00087
0007E
0006F
0005B
00041
00023
00000
3FFDA
3FFB2
3FF88
3FF5E
3FF34
3FF0B
3FEE4
3FEC0
3FEA0
3FE85
3FE6E
3FE5D
3FE52
3FE4D
3FE4F
3FE56
3FE64
3FE78
3FE90
3FEAE
3FED0
3FEF5
3FF1D
3FF46
3FF71
3FF9B
3FFC4
3FFEB
00010
00031
0004E
00066
00079
00085
0008C
0008D
00087
0007B
0006A
00053
00037
00017
3FFF4
3FFCD
3FFA5
3FF7C
3FF52
3FF2A
3FF03
3FEDE
3FEBD
3FEA0
3FE88
3FE74
3FE67
3FE5F
3FE5E
3FE62
3FE6D
3FE7E
3FE93
3FEAE
3FECD
3FEF0
3FF16
3FF3E
3FF67
3FF91
3FFBA
3FFE1
00007
00029
00047
00061
00076
00085
0008E
00092
0008F
00086
00078
00064
0004B
0002D
0000C
3FFE7
3FFC1
3FF99
3FF70
3FF48
3FF21
3FEFC
3FED9
3FEBB
3FEA1
3FE8C
3FE7C
3FE71
3FE6D
3FE6F
3FE77
3FE84
3FE97
3FEAF
3FECC
3FEED
3FF10
3FF37
3FF5F
3FF87
3FFB0
3FFD8
3FFFD
00020
00040
0005B
00072
00083
0008F
00095
00095
00090
00084
00073
0005C
00041
00022
00000
3FFDB
3FFB4
3FF8C
3FF65
3FF3D
3FF18
3FEF5
3FED6
3FEBA
3FEA3
3FE91
3FE84
3FE7D
3FE7C
3FE81
3FE8B
3FE9C
3FEB1
3FECB
3FEEA
3FF0B
3FF30
3FF57
3FF7E
3FFA6
3FFCE
3FFF4
00017
00038
00055
0006D
00081
0008F
00098
0009B
00098
0008F
00080
0006D
00054
00038
00017
3FFF4
3FFCF
3FFA8
3FF81
3FF5A
3FF34
3FF11
3FEF0
3FED3
3FEBA
3FEA6
3FE97
3FE8D
3FE89
3FE8C
3FE93
3FEA1
3FEB4
3FECB
3FEE7
3FF07
3FF2A
3FF4F
3FF76
3FF9D
3FFC4
3FFEA
0000E
00030
0004E
00068
0007E
0008E
00099
0009F
0009F
00098
0008D
0007C
00066
0004C
0002D
0000C
3FFE8
3FFC2
3FF9C
3FF75
3FF4F
3FF2B
3FF0A
3FEEB
3FED1
3FEBB
3FEAA
3FE9E
3FE98
3FE97
3FE9C
3FEA7
3FEB7
3FECC
3FEE6
3FF03
3FF24
3FF48
3FF6D
3FF94
3FFBB
3FFE1
00005
00028
00047
00063
0007A
0008D
0009A
000A2
000A4
000A1
00098
0008A
00076
0005E
00042
00022
00000
3FFDC
3FFB6
3FF90
3FF6A
3FF46
3FF24
3FF04
3FEE8
3FED0
3FEBD
3FEAF
3FEA6
3FEA3
3FEA5
3FEAD
3FEBB
3FECD
3FEE5
3FF00
3FF1F
3FF41
3FF65
3FF8B
3FFB1
3FFD7
3FFFC
0001F
0003F
0005C
00076
0008A
0009A
000A4
000A9
000A8
000A2
00096
00085
00070
00056
00038
00017
3FFF4
3FFCF
3FFAA
3FF84
3FF60
3FF3D
3FF1D
3FEFF
3FEE6
3FED1
3FEC0
3FEB5
3FEAF
3FEAF
3FEB5
3FEBF
3FED0
3FEE4
3FEFE
3FF1B
3FF3B
3FF5E
3FF83
3FFA8
3FFCE
3FFF3
00016
00038
00056
00071
00087
00099
000A5
000AD
000AF
000AB
000A2
00093
00080
00068
0004D
0002D
0000C
3FFE8
3FFC3
3FF9E
3FF79
3FF56
3FF35
3FF16
3FEFB
3FEE4
3FED2
3FEC5
3FEBD
3FEBA
3FEBD
3FEC5
3FED2
3FEE5
3FEFC
3FF17
3FF36
3FF57
3FF7B
3FF9F
3FFC5
3FFEA
0000E
00030
0004F
0006B
00083
00097
000A6
000AF
000B4
000B3
000AC
000A0
0008F
0007A
00060
00043
00023
00000
3FFDC
3FFB7
3FF93
3FF6F
3FF4D
3FF2E
3FF11
3FEF9
3FEE4
3FED5
3FECA
3FEC5
3FEC5
3FECB
3FED6
3FEE6
3FEFB
3FF14
3FF31
3FF51
3FF73
3FF97
3FFBC
3FFE0
00005
00027
00048
00065
0007F
00094
000A5
000B1
000B8
000B9
000B5
000AC
0009E
0008A
00073
00057
00038
00017
3FFF4
3FFD0
3FFAC
3FF88
3FF65
3FF45
3FF27
3FF0D
3FEF7
3FEE5
3FED9
3FED1
3FECF
3FED2
3FEDB
3FEE8
3FEFB
3FF12
3FF2C
3FF4B
3FF6C
3FF8F
3FFB3
3FFD7
3FFFC
0001F
00040
0005E
0007A
00091
000A4
000B2
000BB
000BF
000BE
000B7
000AB
0009A
00084
0006B
0004E
0002E
0000C
3FFE8
3FFC4
3FFA0
3FF7D
3FF5C
3FF3D
3FF22
3FF0A
3FEF6
3FEE8
3FEDE
3FED9
3FEDA
3FEE0
3FEEB
3FEFB
3FF10
3FF29
3FF45
3FF65
3FF87
3FFAA
3FFCE
3FFF3
00016
00038
00058
00074
0008D
000A2
000B2
000BE
000C4
000C5
000C1
000B7
000A8
00095
0007D
00062
00044
00023
00000
3FFDC
3FFB9
3FF95
3FF74
3FF54
3FF37
3FF1D
3FF08
3FEF7
3FEEB
3FEE4
3FEE2
3FEE6
3FEEE
3FEFC
3FF0F
3FF26
3FF41
3FF5F
3FF7F
3FFA2
3FFC6
3FFEA
0000D
00030
00050
0006E
00089
0009F
000B2
000BF
000C8
000CB
000C9
000C2
000B6
000A5
0008F
00076
00059
00039
00017
3FFF4
3FFD1
3FFAD
3FF8B
3FF6A
3FF4C
3FF31
3FF1A
3FF07
3FEF9
3FEEF
3FEEB
3FEEC
3FEF3
3FEFE
3FF0F
3FF23
3FF3C
3FF59
3FF78
3FF9A
3FFBD
3FFE1
00004
00027
00049
00068
00084
0009C
000B0
000C0
000CB
000D1
000D1
000CC
000C2
000B4
000A0
00088
0006D
0004F
0002E
0000C
3FFE8
3FFC5
3FFA2
3FF81
3FF62
3FF45
3FF2D
3FF18
3FF07
3FEFC
3FEF5
3FEF4
3FEF8
3FF01
3FF0F
3FF22
3FF39
3FF54
3FF72
3FF92
3FFB4
3FFD8
3FFFC
0001F
00041
00061
0007E
00098
000AE
000C0
000CD
000D5
000D8
000D6
000CE
000C2
000B0
0009A
00081
00064
00044
00023
00000
3FFDD
3FFBA
3FF98
3FF78
3FF5A
3FF40
3FF29
3FF16
3FF09
3FF00
3FEFC
3FEFE
3FF04
3FF10
3FF21
3FF36
3FF4F
3FF6B
3FF8B
3FFAC
3FFCF
3FFF3
00016
00039
0005A
00078
00094
000AC
000BF
000CF
000D9
000DE
000DE
000D9
000CF
000BF
000AC
00094
00079
0005A
0003A
00017
3FFF4
3FFD1
3FFAF
3FF8E
3FF6F
3FF53
3FF3B
3FF26
3FF16
3FF0B
3FF05
3FF04
3FF09
3FF12
3FF20
3FF34
3FF4B
3FF66
3FF84
3FFA4
3FFC6
3FFEA
0000D
00030
00052
00072
0008F
000A8
000BE
000CF
000DC
000E3
000E6
000E3
000DB
000CE
000BC
000A6
0008D
00070
00050
0002E
0000C
3FFE9
3FFC6
3FFA4
3FF84
3FF67
3FF4D
3FF37
3FF25
3FF17
3FF0F
3FF0C
3FF0E
3FF15
3FF21
3FF32
3FF47
3FF61
3FF7D
3FF9D
3FFBE
3FFE1
00004
00028
0004A
0006B
00089
000A4
000BC
000CF
000DE
000E8
000EC
000EC
000E6
000DC
000CC
000B8
000A0
00085
00066
00045
00023
00000
3FFDD
3FFBB
3FF9A
3FF7B
3FF60
3FF48
3FF34
3FF24
3FF1A
3FF14
3FF14
3FF18
3FF22
3FF31
3FF44
3FF5C
3FF77
3FF95
3FFB6
3FFD8
3FFFC
0001F
00042
00063
00083
0009F
000B9
000CE
000DF
000EB
000F2
000F4
000F1
000E9
000DB
000C9
000B3
00099
0007C
0005C
0003A
00017
3FFF4
3FFD2
3FFB0
3FF90
3FF73
3FF5A
3FF44
3FF32
3FF25
3FF1D
3FF1A
3FF1D
3FF24
3FF31
3FF42
3FF58
3FF71
3FF8E
3FFAE
3FFD0
3FFF3
00016
0003A
0005C
0007C
0009A
000B5
000CC
000E0
000EE
000F7
000FC
000FB
000F5
000EA
000DA
000C5
000AD
00091
00072
00051
0002F
0000C
3FFE9
3FFC6
3FFA6
3FF87
3FF6C
3FF54
3FF41
3FF31
3FF27
3FF22
3FF22
3FF27
3FF31
3FF41
3FF54
3FF6C
3FF88
3FFA6
3FFC7
3FFEA
0000D
00031
00054
00075
00095
000B1
000CA
000DF
000F0
000FC
00102
00104
00100
000F7
000EA
000D7
000C0
000A6
00088
00068
00046
00023
00000
3FFDD
3FFBC
3FF9C
3FF7F
3FF66
3FF50
3FF3E
3FF32
3FF2A
3FF28
3FF2B
3FF33
3FF40
3FF52
3FF68
3FF82
3FF9F
3FFBF
3FFE1
00004
00028
0004C
0006E
0008E
000AC
000C7
000DE
000F1
000FF
00108
0010C
0010B
00104
000F9
000E8
000D3
000BB
0009E
0007F
0005E
0003B
00018
3FFF4
3FFD2
3FFB1
3FF93
3FF78
3FF60
3FF4C
3FF3E
3FF34
3FF2F
3FF2F
3FF35
3FF40
3FF50
3FF64
3FF7C
3FF98
3FFB7
3FFD9
3FFFC
0001F
00043
00066
00088
000A7
000C4
000DD
000F1
00102
0010D
00114
00115
00111
00107
000F9
000E6
000CF
000B4
00096
00075
00053
0002F
0000C
3FFE9
3FFC7
3FFA7
3FF8A
3FF71
3FF5B
3FF4A
3FF3E
3FF37
3FF35
3FF38
3FF41
3FF4E
3FF61
3FF77
3FF92
3FFB0
3FFD0
3FFF3
00016
0003A
0005E
00081
000A1
000BF
000DA
000F1
00104
00112
0011A
0011E
0011C
00115
00109
000F8
000E3
000C9
000AC
0008C
0006B
00047
00024
00000
3FFDD
3FFBC
3FF9E
3FF83
3FF6B
3FF58
3FF49
3FF3F
3FF3B
3FF3C
3FF42
3FF4E
3FF5E
3FF73
3FF8C
3FFA8
3FFC8
3FFEA
0000D
00032
00056
00079
0009B
000BB
000D7
000F0
00105
00115
00120
00126
00127
00122
00118
0010A
000F6
000DE
000C3
000A4
00083
00060
0003C
00018
3FFF4
3FFD2
3FFB2
3FF95
3FF7C
3FF66
3FF55
3FF49
3FF42
3FF41
3FF45
3FF4E
3FF5C
3FF6F
3FF86
3FFA2
3FFC0
3FFE1
00004
00029
0004D
00071
00094
000B5
000D4
000EE
00105
00118
00125
0012E
00131
0012F
00127
0011B
00109
000F3
000D9
000BB
0009B
00078
00054
00030
0000C
3FFE9
3FFC8
3FFA9
3FF8D
3FF76
3FF62
3FF54
3FF4B
3FF47
3FF48
3FF4F
3FF5B
3FF6C
3FF81
3FF9B
3FFB8
3FFD9
3FFFB
00020
00044
00069
0008D
000AF
000CF
000EC
00105
0011A
0012A
00135
0013B
0013B
00136
0012B
0011C
00107
000EF
000D2
000B3
00091
0006D
00049
00024
00000
3FFDD
3FFBD
3FFA0
3FF86
3FF71
3FF60
3FF54
3FF4D
3FF4C
3FF51
3FF5A
3FF69
3FF7D
3FF95
3FFB1
3FFD0
3FFF2
00016
0003B
00061
00085
000A9
000CA
000E9
00104
0011B
0012E
0013B
00143
00146
00143
0013B
0012E
0011C
00105
000EA
000CB
000AA
00087
00062
0003D
00018
3FFF4
3FFD3
3FFB3
3FF98
3FF80
3FF6D
3FF5E
3FF55
3FF51
3FF53
3FF5B
3FF67
3FF79
3FF8F
3FFAA
3FFC8
3FFEA
0000D
00032
00058
0007D
000A2
000C5
000E5
00102
0011C
00130
00141
0014B
00151
00151
0014B
00140
0012F
0011A
00101
000E3
000C3
000A0
0007C
00056
00031
0000C
3FFE9
3FFC8
3FFAA
3FF90
3FF7B
3FF6A
3FF5E
3FF58
3FF57
3FF5C
3FF66
3FF76
3FF8A
3FFA4
3FFC1
3FFE1
00004
00029
0004F
00075
0009B
000BF
000E1
00100
0011B
00133
00145
00153
0015B
0015D
0015A
00151
00143
00130
00118
000FC
000DC
000BA
00096
00070
0004A
00024
00000
3FFDE
3FFBE
3FFA2
3FF8A
3FF76
3FF68
3FF5F
3FF5C
3FF5E
3FF66
3FF73
3FF86
3FF9D
3FFB9
3FFD8
3FFFB
0001F
00045
0006C
00093
000B8
000DC
000FD
0011A
00134
00149
00159
00164
00169
00168
00162
00156
00145
0012F
00115
000F6
000D5
000B1
0008B
00064
0003E
00018
3FFF4
3FFD3
3FFB4
3FF9A
3FF84
3FF73
3FF68
3FF61
3FF61
3FF67
3FF72
3FF82
3FF98
3FFB2
3FFD0
3FFF2
00016
0003C
00063
0008A
000B1
000D6
000F9
00119
00135
0014C
0015F
0016D
00174
00177
00173
00169
0015A
00146
0012D
00110
000EF
000CC
000A6
0007F
00058
00031
0000C
3FFE9
3FFC8
3FFAC
3FF93
3FF80
3FF71
3FF68
3FF65
3FF68
3FF71
3FF7F
3FF93
3FFAB
3FFC8
3FFE9
0000C
00032
0005A
00082
000A9
000D0
000F5
00116
00135
0014F
00164
00175
0017F
00184
00183
0017C
0016F
0015D
00146
0012A
0010B
000E8
000C3
0009B
00074
0004C
00025
00000
3FFDE
3FFBF
3FFA4
3FF8D
3FF7C
3FF70
3FF6B
3FF6B
3FF71
3FF7D
3FF8E
3FFA5
3FFC0
3FFE0
00003
00028
00050
00079
000A1
000C9
000F0
00113
00134
00151
00169
0017C
00189
00191
00193
0018F
00184
00174
0015F
00145
00127
00104
000DF
000B8
00090
00067
0003F
00019
3FFF4
3FFD3
3FFB5
3FF9C
3FF88
3FF7A
3FF71
3FF6E
3FF72
3FF7B
3FF8A
3FF9F
3FFB9
3FFD7
3FFF9
0001F
00046
0006F
00099
000C2
000EA
00110
00133
00152
0016D
00182
00193
0019E
001A2
001A1
00199
0018C
00178
00160
00143
00122
000FD
000D6
000AE
00084
0005B
00033
0000C
3FFE9
3FFC9
3FFAD
3FF96
3FF85
3FF79
3FF73
3FF74
3FF7B
3FF87
3FF9A
3FFB2
3FFCF
3FFF0
00015
0003C
00065
0008F
000BA
000E3
0010B
00130
00152
00170
00188
0019C
001AA
001B1
001B3
001AE
001A3
00192
0017B
00160
00140
0011C
000F5
000CC
000A2
00078
0004E
00026
00000
3FFDD
3FFBF
3FFA5
3FF91
3FF82
3FF79
3FF77
3FF7B
3FF85
3FF95
3FFAB
3FFC7
3FFE7
0000A
00032
0005B
00086
000B1
000DC
00106
0012D
00152
00172
0018E
001A4
001B5
001C0
001C4
001C2
001BA
001AB
00197
0017D
0015E
0013B
00115
000EC
000C2
00096
0006B
00041
00019
3FFF4
3FFD3
3FFB6
3FF9F
3FF8D
3FF81
3FF7B
3FF7C
3FF84
3FF92
3FFA5
3FFBF
3FFDD
00000
00027
00050
0007C
000A8
000D4
00100
0012A
00150
00173
00192
001AC
001C0
001CE
001D6
001D7
001D1
001C5
001B3
0019B
0017E
0015C
00136
0010E
000E3
000B6
0008A
0005E
00034
0000C
3FFE8
3FFC9
3FFAE
3FF99
3FF8A
3FF81
3FF7F
3FF83
3FF8F
3FFA0
3FFB8
3FFD4
3FFF6
0001C
00046
00071
0009E
000CC
000F9
00125
0014E
00174
00196
001B3
001CA
001DC
001E7
001EB
001E9
001DF
001D0
001BA
0019E
0017E
00159
00130
00105
000D8
000AA
0007D
00051
00027
00000
3FFDD
3FFBF
3FFA7
3FF94
3FF88
3FF83
3FF84
3FF8C
3FF9B
3FFB1
3FFCC
3FFEC
00011
0003A
00066
00094
000C3
000F2
00120
0014B
00174
00199
001B9
001D4
001E9
001F8
001FF
00200
001FA
001ED
001DA
001C0
001A1
0017D
00155
00129
000FC
000CD
0009E
00070
00043
0001A
3FFF4
3FFD3
3FFB6
3FFA0
3FF91
3FF88
3FF86
3FF8B
3FF97
3FFAA
3FFC3
3FFE2
00006
0002F
0005B
00089
000B9
000E9
00119
00148
00173
0019B
001BF
001DE
001F6
00208
00214
00218
00215
0020B
001FA
001E3
001C5
001A2
0017B
00150
00122
000F2
000C1
00091
00062
00036
0000D
3FFE8
3FFC8
3FFAF
3FF9B
3FF8F
3FF89
3FF8B
3FF94
3FFA4
3FFBB
3FFD8
3FFFB
00023
0004F
0007D
000AE
000E0
00112
00143
00172
0019D
001C4
001E6
00203
00219
00228
00230
00231
0022A
0021C
00207
001EB
001CA
001A3
00178
0014A
00119
000E7
000B5
00084
00055
00028
00000
3FFDD
3FFBF
3FFA7
3FF97
3FF8E
3FF8C
3FF92
3FF9F
3FFB3
3FFCF
3FFF0
00017
00042
00071
000A3
000D6
0010A
0013D
0016F
0019D
001C8
001EE
0020F
00229
0023C
00248
0024D
00249
0023E
0022C
00213
001F3
001CE
001A3
00175
00144
00110
000DC
000A9
00076
00047
0001B
3FFF3
3FFD2
3FFB6
3FFA1
3FF94
3FF8E
3FF91
3FF9B
3FFAC
3FFC5
3FFE4
0000A
00035
00064
00096
000CB
00101
00136
0016B
0019D
001CC
001F6
0021B
00239
00251
00261
0026A
0026A
00263
00253
0023D
0021F
001FB
001D1
001A3
00171
0013D
00107
000D1
0009C
00069
00039
0000D
3FFE7
3FFC7
3FFAE
3FF9C
3FF92
3FF91
3FF97
3FFA5
3FFBB
3FFD9
3FFFD
00027
00056
00089
000BE
000F6
0012E
00166
0019B
001CE
001FC
00226
00249
00265
0027A
00287
0028C
00289
0027D
00269
0024E
0022B
00203
001D5
001A3
0016D
00135
000FD
000C5
0008E
0005B
0002B
00000
3FFDB
3FFBD
3FFA7
3FF98
3FF92
3FF94
3FF9F
3FFB2
3FFCD
3FFEF
00018
00046
0007A
000B0
000EA
00124
0015F
00198
001CF
00202
00230
00258
0027A
00294
002A6
002AF
002B0
002A8
00298
00280
0025F
00238
0020B
001D9
001A2
00169
0012E
000F3
000B9
00081
0004C
0001D
3FFF3
3FFCF
3FFB4
3FFA0
3FF95
3FF92
3FF99
3FFA8
3FFC0
3FFE0
00007
00035
00069
000A0
000DB
00118
00156
00193
001CE
00206
00239
00267
0028E
002AE
002C6
002D5
002DA
002D7
002CB
002B6
00298
00273
00246
00214
001DD
001A2
00165
00127
000E9
000AD
00073
0003E
0000E
3FFE5
3FFC4
3FFAA
3FF99
3FF92
3FF94
3FF9F
3FFB3
3FFD0
3FFF5
00022
00055
0008E
000CA
0010A
0014B
0018C
001CB
00208
00241
00275
002A3
002C9
002E7
002FC
00307
00309
00302
002F1
002D6
002B3
00289
00257
00220
001E3
001A4
00162
00120
000DF
000A1
00066
00030
00000
3FFD8
3FFB7
3FFA0
3FF92
3FF8E
3FF94
3FFA4
3FFBE
3FFE0
0000B
0003E
00076
000B4
000F6
0013A
00180
001C5
00207
00247
00282
002B6
002E4
00309
00325
00338
00340
0033E
00332
0031C
002FD
002D4
002A4
0026C
0022F
001ED
001A9
00162
0011C
000D7
00096
00058
00021
3FFF1
3FFC9
3FFAA
3FF94
3FF89
3FF89
3FF93
3FFA8
3FFC7
3FFEF
00020
00058
00097
000DB
00123
0016D
001B7
00201
00248
0028A
002C7
002FE
0032C
00351
0036C
0037D
00382
0037D
0036D
00352
0032D
002FE
002C8
0028A
00246
001FE
001B4
00167
0011C
000D2
0008C
0004C
00012
3FFE0
3FFB7
3FF98
3FF83
3FF7A
3FF7D
3FF8B
3FFA4
3FFC8
3FFF6
0002D
0006C
000B2
000FD
0014C
0019D
001EE
0023E
0028A
002D2
00313
0034D
0037E
003A5
003C0
003D1
003D5
003CD
003BA
0039A
00370
0033C
002FF
002BA
0026F
0021F
001CC
00178
00125
000D4
00087
00040
00000
3FFC9
3FF9C
3FF7A
3FF64
3FF5A
3FF5D
3FF6D
3FF89
3FFB1
3FFE4
00021
00067
000B5
00109
00161
001BB
00217
00270
002C7
00318
00363
003A5
003DE
0040B
0042D
00442
00449
00443
00430
0040F
003E2
003A9
00365
00318
002C4
00269
0020A
001A9
00148
000E8
0008C
00036
3FFE7
3FFA1
3FF65
3FF36
3FF13
3FEFF
3FEF8
3FF01
3FF18
3FF3D
3FF6F
3FFAF
3FFFA
00050
000AE
00113
0017E
001EB
00259
002C6
00330
00394
003F1
00445
0048E
004CA
004F8
00517
00526
00525
00514
004F1
004BF
0047C
0042B
003CC
00360
002E9
00269
001E1
00154
000C3
00031
3FF9F
3FF10
3FE86
3FE02
3FD88
3FD17
3FCB2
3FC5A
3FC11
3FBD7
3FBAD
3FB94
3FB8D
3FB96
3FBB2
3FBDE
3FC1B
3FC69
3FCC6
3FD31
3FDAA
3FE2E
3FEBC
3FF4F
3FFE0
00067
000CB
000DC
00019
3FCC4
3EBF0
04F09
0C242
01C6F
2DF00
36218
11502
3B8AD
05E3D
2A469
3DE9A
2E1D2
07652
3A008
3F655
053A5
39C89
0ABA9
3D57F
03CA5
0C505
00EB3
016EE
07CAD
014D3
3EE2C
0BE8D
3D076
00CAB
366BC
0D748
31F65
3AE74
3B423
01479
3272F
10640
057DB
07FE0
0040B
06D78
3B13F
09849
06754
3E2B7
3CC8C
36DF5
0719F
3164E
37748
37876
12CCF
0BEBF
2F031
050D4
0C2BE
01D12
27820
3D0BA
32785
046EB
2FFFA
0505D
38313
3E8E4
107FF
028F5
0C561
3402E
07096
006DC
39A23
085E2
3ADDB
00A59
0B7E6
3FCFA
1ADF2
0BE62
01367
3E704
3C44D
32FD0
39B3D
36B9D
2DAE1
0B9D2
04D2C
02832
3E874
3A184
0512F
0631D
3E6A9
07B7E
371B1
36998
3A3EB
07671
3FC11
328D9
05ADD
3E282
2F18C
3DD37
3A6F4
10CEB
3B9FA
0BFF6
3E746
0C9F8
0CB39
01FE6
3756B
36CAB
0BB40
0949D
05A49
38719
0DB8D
33D85
062EB
3D818
39E88
02580
02E69
382D7
39A68
137A7
30FB6
2DB9E
0BC38
05FD6
01DB5
3F1C6
382F8
074D9
3BA43
05683
10AC4
3B5D1
0218F
01CB2
09BB5
39696
0366F
07BAB
03E8A
3F80D
3B1AF
2F08A
3402E
3EBCF
07AF3
101B9
3369A
34E8D
01F62
0602E
3E6B4
38C18
3F641
0A025
38741
3B377
2BF82
3A1E3
0F906
3CACA
0E67C
3E6FD
3FB67
3D724
0138A
38BDD
35C78
3F070
33BD5
09819
0E8C3
07C25
3DC79
09016
3EF5E
0BFC1
3CEAE
08CFE
0A1FC
0219F
0F89B
064A1
3DA9D
3C54E
04FDD
0103D
3C3E0
2C204
38548
2D2F9
0AEDB
36F09
353D0
3B1C3
0A4A3
3AA44
06D63
047B9
00CB7
36182
096F0
3A299
38EA5
05327
0F0A4
3ADFE
01DD2
398F1
0A2A8
0097E
0B72A
0D651
3D44A
3AEF0
0B124
323DD
0AD04
36D72
07F2E
3D56A
389BE
35A70
04AEC
37F6F
08666
35EC0
0172D
1234A
1603A
31C4C
3E0C3
07C99
3B906
3E191
004B0
3B8ED
3450C
0029B
34913
0F242
3C711
01833
0098B
03A55
3FD65
3DD3C
1841D
3FC0A
397E7
3F1F2
30F21
34E86
330CF
38D09
0B9A8
03F89
03DE2
14996
37812
32767
0522F
018AC
3939C
36FDD
03C80
297A0
01F95
1A7AB
39235
02BB9
01137
0F41C
31F4F
0D082
3F0B7
039CB
051DF
3C7FD
38830
06ACC
0AA23
0CD41
352AB
0DD2C
34CD5
3D4D6
074CE
38EB7
0379E
0733A
01F40
0377D
3E67C
03D88
3AD3E
379EC
05A77
11F9B
33C3B
3D72C
016C0
049B2
32222
315FC
3DC6B
008C8
3106C
3D36B
00945
07849
00B20
19A3A
0AF89
35ED5
163CF
3A192
3BBA1
0F13F
0F706
3BF18
3D1E7
3EA55
28F64
35AC6
03E07
32941
3B7DA
0AE46
3897A
05283
01D23
08743
0522C
33834
00F62
38AC8
13CC5
01955
2DA7D
0832F
0F261
31B00
39833
0989B
03C24
39D89
00192
37101
3D797
3338D
3BB4E
39B73
08C32
0CDB1
0B111
34995
0B6C7
3E76A
02CB3
01359
03FF5
0761D
16934
32BB7
000D8
050CE
314C5
0069D
37B7B
1499D
372A9
36855
02C99
00ABB
33D7F
12EB4
3F456
03ED9
00192
01429
3FA8F
0DF13
34406
3A398
37D05
0381D
09023
33B6C
0C9B0
13A6D
050F8
354AD
0CD25
35A36
005E3
3A0FF
04E0B
32521
09615
039DF
1EA46
3E1ED
09221
0728E
322FB
00BF8
09952
00865
369AA
300A3
36DCE
0ED23
3E021
3B6B7
12EB0
3BBB8
3BC04
074B5
3A80F
3E2F6
346D3
02BFE
357B9
3270C
03F22
01D9D
3F4AC
38F0D
36D8D
081DB
07469
2EC4B
3D84A
3BB25
07953
08F81
01FE0
0022F
3EDAF
06BCF
04CF9
09F41
36298
3C56B
0EA34
04063
010C4
3863D
35060
0D35A
0150F
3F56C
03C6A
04624
07149
028F6
02916
3ECB2
07D78
01F57
08087
3D9FF
358A6
39FD7
004B1
09C23
04595
04D8A
3BD5B
16FF8
0AABB
3AE0A
16099
0039A
08AC9
3927F
0F6D4
10768
35F39
14668
04539
009EA
3AF93
0C35E
08080
395D9
3DED2
0654C
13DBA
07403
3E798
3A6C1
3D324
3AF77
3D0DE
08DED
3D828
39631
2C487
3D880
2C0DE
0D481
3D844
00D99
3D343
35381
03F2E
00F74
070B7
0C5CD
3F5CE
159FD
3F90A
0E3C6
06A92
00000
3FD2F
3F641
3F3F8
3CA5A
0493B
01F42
01C88
018C8
3CC36
022A2
045DE
01DF1
0558F
3E12F
03903
31FD7
3E385
3A041
03FD3
19C87
34147
3AC2B
3A7EE
3BB83
3DE48
3D274
00857
3C966
3A24A
3E33A
3BD70
00A9C
3DC76
045C4
3F4AC
3C0FC
3D683
360CD
02DB8
3FCE9
0164F
00862
3B0A2
3D869
3B739
3AF1D
2D822
04B82
3BB97
095B3
0190A
0B0A8
0217C
2E230
0378E
04944
3F6F9
3FD43
3F60B
3EA1A
045EA
3FBA9
3AA7B
3F43F
3D0F1
3FE23
3DE28
021E1
00651
3B64D
3E2F8
3DE96
3D6F3
39F05
00746
3E304
008EE
3EA38
040A1
3F7E7
3C3B2
3F7A5
3E6E3
006CB
01529
3ACB0
3C3DE
0D361
01971
0A929
3E932
0177F
3C124
3C3FC
002F1
3DBE2
08DFF
3FD32
3DD88
3EA3F
3B400
01D21
3F6B0
0274B
00FFA
3A266
3E932
3A062
3FCCA
3E6A9
3F7B7
3D605
040B7
0031D
07E18
01671
0B98F
3A1EA
2E9C6
0DFE2
0A913
35878
3DC58
02A42
3F5D2
3D4BC
3FD53
001CC
3CFDA
3A3A8
0A2D3
024A9
3F404
3FC33
39AE9
019F4
3F9C8
035C8
04E5D
36BF0
3D8E2
3C0C3
3E1FE
3CF8C
3F376
01A69
38A8D
36D7A
0B7C6
00AF1
031B5
3E214
38187
3DB1A
345B6
09901
027F2
057D8
02D30
381AD
01507
071BB
3D7A5
3C2F4
01BDD
3F576
038C1
00D8B
3E788
3FCE4
3F14F
3F102
3BF8A
045EB
02ADC
3C50B
3F36B
3B51C
3EF82
3F222
3D601
38189
08341
04894
3CD1E
00CD3
08F62
04F1D
1E942
34EB2
3A725
3B7CC
3B9DC
00A77
3E41A
3C763
3E39B
3EFA9
3D5BE
3B9D8
01D73
3FBC1
00FD1
3FF14
3C533
3F45D
3A6B2
03324
02F66
3FE18
00BDE
0186C
0156D
3CF49
02273
0506B
00EE4
045E4
3BD4C
3F1E7
3E19B
3F4E2
06F89
3E4D7
38DA0
03824
0393D
3E2EF
012F6
36112
3D8EC
0A27E
3D2D0
3C375
3E581
3D151
003E4
3F0B2
3EA74
3EA51
3E36B
3E40F
3B32E
01695
01111
3EDB9
3F866
01FCA
00FCF
05F30
0127E
04135
3FD05
01B45
0077E
03878
2F42B
3D7C5
3C32F
3F16D
3CC9C
00CC4
3D46D
07EF6
041EE
3CD88
00FB5
0176F
0060F
3D7DF
02DCE
00DD0
041CA
0344E
396CB
3FF7C
3D51E
01A2C
04763
3E90A
01360
3AECE
3CBCE
0B00E
0175D
03230
01F09
09315
3A77E
3E640
3D6FB
3F197
3DC21
00334
061B9
00BC1
04DB0
00E0A
09A3F
2B121
3906C
010D0
3DACF
3AEB4
3FA73
00950
3EC00
3F684
3FADA
000A9
3C7B5
3F53E
3DDB8
00451
01AD1
3C440
394D0
0C8F3
03E1C
3FC1F
022A0
0AC3E
3DF75
3BA1E
040C0
03AFD
3B8F1
3F50F
37707
3DAB4
38D58
3E802
37BBD
06F92
036D5
3FF54
00B01
0363A
00F26
0163B
3FA9D
3C1AB
05E54
04BB7
3CE3B
005BF
3DC34
3F9BE
37B79
03448
00E65
04EC0
06201
384B0
3F358
37677
3DCC9
300A4
05975
04FF1
004CE
0188E
3FF85
00EE0
0657B
02B75
0B45A
3F196
04A71
38EAA
3ACA5
068FC
0113A
3F4A8
00EDA
04DCD
3EF6D
003CD
3F268
3F9E4
009E7
00518
3D618
3F9AA
382DD
05AE2
07EFF
3D29D
00EBB
3E38A
00834
322FA
005F4
3E31D
01C66
3F3FF
06C27
06CB1
35CC8
3F41A
35C24
3FE8A
3C7AF
027EF
01FC0
00606
00561
022F1
00E6D
0445B
003B9
3E993
01636
01E1C
3E4F9
3F181
00B49
3FB1B
34B80
007BD
03FDC
3D446
3E3F4
3DAF4
3CEF0
050DC
3FEF5
001DB
3F1A1
3E4E2
3FC44
0090B
3BB76
3B55E
0CA7B
01EC1
05211
0121B
06409
3C572
3D197
00E1C
00458
3C6C8
3EF0B
3EC9D
3F77D
3F909
006D7
02F58
3920F
3B994
09BF1
01626
09A3A
00570
05B19
3B63D
3BA5C
029E1
002E1
0297E
00ECE
02DD9
007D7
3DF27
0672B
0C91A
3070F
3C230
39497
3CF7D
34592
3F8D9
3E6BF
3F9D1
3E092
032AA
011D4
3E7BE
3FBFF
3CFA7
0058F
0173B
3D17E
3A9E2
0735E
01B02
00936
3FE0A
3C151
3F456
39E43
0505A
03DD6
3CF79
3F0C6
03C00
00698
00582
00808
02DEC
3CC41
3C816
034C6
0018C
04877
00651
3DE55
00283
3D021
0408C
03303
3F397
00A15
03BDD
01A1F
039ED
0077B
3E5C5
04F8B
05E65
39F2D
3EF3F
3EFAC
3F207
3F401
3F5A3
3F708
3F841
3F959
3FA57
3FB40
3FC15
3FCD8
3FD8B
3FE2D
3FEC0
3FF43
3FFB6
00019
0006D
000B1
000E5
0010B
00122
0012B
00127
00116
000FA
000D3
000A3
0006B
0002D
3FFE9
3FFA1
3FF57
3FF0B
3FEC1
3FE77
3FE32
3FDF0
3FDB4
3FD7E
3FD50
3FD2A
3FD0C
3FCF7
3FCEC
3FCEA
3FCF1
3FD01
3FD19
3FD3A
3FD61
3FD8F
3FDC2
3FDF9
3FE33
3FE70
3FEAD
3FEE9
3FF25
3FF5D
3FF92
3FFC2
3FFEC
00011
0002E
00044
00053
00059
00058
0004F
0003F
00028
0000B
3FFE8
3FFC1
3FF95
3FF67
3FF36
3FF05
3FED4
3FEA5
3FE77
3FE4D
3FE27
3FE06
3FDEA
3FDD4
3FDC5
3FDBC
3FDBA
3FDBF
3FDCB
3FDDE
3FDF6
3FE14
3FE36
3FE5D
3FE87
3FEB3
3FEE1
3FF0F
3FF3D
3FF69
3FF93
3FFB9
3FFDC
3FFFA
00013
00026
00033
0003A
0003B
00035
00029
00017
00000
3FFE4
3FFC4
3FFA0
3FF7A
3FF52
3FF29
3FF00
3FED8
3FEB2
3FE8E
3FE6E
3FE51
3FE39
3FE27
3FE19
3FE12
3FE10
3FE14
3FE1E
3FE2E
3FE43
3FE5C
3FE7A
3FE9B
3FEBF
3FEE6
3FF0D
3FF35
3FF5C
3FF82
3FFA6
3FFC7
3FFE4
3FFFE
00012
00022
0002D
00031
00031
0002A
0001F
0000E
3FFF8
3FFDF
3FFC1
3FFA1
3FF7F
3FF5B
3FF37
3FF12
3FEEF
3FECD
3FEAE
3FE91
3FE79
3FE65
3FE55
3FE4A
3FE45
3FE45
3FE4A
3FE55
3FE64
3FE78
3FE90
3FEAC
3FECB
3FEEC
3FF0E
3FF32
3FF56
3FF79
3FF9B
3FFBA
3FFD7
3FFF1
00006
00018
00024
0002C
0002E
0002C
00024
00018
00007
3FFF2
3FFD9
3FFBD
3FF9F
3FF7F
3FF5D
3FF3C
3FF1B
3FEFB
3FEDC
3FEC1
3FEA8
3FE93
3FE82
3FE75
3FE6D
3FE6A
3FE6C
3FE73
3FE7E
3FE8E
3FEA2
3FEBA
3FED4
3FEF2
3FF11
3FF31
3FF52
3FF73
3FF93
3FFB2
3FFCE
3FFE7
3FFFD
00010
0001E
00027
0002C
0002C
00028
0001F
00012
00000
3FFEB
3FFD2
3FFB7
3FF9A
3FF7C
3FF5D
3FF3E
3FF1F
3FF02
3FEE7
3FECE
3FEB9
3FEA7
3FE98
3FE8F
3FE89
3FE88
3FE8C
3FE94
3FEA1
3FEB1
3FEC6
3FEDD
3FEF7
3FF14
3FF31
3FF50
3FF6F
3FF8D
3FFAB
3FFC6
3FFDF
3FFF6
00009
00018
00023
0002A
0002D
0002B
00025
0001A
0000C
3FFFA
3FFE4
3FFCC
3FFB2
3FF96
3FF79
3FF5B
3FF3E
3FF22
3FF07
3FEEF
3FED9
3FEC6
3FEB7
3FEAB
3FEA4
3FEA1
3FEA2
3FEA8
3FEB2
3FEBF
3FED1
3FEE5
3FEFD
3FF16
3FF32
3FF4E
3FF6B
3FF88
3FFA5
3FFBF
3FFD8
3FFEF
00003
00013
00020
00028
0002D
0002D
00029
00021
00015
00006
3FFF3
3FFDE
3FFC6
3FFAC
3FF91
3FF75
3FF59
3FF3E
3FF24
3FF0B
3FEF5
3FEE2
3FED2
3FEC5
3FEBC
3FEB7
3FEB6
3FEBA
3FEC1
3FECC
3FEDB
3FEED
3FF02
3FF19
3FF32
3FF4D
3FF68
3FF84
3FF9F
3FFBA
3FFD2
3FFE9
3FFFD
0000E
0001C
00026
0002C
0002E
0002D
00027
0001D
00010
00000
3FFED
3FFD7
3FFBF
3FFA6
3FF8C
3FF71
3FF57
3FF3D
3FF25
3FF0F
3FEFB
3FEEA
3FEDC
3FED2
3FECC
3FEC9
3FECA
3FECF
3FED8
3FEE4
3FEF4
3FF07
3FF1C
3FF33
3FF4C
3FF66
3FF80
3FF9B
3FFB4
3FFCD
3FFE3
3FFF8
00009
00018
00023
0002B
0002F
0002F
0002C
00024
00019
0000B
3FFFA
3FFE6
3FFD0
3FFB9
3FFA0
3FF87
3FF6D
3FF54
3FF3D
3FF26
3FF12
3FF01
3FEF2
3FEE7
3FEDE
3FEDA
3FED9
3FEDC
3FEE3
3FEEE
3FEFB
3FF0C
3FF1F
3FF34
3FF4B
3FF64
3FF7D
3FF96
3FFAF
3FFC7
3FFDE
3FFF2
00005
00014
00020
0002A
0002F
00031
0002F
0002A
00021
00015
00006
3FFF4
3FFE0
3FFCA
3FFB2
3FF9A
3FF82
3FF6A
3FF52
3FF3C
3FF28
3FF16
3FF06
3FEFA
3FEF0
3FEEA
3FEE8
3FEE9
3FEEE
3FEF6
3FF02
3FF11
3FF22
3FF36
3FF4B
3FF62
3FF7A
3FF92
3FFAA
3FFC2
3FFD8
3FFED
00000
00010
0001D
00028
0002F
00032
00032
0002F
00028
0001D
00010
00000
3FFEE
3FFD9
3FFC3
3FFAC
3FF95
3FF7D
3FF66
3FF51
3FF3C
3FF2A
3FF19
3FF0C
3FF01
3FEFA
3FEF6
3FEF6
3FEF9
3FEFF
3FF09
3FF16
3FF25
3FF37
3FF4B
3FF61
3FF77
3FF8F
3FFA6
3FFBD
3FFD3
3FFE8
3FFFB
0000C
0001A
00026
0002E
00033
00034
00032
0002D
00025
00019
0000B
3FFFA
3FFE7
3FFD3
3FFBD
3FFA7
3FF90
3FF79
3FF64
3FF4F
3FF3C
3FF2B
3FF1D
3FF12
3FF09
3FF04
3FF02
3FF03
3FF08
3FF10
3FF1B
3FF29
3FF39
3FF4B
3FF5F
3FF75
3FF8B
3FFA2
3FFB8
3FFCE
3FFE3
3FFF6
00008
00017
00023
0002C
00033
00036
00035
00032
0002B
00021
00015
00006
3FFF4
3FFE1
3FFCC
3FFB7
3FFA1
3FF8B
3FF75
3FF61
3FF4E
3FF3D
3FF2E
3FF21
3FF18
3FF11
3FF0E
3FF0D
3FF10
3FF17
3FF20
3FF2C
3FF3B
3FF4C
3FF5F
3FF73
3FF88
3FF9E
3FFB4
3FFCA
3FFDE
3FFF2
00003
00013
00020
0002B
00032
00037
00038
00036
00031
00029
0001E
00010
00000
3FFEE
3FFDB
3FFC6
3FFB1
3FF9C
3FF86
3FF72
3FF5F
3FF4D
3FF3E
3FF30
3FF26
3FF1E
3FF19
3FF18
3FF19
3FF1E
3FF25
3FF30
3FF3D
3FF4C
3FF5E
3FF71
3FF85
3FF9A
3FFB0
3FFC5
3FFDA
3FFED
3FFFF
0000F
0001D
00029
00031
00037
0003A
00039
00036
0002F
00025
00019
0000B
3FFFA
3FFE8
3FFD5
3FFC0
3FFAB
3FF97
3FF82
3FF6F
3FF5D
3FF4D
3FF3F
3FF33
3FF2B
3FF25
3FF22
3FF22
3FF25
3FF2B
3FF34
3FF3F
3FF4E
3FF5E
3FF70
3FF83
3FF97
3FFAC
3FFC1
3FFD5
3FFE9
3FFFB
0000B
0001A
00026
00030
00037
0003B
0003C
0003A
00035
0002D
00022
00015
00006
3FFF4
3FFE2
3FFCE
3FFBA
3FFA6
3FF92
3FF7F
3FF6D
3FF5C
3FF4D
3FF41
3FF37
3FF30
3FF2C
3FF2A
3FF2C
3FF30
3FF38
3FF42
3FF4F
3FF5E
3FF6E
3FF81
3FF94
3FFA8
3FFBC
3FFD1
3FFE4
3FFF6
00007
00017
00024
0002E
00036
0003C
0003E
0003D
00039
00033
0002A
0001E
00010
00000
3FFEF
3FFDC
3FFC8
3FFB5
3FFA1
3FF8E
3FF7B
3FF6A
3FF5B
3FF4E
3FF43
3FF3B
3FF35
3FF33
3FF33
3FF36
3FF3C
3FF45
3FF50
3FF5E
3FF6E
3FF7F
3FF91
3FFA5
3FFB8
3FFCC
3FFE0
3FFF2
00003
00013
00021
0002C
00035
0003C
0003F
00040
0003E
00038
00031
00026
0001A
0000B
3FFFA
3FFE9
3FFD6
3FFC3
3FFAF
3FF9C
3FF8A
3FF79
3FF69
3FF5B
3FF4F
3FF46
3FF3F
3FF3C
3FF3A
3FF3C
3FF41
3FF48
3FF52
3FF5F
3FF6D
3FF7D
3FF8F
3FFA1
3FFB5
3FFC8
3FFDB
3FFEE
3FFFF
0000F
0001E
0002A
00034
0003C
00040
00042
00041
0003D
00037
0002E
00022
00015
00005
3FFF5
3FFE3
3FFD0
3FFBD
3FFAA
3FF98
3FF86
3FF76
3FF68
3FF5B
3FF51
3FF49
3FF44
3FF42
3FF43
3FF46
3FF4C
3FF55
3FF60
3FF6D
3FF7C
3FF8C
3FF9E
3FFB1
3FFC4
3FFD7
3FFE9
3FFFB
0000C
0001B
00028
00032
0003B
00041
00044
00044
00042
0003D
00035
0002B
0001E
00010
00000
3FFEF
3FFDD
3FFCA
3FFB8
3FFA5
3FF94
3FF83
3FF74
3FF67
3FF5C
3FF53
3FF4D
3FF4A
3FF49
3FF4B
3FF50
3FF57
3FF61
3FF6D
3FF7B
3FF8A
3FF9B
3FFAD
3FFC0
3FFD3
3FFE5
3FFF7
00008
00017
00025
00031
0003A
00041
00045
00047
00046
00042
0003B
00032
00027
0001A
0000B
3FFFA
3FFE9
3FFD7
3FFC5
3FFB2
3FFA1
3FF90
3FF81
3FF73
3FF67
3FF5D
3FF56
3FF52
3FF50
3FF50
3FF54
3FF5A
3FF62
3FF6D
3FF7A
3FF89
3FF99
3FFAA
3FFBC
3FFCF
3FFE1
3FFF3
00004
00014
00022
0002E
00039
00040
00046
00049
00049
00046
00041
00039
0002F
00023
00015
00005
3FFF5
3FFE3
3FFD1
3FFBF
3FFAE
3FF9D
3FF8D
3FF7F
3FF72
3FF67
3FF5F
3FF59
3FF56
3FF56
3FF58
3FF5D
3FF64
3FF6E
3FF7A
3FF87
3FF97
3FFA7
3FFB9
3FFCB
3FFDD
3FFEF
00000
00010
0001F
0002C
00037
00040
00046
0004A
0004C
0004A
00046
00040
00037
0002C
0001F
00010
00000
3FFEF
3FFDD
3FFCC
3FFBA
3FFA9
3FF99
3FF8A
3FF7D
3FF72
3FF68
3FF62
3FF5D
3FF5C
3FF5D
3FF60
3FF66
3FF6F
3FF79
3FF86
3FF95
3FFA4
3FFB5
3FFC7
3FFD9
3FFEA
3FFFC
0000C
0001B
00029
00035
0003F
00046
0004B
0004E
0004E
0004B
00046
0003E
00034
00028
0001A
0000B
3FFFA
3FFE9
3FFD8
3FFC6
3FFB5
3FFA5
3FF96
3FF88
3FF7C
3FF72
3FF6A
3FF65
3FF62
3FF61
3FF64
3FF69
3FF70
3FF7A
3FF85
3FF93
3FFA2
3FFB2
3FFC3
3FFD5
3FFE6
3FFF8
00008
00018
00026
00033
0003D
00046
0004C
00050
00051
0004F
0004B
00044
0003B
00030
00024
00015
00005
3FFF5
3FFE4
3FFD2
3FFC1
3FFB1
3FFA1
3FF93
3FF86
3FF7B
3FF72
3FF6C
3FF68
3FF67
3FF68
3FF6C
3FF72
3FF7A
3FF85
3FF91
3FFA0
3FFAF
3FFC0
3FFD1
3FFE2
3FFF4
00004
00014
00023
00030
0003C
00045
0004C
00051
00053
00053
00050
0004A
00043
00039
0002D
0001F
00010
00000
3FFEF
3FFDE
3FFCD
3FFBC
3FFAC
3FF9E
3FF90
3FF85
3FF7B
3FF74
3FF6F
3FF6C
3FF6C
3FF6F
3FF74
3FF7B
3FF85
3FF90
3FF9E
3FFAC
3FFBC
3FFCD
3FFDE
3FFF0
00000
00011
00020
0002E
0003A
00044
0004C
00052
00055
00056
00054
00050
00049
00040
00035
00029
0001A
0000B
3FFFA
3FFEA
3FFD9
3FFC8
3FFB8
3FFA9
3FF9B
3FF8E
3FF84
3FF7C
3FF75
3FF72
3FF71
3FF72
3FF76
3FF7C
3FF85
3FF8F
3FF9C
3FFAA
3FFB9
3FFCA
3FFDA
3FFEC
3FFFC
0000D
0001C
0002B
00038
00043
0004C
00052
00057
00059
00058
00055
0004F
00047
0003E
00032
00024
00015
00005
3FFF5
3FFE4
3FFD3
3FFC3
3FFB3
3FFA5
3FF98
3FF8D
3FF84
3FF7D
3FF78
3FF76
3FF76
3FF78
3FF7E
3FF85
3FF8F
3FF9A
3FFA8
3FFB6
3FFC6
3FFD7
3FFE8
3FFF8
00009
00019
00028
00035
00041
0004B
00053
00058
0005B
0005B
00059
00055
0004E
00045
0003A
0002E
0001F
00010
00000
3FFEF
3FFDF
3FFCE
3FFBE
3FFAF
3FFA2
3FF96
3FF8C
3FF84
3FF7E
3FF7B
3FF7A
3FF7B
3FF7F
3FF86
3FF8E
3FF99
3FFA6
3FFB4
3FFC3
3FFD3
3FFE4
3FFF4
00005
00015
00024
00033
0003F
0004A
00052
00059
0005D
0005E
0005E
0005A
00055
0004D
00043
00037
00029
0001B
0000B
3FFFA
3FFEA
3FFD9
3FFC9
3FFBA
3FFAC
3FF9F
3FF94
3FF8B
3FF85
3FF80
3FF7E
3FF7F
3FF82
3FF87
3FF8F
3FF98
3FFA4
3FFB1
3FFC0
3FFCF
3FFE0
3FFF0
00001
00012
00021
00030
0003D
00048
00052
00059
0005E
00061
00061
0005F
0005B
00054
0004B
00040
00033
00025
00015
00005
3FFF5
3FFE4
3FFD4
3FFC5
3FFB6
3FFA9
3FF9D
3FF93
3FF8C
3FF86
3FF83
3FF82
3FF84
3FF88
3FF8F
3FF98
3FFA2
3FFAF
3FFBD
3FFCC
3FFDC
3FFED
3FFFD
0000E
0001E
0002D
0003A
00047
00051
00059
0005F
00063
00065
00064
00060
0005A
00052
00048
0003C
0002F
00020
00010
00000
3FFF0
3FFDF
3FFCF
3FFC0
3FFB2
3FFA6
3FF9B
3FF93
3FF8C
3FF88
3FF86
3FF87
3FF8A
3FF90
3FF97
3FFA1
3FFAD
3FFBA
3FFC9
3FFD8
3FFE9
3FFF9
0000A
0001A
00029
00038
00045
00050
00059
00060
00065
00068
00068
00065
00060
00059
00050
00045
00038
0002A
0001B
0000B
3FFFB
3FFEA
3FFDA
3FFCB
3FFBC
3FFAF
3FFA4
3FF9A
3FF93
3FF8D
3FF8B
3FF8A
3FF8C
3FF91
3FF97
3FFA0
3FFAB
3FFB8
3FFC6
3FFD5
3FFE5
3FFF5
00006
00016
00026
00035
00042
0004E
00058
00061
00067
0006A
0006B
0006A
00066
00060
00058
0004E
00042
00034
00025
00016
00005
3FFF5
3FFE5
3FFD5
3FFC6
3FFB9
3FFAC
3FFA2
3FF99
3FF93
3FF8F
3FF8E
3FF8F
3FF92
3FF98
3FFA0
3FFAA
3FFB5
3FFC3
3FFD1
3FFE1
3FFF1
00002
00012
00023
00032
00040
0004D
00058
00061
00068
0006C
0006E
0006E
0006C
00067
0005F
00056
0004B
0003E
00030
00020
00010
00000
3FFF0
3FFE0
3FFD0
3FFC2
3FFB5
3FFAA
3FFA1
3FF99
3FF94
3FF92
3FF92
3FF94
3FF98
3FF9F
3FFA8
3FFB3
3FFC0
3FFCE
3FFDD
3FFEE
3FFFE
0000F
0001F
0002F
0003D
0004B
00056
00060
00068
0006E
00071
00072
00071
0006D
00067
0005E
00054
00047
0003A
0002B
0001B
0000B
3FFFB
3FFEA
3FFDB
3FFCC
3FFBE
3FFB2
3FFA8
3FFA0
3FF9A
3FF96
3FF95
3FF96
3FF99
3FF9F
3FFA8
3FFB2
3FFBE
3FFCB
3FFDA
3FFEA
3FFFA
0000B
0001B
0002B
0003A
00048
00055
00060
00069
0006F
00074
00076
00075
00073
0006D
00066
0005C
00051
00044
00035
00026
00016
00005
3FFF5
3FFE5
3FFD6
3FFC8
3FFBB
3FFB0
3FFA7
3FFA0
3FF9B
3FF98
3FF98
3FF9B
3FFA0
3FFA7
3FFB0
3FFBB
3FFC8
3FFD7
3FFE6
3FFF6
00007
00017
00028
00037
00046
00053
0005F
00069
00070
00076
00079
0007A
00078
00074
0006D
00065
0005A
0004E
00040
00031
00021
00010
00000
3FFF0
3FFE0
3FFD1
3FFC4
3FFB8
3FFAE
3FFA6
3FFA0
3FF9C
3FF9B
3FF9D
3FFA1
3FFA7
3FFAF
3FFB9
3FFC6
3FFD3
3FFE2
3FFF2
00003
00013
00024
00034
00043
00051
0005E
00068
00071
00078
0007C
0007E
0007D
0007A
00074
0006D
00063
00057
0004A
0003B
0002C
0001C
0000B
3FFFB
3FFEB
3FFDB
3FFCD
3FFC0
3FFB5
3FFAC
3FFA5
3FFA1
3FF9F
3FF9F
3FFA2
3FFA7
3FFAE
3FFB8
3FFC3
3FFD0
3FFDF
3FFEE
3FFFF
00010
00020
00031
00040
0004F
0005C
00068
00071
00079
0007E
00081
00082
00080
0007B
00075
0006C
00061
00054
00046
00037
00027
00016
00006
3FFF5
3FFE5
3FFD7
3FFC9
3FFBD
3FFB3
3FFAB
3FFA6
3FFA2
3FFA2
3FFA3
3FFA7
3FFAE
3FFB6
3FFC1
3FFCD
3FFDC
3FFEB
3FFFB
0000C
0001C
0002D
0003D
0004C
0005A
00067
00072
0007A
00081
00085
00086
00085
00082
0007C
00074
0006A
0005E
00051
00042
00032
00021
00011
00000
3FFF0
3FFE1
3FFD2
3FFC6
3FFBB
3FFB2
3FFAB
3FFA7
3FFA5
3FFA5
3FFA8
3FFAD
3FFB5
3FFBF
3FFCB
3FFD8
3FFE7
3FFF7
00008
00018
00029
0003A
0004A
00058
00066
00071
0007B
00082
00088
0008A
0008A
00088
00083
0007C
00073
00068
0005B
0004D
0003D
0002D
0001C
0000B
3FFFB
3FFEB
3FFDC
3FFCE
3FFC2
3FFB9
3FFB1
3FFAB
3FFA8
3FFA7
3FFA9
3FFAE
3FFB4
3FFBD
3FFC8
3FFD5
3FFE4
3FFF3
00004
00014
00026
00036
00047
00056
00064
00071
0007B
00084
0008A
0008E
0008F
0008E
0008B
00084
0007C
00072
00065
00057
00048
00038
00027
00016
00006
3FFF5
3FFE6
3FFD7
3FFCB
3FFC0
3FFB7
3FFB0
3FFAC
3FFAA
3FFAB
3FFAE
3FFB4
3FFBC
3FFC6
3FFD2
3FFE0
3FFEF
00000
00010
00022
00033
00044
00054
00062
00070
0007B
00085
0008C
00091
00094
00094
00091
0008C
00085
0007B
00070
00062
00054
00044
00033
00022
00011
00000
3FFF0
3FFE1
3FFD3
3FFC7
3FFBD
3FFB6
3FFB0
3FFAD
3FFAD
3FFAF
3FFB4
3FFBB
3FFC4
3FFD0
3FFDD
3FFEC
3FFFC
0000C
0001E
0002F
00040
00051
00060
0006F
0007B
00086
0008E
00094
00098
00099
00098
00094
0008E
00085
0007A
0006D
0005F
0004F
0003F
0002E
0001C
0000B
3FFFB
3FFEB
3FFDC
3FFD0
3FFC5
3FFBC
3FFB5
3FFB1
3FFAF
3FFB0
3FFB4
3FFBA
3FFC3
3FFCD
3FFDA
3FFE8
3FFF8
00008
0001A
0002B
0003D
0004E
0005E
0006D
0007B
00086
00090
00097
0009C
0009F
0009E
0009B
00096
0008E
00084
00078
0006A
0005B
0004B
0003A
00028
00017
00006
3FFF5
3FFE6
3FFD8
3FFCC
3FFC2
3FFBA
3FFB5
3FFB2
3FFB2
3FFB5
3FFBA
3FFC1
3FFCB
3FFD7
3FFE5
3FFF4
00004
00016
00027
00039
0004B
0005C
0006B
0007A
00087
00091
0009A
000A0
000A3
000A4
000A3
0009E
00098
0008E
00083
00076
00067
00057
00046
00034
00023
00011
00000
3FFF0
3FFE1
3FFD4
3FFC9
3FFC0
3FFBA
3FFB6
3FFB4
3FFB6
3FFBA
3FFC0
3FFC9
3FFD4
3FFE1
3FFF0
00000
00011
00023
00035
00047
00059
00069
00079
00086
00092
0009C
000A3
000A8
000AA
000AA
000A7
000A1
00099
0008E
00081
00073
00063
00052
00041
0002F
0001D
0000B
3FFFB
3FFEB
3FFDD
3FFD1
3FFC7
3FFBF
3FFBA
3FFB7
3FFB7
3FFBA
3FFC0
3FFC7
3FFD2
3FFDE
3FFEC
3FFFC
0000D
0001F
00031
00044
00056
00067
00077
00086
00093
0009E
000A6
000AC
000B0
000B0
000AE
000AA
000A3
00099
0008D
0007F
00070
0005F
0004E
0003B
00029
00017
00006
3FFF5
3FFE6
3FFD9
3FFCE
3FFC5
3FFBE
3FFBA
3FFB9
3FFBB
3FFBF
3FFC6
3FFCF
3FFDB
3FFE9
3FFF8
00009
0001B
0002D
00040
00053
00065
00076
00085
00093
0009F
000A9
000B0
000B5
000B7
000B6
000B3
000AD
000A4
00099
0008C
0007D
0006C
0005B
00048
00036
00023
00011
00000
3FFF0
3FFE2
3FFD5
3FFCB
3FFC3
3FFBE
3FFBC
3FFBC
3FFBF
3FFC5
3FFCE
3FFD8
3FFE5
3FFF4
00005
00017
00029
0003C
0004F
00062
00074
00084
00093
000A0
000AB
000B4
000BA
000BD
000BE
000BC
000B7
000AF
000A5
00098
0008A
0007A
00068
00056
00043
00030
0001D
0000B
3FFFB
3FFEB
3FFDE
3FFD2
3FFC9
3FFC3
3FFBF
3FFBE
3FFC0
3FFC4
3FFCC
3FFD6
3FFE2
3FFF1
00001
00012
00025
00038
0004B
0005F
00071
00083
00093
000A1
000AE
000B8
000BF
000C4
000C6
000C4
000C1
000BA
000B1
000A5
00097
00087
00076
00064
00051
0003D
0002A
00017
00006
3FFF5
3FFE6
3FFDA
3FFCF
3FFC8
3FFC2
3FFC0
3FFC1
3FFC4
3FFCB
3FFD4
3FFDF
3FFED
3FFFD
0000E
00020
00034
00048
0005B
0006F
00081
00092
000A2
000B0
000BB
000C4
000CA
000CD
000CD
000CB
000C5
000BD
000B2
000A5
00096
00085
00072
0005F
0004B
00038
00024
00011
00000
3FFF0
3FFE2
3FFD6
3FFCD
3FFC7
3FFC3
3FFC2
3FFC4
3FFCA
3FFD2
3FFDC
3FFE9
3FFF9
0000A
0001C
0002F
00044
00058
0006C
0007F
00092
000A2
000B1
000BE
000C8
000D0
000D4
000D6
000D4
000D0
000C9
000BF
000B3
000A4
00093
00081
0006E
0005A
00046
00032
0001E
0000C
3FFFA
3FFEB
3FFDE
3FFD3
3FFCB
3FFC6
3FFC4
3FFC5
3FFC9
3FFD0
3FFDA
3FFE6
3FFF5
00005
00017
0002B
0003F
00054
00069
0007D
00090
000A2
000B2
000C1
000CC
000D5
000DB
000DE
000DE
000DB
000D5
000CD
000C1
000B3
000A3
00091
0007E
00069
00055
00040
0002B
00018
00006
3FFF5
3FFE7
3FFDB
3FFD1
3FFCA
3FFC7
3FFC6
3FFC9
3FFCF
3FFD7
3FFE3
3FFF1
00001
00013
00026
0003B
00050
00066
0007B
0008F
000A2
000B4
000C3
000D0
000DB
000E2
000E7
000E8
000E7
000E2
000DA
000D0
000C2
000B3
000A1
0008E
0007A
00064
0004F
0003A
00025
00012
00000
3FFF0
3FFE2
3FFD7
3FFCF
3FFCA
3FFC8
3FFC9
3FFCE
3FFD5
3FFE0
3FFED
3FFFD
0000E
00022
00036
0004C
00062
00078
0008D
000A1
000B4
000C5
000D4
000E0
000E9
000F0
000F3
000F2
000EF
000E8
000DF
000D2
000C3
000B2
0009F
0008B
00075
0005F
00049
00034
0001F
0000C
3FFFA
3FFEB
3FFDF
3FFD5
3FFCE
3FFCB
3FFCA
3FFCD
3FFD4
3FFDD
3FFE9
3FFF8
0000A
0001D
00032
00048
0005E
00075
0008B
000A1
000B5
000C7
000D7
000E5
000F0
000F8
000FD
000FE
000FC
000F7
000EE
000E3
000D5
000C4
000B1
0009C
00087
00070
00059
00043
0002D
00019
00006
3FFF5
3FFE7
3FFDB
3FFD3
3FFCE
3FFCC
3FFCD
3FFD2
3FFDA
3FFE6
3FFF4
00005
00018
0002D
00043
0005A
00071
00089
0009F
000B5
000C9
000DB
000EA
000F7
00101
00107
0010A
0010A
00106
000FF
000F4
000E7
000D6
000C4
000AF
0009A
00083
0006B
00054
0003D
00027
00012
00000
3FFF0
3FFE3
3FFD8
3FFD1
3FFCE
3FFCE
3FFD1
3FFD8
3FFE3
3FFF0
00000
00013
00028
0003E
00056
0006E
00086
0009E
000B5
000CA
000DE
000EF
000FE
0010A
00112
00117
00118
00116
00110
00106
000FA
000EA
000D8
000C4
000AE
00096
0007E
00066
0004E
00036
00020
0000C
3FFFA
3FFEB
3FFDF
3FFD6
3FFD1
3FFCF
3FFD1
3FFD6
3FFE0
3FFEC
3FFFB
0000E
00022
00039
00051
0006A
00083
0009C
000B5
000CC
000E1
000F4
00105
00112
0011D
00124
00127
00126
00122
00119
0010E
000FF
000EE
000DA
000C3
000AC
00093
00079
00060
00047
00030
0001A
00006
3FFF5
3FFE7
3FFDC
3FFD4
3FFD1
3FFD1
3FFD5
3FFDD
3FFE8
3FFF7
00008
0001D
00033
0004C
00065
00080
0009A
000B4
000CD
000E4
000F9
0010C
0011C
00128
00131
00136
00137
00134
0012E
00124
00116
00105
000F1
000DB
000C3
000A9
0008F
00074
0005A
00041
00029
00013
00000
3FFF0
3FFE3
3FFD9
3FFD3
3FFD2
3FFD4
3FFDA
3FFE4
3FFF2
00003
00017
0002E
00046
00061
0007C
00098
000B3
000CE
000E7
000FE
00113
00125
00134
0013F
00146
0014A
00149
00144
0013B
0012E
0011E
0010B
000F5
000DC
000C2
000A7
0008B
0006F
00054
0003A
00022
0000D
3FFFA
3FFEB
3FFDF
3FFD7
3FFD3
3FFD3
3FFD8
3FFE0
3FFED
3FFFD
00011
00028
00041
0005B
00078
00095
000B2
000CE
000EA
00103
0011B
0012F
00141
0014E
00158
0015E
0015F
0015C
00155
00149
0013A
00127
00111
000F9
000DE
000C2
000A5
00087
0006A
0004E
00034
0001C
00006
3FFF4
3FFE6
3FFDB
3FFD5
3FFD3
3FFD6
3FFDD
3FFE8
3FFF7
0000A
00021
0003A
00055
00073
00091
000B0
000CF
000EC
00109
00123
0013A
0014F
0015F
0016C
00174
00178
00177
00171
00168
00159
00147
00132
00119
000FE
000E1
000C2
000A3
00084
00066
00049
0002E
00015
00000
3FFEE
3FFE1
3FFD8
3FFD4
3FFD4
3FFD9
3FFE2
3FFF0
00003
00019
00032
0004E
0006D
0008D
000AE
000CF
000EF
0010E
0012C
00146
0015E
00172
00182
0018D
00194
00196
00193
0018B
0017E
0016D
00158
0013F
00124
00105
000E5
000C4
000A3
00081
00061
00043
00027
0000E
3FFF9
3FFE8
3FFDC
3FFD4
3FFD2
3FFD4
3FFDC
3FFE8
3FFFA
0000F
00029
00046
00065
00087
000AA
000CE
000F2
00114
00135
00154
00170
00188
0019C
001AB
001B6
001BB
001BB
001B6
001AB
0019B
00187
0016F
00152
00133
00111
000EE
000C9
000A5
00081
0005F
0003F
00021
00008
3FFF2
3FFE1
3FFD6
3FFCF
3FFCF
3FFD3
3FFDE
3FFEE
00002
0001C
00039
0005A
0007E
000A4
000CB
000F3
0011A
00141
00165
00186
001A4
001BD
001D2
001E2
001EC
001F0
001EE
001E7
001D9
001C7
001AF
00192
00172
0014E
00128
00100
000D7
000AE
00086
00060
0003C
0001C
00000
3FFE9
3FFD7
3FFCB
3FFC5
3FFC6
3FFCD
3FFDA
3FFED
00006
00024
00047
0006D
00097
000C3
000F1
0011F
0014D
00179
001A3
001CA
001EC
0020A
00222
00235
00241
00246
00244
0023B
0022C
00216
001FA
001D9
001B3
00189
0015B
0012C
000FB
000CA
00099
0006B
0003F
00018
3FFF5
3FFD8
3FFC1
3FFB1
3FFA8
3FFA7
3FFAD
3FFBC
3FFD2
3FFEF
00014
0003E
0006E
000A3
000DB
00117
00153
00190
001CD
00207
0023E
00271
0029F
002C6
002E7
002FF
0030F
00316
00314
00309
002F4
002D6
002B0
00282
0024C
00210
001CE
00189
0013F
000F5
000A9
0005F
00017
3FFD3
3FF95
3FF5D
3FF2D
3FF06
3FEEA
3FED9
3FED5
3FEDE
3FEF5
3FF1B
3FF4F
3FF93
3FFE7
0004A
000BD
00140
001D3
00275
00328
003EB
004C0
005A9
006A7
007BF
008F8
00A5D
00BFF
00DF9
01054
010C1
060D3
3A19B
3B075
01A3B
3F885
3C613
3E5E1
3C423
3F5EB
00C69
3CCFD
3BF74
02FDF
3FD7D
021AB
3F9AF
3B789
3FE74
3CB3A
037EA
033BF
3D214
3F7F8
3FA7E
3F968
3C400
00F3A
03087
3C22A
3AFA6
061BD
00BAA
03EAF
001F6
3F6CA
3E4FE
38CA2
0561E
02E82
3E8C5
3FA71
03059
00401
01842
3EE2C
3CD56
01F6E
0062F
01941
00727
0BA6E
03083
06B69
03DD0
0F8F1
336E6
398D5
020D9
3F829
3D227
3F132
3D682
3FD1F
3D61F
045A4
049C3
3A4E7
3FA90
365C6
3E9DA
3640F
0466C
06DF1
3D0A8
3F929
006F7
00883
01363
010F5
03938
3FBA8
3F1E4
02E69
03A8E
39BF7
3EDE5
3ADEF
3E13F
33585
04AA2
0448A
3F6F5
003BC
01B1E
00E5F
3FE25
0010B
3AF24
03110
0250C
01C0C
02BBA
3C024
3F843
0B480
004E5
3F4B7
00E7F
01B07
3E1E4
3E9CA
0166D
3FC47
3BBA5
3F193
3DD0F
3FA9F
3F9FA
3E040
3D811
03851
00176
0A3DC
00BE6
0A338
3934F
393D9
00C01
3E39A
01CE3
3FA0C
0DD06
3F7CC
01C76
3F145
02D63
38101
3A51E
07D23
00656
029E8
3FAE8
3F619
0061C
00D98
3FC33
01093
3B233
3F126
00B58
3EEC6
39704
0535B
07156
3B58F
00E6A
34BA6
3D48B
39A85
3F120
0007B
3E772
3FB32
3B00F
3A68B
0FF5C
02337
08989
00CA8
07B50
39DFF
3B140
3F19B
3CBB8
08487
00642
023CC
3FA41
031C5
3B449
3A1AC
03E55
00563
3E9C5
3F0DA
3C9C6
3F4FF
000AC
3C92B
3906E
08443
017FE
072A8
0254C
088F9
00AF1
0470F
3C503
3BF40
045E2
0208B
353C2
3DD60
003E1
3C1E4
3370D
06B30
03BC0
3E52F
3FBAF
02248
00AC2
0384B
3FF57
00526
0097C
01400
3F6B0
0058D
0514C
02531
3EF30
06F94
14EDF
365C1
3F1F6
3B250
3F43F
39E47
3FCCC
023DF
00E69
02905
019C0
05882
36CEB
3E0F7
3CDD0
3E8A3
34FF2
03432
05132
3ECA0
016F6
3B89D
3E5D4
02AE2
00084
06935
3CBB2
3BE36
3F230
3D232
02821
3F9F1
3E891
3F04B
03278
3BE12
3810A
02B93
3F33C
03364
00E93
03CD1
0283B
10BD5
3C788
3F882
3E4BB
002FB
3BECB
3ED82
3A0D0
3F031
3E036
0079A
01247
3EEEF
3E96B
04CD2
01BF1
01C95
015AF
0158C
00F4E
3FC1C
02EAF
01A7F
03C8B
02D30
35D82
02714
09EEE
3ED0A
01D11
3C6C3
3C7DC
07260
01B29
39077
00B1E
01E65
00E19
042B4
3BA1C
3F11C
3AF95
3DD8D
030B7
3EA93
3E794
3F422
001E8
3D09A
3CCDC
0594E
00BA3
03ACD
000EC
3F02F
0043F
3E28D
04628
02A42
01057
01C65
0389D
01BE6
3F589
04624
04834
058DB
0B14E
216BE
3B0E3
3709E
3F32D
032E2
3B76C
37CBF
07E77
029FF
00DDE
0107E
04AE4
00C95
03AF5
3D524
3BA15
04076
00EFE
00EB1
0031C
01878
3F275
3C73F
00A8A
3E423
03D0C
0285B
38E45
3EAF9
07E53
3D2D0
3A828
3D80E
366FF
0BA4A
024E6
07E79
01DEC
3CE4B
3F50F
3483A
09286
07573
3E597
00C8A
03074
01E02
03F3D
0271E
09410
3B1A3
3CA38
00638
3E60C
06517
003CD
00BFC
3DB57
35D2D
05C58
03026
3FE34
002AD
02B44
00A2E
3D5BE
023A8
0A788
356ED
3201E
1163A
05E16
34671
3E98F
381E8
3FCE3
3BF49
029FB
00849
01957
00336
05F9E
016CE
05D9A
3F006
3D8B5
00950
3E2DF
04C00
015C1
02278
002CE
37201
0241E
3FD0F
03C04
03EDC
3E881
016CE
356D7
3E68F
32C9F
03C22
05350
3EAD7
3F935
0191D
0085B
03C4E
00819
3BF5F
015C8
3F712
01CFC
3F8BA
060FB
0290D
0216A
01D08
049B3
3F9AF
3DE1F
021D8
001DD
02F0F
00BC1
05585
00457
3BA16
015E6
009F5
002BD
00907
3B6BC
3C872
11DD0
3DE84
34F58
3E6F6
36A4D
04469
3B47E
127DE
050E3
048C7
02797
04F5E
3F79E
3E9B1
00317
3D248
09F33
0297D
03F04
00B54
3BA3C
0238A
3F564
04290
01CC6
05DB6
0369A
3F7A9
02D8C
021B8
0447D
05812
053D5
0BEB9
26379
3C02D
05FBF
01C7B
0E029
3C6FD
01ED1
3AA71
3E20F
3BA22
3DD5E
033CA
3E738
3E378
3E0BE
3B6C5
035A6
00C08
009BF
002D1
00000
0DEA7
04125
3F60D
0280E
0B800
34BF2
2A93A
30CBE
334C7
3D6EF
02261
37A47
0B28C
2BED0
096F4
33FE1
3B5FB
02F7E
2AA03
0F504
2AB74
3AB0E
068C6
00CCC
389FC
0FE16
29047
0D9A6
3F7E3
3B77B
00829
2EA11
04F34
38894
37900
34BDB
3AB32
324B6
38FE9
19236
35397
39AA0
3D6F1
002B3
3C9F9
1654D
0C476
2B0BE
0B4D5
3A657
3FDD2
39E78
32DA4
027B9
341AA
3A0E3
07490
03867
0D96E
3A769
2E5D0
289AC
077E7
3BB48
3D203
2D393
059D5
023C6
09DE7
03A3A
3F5EF
3A610
31110
30BE5
04CED
0E965
3FEC1
0157C
04CAB
2C39D
3A266
36A41
0D760
3DB22
029DA
30C29
05588
1795D
2D09A
34DD6
005E8
3A22C
398FD
05A90
1E24A
3ACA4
3E050
02B0A
3B5D0
3C903
0A349
0B1D5
00CC0
3AB76
3EEB9
02995
2B08C
32079
0F000
382D2
3C3AB
381D5
006CE
12C2D
09FFB
1643C
07A33
3C659
3F791
2BED9
054B9
0B535
3C65D
38861
3D87D
3B1F9
3D42E
0B470
27052
078CA
01EDB
00B33
33C92
0DF03
3B0EA
0F1ED
31C37
3ED4F
3DB40
390EE
13A67
2BCBC
383B8
062E2
3FD50
055A1
3022B
0C19A
07988
2E563
3230F
3E3E6
058AE
305D2
0CEC1
3090B
0DEFD
37221
3DA12
38B6F
3E5DA
2DF7E
11A48
349ED
3A805
37DCE
004F2
11F8C
0478E
03E1F
31F81
3EB40
37E5F
036D9
37388
126B4
1314D
3CF35
04298
0AC70
04F60
011F8
2AFCB
0693F
0B670
01A8F
06D58
2D5BC
3C4AE
37218
0C70C
045BE
02DB4
0942A
03710
2C380
3597B
081A0
0592D
05DB3
0D7B2
3756C
021D6
35885
3BE39
039D3
0B619
03017
01C35
02B2F
330B0
00F78
3ED2A
398DC
0D77F
26745
3A296
145A4
00ED2
058E2
380EE
2F7C1
3B7D6
2C95B
3CCBD
07DB9
07EB6
3ACCC
14B07
33675
2E695
3688E
03E9A
08E3D
067CF
02063
04777
2C54F
044D0
00080
0A4B9
3BACC
03748
02D2F
03CD8
3FC15
03CE4
3785B
2B3BF
35C9B
0E72C
06B23
38797
36DDC
03469
17E07
020F7
313E8
0468E
079AD
102D9
078F2
0A3A8
35599
2D406
2FF79
39182
35074
316B7
0210F
31852
00DDE
0A676
01E6B
09A94
12255
3DCFA
31571
08FCB
04F62
06BCB
3E6BB
3C850
05534
17566
3C44D
08156
10BCC
0D547
3C465
36248
2A853
37B6C
3E52A
02F5E
15415
09734
001A1
30145
2D710
354F0
051C3
077CC
38366
3DC21
068F3
3B25B
01432
355C9
31B46
0F812
114A7
32791
3FF39
3C225
0C539
2A58A
13E26
2F535
2F67D
3AB0B
02D7F
27B00
35B32
3D798
0E4A6
05385
0269F
0BF6B
09E9E
39E6E
0E546
3D6E7
3D95C
3C99C
0D697
2E261
0379E
087F5
029C8
003FD
068E9
38218
3EA1F
382AB
3DDF9
0948D
3DC6B
3D733
2D9B1
03AB9
0B9CC
38B7C
0AD2E
04531
3C10E
30D15
173A4
0A25D
30CC5
01A63
3CF5B
050A3
1720A
2CF06
38852
0DA65
3F0CA
3C4F5
12201
3480C
3E356
371F5
36DD2
3D633
361D9
0BA00
3823E
31A95
0C2F9
086D7
037CA
3C75D
048C8
0AEE1
0C5B6
307B9
00156
00517
30A04
0944D
046BD
3164D
0751E
39BB0
35C10
3EC86
156C4
39431
2B713
04541
3F0DF
3D7AA
0EF0C
33990
30DBE
0C03E
08814
030B5
3C4FD
037D5
12C65
04F75
2C1C8
0117C
3C1DA
019A5
098CB
38B8B
295F6
37D65
02664
396A3
01F35
1501C
12EFF
33030
38789
03D21
028C8
38C7F
1A6EF
00680
34983
37018
3D508
3329D
08C9A
3AF7F
31D7A
0E39A
384AA
3B538
063A3
0B7D1
3C111
05F5C
06494
374CE
3630A
08741
30F13
0DB6F
02E7E
0B2C9
3EA9E
3D8B8
0E5BB
367F6
2E093
0BFBF
3A238
3F894
005F4
09A77
0A701
0387C
2FB0C
3C6E6
3CCBD
396AE
120D5
02EDE
2F42B
0EAB3
3EAA4
04238
3A61F
37929
08699
2F769
061A7
3E11F
3B715
3DF7C
0E765
330F0
03138
3DBF2
3E235
33836
075F9
2D6FD
3A1B0
0FB6D
05331
03B8B
3F85F
376C0
2BFA5
102F9
3C22E
3F7FC
3C668
0789E
0548A
022A7
3AC62
0BF40
3D5EE
37922
044F5
0B9EA
07C4E
30E40
33EBB
01080
0AB80
0EB2D
0A97C
34ACF
33BEA
3771F
0248A
003B8
3FA99
3F660
3F3FD
3F280
3F18B
3F0F3
3F0A1
3F088
3F0A0
3F0E2
3F14B
3F1D6
3F27F
3F341
3F41A
3F504
3F5FC
3F6FC
3F801
3F906
3FA06
3FAFF
3FBEB
3FCC7
3FD91
3FE45
3FEE1
3FF63
3FFCB
00016
00045
00059
00051
00031
3FFF8
3FFAA
3FF49
3FED8
3FE5A
3FDD3
3FD45
3FCB5
3FC26
3FB9A
3FB16
3FA9D
3FA30
3F9D2
3F985
3F94B
3F924
3F912
3F914
3F92A
3F954
3F990
3F9DD
3FA39
3FAA1
3FB14
3FB8F
3FC0F
3FC92
3FD14
3FD93
3FE0C
3FE7D
3FEE4
3FF3F
3FF8B
3FFC8
3FFF5
00011
0001B
00014
3FFFD
3FFD6
3FFA1
3FF5E
3FF11
3FEBA
3FE5C
3FDF9
3FD94
3FD2F
3FCCC
3FC6D
3FC16
3FBC7
3FB82
3FB49
3FB1E
3FB00
3FAF1
3FAF0
3FAFF
3FB1B
3FB46
3FB7C
3FBBE
3FC0A
3FC5E
3FCB7
3FD15
3FD75
3FDD5
3FE32
3FE8B
3FEDF
3FF2A
3FF6C
3FFA4
3FFCF
3FFEE
00000
00005
3FFFC
3FFE6
3FFC4
3FF97
3FF60
3FF20
3FED9
3FE8C
3FE3C
3FDEA
3FD97
3FD47
3FCFB
3FCB4
3FC74
3FC3D
3FC10
3FBED
3FBD6
3FBCB
3FBCB
3FBD8
3FBF1
3FC15
3FC43
3FC7A
3FCB9
3FCFF
3FD4A
3FD98
3FDE8
3FE37
3FE85
3FECF
3FF14
3FF52
3FF88
3FFB5
3FFD8
3FFF0
3FFFD
3FFFF
3FFF6
3FFE2
3FFC3
3FF9B
3FF6A
3FF32
3FEF3
3FEB0
3FE6A
3FE22
3FDDB
3FD95
3FD53
3FD16
3FCDE
3FCAF
3FC88
3FC6A
3FC56
3FC4C
3FC4E
3FC59
3FC6F
3FC8F
3FCB8
3FCE9
3FD21
3FD5E
3FDA0
3FDE5
3FE2C
3FE72
3FEB6
3FEF7
3FF34
3FF6A
3FF9A
3FFC2
3FFE0
3FFF5
00001
00002
3FFF9
3FFE6
3FFCA
3FFA6
3FF7A
3FF47
3FF0F
3FED2
3FE93
3FE52
3FE11
3FDD2
3FD96
3FD5E
3FD2C
3FD01
3FCDD
3FCC2
3FCAF
3FCA7
3FCA7
3FCB2
3FCC5
3FCE2
3FD06
3FD32
3FD65
3FD9D
3FDD9
3FE17
3FE57
3FE97
3FED5
3FF11
3FF49
3FF7B
3FFA7
3FFCB
3FFE8
3FFFB
00006
00008
00000
3FFEF
3FFD6
3FFB5
3FF8D
3FF5E
3FF2A
3FEF3
3FEB8
3FE7D
3FE41
3FE06
3FDCF
3FD9B
3FD6C
3FD43
3FD21
3FD07
3FCF5
3FCEB
3FCEB
3FCF4
3FD05
3FD1E
3FD3F
3FD67
3FD96
3FDC9
3FE00
3FE3A
3FE75
3FEB0
3FEEB
3FF22
3FF56
3FF86
3FFAF
3FFD2
3FFEE
00001
0000C
0000F
00009
3FFFA
3FFE4
3FFC6
3FFA1
3FF76
3FF46
3FF13
3FEDC
3FEA4
3FE6C
3FE35
3FE00
3FDCF
3FDA2
3FD7B
3FD5A
3FD40
3FD2E
3FD24
3FD22
3FD28
3FD37
3FD4D
3FD6B
3FD90
3FDBA
3FDEA
3FE1D
3FE53
3FE8A
3FEC2
3FEF9
3FF2E
3FF60
3FF8D
3FFB5
3FFD7
3FFF3
00006
00012
00016
00012
00006
3FFF2
3FFD7
3FFB5
3FF8E
3FF62
3FF31
3FEFE
3FECA
3FE95
3FE60
3FE2E
3FDFE
3FDD3
3FDAC
3FD8C
3FD72
3FD5F
3FD53
3FD50
3FD54
3FD61
3FD74
3FD8F
3FDB0
3FDD7
3FE03
3FE33
3FE65
3FE9A
3FECF
3FF03
3FF36
3FF66
3FF92
3FFB9
3FFDB
3FFF6
0000B
00018
0001D
0001B
00011
00000
3FFE8
3FFC9
3FFA5
3FF7C
3FF4F
3FF1F
3FEED
3FEBA
3FE88
3FE58
3FE29
3FDFF
3FDD9
3FDB8
3FD9E
3FD8A
3FD7E
3FD78
3FD7B
3FD84
3FD95
3FDAD
3FDCB
3FDEF
3FE18
3FE44
3FE74
3FEA5
3FED8
3FF0A
3FF3B
3FF6A
3FF95
3FFBB
3FFDD
3FFF9
0000E
0001D
00024
00024
0001C
0000E
3FFF8
3FFDD
3FFBB
3FF95
3FF6B
3FF3E
3FF0E
3FEDE
3FEAE
3FE7F
3FE52
3FE28
3FE02
3FDE2
3FDC6
3FDB2
3FDA4
3FD9D
3FD9D
3FDA4
3FDB2
3FDC7
3FDE2
3FE03
3FE29
3FE52
3FE7F
3FEAE
3FEDF
3FF0F
3FF3E
3FF6C
3FF96
3FFBC
3FFDE
3FFFB
00011
00021
00029
0002B
00026
0001A
00008
3FFEF
3FFD0
3FFAD
3FF86
3FF5B
3FF2E
3FF00
3FED1
3FEA3
3FE77
3FE4E
3FE29
3FE08
3FDEC
3FDD6
3FDC7
3FDBE
3FDBC
3FDC0
3FDCC
3FDDE
3FDF6
3FE14
3FE37
3FE5E
3FE89
3FEB5
3FEE3
3FF12
3FF40
3FF6C
3FF96
3FFBC
3FFDE
3FFFB
00013
00024
0002E
00032
00030
00026
00016
00000
3FFE4
3FFC4
3FF9F
3FF77
3FF4C
3FF1F
3FEF3
3FEC6
3FE9B
3FE72
3FE4D
3FE2C
3FE0F
3FDF8
3FDE7
3FDDC
3FDD8
3FDDB
3FDE4
3FDF3
3FE09
3FE24
3FE44
3FE69
3FE90
3FEBB
3FEE7
3FF14
3FF41
3FF6C
3FF95
3FFBB
3FFDE
3FFFB
00014
00026
00033
00039
00038
00031
00024
00010
3FFF7
3FFD9
3FFB7
3FF91
3FF68
3FF3E
3FF12
3FEE7
3FEBD
3FE95
3FE6F
3FE4E
3FE30
3FE18
3FE06
3FDF9
3FDF3
3FDF3
3FDFA
3FE07
3FE1A
3FE32
3FE50
3FE72
3FE97
3FEBF
3FEEA
3FF15
3FF41
3FF6B
3FF94
3FFBA
3FFDC
3FFFB
00014
00028
00036
0003E
00040
0003B
00030
0001F
00009
3FFED
3FFCD
3FFA9
3FF83
3FF5A
3FF30
3FF06
3FEDD
3FEB5
3FE90
3FE6E
3FE50
3FE37
3FE23
3FE15
3FE0C
3FE0A
3FE0F
3FE19
3FE29
3FE3F
3FE5A
3FE7A
3FE9D
3FEC3
3FEEC
3FF16
3FF40
3FF69
3FF92
3FFB8
3FFDA
3FFF9
00014
00029
00039
00043
00046
00044
0003B
0002D
00019
00000
3FFE2
3FFC1
3FF9C
3FF75
3FF4D
3FF24
3FEFC
3FED4
3FEAF
3FE8D
3FE6E
3FE54
3FE3F
3FE2F
3FE25
3FE21
3FE23
3FE2B
3FE38
3FE4C
3FE64
3FE81
3FEA2
3FEC7
3FEED
3FF16
3FF3F
3FF67
3FF8F
3FFB5
3FFD8
3FFF7
00013
00029
0003B
00046
0004C
0004C
00046
0003A
00028
00012
3FFF6
3FFD7
3FFB5
3FF8F
3FF68
3FF41
3FF19
3FEF2
3FECD
3FEAB
3FE8B
3FE70
3FE5A
3FE48
3FE3C
3FE36
3FE36
3FE3B
3FE47
3FE58
3FE6E
3FE89
3FEA7
3FECA
3FEEF
3FF15
3FF3D
3FF65
3FF8C
3FFB2
3FFD5
3FFF5
00011
00029
0003C
00049
00051
00053
0004F
00046
00037
00022
00009
3FFEC
3FFCC
3FFA8
3FF83
3FF5C
3FF35
3FF0F
3FEEA
3FEC7
3FEA8
3FE8C
3FE74
3FE61
3FE53
3FE4B
3FE49
3FE4C
3FE55
3FE63
3FE77
3FE90
3FEAC
3FECC
3FEF0
3FF15
3FF3B
3FF62
3FF89
3FFAE
3FFD2
3FFF2
0000F
00028
0003C
0004C
00055
00059
00058
00050
00044
00032
0001B
00000
3FFE1
3FFC0
3FF9C
3FF76
3FF50
3FF2B
3FF06
3FEE3
3FEC3
3FEA6
3FE8D
3FE79
3FE69
3FE5F
3FE5B
3FE5C
3FE63
3FE6F
3FE80
3FE96
3FEB1
3FECF
3FEF1
3FF14
3FF3A
3FF60
3FF86
3FFAB
3FFCE
3FFEF
0000D
00027
0003C
0004D
00059
0005F
0005F
0005A
00050
00040
0002C
00013
3FFF6
3FFD6
3FFB4
3FF90
3FF6B
3FF45
3FF21
3FEFE
3FEDD
3FEC0
3FEA6
3FE90
3FE7F
3FE73
3FE6D
3FE6C
3FE70
3FE7A
3FE89
3FE9D
3FEB6
3FED2
3FEF1
3FF14
3FF38
3FF5D
3FF82
3FFA7
3FFCA
3FFEC
0000A
00025
0003C
0004E
0005B
00064
00066
00063
0005B
0004E
0003B
00025
0000A
3FFEC
3FFCB
3FFA8
3FF84
3FF5F
3FF3B
3FF18
3FEF7
3FED9
3FEBE
3FEA7
3FE95
3FE87
3FE7F
3FE7B
3FE7E
3FE85
3FE92
3FEA4
3FEBA
3FED5
3FEF2
3FF13
3FF36
3FF5A
3FF7E
3FFA3
3FFC6
3FFE8
00007
00023
0003B
0004E
0005D
00067
0006C
0006B
00065
0005A
0004A
00035
0001C
00000
3FFE1
3FFBF
3FF9C
3FF78
3FF55
3FF32
3FF11
3FEF2
3FED6
3FEBE
3FEAA
3FE9B
3FE90
3FE8B
3FE8B
3FE91
3FE9B
3FEAB
3FEBF
3FED7
3FEF3
3FF13
3FF34
3FF57
3FF7B
3FF9F
3FFC2
3FFE4
00003
00020
00039
0004E
0005F
0006B
00071
00073
0006F
00066
00058
00045
0002E
00014
3FFF6
3FFD6
3FFB4
3FF91
3FF6D
3FF4B
3FF29
3FF0A
3FEED
3FED4
3FEBF
3FEAE
3FEA2
3FE9B
3FE99
3FE9C
3FEA5
3FEB2
3FEC4
3FEDB
3FEF5
3FF12
3FF32
3FF54
3FF77
3FF9B
3FFBE
3FFDF
3FFFF
0001D
00037
0004E
00060
0006D
00076
00079
00077
00070
00065
00054
0003F
00026
0000A
3FFEB
3FFCA
3FFA8
3FF86
3FF63
3FF42
3FF22
3FF05
3FEEA
3FED4
3FEC1
3FEB4
3FEAB
3FEA7
3FEA8
3FEAE
3FEB9
3FEC9
3FEDE
3FEF6
3FF12
3FF31
3FF51
3FF74
3FF96
3FFB9
3FFDB
3FFFB
00019
00035
0004C
00060
0006F
00079
0007F
0007F
0007A
00070
00062
0004F
00038
0001D
00000
3FFE0
3FFBF
3FF9D
3FF7B
3FF59
3FF39
3FF1B
3FF00
3FEE9
3FED5
3FEC5
3FEBA
3FEB4
3FEB4
3FEB8
3FEC1
3FECF
3FEE1
3FEF8
3FF12
3FF2F
3FF4F
3FF70
3FF92
3FFB5
3FFD6
3FFF7
00016
00032
0004B
00060
00070
0007C
00084
00086
00083
0007C
0006F
0005E
00049
00030
00014
3FFF6
3FFD5
3FFB4
3FF92
3FF71
3FF51
3FF32
3FF16
3FEFD
3FEE8
3FED7
3FECA
3FEC2
3FEC0
3FEC2
3FEC9
3FED5
3FEE5
3FEFA
3FF12
3FF2E
3FF4C
3FF6D
3FF8E
3FFB0
3FFD2
3FFF3
00012
0002F
00048
0005F
00071
0007F
00088
0008C
0008C
00086
0007B
0006C
00059
00042
00027
0000A
3FFEB
3FFCA
3FFA9
3FF88
3FF67
3FF48
3FF2C
3FF12
3FEFB
3FEE9
3FEDA
3FED1
3FECC
3FECC
3FED1
3FEDB
3FEEA
3FEFC
3FF13
3FF2D
3FF4A
3FF69
3FF8A
3FFAC
3FFCD
3FFEE
0000E
0002B
00046
0005D
00071
00081
0008C
00092
00093
0008F
00087
0007A
00068
00053
0003A
0001E
00000
3FFE0
3FFBF
3FF9E
3FF7E
3FF5F
3FF41
3FF26
3FF0F
3FEFB
3FEEB
3FEDF
3FED9
3FED7
3FEDA
3FEE2
3FEEE
3FEFF
3FF14
3FF2D
3FF48
3FF66
3FF86
3FFA7
3FFC8
3FFE9
00009
00027
00043
0005C
00071
00082
0008F
00097
0009A
00098
00092
00087
00077
00063
0004C
00032
00014
3FFF6
3FFD5
3FFB5
3FF94
3FF75
3FF57
3FF3B
3FF22
3FF0D
3FEFB
3FEEE
3FEE5
3FEE2
3FEE3
3FEE9
3FEF3
3FF02
3FF15
3FF2C
3FF47
3FF64
3FF82
3FFA3
3FFC4
3FFE4
00005
00023
00040
00059
00070
00083
00091
0009B
000A0
000A0
0009C
00093
00085
00073
0005D
00044
00028
0000A
3FFEB
3FFCB
3FFAA
3FF8A
3FF6C
3FF4F
3FF36
3FF1F
3FF0C
3FEFD
3FEF3
3FEED
3FEEC
3FEF0
3FEF9
3FF06
3FF17
3FF2D
3FF45
3FF61
3FF7F
3FF9E
3FFBF
3FFE0
00000
0001F
0003C
00057
0006F
00083
00093
0009E
000A5
000A8
000A5
0009E
00092
00082
0006E
00056
0003C
0001F
00000
3FFE0
3FFC0
3FFA0
3FF81
3FF64
3FF49
3FF31
3FF1D
3FF0D
3FF00
3FEF9
3FEF6
3FEF8
3FEFE
3FF0A
3FF19
3FF2D
3FF44
3FF5F
3FF7B
3FF9A
3FFBA
3FFDB
3FFFB
0001B
00038
00054
0006D
00082
00094
000A1
000AA
000AF
000AE
000A9
0009F
00090
0007E
00068
0004F
00033
00015
3FFF5
3FFD5
3FFB6
3FF96
3FF79
3FF5D
3FF44
3FF2E
3FF1C
3FF0E
3FF05
3FF00
3FF00
3FF05
3FF0E
3FF1C
3FF2E
3FF44
3FF5D
3FF78
3FF96
3FFB6
3FFD6
3FFF6
00016
00034
00051
0006B
00081
00095
000A4
000AE
000B5
000B6
000B3
000AB
0009E
0008D
00079
00061
00046
00029
0000A
3FFEB
3FFCB
3FFAC
3FF8D
3FF71
3FF57
3FF40
3FF2C
3FF1D
3FF11
3FF0B
3FF09
3FF0C
3FF13
3FF1F
3FF2F
3FF43
3FF5B
3FF76
3FF92
3FFB1
3FFD1
3FFF1
00011
00030
0004D
00068
00080
00095
000A6
000B2
000BA
000BD
000BC
000B6
000AB
0009C
00089
00073
00059
0003D
0001F
00000
3FFE0
3FFC1
3FFA2
3FF85
3FF6A
3FF52
3FF3D
3FF2B
3FF1E
3FF16
3FF12
3FF13
3FF18
3FF22
3FF31
3FF43
3FF5A
3FF73
3FF8F
3FFAD
3FFCC
3FFEC
0000C
0002C
0004A
00065
0007F
00095
000A7
000B5
000BF
000C4
000C5
000C1
000B8
000AB
00099
00084
0006C
00051
00034
00015
3FFF5
3FFD6
3FFB7
3FF99
3FF7D
3FF64
3FF4D
3FF3B
3FF2C
3FF22
3FF1C
3FF1B
3FF1E
3FF26
3FF33
3FF44
3FF59
3FF71
3FF8C
3FFA9
3FFC8
3FFE7
00007
00027
00046
00062
0007D
00094
000A8
000B8
000C3
000CA
000CD
000CB
000C4
000B8
000A9
00095
0007E
00064
00048
0002A
0000B
3FFEB
3FFCC
3FFAD
3FF90
3FF76
3FF5E
3FF4A
3FF3A
3FF2E
3FF26
3FF23
3FF25
3FF2B
3FF36
3FF45
3FF58
3FF6F
3FF89
3FFA5
3FFC3
3FFE3
00002
00022
00041
0005F
0007A
00093
000A8
000BA
000C7
000D0
000D4
000D4
000CF
000C6
000B8
000A6
00090
00077
0005C
0003E
00020
00000
3FFE0
3FFC2
3FFA4
3FF89
3FF70
3FF5A
3FF48
3FF3A
3FF31
3FF2C
3FF2C
3FF30
3FF39
3FF46
3FF58
3FF6D
3FF86
3FFA1
3FFBF
3FFDE
3FFFE
0001D
0003D
0005B
00077
00091
000A8
000BB
000CA
000D5
000DB
000DD
000DA
000D2
000C6
000B6
000A2
0008A
00070
00053
00034
00015
3FFF5
3FFD6
3FFB8
3FF9C
3FF82
3FF6B
3FF57
3FF48
3FF3C
3FF35
3FF33
3FF36
3FF3D
3FF48
3FF58
3FF6C
3FF83
3FF9E
3FFBA
3FFD9
3FFF9
00019
00038
00057
00074
0008F
000A7
000BC
000CD
000DA
000E2
000E5
000E4
000DE
000D4
000C5
000B3
0009C
00083
00067
00049
0002A
0000B
3FFEB
3FFCC
3FFAF
3FF94
3FF7C
3FF67
3FF55
3FF48
3FF3F
3FF3B
3FF3C
3FF41
3FF4B
3FF59
3FF6B
3FF81
3FF9B
3FFB6
3FFD4
3FFF4
00014
00034
00053
00071
0008D
000A6
000BD
000CF
000DE
000E8
000ED
000EE
000EA
000E2
000D5
000C3
000AE
00096
0007B
0005E
0003F
00020
00000
3FFE1
3FFC3
3FFA7
3FF8D
3FF77
3FF64
3FF55
3FF4A
3FF44
3FF43
3FF46
3FF4E
3FF5A
3FF6B
3FF80
3FF98
3FFB3
3FFD0
3FFEF
0000F
0002F
0004F
0006E
0008A
000A5
000BD
000D1
000E1
000ED
000F4
000F7
000F5
000EF
000E3
000D4
000C0
000A9
0008F
00073
00054
00035
00015
3FFF6
3FFD7
3FFBA
3FF9F
3FF87
3FF73
3FF62
3FF55
3FF4D
3FF4A
3FF4B
3FF52
3FF5C
3FF6B
3FF7F
3FF95
3FFAF
3FFCC
3FFEA
0000A
0002A
0004A
0006A
00088
000A3
000BC
000D2
000E4
000F2
000FB
00100
00100
000FB
000F2
000E4
000D2
000BC
000A3
00087
0006A
0004A
0002B
0000B
3FFEB
3FFCD
3FFB1
3FF98
3FF82
3FF70
3FF61
3FF57
3FF52
3FF51
3FF56
3FF5F
3FF6C
3FF7E
3FF93
3FFAC
3FFC8
3FFE5
00005
00025
00046
00066
00085
000A1
000BC
000D3
000E7
000F6
00102
00108
0010A
00107
00100
000F3
000E3
000CF
000B7
0009C
0007F
00060
00040
00020
00000
3FFE1
3FFC4
3FFAA
3FF92
3FF7E
3FF6E
3FF62
3FF5B
3FF58
3FF5B
3FF62
3FF6D
3FF7D
3FF91
3FFA9
3FFC4
3FFE1
00000
00020
00041
00062
00081
0009F
000BB
000D3
000E9
000FA
00107
00110
00114
00113
0010D
00103
000F4
000E1
000CA
000B1
00094
00076
00056
00035
00015
3FFF6
3FFD8
3FFBC
3FFA3
3FF8D
3FF7B
3FF6D
3FF64
3FF60
3FF60
3FF65
3FF6F
3FF7D
3FF90
3FFA7
3FFC0
3FFDD
3FFFB
0001C
0003C
0005D
0007E
0009C
000B9
000D4
000EB
000FE
0010D
00117
0011D
0011E
0011B
00112
00105
000F3
000DE
000C5
000A9
0008B
0006C
0004B
0002B
0000A
3FFEC
3FFCE
3FFB4
3FF9D
3FF89
3FF79
3FF6E
3FF68
3FF66
3FF69
3FF71
3FF7E
3FF8F
3FFA4
3FFBD
3FFD9
3FFF7
00017
00038
00059
0007A
0009A
000B8
000D3
000EC
00101
00112
0011E
00126
00129
00127
00121
00115
00105
000F1
000DA
000BF
000A1
00082
00062
00041
00020
00000
3FFE2
3FFC6
3FFAD
3FF98
3FF86
3FF79
3FF71
3FF6D
3FF6E
3FF74
3FF7F
3FF8F
3FFA3
3FFBA
3FFD5
3FFF2
00012
00033
00054
00076
00097
000B6
000D3
000ED
00104
00116
00125
0012F
00134
00134
0012F
00126
00117
00105
000EE
000D4
000B8
00099
00078
00057
00036
00015
3FFF6
3FFD9
3FFBE
3FFA7
3FF94
3FF85
3FF7A
3FF74
3FF74
3FF78
3FF81
3FF8F
3FFA1
3FFB8
3FFD1
3FFEE
0000D
0002E
00050
00072
00093
000B4
000D2
000EE
00106
0011B
0012B
00137
0013E
00140
0013E
00136
00129
00118
00103
000EA
000CE
000AF
0008F
0006E
0004C
0002B
0000A
3FFEC
3FFD0
3FFB7
3FFA2
3FF91
3FF84
3FF7D
3FF7A
3FF7C
3FF84
3FF90
3FFA0
3FFB5
3FFCE
3FFEA
00009
0002A
0004B
0006E
00090
000B1
000D1
000EE
00108
0011F
00131
0013F
00148
0014C
0014C
00146
0013B
0012B
00117
00100
000E5
000C7
000A7
00085
00063
00041
00020
00000
3FFE3
3FFC8
3FFB1
3FF9E
3FF90
3FF86
3FF81
3FF81
3FF87
3FF91
3FFA0
3FFB4
3FFCB
3FFE7
00005
00025
00047
0006A
0008C
000AF
000CF
000EE
0010A
00122
00137
00147
00152
00158
00159
00155
0014C
0013F
0012C
00116
000FB
000DE
000BE
0009D
0007A
00058
00036
00015
3FFF6
3FFDA
3FFC1
3FFAC
3FF9B
3FF90
3FF89
3FF87
3FF8A
3FF93
3FFA0
3FFB2
3FFC9
3FFE3
00001
00021
00042
00065
00089
000AC
000CE
000EE
0010B
00125
0013C
0014E
0015B
00164
00167
00165
0015E
00152
00141
0012C
00113
000F6
000D7
000B5
00093
0006F
0004C
0002A
0000A
3FFEC
3FFD2
3FFBB
3FFA8
3FF9A
3FF91
3FF8D
3FF8F
3FF95
3FFA1
3FFB2
3FFC7
3FFE0
3FFFD
0001C
0003E
00061
00085
000A9
000CC
000ED
0010D
00129
00141
00155
00165
0016F
00175
00175
00170
00165
00156
00142
0012A
0010E
000EF
000CE
000AB
00088
00064
00041
0001F
00000
3FFE4
3FFCB
3FFB6
3FFA6
3FF9B
3FF95
3FF94
3FF99
3FFA3
3FFB2
3FFC5
3FFDD
3FFF9
00018
0003A
0005D
00082
000A6
000CA
000ED
0010E
0012B
00146
0015C
0016E
0017B
00182
00185
00181
00179
0016B
00159
00142
00127
00109
000E8
000C5
000A1
0007C
00058
00035
00014
3FFF6
3FFDB
3FFC5
3FFB2
3FFA5
3FF9D
3FF9A
3FF9C
3FFA5
3FFB2
3FFC4
3FFDB
3FFF6
00014
00036
00059
0007E
000A3
000C8
000EC
0010F
0012E
0014A
00163
00177
00186
00190
00194
00193
0018D
00181
00170
0015A
00140
00123
00102
000DF
000BB
00095
00070
0004C
0002A
0000A
3FFED
3FFD4
3FFC0
3FFB0
3FFA6
3FFA1
3FFA1
3FFA7
3FFB3
3FFC4
3FFD9
3FFF3
00011
00032
00055
0007A
000A0
000C6
000EC
0010F
00131
0014F
0016A
00180
00191
0019D
001A4
001A5
001A1
00197
00187
00173
0015A
0013D
0011D
000FA
000D5
000B0
0008A
00064
00040
0001F
00000
3FFE5
3FFCE
3FFBC
3FFB0
3FFA8
3FFA7
3FFAB
3FFB4
3FFC4
3FFD8
3FFF1
0000E
0002E
00052
00077
0009E
000C5
000EB
00110
00134
00154
00170
00189
0019D
001AB
001B4
001B7
001B5
001AD
0019F
0018C
00174
00158
00139
00116
000F1
000CB
000A4
0007D
00058
00034
00014
3FFF7
3FFDE
3FFC9
3FFBA
3FFB1
3FFAD
3FFAF
3FFB7
3FFC4
3FFD7
3FFEF
0000B
0002B
0004E
00074
0009B
000C3
000EB
00111
00136
00159
00177
00192
001A8
001B9
001C5
001CA
001CA
001C4
001B8
001A6
00190
00175
00155
00133
0010E
000E7
000BF
00098
00071
0004B
00029
0000A
3FFEE
3FFD8
3FFC6
3FFBA
3FFB4
3FFB4
3FFBA
3FFC5
3FFD7
3FFED
00009
00028
0004B
00071
00099
000C1
000EA
00113
00139
0015E
0017F
0019C
001B4
001C8
001D5
001DD
001DF
001DB
001D1
001C1
001AC
00192
00173
00151
0012C
00104
000DC
000B3
0008B
00064
0003F
0001E
00000
3FFE7
3FFD3
3FFC5
3FFBC
3FFBA
3FFBD
3FFC7
3FFD7
3FFEC
00007
00026
00048
0006E
00097
000C0
000EA
00114
0013D
00163
00186
001A6
001C1
001D7
001E7
001F1
001F6
001F4
001EB
001DD
001C9
001B0
00192
00170
0014B
00123
000FA
000D0
000A6
0007D
00057
00033
00013
3FFF7
3FFE1
3FFD0
3FFC5
3FFC0
3FFC2
3FFCA
3FFD8
3FFEC
00005
00024
00046
0006C
00095
000BF
000EB
00116
00141
00169
0018E
001B0
001CE
001E6
001F9
00206
0020D
0020D
00207
001FA
001E8
001D0
001B2
00191
0016B
00143
00119
000EE
000C2
00098
0006F
00049
00027
00009
3FFF0
3FFDC
3FFCF
3FFC8
3FFC7
3FFCD
3FFDA
3FFEC
00005
00022
00045
0006B
00094
000BF
000EC
00119
00145
00170
00197
001BC
001DC
001F7
0020D
0021C
00225
00228
00224
00219
00208
001F1
001D4
001B3
0018E
00165
0013A
0010D
000E1
000B4
00089
00061
0003C
0001C
00000
3FFEA
3FFDA
3FFD0
3FFCE
3FFD2
3FFDC
3FFED
00005
00022
00044
0006A
00094
000C0
000EE
0011D
0014B
00177
001A2
001C9
001EC
0020A
00222
00234
00240
00244
00242
00239
0022A
00214
001F8
001D7
001B2
00189
0015D
0012F
00100
000D2
000A5
0007A
00053
00030
00011
3FFF8
3FFE6
3FFDA
3FFD5
3FFD7
3FFDF
3FFEF
00005
00022
00044
0006A
00094
000C2
000F1
00121
00152
00181
001AE
001D7
001FD
0021E
00239
0024E
0025C
00263
00263
0025C
0024E
0023A
0021E
001FE
001D8
001AE
00181
00152
00122
000F2
000C2
00095
0006B
00045
00023
00008
3FFF2
3FFE4
3FFDC
3FFDC
3FFE3
3FFF2
00007
00023
00045
0006B
00096
000C5
000F6
00128
0015B
0018C
001BC
001E8
00211
00235
00253
0026B
0027C
00285
00288
00282
00276
00262
00248
00227
00201
001D7
001A8
00178
00146
00113
000E1
000B1
00084
0005B
00037
00018
00000
3FFEF
3FFE5
3FFE3
3FFE8
3FFF5
0000A
00025
00047
0006E
0009A
000CA
000FD
00131
00166
0019B
001CD
001FD
00229
00250
00271
0028C
0029F
002AC
002B0
002AD
002A1
0028E
00274
00254
0022D
00202
001D2
001A0
0016B
00136
00102
000CF
0009E
00072
0004B
00029
0000E
3FFFA
3FFEE
3FFEA
3FFEE
3FFFA
0000D
00029
0004B
00073
000A0
000D2
00107
0013E
00176
001AD
001E3
00216
00246
00270
00295
002B3
002C9
002D8
002DE
002DC
002D2
002C0
002A6
00285
0025E
00231
00200
001CB
00194
0015C
00124
000ED
000BA
0008A
0005F
0003A
0001C
00006
3FFF7
3FFF1
3FFF4
3FFFF
00012
0002E
00051
0007A
000AA
000DE
00115
00150
0018B
001C6
00200
00237
0026A
00299
002C1
002E2
002FB
0030C
00315
00315
0030B
002F9
002DF
002BD
00294
00265
00231
001FA
001BF
00183
00148
0010D
000D6
000A2
00073
0004B
0002A
00011
00000
3FFF8
3FFFA
00005
00018
00035
00059
00085
000B7
000EF
0012B
00169
001A9
001E9
00227
00263
0029B
002CE
002FA
0031E
0033B
0034E
00359
00359
00351
0033E
00323
002FF
002D4
002A2
0026A
0022E
001EF
001AE
0016D
0012E
000F1
000B9
00086
0005A
00036
0001A
00007
3FFFE
3FFFF
0000B
00020
0003E
00066
00096
000CC
00109
0014A
0018E
001D4
0021B
00260
002A2
002DF
00317
00348
00371
00391
003A7
003B2
003B4
003AA
00396
00378
00351
00322
002EA
002AD
0026B
00225
001DE
00196
00150
0010D
000CE
00096
00065
0003D
0001E
0000A
00001
00003
00010
00028
0004B
00078
000AE
000EC
00131
0017B
001C9
00218
00268
002B6
00301
00347
00386
003BD
003EB
0040F
00428
00435
00435
0042A
00413
003F0
003C3
0038C
0034C
00305
002B9
00269
00216
001C4
00174
00127
000E0
000A0
00069
0003C
0001A
00004
3FFFB
00000
00012
00031
0005C
00094
000D6
00121
00175
001CE
0022B
0028B
002EB
00349
003A2
003F6
00442
00484
004BA
004E5
00501
00510
0050F
00500
004E2
004B7
0047E
00439
003EA
00393
00334
002D1
0026C
00207
001A4
00146
000EF
000A2
0005F
0002A
00003
3FFEC
3FFE5
3FFEF
0000B
00038
00075
000C1
0011C
00183
001F4
0026D
002EC
0036E
003F1
00471
004EC
0055F
005C7
00623
00670
006AC
006D6
006EC
006EE
006DC
006B5
0067B
0062E
005D0
00563
004EA
00466
003DA
0034B
002BB
0022D
001A6
00128
000B7
00056
00008
3FFCF
3FFAF
3FFA7
3FFBB
3FFEA
00035
0009D
0011F
001BB
0026F
00339
00415
00501
005FA
006FA
007FF
00904
00A04
00AFC
00BE6
00CBF
00D81
00E2A
00EB5
00F1E
00F60
00F78
00F5F
00F0D
00E75
00D80
00C03
009A0
00567
3FC48
3DB76
088E1
0C416
0B531
35684
314D3
35480
3EF80
0C145
0F1C0
383B2
34616
3BB0B
086DE
02A12
340C0
0539E
3DD59
3AB76
38762
03998
00804
03DD2
2FD07
1405B
08940
007A1
3C475
3ACCF
30493
05E50
12903
38A07
0C7CA
01DCB
0240E
3CEC8
0CF10
3189B
02084
048EB
01EE1
39E59
10897
37967
086D7
059E1
3BDC8
0155C
3154D
10BD5
3D122
2DF2B
06952
03343
0391A
104F4
3C784
358FF
36589
3FA0C
0076C
05DC8
34041
11F6D
0980A
31A45
02748
01562
34D37
3D182
32491
0F0ED
378BF
09CF6
08B32
39B6C
3A0A4
03EEF
3482F
39C5D
04AC8
07B56
31C66
0E286
05081
37366
0CD63
02AF8
08FE8
0B67D
3F980
25911
07381
3D738
3C2DF
07877
0CFD0
2D101
2AFE4
3E0CB
0695D
3D99C
0829B
16A0A
07475
36735
3E65B
03E26
3EE84
13E38
3B08B
2D39B
3C82B
03B03
3CF4B
377EC
33FC2
0F242
0C670
310F4
02856
00F21
3BABF
148ED
06BCF
2A93C
0137A
0A3F0
06450
38AE2
0E9B3
3B943
36BB3
0F5FC
3FAE9
3FEAA
0F847
33A4A
3511F
3B738
038A3
3C836
37929
33D07
0E56B
07DC2
34600
09E27
029CD
0922E
08E0B
01CAA
0B7F4
2DDFF
03B0B
00F36
3259B
077AE
130FA
28DF6
3AF5D
030A5
3E59D
0F33B
35DA3
28C5C
0F2EB
03EF2
3BACF
352D2
07484
34634
3C547
1264F
028CD
02395
36B73
02207
07D55
015E1
07DE8
39717
3FC03
3D638
3780B
3C862
11D9F
32969
03664
026A4
02919
31ABA
06192
36162
34095
3D961
3AC7B
31B5A
02868
0A4CE
18500
3D281
054F5
10983
10ACB
2C1DA
15A76
33AC7
03DDB
000C7
0D86F
2EB59
307EE
0E4BA
0AA37
3EBCE
04DA5
3970D
023DF
07C9A
38834
3AE3D
0AB10
128F0
0FEBB
3FE5F
368CC
2ABEB
3D0A2
01AD6
08494
157AD
09DB8
03B9B
32AB9
2F434
37EAA
03BB3
28A9A
3AACC
037B0
01945
39435
3B09E
37035
0EA8F
02306
2DDAB
3656C
3E195
3598A
3F222
0E7AE
3DEF1
0E949
0AF8C
06E7E
10087
12BFA
0AA67
35C58
3870E
2FD27
38653
3B972
0EC18
3DF09
281F9
3CB97
09224
07869
394DD
318D4
0A365
14C41
087A5
3C31C
003EB
3C328
3D2D1
3C8B8
04534
35B47
3FF80
3BB30
13AB1
3B889
3DF9D
39831
371C3
3C166
09772
1196B
0C98B
2B4F9
05334
3814A
38247
03343
136A5
0482A
1083F
07F12
3A71E
3F12E
2BA5C
05D6A
198BB
32881
06724
012D6
3F088
0CF50
3D4D1
3E3CB
3CFE9
349E7
3C62D
041C7
0A77B
3DE2A
08A94
3284E
3A24D
3A6D3
37E60
0A685
13C80
3C8F0
36BD6
3D24C
3BA42
338F4
08DE8
03B52
12A44
392A8
3E571
34990
396C1
15035
3EE08
3B0A0
35390
3BD68
030CB
2CEB3
2D94C
08C78
3C927
081A1
014C0
0E07F
3C1E1
3B872
2E074
3FB0E
08232
057FB
0B613
2E5B8
12082
01A26
07491
025EE
08DDF
32103
0F6F5
3313F
0FA2E
3A752
01C1A
0DCF1
11A9D
38678
33E66
0FDD5
3AA5F
002B0
39D1E
07C48
14344
2C599
06F12
024C0
012B1
0E3C9
30E13
04F16
320FD
0C36E
3F4CD
3E125
38736
18FAE
34B90
02BD2
04E07
02783
0779F
039A3
34ACB
3AB47
14127
0086F
039A7
385CD
29BC4
36005
2D3D3
3F932
07E2B
03C55
07D2E
31000
0DF87
14F74
3D66B
01147
0548A
3F340
34E2B
35CB7
036FD
04A30
3D4F6
01FB0
0535C
21DB6
3A570
06703
05DD4
3FA18
0B22A
12F66
286A3
3AA78
0F3D7
3D626
024DE
328A0
095BF
05D9A
13C63
3B355
3EA84
0013F
3169B
3B313
0F41B
0EEF0
059F0
00A11
3C5C6
36219
3DC3A
3A62B
12C6D
02DFD
044B8
38819
17654
11A30
05897
32692
3C799
38B70
05F1D
0BE56
3D847
0D25C
06188
0022E
059A9
34B2B
14F42
33B8A
29AB3
03607
3FD4D
0290F
06560
0AC69
26DCA
07017
0DB4A
054CE
0B425
08700
0776C
3B0CC
115EF
3F7D7
04885
0081D
3265A
16FB9
301EA
07604
3F334
3973A
054F2
1548C
30AFC
155FD
3D082
04A05
0C01F
3690C
14130
34D74
085B9
3DD9F
02911
0CB39
0F342
156C6
0B40E
34800
3D7F2
009F3
3BEDB
32159
00000
00699
00083
031BE
07B24
3B349
022F3
32C6C
3DB1A
01676
016F1
09D10
3F2AF
092F0
311BD
3A257
3C4B5
3D3A6
3DD8A
3EAAC
00480
3FAAB
03D74
38B82
3DCFC
39861
3DB93
0932C
3E669
3F498
0093D
05876
35B35
3B71D
3F29E
3DEDB
33B64
3F618
3E85C
007E2
007A8
01C8C
03E8A
2FA3E
3D653
3B348
004F8
03A14
3DFF5
3F3AF
3FD10
001A0
00222
00934
3F531
02925
0AE08
3ABCB
3E221
3D9D2
3EC8E
38F6F
3C5B4
33329
3B868
2CA3C
0986B
03BC6
02703
0227B
3B89C
3F623
3FB20
3D725
3352D
08F69
06FC6
3C496
3FBD7
02C26
01DDB
128CF
3DFEC
3FC7D
3E643
3ED81
3ED5F
3EDDC
3F1B8
3EE52
01E55
3C9F5
36116
0532C
02E76
3DF7A
3F922
3DCE5
3F2E7
3FDBC
3EFC0
0030C
3BC89
38FA5
08764
01324
020EB
3F984
3BE4D
3F72A
3E064
3DD65
38E12
0DA02
03DB5
3F7E3
01134
00C86
00B41
00C40
008B3
017D9
3CD76
3F14B
3DBA6
3F1BC
3CC39
01873
075A1
37B4C
3A5E2
3FA4C
3C6CC
161BA
00195
3DC32
3F713
3F605
3E047
3D580
01497
3F1FD
3D04B
3D683
33FF4
01847
00EAF
3DE30
3D141
0392D
0017E
01142
3F779
3E80B
3F956
3F795
3EF8B
3E914
01220
3FD7E
397D3
3E3A7
36E58
02706
011DB
027ED
04317
38861
3F307
00C21
0244C
10399
3B8F4
3F6D9
3CB59
3DF86
3FD2B
3F73E
35B20
3EE91
3F702
3D697
3804A
083C5
035C4
026B6
02240
02887
02739
0659E
00334
0256C
3E4EE
3F7F5
00888
3FFA5
078CC
3F11C
374AD
05732
0814C
398B0
3D76F
00F92
3F99F
03F55
3F98F
3F65E
00B97
035EF
3B143
3E317
3D876
3ED17
00F58
005FF
07993
3B775
3D5BF
3EA42
3F01D
3DC92
3EDEE
38DBC
3FCE4
3F8A6
00F86
0275D
3E274
00AB0
3AF3E
3F2FE
02D2D
3F9EB
3F228
00DB5
01D9D
3D74B
3EB8D
00975
3F478
3A943
3F242
3E417
3E2C0
3B993
023F5
3DD53
0A72D
0102C
00A2B
3F2C3
3E910
3E9BF
3E325
3D864
3C4AB
07D0F
3FD6A
03DC7
3DEF0
3CD0F
3F7EC
3F601
3F3FE
00ADE
368AE
3F8AA
1FFF4
3B12D
3DC3C
3CFDD
3D8FA
3FB17
00335
38FB1
3EEEC
011FE
008C8
049D4
3D7FC
3F570
00B66
01A90
38DA2
3FFC3
01A77
01159
01EFE
024DF
05C65
383D4
3DF34
03FBE
00C65
025DB
00D43
030E5
3E656
3EEA4
01E3C
00FE3
00B65
01655
01B41
04CBE
13B8A
32173
3A050
3B3C7
3C21B
3FF5E
3DF51
01C3B
3DA12
02223
37814
371E9
05656
3F376
3E73F
3E261
3DD5E
3E33F
3FB19
3A909
38D28
0697E
002C4
3ADA8
3DC79
3D5FE
3CB24
3B4E2
3A1BD
31AC0
19E21
054B4
071AB
01B71
02A73
3E75C
3B9B4
00169
3A399
0F406
03D3D
03979
014F8
3E7D4
01B01
015BA
00BA8
00F98
3FBDF
00775
3F8CC
00FC6
04C5B
3F98E
005CF
020C4
0548A
32957
3CB6B
001C1
3EC60
3DD95
00349
00FD3
3EB2F
3F34A
01156
00597
3992C
3F206
389A2
0337E
01F10
0261E
02D74
3EA1F
012E6
3A3F1
020C9
08796
3E677
3F853
0082A
00862
00A79
00DCA
350E3
013F3
04B54
006E1
0527A
39521
3D6EB
3CF33
3DF9C
3D218
3E614
00478
3C395
3A785
00046
3BB31
0C999
0212A
0245C
01687
0AB04
3772A
31FA6
0BDE5
03984
010B4
01241
015FE
00DC2
00E82
00DF3
00B53
02DE5
04699
34EAE
3F3B0
02012
028F1
0BFD4
3E5E9
08987
300AA
39CA7
3A878
3C1F3
3EBED
3C6D1
3BF86
3B8C2
36144
09453
01EE3
038C7
01827
0AB48
3FC1D
3FD68
3F3FD
3C75A
07912
047FC
39DB9
00756
0159F
011AF
01554
01572
01754
02A6E
0435F
312E8
3E565
3BB57
00CEA
03520
3E3F4
3F752
3E250
3E1D3
03E91
3F6CF
3EE5B
3C997
30F2B
0890D
0364E
04219
038E8
3D7F4
02A0F
1399A
00C71
0A167
38D8A
3CA9E
3D4BF
3DAFF
3E0A4
3DB5E
3D308
3BFC3
32997
07A57
04E3D
3C42D
3F012
02910
00FF3
1167A
3A9FE
3575B
03FDA
0066D
01E5C
009D8
001F7
3FD80
3A69B
0231E
05207
3D4D1
3FD79
3C2CF
3DEF1
0045C
3E763
3D97C
3D3CB
3711D
0572E
0217B
00BEE
00C9A
00B91
00AA4
009DB
00931
0089C
00819
007A3
00737
006D2
00673
00619
005C2
0056D
0051B
004C9
00478
00428
003D7
00387
00336
002E5
00294
00243
001F3
001A3
00154
00107
000BB
00072
0002D
3FFEA
3FFAC
3FF73
3FF3F
3FF10
3FEE8
3FEC7
3FEAC
3FE98
3FE8C
3FE86
3FE88
3FE91
3FEA0
3FEB6
3FED2
3FEF3
3FF18
3FF42
3FF6E
3FF9C
3FFCC
3FFFC
0002B
00058
00084
000AB
000CF
000ED
00107
0011A
00127
0012C
0012C
00124
00115
00100
000E4
000C3
0009C
00071
00042
00011
3FFDE
3FFA9
3FF75
3FF42
3FF10
3FEE2
3FEB7
3FE91
3FE70
3FE55
3FE41
3FE33
3FE2C
3FE2C
3FE33
3FE41
3FE55
3FE6F
3FE8F
3FEB3
3FEDC
3FF08
3FF36
3FF65
3FF94
3FFC3
3FFF0
0001A
00041
00064
00082
0009A
000AB
000B7
000BC
000B9
000B0
000A1
0008B
00070
0004F
00029
00000
3FFD4
3FFA6
3FF76
3FF47
3FF18
3FEEC
3FEC2
3FE9B
3FE79
3FE5C
3FE45
3FE33
3FE28
3FE24
3FE26
3FE2F
3FE3F
3FE54
3FE6F
3FE8F
3FEB4
3FEDC
3FF06
3FF32
3FF5F
3FF8C
3FFB8
3FFE2
00009
0002C
0004B
00065
00079
00087
0008F
00090
0008B
0007F
0006E
00056
0003A
00018
3FFF3
3FFCB
3FFA1
3FF75
3FF49
3FF1D
3FEF3
3FECB
3FEA6
3FE85
3FE69
3FE52
3FE41
3FE36
3FE31
3FE32
3FE3A
3FE48
3FE5B
3FE74
3FE92
3FEB4
3FED9
3FF01
3FF2B
3FF55
3FF80
3FFAA
3FFD2
3FFF7
00019
00036
0004F
00063
00071
00078
0007A
00076
0006B
0005B
00045
0002A
0000B
3FFE8
3FFC3
3FF9B
3FF72
3FF48
3FF1F
3FEF7
3FED2
3FEB0
3FE91
3FE77
3FE61
3FE51
3FE47
3FE43
3FE45
3FE4C
3FE5A
3FE6D
3FE85
3FEA2
3FEC2
3FEE6
3FF0C
3FF34
3FF5C
3FF85
3FFAC
3FFD2
3FFF5
00014
00030
00047
00059
00065
0006C
0006D
00068
0005D
0004D
00038
0001E
00000
3FFDF
3FFBB
3FF95
3FF6E
3FF46
3FF20
3FEFA
3FED7
3FEB7
3FE9B
3FE83
3FE70
3FE62
3FE59
3FE57
3FE59
3FE62
3FE70
3FE83
3FE9B
3FEB7
3FED7
3FEF9
3FF1E
3FF44
3FF6A
3FF91
3FFB6
3FFD9
3FFFA
00017
00030
00045
00055
00060
00065
00064
0005E
00053
00042
0002D
00013
3FFF6
3FFD5
3FFB3
3FF8E
3FF69
3FF44
3FF1F
3FEFC
3FEDC
3FEBE
3FEA4
3FE8F
3FE7E
3FE72
3FE6B
3FE6A
3FE6F
3FE78
3FE87
3FE9B
3FEB3
3FECE
3FEED
3FF0F
3FF33
3FF57
3FF7C
3FFA0
3FFC3
3FFE4
00002
0001D
00034
00047
00054
0005D
00060
0005E
00056
0004A
00039
00023
00009
3FFEC
3FFCD
3FFAB
3FF88
3FF64
3FF40
3FF1E
3FEFD
3FEDF
3FEC4
3FEAD
3FE9A
3FE8B
3FE81
3FE7D
3FE7E
3FE84
3FE8F
3FE9E
3FEB3
3FECB
3FEE7
3FF05
3FF26
3FF48
3FF6C
3FF8F
3FFB1
3FFD2
3FFF1
0000D
00025
0003A
0004A
00055
0005B
0005D
00059
00050
00042
00030
0001A
00000
3FFE3
3FFC4
3FFA3
3FF81
3FF5F
3FF3D
3FF1D
3FEFE
3FEE3
3FECA
3FEB5
3FEA4
3FE98
3FE91
3FE8E
3FE91
3FE98
3FEA5
3FEB5
3FECA
3FEE3
3FEFF
3FF1D
3FF3D
3FF5F
3FF80
3FFA2
3FFC3
3FFE1
3FFFE
00017
0002D
0003F
0004D
00056
0005A
0005A
00054
0004A
0003B
00028
00011
3FFF7
3FFDA
3FFBC
3FF9B
3FF7B
3FF5A
3FF3A
3FF1C
3FEFF
3FEE6
3FECF
3FEBD
3FEAE
3FEA5
3FE9F
3FE9F
3FEA3
3FEAD
3FEBA
3FECC
3FEE2
3FEFB
3FF17
3FF35
3FF54
3FF74
3FF95
3FFB5
3FFD4
3FFF0
0000B
00022
00036
00045
00051
00057
00059
00057
0004F
00044
00034
00020
00008
3FFEE
3FFD2
3FFB3
3FF94
3FF75
3FF55
3FF37
3FF1A
3FF00
3FEE9
3FED5
3FEC5
3FEB9
3FEB1
3FEAE
3FEB0
3FEB6
3FEC1
3FED0
3FEE2
3FEF9
3FF12
3FF2E
3FF4B
3FF6A
3FF8A
3FFA9
3FFC7
3FFE4
3FFFF
00017
0002C
0003D
0004B
00054
00058
00058
00054
0004B
0003E
0002D
00018
00000
3FFE6
3FFC9
3FFAC
3FF8D
3FF6F
3FF51
3FF34
3FF1A
3FF01
3FEEC
3FEDA
3FECD
3FEC3
3FEBD
3FEBC
3FEC0
3FEC8
3FED4
3FEE4
3FEF8
3FF0F
3FF29
3FF44
3FF62
3FF80
3FF9E
3FFBC
3FFD9
3FFF4
0000D
00023
00036
00045
00050
00057
00059
00057
00051
00046
00038
00025
00010
3FFF8
3FFDD
3FFC1
3FFA4
3FF86
3FF69
3FF4D
3FF32
3FF19
3FF03
3FEF0
3FEE0
3FED5
3FECD
3FECA
3FECB
3FED0
3FEDA
3FEE8
3FEF9
3FF0D
3FF25
3FF3F
3FF5A
3FF77
3FF95
3FFB2
3FFCE
3FFEA
00003
0001A
0002E
0003E
0004B
00054
00059
00059
00055
0004D
00041
00031
0001E
00008
3FFEF
3FFD5
3FFB9
3FF9D
3FF80
3FF64
3FF49
3FF30
3FF19
3FF04
3FEF4
3FEE6
3FEDD
3FED7
3FED6
3FED9
3FEE0
3FEEC
3FEFB
3FF0D
3FF22
3FF3A
3FF54
3FF70
3FF8C
3FFA8
3FFC5
3FFE0
3FFFA
00011
00026
00038
00046
00051
00058
0005A
00059
00053
00049
0003C
0002B
00017
00000
3FFE7
3FFCD
3FFB1
3FF95
3FF7A
3FF5F
3FF45
3FF2E
3FF19
3FF07
3FEF8
3FEED
3FEE5
3FEE2
3FEE3
3FEE8
3FEF1
3FEFD
3FF0D
3FF21
3FF37
3FF4F
3FF69
3FF84
3FFA0
3FFBC
3FFD7
3FFF0
00009
0001E
00031
00041
0004D
00056
0005A
0005B
00058
00050
00045
00036
00024
0000F
3FFF8
3FFDF
3FFC5
3FFAA
3FF8F
3FF74
3FF5A
3FF42
3FF2D
3FF19
3FF09
3FEFC
3FEF3
3FEEE
3FEED
3FEEF
3FEF6
3FF01
3FF0F
3FF20
3FF34
3FF4B
3FF63
3FF7D
3FF98
3FFB3
3FFCE
3FFE8
00000
00017
0002A
0003C
00049
00054
0005A
0005D
0005B
00056
0004D
00040
00030
0001D
00008
3FFF0
3FFD7
3FFBD
3FFA3
3FF88
3FF6F
3FF56
3FF40
3FF2C
3FF1B
3FF0C
3FF02
3FEFA
3FEF7
3FEF8
3FEFC
3FF05
3FF11
3FF20
3FF32
3FF47
3FF5E
3FF77
3FF91
3FFAB
3FFC5
3FFDF
3FFF8
0000F
00024
00036
00045
00051
00059
0005D
0005E
0005B
00054
00049
0003B
0002A
00016
00000
3FFE8
3FFCF
3FFB5
3FF9C
3FF82
3FF6A
3FF53
3FF3E
3FF2C
3FF1C
3FF10
3FF07
3FF02
3FF01
3FF03
3FF0A
3FF13
3FF21
3FF31
3FF44
3FF5A
3FF71
3FF8A
3FFA4
3FFBE
3FFD7
3FFF0
00007
0001D
00030
00040
0004D
00057
0005D
00060
0005E
00059
00051
00045
00035
00023
0000F
3FFF8
3FFE0
3FFC7
3FFAE
3FF95
3FF7C
3FF65
3FF50
3FF3D
3FF2C
3FF1E
3FF14
3FF0D
3FF0A
3FF0B
3FF0F
3FF17
3FF22
3FF31
3FF42
3FF56
3FF6C
3FF84
3FF9D
3FFB6
3FFCF
3FFE8
00000
00016
00029
0003B
00049
00055
0005D
00061
00061
0005E
00058
0004D
00040
00030
0001D
00007
3FFF1
3FFD9
3FFC0
3FFA7
3FF8F
3FF77
3FF61
3FF4D
3FF3C
3FF2D
3FF21
3FF19
3FF14
3FF12
3FF15
3FF1B
3FF24
3FF31
3FF41
3FF53
3FF68
3FF7F
3FF96
3FFAF
3FFC8
3FFE0
3FFF8
0000F
00023
00035
00045
00052
0005B
00061
00064
00062
0005D
00055
00049
0003B
00029
00016
00000
3FFE9
3FFD1
3FFB9
3FFA0
3FF89
3FF72
3FF5E
3FF4B
3FF3B
3FF2E
3FF24
3FF1E
3FF1B
3FF1B
3FF1F
3FF27
3FF32
3FF40
3FF51
3FF64
3FF7A
3FF90
3FFA8
3FFC1
3FFD9
3FFF1
00007
0001D
00030
00041
0004F
00059
00061
00065
00066
00063
0005C
00052
00045
00035
00023
0000F
3FFF9
3FFE1
3FFC9
3FFB2
3FF9A
3FF83
3FF6E
3FF5B
3FF4A
3FF3C
3FF30
3FF28
3FF23
3FF22
3FF25
3FF2A
3FF34
3FF40
3FF4F
3FF61
3FF75
3FF8B
3FFA2
3FFBA
3FFD2
3FFE9
00000
00016
0002A
0003C
0004B
00057
00060
00066
00068
00067
00062
0005A
0004F
00040
0002F
0001C
00007
3FFF1
3FFDA
3FFC2
3FFAB
3FF94
3FF7E
3FF6A
3FF58
3FF49
3FF3C
3FF33
3FF2D
3FF2A
3FF2A
3FF2E
3FF36
3FF41
3FF4E
3FF5F
3FF71
3FF86
3FF9C
3FFB3
3FFCB
3FFE2
3FFF9
0000F
00024
00036
00047
00054
0005F
00066
0006A
0006A
00067
00061
00057
0004A
0003B
00029
00015
00000
3FFE9
3FFD2
3FFBB
3FFA4
3FF8E
3FF7A
3FF67
3FF57
3FF49
3FF3E
3FF36
3FF32
3FF31
3FF33
3FF39
3FF42
3FF4E
3FF5D
3FF6E
3FF82
3FF97
3FFAD
3FFC4
3FFDB
3FFF3
00009
0001E
00031
00042
00051
0005D
00065
0006B
0006D
0006C
00067
0005F
00054
00046
00035
00023
0000E
3FFF9
3FFE2
3FFCB
3FFB4
3FF9E
3FF89
3FF76
3FF64
3FF55
3FF49
3FF40
3FF3A
3FF37
3FF38
3FF3C
3FF43
3FF4E
3FF5B
3FF6B
3FF7E
3FF92
3FFA7
3FFBE
3FFD5
3FFEC
00002
00017
0002B
0003D
0004D
0005A
00064
0006B
0006F
0006F
0006C
00066
0005D
00050
00041
00030
0001C
00007
3FFF1
3FFDB
3FFC4
3FFAE
3FF98
3FF84
3FF72
3FF62
3FF55
3FF4A
3FF43
3FF3E
3FF3D
3FF40
3FF46
3FF4E
3FF5A
3FF69
3FF7A
3FF8D
3FFA2
3FFB8
3FFCE
3FFE5
3FFFB
00011
00026
00038
00049
00057
00063
0006B
00070
00072
00071
0006C
00064
0005A
0004C
0003C
00029
00015
00000
3FFEA
3FFD3
3FFBD
3FFA8
3FF93
3FF80
3FF6F
3FF61
3FF55
3FF4C
3FF46
3FF43
3FF44
3FF48
3FF50
3FF5A
3FF67
3FF77
3FF89
3FF9D
3FFB2
3FFC8
3FFDE
3FFF5
0000B
00020
00033
00045
00054
00061
0006A
00071
00075
00075
00072
0006C
00062
00056
00047
00036
00023
0000E
3FFF9
3FFE3
3FFCC
3FFB7
3FFA2
3FF8E
3FF7C
3FF6D
3FF60
3FF55
3FF4E
3FF4A
3FF49
3FF4C
3FF51
3FF5A
3FF66
3FF74
3FF85
3FF98
3FFAC
3FFC2
3FFD8
3FFEE
00004
0001A
0002E
00040
00050
0005E
00069
00071
00076
00078
00077
00072
0006A
0005F
00052
00042
00030
0001C
00007
3FFF1
3FFDB
3FFC6
3FFB0
3FF9C
3FF8A
3FF79
3FF6B
3FF5F
3FF57
3FF51
3FF4F
3FF50
3FF54
3FF5B
3FF65
3FF72
3FF82
3FF94
3FFA7
3FFBC
3FFD2
3FFE8
3FFFE
00013
00028
0003B
0004C
0005B
00068
00071
00078
0007B
0007B
00078
00072
00068
0005C
0004D
0003C
0002A
00015
00000
3FFEA
3FFD4
3FFBF
3FFAA
3FF97
3FF86
3FF76
3FF6A
3FF60
3FF59
3FF55
3FF54
3FF56
3FF5C
3FF65
3FF71
3FF7F
3FF90
3FFA2
3FFB6
3FFCB
3FFE1
3FFF7
0000D
00022
00036
00048
00058
00065
00070
00078
0007D
0007F
0007D
00078
00070
00066
00058
00048
00037
00023
0000E
3FFF9
3FFE3
3FFCD
3FFB9
3FFA5
3FF93
3FF82
3FF74
3FF69
3FF61
3FF5B
3FF59
3FF5A
3FF5E
3FF65
3FF70
3FF7D
3FF8C
3FF9E
3FFB1
3FFC6
3FFDB
3FFF1
00007
0001C
00030
00043
00054
00063
0006F
00078
0007E
00082
00082
0007E
00078
0006F
00063
00054
00043
00030
0001C
00007
3FFF2
3FFDC
3FFC7
3FFB2
3FFA0
3FF8E
3FF7F
3FF73
3FF69
3FF62
3FF5E
3FF5E
3FF60
3FF66
3FF6F
3FF7B
3FF89
3FF9A
3FFAC
3FFC0
3FFD5
3FFEB
00000
00016
0002B
0003E
00050
00060
0006D
00078
0007F
00084
00086
00084
0007F
00077
0006C
0005F
0004F
0003D
0002A
00015
00000
3FFEA
3FFD5
3FFC0
3FFAD
3FF9B
3FF8B
3FF7D
3FF72
3FF6A
3FF64
3FF62
3FF63
3FF68
3FF6F
3FF79
3FF86
3FF96
3FFA7
3FFBB
3FFCF
3FFE4
3FFFA
00010
00025
00039
0004B
0005C
0006B
00077
00080
00086
00089
00089
00085
0007F
00076
00069
0005B
0004A
00037
00023
0000E
3FFF9
3FFE3
3FFCE
3FFBA
3FFA7
3FF96
3FF88
3FF7B
3FF72
3FF6B
3FF67
3FF67
3FF6A
3FF70
3FF78
3FF84
3FF92
3FFA3
3FFB5
3FFC9
3FFDE
3FFF4
00009
0001F
00033
00047
00058
00068
00075
0007F
00087
0008C
0008D
0008B
00086
0007E
00073
00066
00056
00044
00031
0001C
00007
3FFF2
3FFDC
3FFC8
3FFB4
3FFA3
3FF93
3FF85
3FF7A
3FF72
3FF6D
3FF6B
3FF6C
3FF71
3FF78
3FF82
3FF90
3FF9F
3FFB1
3FFC4
3FFD8
3FFED
00003
00019
0002E
00042
00054
00065
00073
0007F
00088
0008E
00091
00090
0008D
00086
0007D
00071
00062
00051
0003E
0002A
00015
00000
3FFEB
3FFD6
3FFC2
3FFAF
3FF9E
3FF8F
3FF83
3FF7A
3FF73
3FF70
3FF6F
3FF72
3FF78
3FF81
3FF8D
3FF9B
3FFAC
3FFBE
3FFD2
3FFE7
3FFFD
00013
00028
0003C
0004F
00061
00070
0007E
00088
0008F
00094
00095
00093
0008E
00086
0007B
0006D
0005D
0004C
00038
00024
0000E
3FFF9
3FFE4
3FFCF
3FFBC
3FFAA
3FF9A
3FF8D
3FF82
3FF7A
3FF75
3FF73
3FF74
3FF79
3FF81
3FF8B
3FF98
3FFA8
3FFB9
3FFCD
3FFE1
3FFF7
0000C
00022
00037
0004B
0005D
0006E
0007C
00088
00090
00096
00099
00099
00095
0008E
00085
00078
0006A
00059
00046
00032
0001D
00007
3FFF2
3FFDD
3FFC9
3FFB6
3FFA5
3FF97
3FF8A
3FF81
3FF7B
3FF77
3FF77
3FF7A
3FF80
3FF89
3FF95
3FFA4
3FFB5
3FFC7
3FFDB
3FFF0
00006
0001C
00031
00045
00059
0006A
0007A
00087
00091
00098
0009D
0009E
0009C
00096
0008E
00083
00075
00065
00053
00040
0002B
00016
00000
3FFEB
3FFD6
3FFC3
3FFB1
3FFA1
3FF94
3FF89
3FF81
3FF7C
3FF7A
3FF7C
3FF81
3FF88
3FF93
3FFA0
3FFB0
3FFC2
3FFD5
3FFEA
00000
00015
0002B
00040
00054
00066
00077
00085
00091
0009A
000A0
000A2
000A2
0009E
00097
0008D
00081
00072
00060
0004E
00039
00024
0000E
3FFF9
3FFE4
3FFD0
3FFBD
3FFAC
3FF9D
3FF91
3FF88
3FF82
3FF7E
3FF7E
3FF82
3FF88
3FF91
3FF9D
3FFAC
3FFBD
3FFD0
3FFE4
3FFF9
0000F
00025
0003A
0004F
00062
00074
00083
00090
0009B
000A2
000A6
000A7
000A5
0009F
00097
0008C
0007E
0006D
0005B
00047
00033
0001D
00007
3FFF2
3FFDD
3FFC9
3FFB8
3FFA8
3FF9A
3FF90
3FF88
3FF83
3FF81
3FF83
3FF88
3FF90
3FF9B
3FFA8
3FFB8
3FFCA
3FFDE
3FFF3
00009
0001F
00035
0004A
0005E
00070
00081
0008F
0009B
000A4
000AA
000AC
000AB
000A7
000A0
00096
0008A
0007A
00069
00056
00041
0002C
00016
00000
3FFEB
3FFD6
3FFC4
3FFB3
3FFA4
3FF98
3FF8E
3FF88
3FF85
3FF85
3FF88
3FF8F
3FF98
3FFA5
3FFB4
3FFC5
3FFD8
3FFED
00002
00018
0002E
00044
00059
0006C
0007E
0008E
0009B
000A5
000AC
000B0
000B1
000AF
000A9
000A1
00095
00087
00076
00064
00050
0003A
00025
0000F
3FFF9
3FFE4
3FFD0
3FFBE
3FFAE
3FFA1
3FF96
3FF8E
3FF89
3FF88
3FF8A
3FF8F
3FF97
3FFA2
3FFB0
3FFC0
3FFD2
3FFE6
3FFFC
00012
00028
0003E
00054
00068
0007B
0008C
0009A
000A6
000AF
000B4
000B7
000B6
000B2
000AB
000A0
00093
00084
00072
0005E
00049
00034
0001D
00007
3FFF2
3FFDD
3FFCA
3FFB9
3FFAA
3FF9E
3FF94
3FF8E
3FF8B
3FF8B
3FF8F
3FF96
3FF9F
3FFAC
3FFBB
3FFCD
3FFE0
3FFF5
0000B
00022
00038
0004E
00063
00077
00089
00099
000A6
000B0
000B8
000BC
000BD
000BA
000B4
000AB
0009F
00091
00080
0006D
00058
00043
0002D
00016
00000
3FFEB
3FFD7
3FFC4
3FFB4
3FFA6
3FF9C
3FF94
3FF8F
3FF8E
3FF90
3FF95
3FF9D
3FFA9
3FFB7
3FFC8
3FFDA
3FFEF
00005
0001B
00032
00048
0005E
00073
00086
00097
000A6
000B2
000BA
000C0
000C3
000C2
000BD
000B6
000AB
0009E
0008E
0007C
00068
00052
0003C
00025
0000F
3FFF9
3FFE4
3FFD0
3FFBF
3FFB0
3FFA3
3FF9A
3FF94
3FF91
3FF91
3FF95
3FF9C
3FFA6
3FFB3
3FFC3
3FFD5
3FFE9
3FFFE
00014
0002B
00042
00059
0006E
00082
00095
000A5
000B2
000BD
000C4
000C8
000C9
000C6
000C0
000B7
000AB
0009C
0008A
00077
00062
0004C
00035
0001E
00007
3FFF2
3FFDD
3FFCB
3FFBA
3FFAC
3FFA1
3FF99
3FF94
3FF93
3FF95
3FF9B
3FFA3
3FFAF
3FFBE
3FFCF
3FFE2
3FFF7
0000D
00025
0003C
00053
00069
0007E
00092
000A3
000B2
000BE
000C7
000CD
000CF
000CE
000CA
000C2
000B7
000A9
00099
00086
00072
0005C
00045
0002E
00017
00000
3FFEB
3FFD7
3FFC5
3FFB6
3FFA9
3FF9F
3FF99
3FF96
3FF96
3FF9A
3FFA1
3FFAC
3FFB9
3FFCA
3FFDC
3FFF1
00007
0001E
00035
0004D
00064
0007A
0008F
000A1
000B2
000BF
000CA
000D2
000D6
000D6
000D3
000CD
000C4
000B7
000A8
00096
00082
0006C
00055
0003E
00026
0000F
3FFF9
3FFE4
3FFD1
3FFC0
3FFB1
3FFA6
3FF9E
3FF99
3FF98
3FF9A
3FFA0
3FFA9
3FFB5
3FFC4
3FFD6
3FFEA
00000
00017
0002E
00046
0005E
00075
0008B
0009F
000B1
000C0
000CC
000D6
000DB
000DE
000DD
000D8
000D0
000C4
000B6
000A5
00092
0007D
00066
0004E
00037
0001F
00007
3FFF1
3FFDD
3FFCB
3FFBB
3FFAE
3FFA4
3FF9D
3FF9A
3FF9B
3FF9F
3FFA7
3FFB1
3FFBF
3FFD0
3FFE3
3FFF9
0000F
00027
0003F
00058
00070
00086
0009C
000AF
000C0
000CE
000D9
000E1
000E5
000E5
000E2
000DC
000D2
000C5
000B5
000A2
0008E
00077
00060
00047
0002F
00017
00000
3FFEA
3FFD7
3FFC5
3FFB7
3FFAB
3FFA3
3FF9E
3FF9C
3FF9F
3FFA5
3FFAE
3FFBB
3FFCB
3FFDD
3FFF1
00008
00020
00038
00051
0006A
00081
00098
000AD
000BF
000CF
000DC
000E5
000EB
000EE
000EC
000E7
000DF
000D3
000C4
000B3
0009F
00089
00071
00059
00040
00027
0000F
3FFF9
3FFE3
3FFD0
3FFC0
3FFB3
3FFA8
3FFA2
3FF9F
3FF9F
3FFA3
3FFAB
3FFB7
3FFC5
3FFD7
3FFEA
00000
00018
00031
0004A
00063
0007C
00094
000AA
000BE
000CF
000DE
000E9
000F1
000F5
000F6
000F3
000EC
000E2
000D4
000C3
000B0
0009B
00084
0006B
00052
00039
00020
00008
3FFF1
3FFDD
3FFCB
3FFBB
3FFAF
3FFA7
3FFA2
3FFA0
3FFA3
3FFA9
3FFB3
3FFC0
3FFD0
3FFE3
3FFF9
00010
00029
00042
0005C
00076
0008F
000A6
000BC
000CF
000DF
000ED
000F6
000FD
000FF
000FE
000F9
000F0
000E4
000D4
000C2
000AD
00096
0007E
00064
0004B
00031
00018
00000
3FFEA
3FFD6
3FFC5
3FFB7
3FFAC
3FFA5
3FFA2
3FFA3
3FFA7
3FFAF
3FFBB
3FFCA
3FFDC
3FFF1
00008
00021
0003B
00055
0006F
00089
000A2
000B9
000CE
000E0
000EF
000FB
00104
00108
00109
00106
000FE
000F4
000E5
000D4
000C0
000AA
00091
00078
0005D
00043
00029
00010
3FFF8
3FFE3
3FFD0
3FFC0
3FFB3
3FFAA
3FFA5
3FFA3
3FFA6
3FFAC
3FFB7
3FFC4
3FFD6
3FFE9
00000
00018
00032
0004D
00068
00083
0009D
000B5
000CC
000E0
000F1
000FF
0010A
00111
00113
00112
0010D
00104
000F7
000E7
000D3
000BE
000A6
0008C
00071
00056
0003B
00021
00008
3FFF1
3FFDC
3FFCA
3FFBB
3FFB0
3FFA8
3FFA5
3FFA6
3FFAA
3FFB3
3FFBF
3FFCF
3FFE2
3FFF7
00010
00029
00044
00060
0007C
00097
000B1
000C9
000DF
000F3
00103
0010F
00118
0011D
0011E
0011B
00113
00108
000F9
000E7
000D2
000BB
000A1
00086
0006B
0004F
00033
00019
00000
3FFE9
3FFD5
3FFC4
3FFB7
3FFAD
3FFA7
3FFA6
3FFA8
3FFAF
3FFBA
3FFC8
3FFDA
3FFEF
00006
00020
0003B
00058
00074
00090
000AC
000C6
000DE
000F3
00105
00114
00120
00127
0012A
00129
00123
0011A
0010C
000FC
000E7
000D0
000B7
0009C
00080
00063
00047
0002B
00011
3FFF8
3FFE2
3FFCF
3FFBF
3FFB3
3FFAB
3FFA7
3FFA7
3FFAC
3FFB5
3FFC2
3FFD2
3FFE6
3FFFD
00016
00032
0004E
0006B
00089
000A6
000C1
000DB
000F3
00107
00118
00126
00130
00135
00136
00133
0012B
00120
00110
000FD
000E7
000CE
000B3
00097
0007A
0005C
0003F
00023
00008
3FFF0
3FFDB
3FFC8
3FFBA
3FFAF
3FFA9
3FFA7
3FFA9
3FFB0
3FFBB
3FFCA
3FFDD
3FFF3
0000C
00027
00044
00062
00080
0009E
000BC
000D7
000F1
00108
0011C
0012C
00138
00140
00144
00143
0013D
00133
00126
00114
000FF
000E6
000CC
000AF
00091
00073
00054
00037
0001A
00000
3FFE8
3FFD3
3FFC2
3FFB5
3FFAC
3FFA8
3FFA8
3FFAC
3FFB5
3FFC3
3FFD4
3FFE9
00001
0001C
00039
00057
00076
00096
000B5
000D2
000EE
00107
0011E
00130
0013F
0014A
00150
00152
0014F
00147
0013B
0012B
00117
00100
000E6
000C9
000AB
0008B
0006C
0004D
0002E
00012
3FFF8
3FFE0
3FFCC
3FFBC
3FFB1
3FFA9
3FFA7
3FFA9
3FFAF
3FFBB
3FFCA
3FFDE
3FFF5
00010
0002C
0004B
0006B
0008C
000AC
000CB
000E9
00105
0011E
00134
00146
00153
0015D
00161
00161
0015B
00152
00143
00131
0011A
00101
000E4
000C6
000A6
00085
00065
00044
00026
00009
3FFEF
3FFD8
3FFC5
3FFB6
3FFAC
3FFA6
3FFA6
3FFAA
3FFB3
3FFC1
3FFD3
3FFE9
00002
0001F
0003D
0005E
00080
000A1
000C3
000E3
00101
0011D
00136
0014B
0015B
00168
0016F
00172
0016F
00168
0015C
0014B
00136
0011D
00102
000E3
000C3
000A1
0007F
0005D
0003C
0001D
00000
3FFE6
3FFD0
3FFBE
3FFB0
3FFA7
3FFA3
3FFA5
3FFAB
3FFB6
3FFC6
3FFDB
3FFF3
0000F
0002E
0004F
00071
00094
000B8
000DA
000FB
00119
00135
0014D
00162
00171
0017C
00182
00183
0017F
00175
00166
00153
0013C
00121
00103
000E2
000C0
0009C
00078
00055
00033
00014
3FFF7
3FFDD
3FFC7
3FFB6
3FFAA
3FFA2
3FFA0
3FFA3
3FFAC
3FFB9
3FFCC
3FFE3
3FFFE
0001C
0003D
00060
00084
000A9
000CD
000F1
00113
00132
0014D
00165
00179
00188
00191
00196
00195
0018E
00182
00171
0015C
00142
00124
00104
000E1
000BC
00097
00072
0004D
0002B
0000A
3FFED
3FFD3
3FFBE
3FFAD
3FFA2
3FF9C
3FF9B
3FFA0
3FFAB
3FFBB
3FFD0
3FFE9
00006
00027
0004A
0006F
00096
000BC
000E2
00107
00129
00149
00165
0017D
00190
0019E
001A7
001A9
001A7
0019E
00190
0017D
00165
00149
00129
00106
000E0
000BA
00092
0006B
00045
00021
00000
3FFE2
3FFC8
3FFB3
3FFA3
3FF98
3FF93
3FF94
3FF9B
3FFA7
3FFB9
3FFD0
3FFEC
0000B
0002E
00054
0007B
000A4
000CC
000F4
0011A
0013E
0015E
0017B
00193
001A6
001B4
001BB
001BD
001B9
001AF
0019F
00189
0016F
00150
0012E
00109
000E1
000B8
0008E
00065
0003D
00018
3FFF5
3FFD6
3FFBB
3FFA5
3FF95
3FF8A
3FF86
3FF88
3FF8F
3FF9D
3FFB1
3FFCA
3FFE7
00009
0002E
00056
00080
000AB
000D5
000FF
00127
0014C
0016E
0018C
001A5
001B8
001C6
001CE
001CF
001CA
001BF
001AE
00197
0017B
0015A
00135
0010D
000E3
000B7
0008B
0005F
00035
0000D
3FFE8
3FFC6
3FFAA
3FF92
3FF81
3FF75
3FF70
3FF71
3FF79
3FF87
3FF9B
3FFB5
3FFD4
3FFF7
0001E
00048
00074
000A1
000CE
000FA
00124
0014C
00171
00191
001AC
001C1
001D1
001DA
001DC
001D8
001CD
001BB
001A4
00187
00165
0013E
00114
000E8
000B9
0008A
0005A
0002C
00000
3FFD7
3FFB1
3FF90
3FF75
3FF5F
3FF50
3FF47
3FF44
3FF49
3FF55
3FF66
3FF7E
3FF9C
3FFBF
3FFE6
00010
0003D
0006C
0009B
000CA
000F8
00124
0014D
00171
00191
001AB
001BF
001CD
001D4
001D4
001CD
001BF
001AB
00190
0016F
00149
0011E
000F0
000BE
0008B
00057
00022
3FFEF
3FFBE
3FF8F
3FF64
3FF3D
3FF1C
3FF00
3FEEB
3FEDC
3FED4
3FED4
3FED9
3FEE6
3FEF9
3FF13
3FF31
3FF55
3FF7C
3FFA8
3FFD5
00004
00034
00064
00092
000BE
000E8
0010D
0012E
0014A
00160
0016F
00178
0017A
00174
00168
00154
00139
00118
000F0
000C1
0008D
00054
00016
3FFD3
3FF8E
3FF45
3FEF9
3FEAC
3FE5D
3FE0D
3FDBD
3FD6C
3FD1B
3FCCA
3FC79
3FC29
3FBD8
3FB88
3FB37
3FAE5
3FA93
3FA3E
3F9E7
3F98D
3F92E
3F8C9
3F85D
3F7E7
3F764
3F6CF
3F625
3F55C
3F46F
3F366
3F412
3DE85
3A8D2
08EE3
02C35
02684
0189D
3FBA4
0210F
03D31
00287
02B2F
3ADF9
3DCE2
05965
00280
3FE09
3F628
3E1A4
3F993
3C026
0A8A5
05602
2E986
3F00D
3D6F0
00FEE
03BD3
3B1C3
385A9
0D669
0403D
02CF8
024A2
01F5C
02501
02B41
03562
07276
35E99
3F38F
2C666
3D5F1
0280C
3C718
3BDE7
3C9B2
376F3
0F0D5
03669
011A5
00931
3C16F
01E2D
01DB0
008AE
01C0C
3CAE0
3F316
044A9
01A9B
0ED18
3BCA1
3D592
3E8AC
3EA8E
3EAAC
3EE51
3EA61
3F8AA
06247
3B804
386EE
038A6
00C03
00298
003E3
354B8
3E7D9
3C739
3E11D
36BAD
09EBC
0473E
0407A
0392F
01413
03E0D
05788
06359
0FF56
37679
01A17
3402C
3D70F
3DFEE
00C50
0B152
3B967
3D21B
3F4AD
3F20D
3F17E
3F23E
3EA02
3EDBF
3EF4C
3C67C
3421B
0E05A
088D6
354FC
3E979
3DBA4
3DED6
33667
044CF
3FFBA
0587B
03C6B
3FB88
019EC
02DE8
02064
030CD
02915
06ADF
3AD86
3F91F
3B4AC
3EC0D
0AF1D
3F236
3F587
3F79E
3F7D6
007AD
01989
3786A
3DF37
05C0F
3ED1A
015E1
3D28C
3D9E2
3E0F0
3CC82
0765E
00DFA
066D4
3FA69
3EEAA
00CB6
014D1
3F02D
3FCB7
0226B
013A0
3FE3F
03495
0D6A9
3AB76
3DF3C
3FA31
00672
3B3A5
3F03A
00734
3F88B
00421
3F068
3F458
3EA46
3E4FF
0182C
3EB08
3C687
3C2C3
30BFA
05C67
3FE97
0464C
018A4
3D58D
3E48F
38E55
3AB4C
261DF
0E540
05E43
04B1E
034DC
02A02
02387
05258
3FD3C
39682
072D8
056F7
004E7
01CC1
022A2
01D9F
018C1
00C8A
3A9AA
08E17
087EC
3DDDD
025EE
3E3C5
020AF
000A2
03DE5
04C39
05FB0
0DE8D
2C476
3B342
3E4BF
3E9AB
3F49B
3F01D
3E1C4
0115C
019AA
3CF1B
3F2BD
3DA25
3F39B
3C042
020CC
07C2C
3A39B
3DB21
3E102
3EEA7
3E589
0003D
0725E
3E570
3F49A
00A90
02804
3B62C
3F738
3EE02
01114
0704F
3FCCB
004E9
02706
03023
023C4
04ED3
2000C
00756
09752
3F522
00C02
009FF
00814
032F1
02110
3C239
00296
382F1
03B55
0279C
01CDB
01641
016F0
00D3D
3F5D5
3EFD4
358D3
022AD
3DC0B
0466D
01D40
01BE9
00DBE
056BD
00B88
3F68B
01473
028B5
3E263
3F24B
00DD8
00615
3D2D3
00D02
050C2
3F550
01D8C
3D8A3
3F07A
0075A
0031C
07244
01212
0236E
00FE3
015BE
02A41
0488B
3866D
3FA01
3F0A8
012E9
0278A
01CE9
04EBD
3CA11
3F469
009A2
00671
3C0AB
00661
3F06E
02891
06750
37EB4
3A8CE
08B53
00EE4
38734
0005B
3F778
0080B
01B12
3DA94
3FCCC
39A62
3D8C7
3D779
3DDC0
3D94A
3CA3C
37C3B
07FB6
02969
008FE
0116F
0A4E0
008C2
002D5
0207A
034A7
00927
0470C
2FC67
3DBB4
3F3DF
00CF9
0779F
3BCE9
3D813
3EE25
3D8FA
091A8
01C59
0682D
00282
3EDE0
016EC
01075
0086B
006AA
017F5
00887
3EEBE
3FE82
3C6D3
02EBF
021D0
3F151
3E7B9
0C00C
0297D
02FB5
00E03
3EB69
02A80
01FB9
009FB
008ED
023CE
3FE6B
29E46
03934
005B4
05A1E
084B4
38A5F
3E78D
033C7
00E44
0245A
00EB5
0328A
3E827
3F74D
3F3C0
3F4BF
3F37A
3EECC
0081D
3C24B
325FE
071EE
0229B
01F9C
008D6
041B3
0067C
3DF15
3ECDC
3789C
0705B
04377
3FCF4
01040
00244
00D19
0231B
006DE
02086
3D18A
3ACD4
09EEA
0360B
3E1AB
011AE
00E48
01224
012A1
0127F
019BD
00383
02014
2D731
3E225
3D3DA
00429
03B6A
3903A
37097
0CAD3
028DB
004E0
009DD
04764
3DD85
3D8FD
3C43A
36795
135C4
04798
0CCD7
03A4C
07091
01372
0262E
01DDF
05435
351F8
3D6DB
00ACF
3F6CC
3FDDE
3FE60
002F0
00C51
0200B
3C5EC
3FB08
04CB8
029AD
105C2
3C176
3E374
3F858
3F81E
017A4
009E8
0C49C
02125
00D62
048E3
0A4CB
3A78A
3F6C3
00B68
01997
36CD4
0246D
0679F
02304
0747E
3C28C
00555
3FB80
01554
02276
02C5A
03B4B
05DA9
0EE43
36D10
00D51
362F0
3E90F
3E98A
024E6
0D394
3DD0D
04CB7
384DC
3CE42
3FF7D
3F967
00000
2D5B1
31EB6
3D739
33982
0B795
04C13
3B533
2E64C
3A69D
09CE3
3CD00
3BDA2
078B0
00354
3E88D
0592E
084C7
3DB55
2C348
3624A
02ED5
0CADC
2A00D
37219
01867
0137F
3D74E
31647
34649
0D24D
05FB3
3FED8
072BC
37A5A
040CF
28428
01D47
36F31
02853
065AC
070D8
3AEAA
2D6BC
3FC40
042BE
32480
2E1ED
39B88
082C3
3C2F0
37CB7
3F4C4
2D7AA
0D874
3F1A1
3EFAA
36E8E
31AFA
38FB5
03777
03D7F
0D9E4
02F40
08E0F
3B82C
3CA17
3F5DD
3A166
2E747
38064
394F4
39EEC
00EF1
084C2
0B541
04E2C
1101C
34E9A
31C0E
3D1EA
3D35E
0364F
34A0B
0D117
02656
2CBEE
01CF2
3C232
3F6F7
0E0BE
2D972
0A19E
05933
03461
07F1A
030B9
32C7A
3AC68
0A170
0C3EB
3B114
0E9BC
0DF8F
3723D
3AC50
044A8
3ABA5
39062
37BE0
3C0D9
12A02
3AA98
3C709
3BC5F
3833C
00D67
38933
2F0BB
39DE2
0433F
0C377
2F235
3DFB8
023AB
05370
3D610
3B60A
3C5F4
3DC6C
0B1F3
19656
08802
3A36B
3BFAC
33749
2D262
07F20
0F792
06031
3A658
3CBA8
34010
399E7
0352A
06AA7
32E7E
12763
03C24
3E6EA
0E7AD
036C3
08732
0C26F
2FBF6
00AFA
36BA9
2CA84
3F28C
352B2
2B20B
3B432
39B3F
3B798
3F15C
3F9B0
0A7DA
38077
391DA
05876
3C428
38245
027B0
10E45
07CFB
3799A
388B1
08BE4
3BB51
00600
3C0DF
0A6AE
06A10
03B35
3E521
3EE68
36D16
042C1
3629F
38483
037B2
33533
137BD
08C02
05C43
3F71A
3F7C0
01339
08489
3C23C
0BEBD
3A087
3FE98
03943
3A8A7
0B40D
3BEF1
37239
0ED4E
08E90
2EC94
04B36
02E77
128D4
38D10
332BA
34A6F
03CE9
3F4E5
1622E
3E212
22BC8
0C3D6
3901D
00FBB
3C98A
3EF9D
37548
06FC0
04E71
34B7E
05D6D
2ACFD
3A232
3ABD9
06A54
3BED8
0FA84
37157
2DD02
35E9C
3ABC7
3D9F1
3A2CB
060CB
065C3
3E198
0A66C
36526
09F8C
33E0C
37A99
01F0D
054F0
11080
2A93A
14D29
05158
07C29
3D74D
3A724
0246F
2C5D1
05358
0FBFE
3E8DF
02639
052A9
14A84
3B1D1
0B143
3D5F8
0319F
3B560
3F8DA
090B5
2E4B4
06A7D
3C430
34967
3E549
368EF
322F5
39250
3FF97
3ABBB
0A2F3
0E483
392EA
0A61D
00A8A
0C5C5
3004F
36E53
0844F
0DA2D
09A92
024D2
3F689
1363F
03EFC
33A14
3893D
06323
364C6
36EE7
3640E
34C29
13123
2DC3E
0190E
06464
3A35D
2BA96
025CD
2D3C3
023B5
0C0BC
362D1
3D485
0C047
00249
0073A
379EF
0B0B8
03A1A
02FDA
0159C
0B0A9
3DE1E
39077
3E75C
3321B
02261
3D571
03EB1
024A9
09AB3
0785F
06962
3825A
38C07
37BD0
3F387
319C7
0BDF7
359AC
28A94
388A3
14ED4
0A049
06359
06200
3CACB
3E651
142A5
3D764
0632E
00023
00386
35C2C
388CE
36646
3E889
01516
191A1
0073A
06C7C
046AD
0D296
33CB0
065D2
3D899
39E0A
06021
0A1EE
2BF27
04B10
36AC6
2E78A
38CC5
03BFE
3E9E8
3703F
366AF
3DD32
340CC
3E930
07184
01910
04F10
3CC0D
0C9DB
027E2
3EBA2
17429
03E85
31E5C
091FE
37970
0E573
3BBA3
00108
3E6A7
04D5D
39B5B
36619
3A4A8
0055F
0313B
37677
38133
0047F
04426
3B069
0D3BB
3F55C
39B8A
00B1F
01132
3826B
39566
04A8A
04DAC
35FB3
02B33
3C107
0C181
067BF
3B04A
39379
0F971
3B464
01DC0
33EB2
3F173
3ACA7
3A624
3DC07
080E1
059B0
0EE4B
03EEE
129D9
3E032
30118
3B755
3C758
0128F
30881
07D55
123C5
334FA
3F524
00314
0E44E
2A380
018C4
30B12
02B83
08567
0E8AB
37A29
370D6
036B5
0A978
300C9
08048
070D1
29908
02312
3B5BC
30744
3E328
05CDC
0824E
10859
0AFB1
37770
05B0D
3EEA5
3F291
3776B
05277
36004
0D31A
3E0D5
3EC3F
3D41E
3F5F4
00ACC
07A5C
3111A
3D710
3B683
00B94
040F7
0506E
3D549
0CC6D
3843E
3CE7F
05E23
0E373
37695
1369F
3837F
0367C
3AB58
3F6A9
0135C
022DD
2D711
287DC
3E373
3679B
1074C
2E995
333C3
3D960
3B147
3A46D
00853
3AC50
04FAB
029CE
01B01
011A3
00AAA
00514
00071
3FC8B
3F942
3F683
3F442
3F275
3F115
3F01C
3EF82
3EF41
3EF52
3EFAD
3F049
3F11F
3F226
3F355
3F4A2
3F605
3F774
3F8E7
3FA57
3FBBA
3FD0A
3FE41
3FF59
0004D
0011A
001BE
00235
00280
0029F
00293
0025E
00203
00185
000E8
00032
3FF67
3FE8C
3FDA8
3FCBF
3FBD7
3FAF6
3FA20
3F95A
3F8A9
3F80F
3F790
3F72E
3F6EB
3F6C8
3F6C5
3F6E0
3F71A
3F771
3F7E1
3F868
3F903
3F9AE
3FA64
3FB23
3FBE5
3FCA6
3FD62
3FE16
3FEBD
3FF54
3FFD8
00048
0009F
000DF
00105
00111
00103
000DD
000A0
0004D
3FFE7
3FF71
3FEED
3FE60
3FDCB
3FD33
3FC9C
3FC08
3FB7B
3FAF8
3FA82
3FA1C
3F9C7
3F985
3F958
3F941
3F93F
3F952
3F97A
3F9B6
3FA05
3FA63
3FAD0
3FB48
3FBC9
3FC4F
3FCD9
3FD63
3FDEA
3FE6A
3FEE3
3FF50
3FFAF
00000
00040
0006E
00089
00092
00088
0006B
0003E
00000
3FFB4
3FF5B
3FEF8
3FE8C
3FE1C
3FDA8
3FD35
3FCC4
3FC57
3FBF2
3FB97
3FB47
3FB05
3FAD1
3FAAD
3FA99
3FA96
3FAA3
3FAC1
3FAEE
3FB29
3FB72
3FBC6
3FC22
3FC87
3FCF0
3FD5C
3FDC8
3FE32
3FE98
3FEF7
3FF4E
3FF9B
3FFDC
00010
00035
0004D
00055
0004E
00038
00014
3FFE3
3FFA7
3FF60
3FF11
3FEBA
3FE5F
3FE02
3FDA4
3FD47
3FCEF
3FC9C
3FC50
3FC0E
3FBD6
3FBAA
3FB8A
3FB78
3FB74
3FB7D
3FB94
3FBB7
3FBE6
3FC20
3FC64
3FCB0
3FD01
3FD58
3FDB0
3FE0A
3FE62
3FEB7
3FF07
3FF50
3FF90
3FFC7
3FFF4
00015
00029
00031
0002D
0001C
00000
3FFD8
3FFA6
3FF6C
3FF2A
3FEE2
3FE96
3FE47
3FDF8
3FDA9
3FD5E
3FD17
3FCD6
3FC9C
3FC6C
3FC45
3FC29
3FC17
3FC12
3FC18
3FC29
3FC46
3FC6C
3FC9C
3FCD5
3FD14
3FD59
3FDA2
3FDED
3FE3A
3FE85
3FECE
3FF13
3FF52
3FF8B
3FFBB
3FFE2
00000
00013
0001C
00019
0000D
3FFF5
3FFD5
3FFAB
3FF79
3FF41
3FF04
3FEC2
3FE7F
3FE3A
3FDF6
3FDB4
3FD75
3FD3C
3FD09
3FCDE
3FCBA
3FCA0
3FC90
3FC89
3FC8D
3FC9A
3FCB1
3FCD2
3FCFA
3FD2A
3FD60
3FD9C
3FDDB
3FE1C
3FE5F
3FEA1
3FEE1
3FF1E
3FF56
3FF88
3FFB4
3FFD7
3FFF3
00005
0000E
0000E
00004
3FFF1
3FFD5
3FFB2
3FF87
3FF57
3FF21
3FEE8
3FEAC
3FE70
3FE33
3FDF9
3FDC1
3FD8E
3FD60
3FD38
3FD17
3FCFF
3FCEF
3FCE7
3FCE9
3FCF3
3FD06
3FD21
3FD44
3FD6D
3FD9C
3FDD0
3FE08
3FE42
3FE7D
3FEB7
3FEF1
3FF27
3FF5A
3FF88
3FFB0
3FFD1
3FFEA
3FFFC
00005
00006
3FFFF
3FFEF
3FFD8
3FFBA
3FF95
3FF6A
3FF3B
3FF08
3FED3
3FE9D
3FE67
3FE32
3FDFF
3FDD1
3FDA6
3FD82
3FD63
3FD4C
3FD3C
3FD34
3FD34
3FD3C
3FD4B
3FD62
3FD80
3FDA4
3FDCE
3FDFC
3FE2D
3FE61
3FE96
3FECB
3FEFF
3FF30
3FF5F
3FF89
3FFAE
3FFCD
3FFE5
3FFF6
00000
00002
3FFFD
3FFF0
3FFDC
3FFC2
3FFA1
3FF7C
3FF52
3FF24
3FEF5
3FEC4
3FE93
3FE62
3FE34
3FE09
3FDE2
3FDBF
3FDA3
3FD8C
3FD7C
3FD74
3FD72
3FD78
3FD85
3FD98
3FDB2
3FDD2
3FDF7
3FE20
3FE4C
3FE7B
3FEAB
3FEDB
3FF0B
3FF38
3FF63
3FF8A
3FFAD
3FFCA
3FFE2
3FFF3
3FFFD
00000
3FFFD
3FFF2
3FFE1
3FFCA
3FFAE
3FF8C
3FF67
3FF3E
3FF12
3FEE6
3FEB8
3FE8C
3FE61
3FE39
3FE14
3FDF4
3FDD9
3FDC3
3FDB3
3FDAA
3FDA7
3FDAB
3FDB5
3FDC6
3FDDD
3FDF9
3FE1A
3FE3F
3FE67
3FE92
3FEBE
3FEEA
3FF16
3FF40
3FF68
3FF8D
3FFAE
3FFC9
3FFE0
3FFF1
3FFFC
00000
3FFFE
3FFF6
3FFE7
3FFD3
3FFBA
3FF9B
3FF79
3FF54
3FF2D
3FF03
3FEDA
3FEB1
3FE89
3FE63
3FE41
3FE22
3FE07
3FDF2
3FDE2
3FDD9
3FDD5
3FDD7
3FDE0
3FDEE
3FE02
3FE1B
3FE38
3FE5A
3FE7F
3FEA5
3FECE
3FEF7
3FF20
3FF47
3FF6D
3FF90
3FFAF
3FFCA
3FFE0
3FFF0
3FFFB
00001
00000
3FFF9
3FFED
3FFDC
3FFC5
3FFAA
3FF8B
3FF69
3FF44
3FF1E
3FEF8
3FED1
3FEAC
3FE88
3FE67
3FE4A
3FE31
3FE1C
3FE0C
3FE02
3FDFD
3FDFE
3FE05
3FE11
3FE22
3FE39
3FE53
3FE72
3FE93
3FEB7
3FEDD
3FF03
3FF29
3FF4E
3FF72
3FF93
3FFB0
3FFCA
3FFE0
3FFF1
3FFFC
00002
00003
3FFFE
3FFF3
3FFE4
3FFD0
3FFB7
3FF9B
3FF7C
3FF5A
3FF37
3FF13
3FEEF
3FECB
3FEAA
3FE8A
3FE6E
3FE55
3FE41
3FE31
3FE26
3FE20
3FE20
3FE25
3FE30
3FE3F
3FE53
3FE6B
3FE87
3FEA6
3FEC7
3FEEA
3FF0E
3FF31
3FF55
3FF76
3FF96
3FFB3
3FFCC
3FFE1
3FFF2
3FFFD
00004
00006
00002
3FFFA
3FFEC
3FFDA
3FFC4
3FFAA
3FF8D
3FF6E
3FF4D
3FF2B
3FF09
3FEE8
3FEC8
3FEA9
3FE8E
3FE76
3FE62
3FE52
3FE47
3FE40
3FE3F
3FE43
3FE4B
3FE59
3FE6A
3FE80
3FE9A
3FEB6
3FED5
3FEF6
3FF18
3FF39
3FF5B
3FF7B
3FF99
3FFB5
3FFCD
3FFE2
3FFF3
3FFFF
00007
00009
00007
00000
3FFF4
3FFE4
3FFD0
3FFB8
3FF9E
3FF80
3FF62
3FF42
3FF22
3FF02
3FEE3
3FEC6
3FEAB
3FE94
3FE80
3FE70
3FE64
3FE5D
3FE5B
3FE5D
3FE64
3FE70
3FE80
3FE94
3FEAB
3FEC6
3FEE2
3FF01
3FF21
3FF41
3FF61
3FF7F
3FF9C
3FFB7
3FFCF
3FFE4
3FFF5
00001
0000A
0000D
0000C
00006
3FFFC
3FFEE
3FFDB
3FFC6
3FFAD
3FF92
3FF75
3FF57
3FF38
3FF1A
3FEFC
3FEE0
3FEC6
3FEAF
3FE9B
3FE8B
3FE7F
3FE77
3FE74
3FE75
3FE7B
3FE85
3FE93
3FEA5
3FEBB
3FED3
3FEEE
3FF0B
3FF29
3FF48
3FF66
3FF84
3FFA0
3FFBA
3FFD1
3FFE6
3FFF7
00004
0000D
00011
00011
0000D
00004
3FFF7
3FFE6
3FFD2
3FFBB
3FFA2
3FF87
3FF6A
3FF4D
3FF30
3FF13
3FEF8
3FEDF
3FEC8
3FEB5
3FEA4
3FE98
3FE90
3FE8B
3FE8B
3FE90
3FE99
3FEA5
3FEB6
3FECA
3FEE0
3FEFA
3FF15
3FF31
3FF4E
3FF6B
3FF88
3FFA3
3FFBD
3FFD4
3FFE8
3FFF9
00006
00010
00015
00016
00013
0000B
00000
3FFF1
3FFDF
3FFC9
3FFB1
3FF98
3FF7C
3FF61
3FF45
3FF29
3FF0F
3FEF6
3FEE0
3FECC
3FEBC
3FEAF
3FEA6
3FEA1
3FEA0
3FEA3
3FEAB
3FEB6
3FEC5
3FED7
3FEEC
3FF04
3FF1D
3FF39
3FF54
3FF70
3FF8C
3FFA6
3FFBF
3FFD6
3FFEA
3FFFB
00009
00013
00019
0001B
00019
00013
00009
3FFFB
3FFEA
3FFD6
3FFC0
3FFA8
3FF8E
3FF73
3FF58
3FF3E
3FF24
3FF0C
3FEF6
3FEE2
3FED2
3FEC4
3FEBB
3FEB5
3FEB3
3FEB5
3FEBB
3FEC5
3FED3
3FEE4
3FEF7
3FF0E
3FF26
3FF40
3FF5A
3FF75
3FF90
3FFAA
3FFC2
3FFD9
3FFED
3FFFE
0000C
00016
0001D
00020
0001F
0001A
00011
00005
3FFF5
3FFE3
3FFCE
3FFB7
3FF9E
3FF85
3FF6B
3FF51
3FF38
3FF20
3FF0A
3FEF7
3FEE6
3FED9
3FECE
3FEC8
3FEC5
3FEC6
3FECB
3FED4
3FEE0
3FEEF
3FF02
3FF17
3FF2E
3FF46
3FF60
3FF7A
3FF94
3FFAD
3FFC5
3FFDB
3FFEF
00000
0000F
0001A
00021
00025
00025
00021
00019
0000E
00000
3FFEF
3FFDB
3FFC5
3FFAE
3FF95
3FF7C
3FF63
3FF4B
3FF34
3FF1E
3FF0A
3FEF9
3FEEB
3FEE1
3FED9
3FED6
3FED6
3FEDA
3FEE1
3FEEC
3FEFB
3FF0C
3FF1F
3FF35
3FF4C
3FF65
3FF7E
3FF97
3FFB0
3FFC8
3FFDE
3FFF2
00003
00012
0001D
00025
0002A
0002B
00028
00021
00017
0000A
3FFFA
3FFE8
3FFD3
3FFBD
3FFA5
3FF8D
3FF75
3FF5D
3FF46
3FF30
3FF1D
3FF0C
3FEFD
3FEF2
3FEEA
3FEE6
3FEE5
3FEE8
3FEEE
3FEF8
3FF05
3FF15
3FF27
3FF3C
3FF53
3FF6A
3FF82
3FF9B
3FFB3
3FFCA
3FFE0
3FFF4
00006
00015
00021
00029
0002F
00030
0002F
00029
00020
00014
00006
3FFF4
3FFE0
3FFCB
3FFB4
3FF9D
3FF85
3FF6E
3FF57
3FF42
3FF2F
3FF1D
3FF0F
3FF03
3FEFA
3FEF5
3FEF3
3FEF5
3FEFB
3FF03
3FF0F
3FF1E
3FF2F
3FF43
3FF58
3FF6F
3FF87
3FF9E
3FFB6
3FFCD
3FFE2
3FFF6
00008
00018
00024
0002D
00033
00036
00035
00031
00029
0001E
00010
00000
3FFED
3FFD9
3FFC3
3FFAC
3FF95
3FF7E
3FF68
3FF53
3FF3F
3FF2E
3FF1F
3FF13
3FF0A
3FF04
3FF01
3FF02
3FF06
3FF0E
3FF19
3FF26
3FF37
3FF49
3FF5E
3FF74
3FF8A
3FFA2
3FFB9
3FFCF
3FFE5
3FFF9
0000B
0001B
00027
00031
00038
0003C
0003C
00038
00032
00028
0001B
0000C
3FFFA
3FFE6
3FFD1
3FFBB
3FFA5
3FF8E
3FF78
3FF63
3FF50
3FF3E
3FF2F
3FF22
3FF18
3FF12
3FF0E
3FF0E
3FF12
3FF18
3FF22
3FF2F
3FF3E
3FF50
3FF63
3FF78
3FF8E
3FFA5
3FFBC
3FFD2
3FFE7
3FFFB
0000E
0001D
0002B
00035
0003D
00041
00042
00040
0003A
00031
00025
00017
00006
3FFF3
3FFDF
3FFCA
3FFB4
3FF9E
3FF88
3FF73
3FF5F
3FF4E
3FF3E
3FF31
3FF26
3FF1F
3FF1B
3FF1A
3FF1C
3FF22
3FF2B
3FF37
3FF45
3FF56
3FF68
3FF7D
3FF92
3FFA8
3FFBF
3FFD5
3FFEA
3FFFE
00010
00020
0002E
00039
00041
00046
00048
00047
00042
0003A
0002F
00022
00012
00000
3FFEC
3FFD8
3FFC2
3FFAD
3FF97
3FF82
3FF6F
3FF5D
3FF4D
3FF3F
3FF34
3FF2C
3FF27
3FF25
3FF27
3FF2C
3FF33
3FF3E
3FF4C
3FF5B
3FF6D
3FF81
3FF96
3FFAB
3FFC1
3FFD7
3FFEC
00000
00013
00023
00032
0003D
00046
0004C
0004E
0004E
0004A
00043
00039
0002D
0001E
0000C
3FFFA
3FFE5
3FFD0
3FFBB
3FFA6
3FF91
3FF7E
3FF6B
3FF5B
3FF4D
3FF42
3FF39
3FF33
3FF31
3FF31
3FF35
3FF3C
3FF46
3FF52
3FF61
3FF72
3FF85
3FF99
3FFAF
3FFC4
3FFDA
3FFEF
00003
00015
00026
00035
00041
0004B
00051
00054
00055
00052
0004C
00043
00037
00029
00019
00006
3FFF3
3FFDE
3FFC9
3FFB4
3FFA0
3FF8C
3FF7A
3FF69
3FF5B
3FF4F
3FF45
3FF3F
3FF3B
3FF3B
3FF3E
3FF44
3FF4D
3FF58
3FF67
3FF77
3FF89
3FF9D
3FFB2
3FFC7
3FFDC
3FFF1
00005
00018
00029
00038
00045
0004F
00056
0005A
0005C
00059
00054
0004C
00041
00034
00024
00013
00000
3FFEC
3FFD7
3FFC3
3FFAE
3FF9A
3FF88
3FF77
3FF68
3FF5B
3FF51
3FF4A
3FF46
3FF45
3FF47
3FF4C
3FF54
3FF5F
3FF6C
3FF7C
3FF8D
3FFA0
3FFB5
3FFC9
3FFDE
3FFF3
00007
0001B
0002C
0003C
00049
00053
0005B
00060
00062
00061
0005D
00056
0004C
0003F
00030
0001F
0000D
3FFF9
3FFE5
3FFD0
3FFBC
3FFA8
3FF96
3FF84
3FF75
3FF68
3FF5D
3FF55
3FF50
3FF4E
3FF50
3FF54
3FF5B
3FF65
3FF71
3FF80
3FF91
3FFA4
3FFB7
3FFCC
3FFE1
3FFF6
0000A
0001D
0002F
0003F
0004D
00058
00061
00066
00069
00069
00065
0005F
00056
0004A
0003C
0002C
0001A
00007
3FFF3
3FFDE
3FFCA
3FFB6
3FFA3
3FF92
3FF82
3FF74
3FF69
3FF60
3FF5B
3FF58
3FF58
3FF5B
3FF62
3FF6B
3FF77
3FF85
3FF95
3FFA7
3FFBA
3FFCF
3FFE3
3FFF8
0000C
00020
00032
00042
00050
0005C
00066
0006C
00070
00070
0006E
00068
00060
00055
00047
00038
00026
00014
00000
3FFEC
3FFD8
3FFC4
3FFB1
3FF9F
3FF8F
3FF80
3FF74
3FF6B
3FF65
3FF61
3FF61
3FF63
3FF68
3FF71
3FF7C
3FF89
3FF99
3FFAA
3FFBD
3FFD1
3FFE6
3FFFA
0000F
00022
00035
00045
00054
00061
0006B
00072
00076
00078
00076
00071
0006A
0005F
00053
00044
00033
00021
0000D
3FFF9
3FFE5
3FFD1
3FFBE
3FFAC
3FF9B
3FF8C
3FF80
3FF76
3FF6F
3FF6A
3FF69
3FF6B
3FF6F
3FF77
3FF81
3FF8E
3FF9D
3FFAE
3FFC0
3FFD4
3FFE8
3FFFD
00011
00025
00037
00049
00058
00065
00070
00078
0007D
0007F
0007E
0007A
00074
0006A
0005E
00050
0003F
0002E
0001B
00007
3FFF3
3FFDF
3FFCB
3FFB9
3FFA8
3FF98
3FF8B
3FF81
3FF79
3FF73
3FF71
3FF72
3FF76
3FF7D
3FF86
3FF92
3FFA1
3FFB1
3FFC3
3FFD6
3FFEA
3FFFF
00013
00027
0003A
0004C
0005C
00069
00075
0007E
00084
00087
00087
00083
0007E
00075
00069
0005C
0004C
0003A
00028
00014
00000
3FFEC
3FFD8
3FFC6
3FFB4
3FFA4
3FF97
3FF8B
3FF82
3FF7D
3FF79
3FF79
3FF7C
3FF82
3FF8B
3FF97
3FFA4
3FFB4
3FFC6
3FFD9
3FFED
00001
00016
0002A
0003D
0004F
0005F
0006E
0007A
00083
0008A
0008E
0008F
0008D
00087
0007F
00075
00068
00058
00047
00035
00021
0000D
3FFF9
3FFE5
3FFD2
3FFC1
3FFB0
3FFA2
3FF96
3FF8C
3FF86
3FF82
3FF81
3FF83
3FF88
3FF90
3FF9B
3FFA8
3FFB7
3FFC9
3FFDB
3FFEF
00003
00018
0002C
00040
00052
00063
00072
0007F
00089
00091
00095
00097
00096
00091
0008A
00080
00074
00065
00054
00042
0002F
0001B
00007
3FFF3
3FFDF
3FFCD
3FFBC
3FFAD
3FFA1
3FF96
3FF8F
3FF8A
3FF88
3FF8A
3FF8E
3FF95
3FF9F
3FFAC
3FFBB
3FFCB
3FFDE
3FFF1
00006
0001A
0002F
00043
00056
00067
00077
00084
0008F
00098
0009D
0009F
0009F
0009B
00095
0008C
00080
00071
00061
0004F
0003C
00028
00014
00000
3FFEC
3FFDA
3FFC8
3FFB9
3FFAB
3FFA0
3FF98
3FF92
3FF90
3FF90
3FF94
3FF9A
3FFA4
3FFB0
3FFBE
3FFCE
3FFE0
3FFF4
00008
0001D
00031
00046
00059
0006B
0007B
00089
00095
0009E
000A5
000A8
000A8
000A5
000A0
00097
0008C
0007E
0006E
0005D
0004A
00036
00022
0000D
3FFF9
3FFE6
3FFD4
3FFC4
3FFB6
3FFAA
3FFA1
3FF9B
3FF97
3FF97
3FF9A
3FF9F
3FFA8
3FFB3
3FFC1
3FFD1
3FFE3
3FFF6
0000A
0001F
00034
00049
0005C
0006F
00080
0008F
0009B
000A5
000AC
000B0
000B2
000B0
000AB
000A3
00098
0008B
0007C
0006A
00058
00044
00030
0001B
00007
3FFF3
3FFE1
3FFD0
3FFC1
3FFB4
3FFAA
3FFA3
3FF9F
3FF9E
3FFA0
3FFA5
3FFAD
3FFB7
3FFC4
3FFD4
3FFE5
3FFF9
0000D
00022
00037
0004B
00060
00073
00084
00094
000A1
000AC
000B4
000B9
000BB
000BA
000B6
000AF
000A5
00098
00089
00078
00066
00052
0003D
00029
00014
00000
3FFED
3FFDC
3FFCC
3FFBF
3FFB4
3FFAC
3FFA7
3FFA4
3FFA6
3FFAA
3FFB1
3FFBB
3FFC8
3FFD7
3FFE8
3FFFB
0000F
00024
00039
0004E
00063
00077
00089
00099
000A8
000B3
000BC
000C2
000C5
000C5
000C1
000BB
000B1
000A5
00097
00086
00074
00060
0004C
00037
00022
0000D
3FFFA
3FFE7
3FFD7
3FFC9
3FFBD
3FFB4
3FFAE
3FFAB
3FFAC
3FFAF
3FFB5
3FFBF
3FFCB
3FFDA
3FFEB
3FFFD
00011
00026
0003C
00051
00067
0007B
0008E
0009F
000AE
000BA
000C4
000CB
000CF
000CF
000CD
000C7
000BE
000B3
000A5
00095
00082
0006F
0005A
00045
00030
0001B
00006
3FFF4
3FFE2
3FFD3
3FFC7
3FFBD
3FFB6
3FFB2
3FFB2
3FFB4
3FFBA
3FFC3
3FFCE
3FFDD
3FFED
00000
00014
00029
0003F
00055
0006A
0007F
00093
000A5
000B4
000C2
000CD
000D4
000D9
000DB
000D9
000D4
000CC
000C1
000B3
000A3
00091
0007E
00069
00053
0003E
00028
00014
00000
3FFEE
3FFDE
3FFD1
3FFC6
3FFBE
3FFB9
3FFB8
3FFBA
3FFBF
3FFC7
3FFD2
3FFE0
3FFF0
00002
00016
0002B
00041
00058
0006E
00083
00098
000AA
000BB
000C9
000D5
000DE
000E4
000E6
000E5
000E1
000DA
000CF
000C2
000B2
000A1
0008D
00078
00062
0004C
00036
00021
0000D
3FFFA
3FFE9
3FFDB
3FFCF
3FFC6
3FFC0
3FFBE
3FFBF
3FFC3
3FFCB
3FFD5
3FFE3
3FFF2
00005
00019
0002E
00044
0005B
00072
00088
0009D
000B0
000C2
000D1
000DE
000E8
000EE
000F2
000F2
000EE
000E8
000DE
000D1
000C2
000B0
0009D
00088
00072
0005B
00045
0002F
0001A
00006
3FFF4
3FFE5
3FFD8
3FFCE
3FFC8
3FFC4
3FFC4
3FFC8
3FFCF
3FFD9
3FFE5
3FFF5
00007
0001B
00031
00047
0005E
00076
0008C
000A2
000B7
000C9
000DA
000E7
000F2
000FA
000FE
000FF
000FC
000F6
000ED
000E1
000D2
000C1
000AD
00098
00082
0006B
00054
0003D
00027
00013
00000
3FFF0
3FFE2
3FFD7
3FFCF
3FFCB
3FFCA
3FFCD
3FFD3
3FFDC
3FFE8
3FFF8
0000A
0001E
00033
0004A
00062
00079
00091
000A8
000BD
000D1
000E2
000F1
000FD
00105
0010B
0010D
0010B
00106
000FD
000F1
000E3
000D1
000BE
000A9
00092
0007B
00063
0004C
00035
00020
0000C
3FFFA
3FFEC
3FFE0
3FFD7
3FFD1
3FFD0
3FFD1
3FFD7
3FFDF
3FFEB
3FFFA
0000C
00020
00036
0004D
00065
0007E
00096
000AD
000C4
000D9
000EB
000FB
00108
00112
00118
0011B
0011A
00116
0010E
00103
000F4
000E3
000D0
000BA
000A3
0008B
00073
0005B
00043
0002D
00018
00006
3FFF6
3FFE9
3FFDF
3FFD8
3FFD5
3FFD6
3FFDB
3FFE3
3FFEE
3FFFD
0000E
00022
00038
00050
00069
00082
0009B
000B4
000CB
000E1
000F4
00105
00114
0011F
00126
0012A
0012A
00127
0011F
00115
00107
000F6
000E2
000CC
000B5
0009D
00084
0006B
00052
0003B
00025
00011
00000
3FFF2
3FFE7
3FFDF
3FFDB
3FFDB
3FFDF
3FFE6
3FFF1
00000
00011
00025
0003B
00053
0006C
00086
000A0
000BA
000D2
000E9
000FE
00111
00120
0012C
00135
0013A
0013B
00138
00132
00127
0011A
00109
000F6
000E0
000C8
000AF
00095
0007B
00062
00049
00032
0001D
0000B
3FFFB
3FFEF
3FFE6
3FFE1
3FFE0
3FFE3
3FFEA
3FFF4
00002
00013
00027
0003E
00056
00070
0008B
000A6
000C0
000DA
000F2
00109
0011C
0012D
0013B
00145
0014B
0014D
0014B
00145
0013C
0012E
0011E
0010A
000F4
000DC
000C2
000A8
0008D
00072
00058
00040
0002A
00016
00005
3FFF7
3FFED
3FFE7
3FFE5
3FFE7
3FFED
3FFF7
00005
00016
0002A
00041
0005A
00074
00090
000AC
000C7
000E3
000FC
00114
00129
0013B
0014A
00155
0015D
00160
0015F
0015A
00151
00144
00134
00120
0010A
000F1
000D7
000BB
0009F
00084
00068
0004F
00037
00021
0000F
00000
3FFF5
3FFED
3FFEA
3FFEB
3FFF0
3FFFA
00007
00018
0002C
00043
0005D
00078
00095
000B2
000CF
000EB
00106
00120
00136
0014A
0015B
00167
00170
00175
00175
00170
00168
0015C
0014B
00138
00121
00108
000ED
000D0
000B3
00096
00079
0005E
00045
0002E
0001A
00009
3FFFC
3FFF3
3FFEF
3FFEF
3FFF3
3FFFC
00009
0001A
0002F
00046
00060
0007C
0009A
000B8
000D7
000F5
00112
0012D
00145
0015B
0016D
0017B
00185
0018B
0018C
00189
00181
00175
00165
00151
0013A
00120
00104
000E6
000C8
000A9
0008B
0006E
00053
0003A
00025
00012
00004
3FFFA
3FFF4
3FFF3
3FFF6
3FFFF
0000B
0001C
00031
00049
00064
00081
0009F
000BF
000DF
000FF
0011E
0013A
00155
0016C
00180
00190
0019C
001A3
001A5
001A3
0019C
00190
00180
0016C
00155
0013A
0011D
000FE
000DE
000BE
0009E
00080
00062
00048
00030
0001C
0000C
00000
3FFF9
3FFF7
3FFF9
00001
0000D
0001E
00033
0004B
00067
00085
000A5
000C7
000E8
0010A
0012B
0014A
00166
00180
00196
001A7
001B5
001BD
001C1
001C0
001B9
001AE
0019E
0018A
00172
00157
00138
00118
000F7
000D5
000B3
00092
00073
00056
0003C
00026
00014
00006
3FFFE
3FFFA
3FFFC
00003
0000E
0001F
00034
0004D
0006A
0008A
000AB
000CF
000F2
00116
00139
0015A
00179
00195
001AD
001C1
001D0
001DB
001E0
001E0
001DA
001CF
001BF
001AB
00192
00176
00156
00135
00111
000ED
000C9
000A6
00084
00065
00049
00030
0001C
0000D
00002
3FFFD
3FFFE
00004
0000F
00020
00036
00050
0006D
0008E
000B2
000D7
000FD
00123
00149
0016D
0018E
001AD
001C7
001DE
001EF
001FB
00202
00203
001FE
001F4
001E4
001CF
001B6
00199
00178
00154
0012F
00108
000E2
000BC
00097
00075
00056
0003B
00024
00013
00007
00000
3FFFF
00005
00010
00020
00036
00051
00070
00093
000B9
000E0
00109
00132
0015B
00181
001A6
001C8
001E5
001FE
00212
00220
00229
0022B
00227
0021E
0020E
001F9
001DE
001BF
0019D
00177
0014F
00126
000FD
000D3
000AC
00087
00065
00046
0002D
00019
0000A
00002
00000
00004
0000F
00020
00037
00052
00073
00098
000C0
000EA
00116
00142
0016E
00199
001C1
001E6
00207
00223
0023A
0024B
00255
00259
00256
0024D
0023D
00227
0020C
001EC
001C7
0019F
00174
00148
0011A
000EE
000C2
00099
00074
00052
00036
0001F
0000E
00003
00000
00003
0000D
0001E
00036
00053
00076
0009D
000C8
000F5
00125
00155
00185
001B4
001E0
00209
0022E
0024E
00268
0027B
00288
0028E
0028C
00284
00274
0025D
00241
0021E
001F7
001CC
0019E
0016D
0013C
0010B
000DC
000AE
00084
0005F
0003E
00024
00010
00003
3FFFE
00000
0000A
0001B
00033
00052
00077
000A1
000D0
00101
00135
0016A
0019F
001D3
00204
00232
0025C
00280
0029E
002B5
002C4
002CC
002CC
002C4
002B4
0029D
0027E
0025A
0022F
00201
001CE
00199
00163
0012D
000F8
000C5
00096
0006B
00046
00028
00011
00001
3FFFA
3FFFB
00004
00016
0002F
00050
00078
000A6
000D9
0010F
00149
00183
001BE
001F8
00230
00264
00293
002BC
002DF
002FA
0030D
00317
00319
00311
00301
002E9
002C8
002A0
00272
0023F
00207
001CD
00190
00154
00118
000DF
000A9
00079
0004E
0002B
0000F
3FFFC
3FFF2
3FFF2
3FFFB
0000D
00029
0004C
00078
000AA
000E2
0011F
0015F
001A1
001E4
00225
00264
002A0
002D6
00306
0032E
0034F
00366
00373
00377
00370
00360
00346
00322
002F7
002C4
0028B
0024C
0020A
001C6
00181
0013E
000FC
000BF
00087
00055
0002B
0000B
3FFF3
3FFE7
3FFE4
3FFED
00000
0001E
00045
00075
000AE
000ED
00132
0017B
001C6
00213
0025E
002A7
002EC
0032B
00364
00394
003BA
003D7
003E8
003EE
003E9
003D7
003BB
00394
00364
0032A
002E9
002A2
00257
00208
001B9
0016A
0011E
000D6
00094
0005A
00028
00000
3FFE4
3FFD3
3FFCF
3FFD7
3FFEB
0000C
00039
00070
000B0
000F9
00149
0019E
001F6
00250
002A8
002FF
00350
0039C
003E0
0041A
00449
0046C
00483
0048C
00488
00476
00456
0042A
003F2
003B0
00364
00311
002B9
0025C
001FE
001A1
00146
000EF
000A0
00059
0001D
3FFEC
3FFC8
3FFB2
3FFAB
3FFB3
3FFCB
3FFF0
00024
00065
000B2
00109
00168
001CE
00238
002A4
00310
00379
003DE
0043A
0048E
004D7
00512
0053F
0055D
0056A
00567
00553
0052F
004FB
004B9
00469
0040E
003A9
0033C
002CB
00258
001E4
00174
00108
000A5
0004C
00000
3FFC2
3FF95
3FF78
3FF6E
3FF77
3FF92
3FFC0
00000
00051
000B0
0011D
00196
00216
0029D
00327
003B1
00437
004B8
00530
0059D
005FB
0064A
00686
006AE
006C1
006BF
006A8
0067B
00639
005E4
0057E
00508
00485
003F8
00364
002CD
00235
001A0
00113
0008F
00019
3FFB3
3FF60
3FF23
3FEFD
3FEEF
3FEFB
3FF21
3FF61
3FFB8
00028
000AC
00143
001EA
0029E
0035A
0041B
004DD
0059C
00652
006FD
00798
0081F
0088F
008E6
00920
0093B
00938
00915
008D2
00870
007F1
00757
006A6
005E0
0050A
00429
00341
00258
00174
00099
3FFCE
3FF18
3FE7B
3FDFD
3FDA2
3FD6D
3FD61
3FD80
3FDCB
3FE42
3FEE6
3FFB3
000A7
001BF
002F6
00446
005A9
00719
0088C
009FB
00B5E
00CAB
00DDA
00EE1
00FB7
01053
010AE
010BF
0107E
00FE4
00EEB
00D8B
00BBE
0097D
006BE
00375
3FF8F
3FAEC
3F556
3EE5D
3E4FF
3D632
3B055
053B0
3F7AD
05B93
04EB9
026A0
0CC3D
1166B
2F8B4
09865
01C8D
17824
128EF
3DD23
3ECA4
00957
054A8
3C984
07C81
2C961
0896B
31C8D
3A1DD
03181
07BC2
33393
02AB7
3AF92
3BF09
3F46C
0497D
028F0
0EEE6
385A4
3F534
00A0C
02BE2
013C1
01F2B
32CE6
09FFC
3AD89
08895
00D6F
0115B
3A4F3
08890
3504F
2F7A7
37DB2
3A324
01CD8
0F8BC
04A44
3DCEE
166F8
38F2F
37FB8
0FF37
35688
3C94B
08F2A
085D7
31755
37A99
3D47D
0F4EE
3E73C
15C80
31BB2
3FCEC
00ADC
0CB06
2DC3B
382AB
0F77F
3ED71
038A8
048AB
0FEE8
01FCE
2D627
3C112
311B5
3A650
37F1F
023F9
059DC
05359
00E8D
0C14E
3E240
04B9C
3068F
06C87
04FB6
39841
33E7F
03EF9
3D4CD
0A04D
3B254
3B576
06A9A
07D95
3EECE
3F4E1
06476
00AA4
32C45
04F97
3BBDA
3FB81
07ECD
08989
3CEC5
3FAA1
05B58
099E7
064A5
3B2A3
01959
3FEF8
0445D
31A8D
08690
36E02
0E1A4
3C17B
28BD7
0145E
3D81E
33625
033F3
3B0F0
3E6F0
38E7C
016D0
0BF34
022CE
09951
08FC1
01618
3C402
0733B
11876
0953A
3B4F0
140D9
35E12
39FDF
061F6
02767
39A2E
0C350
32D6A
3B953
39384
3F8C6
26E5F
3EAEA
01777
099BA
07732
0A3D4
3FC7A
3FFDD
39CD2
0289C
2BD5B
019AF
03535
39E00
39CA7
35FB7
2B12C
0775D
1756C
0A654
34209
0E639
00C79
08430
073F9
07DA6
3969E
387A1
3654D
3DB57
3C14F
02A8F
3DD9F
0CDE5
018A4
06F89
021E2
34F57
3EA64
3D026
3C5E6
34F48
08611
3F8C6
3FDB7
33FB9
02B7B
09D2F
33F44
3DC4B
12C3D
3DA33
1456A
05CA3
39B9C
3E6F2
123C2
2CEDD
0B3D7
09BF2
09119
09B3A
39CDD
076C3
0C5EC
3C104
2C9C1
00977
3DB2E
3656E
325D3
37BB1
091AD
0FFB1
33A3B
3F576
359E3
06D16
31B7D
35D0D
05445
00069
06DB0
0DD0B
09711
01AB7
0B699
03BD0
39583
11B4C
36F4B
00726
04AA0
3CE61
02A08
34EBD
04E2F
2B57C
3AD57
3D9C7
01721
30402
3ACA8
13A2F
3DB91
058DC
028B3
383D7
3AEA8
2B2D7
156C6
2EF80
3AB10
3E0F3
08567
0C1F4
36074
09ADA
35994
01E68
39A3D
39F35
05D35
0260F
05439
0A164
122FE
08EA9
3057C
04128
395AC
05427
05DCE
15303
3A293
0B482
3B18F
39040
08AB8
01063
03676
3F045
06FE3
33C2A
1D438
01DEE
29DD2
00B1B
3C317
0B591
0CD46
072F0
2D72C
3D189
3B4CA
1136C
37170
312B2
08DC7
0410F
34BF3
05759
3C6BD
00168
05F79
34143
03DC4
37B77
3ECC7
00840
008E6
3A3BD
373FE
2C843
0CACD
3C84E
07B7D
09D61
3BD3F
092EA
01198
01ADF
3C4CB
395F0
35952
03F21
3FA00
044AF
3741C
0774F
08666
38305
2F1BB
3D850
07DBB
03BD8
3A78A
06E26
07F89
35826
00650
00EA4
04868
064C1
04BCE
14DF5
0AD4E
00D74
1357C
09457
3F506
1040A
33D91
378CE
3C93D
31853
01916
3C3DC
2D89D
0D182
39559
3CAD6
06619
0BFF0
03458
059A8
39FCF
3086E
380E0
12D9E
0C8B7
04054
05C95
377FE
269AA
34E0D
02394
03A0C
049F6
029F0
3AC90
3DC55
02048
10DCB
33C89
3BCC1
0621E
10F45
076CD
3F299
07CC4
043A1
038F7
05568
2D5FE
03F27
08420
06F9E
0545B
3BB58
053B0
08DC3
32071
31644
04EEC
33C15
35E90
05398
0D386
3CF47
380E6
3CB9F
3A6CD
35E62
1268E
31F42
00909
03DCE
3E30E
13412
3D9AA
32EE9
0B5F5
3C9B1
02CA2
02E16
0E3F2
0B166
2EFE4
3B1D4
34ABF
37B3E
3F10F
06114
06B0C
07F9C
118B9
05E9A
00A23
035E9
047D4
371F1
3D0C0
3261C
3C281
3C889
0704B
0E506
09172
01056
00E5F
3278C
12856
00B3C
08349
03D10
37D3D
06478
11E13
0DB80
3BD42
003C0
12944
05156
38F28
39A54
3D7AD
090CF
3E2B9
17BD8
3BF31
085A6
38D44
00128
3A04D
32DB3
0B9B7
0E9B9
028B2
3EC81
3E799
08DE7
15FF3
33524
3D12B
09DB6
13CB8
024AB
37B39
3A6D2
01773
3FCAC
38750
0425E
03300
3631D
05963
119B4
04ACD
3B3ED
3486B
0C67E
028C7
0E14A
12A4F
00000
075DC
2D81B
03989
34B90
3A451
3D448
054C2
047DB
02647
0161A
38AC1
3C369
3DA38
36A16
3EF03
316F8
3F7FD
3588F
0CF6C
04F82
024D4
35B1D
3FACF
3E167
3DB45
0A54F
31F0B
2C498
0E23C
08749
0382E
07F53
003A9
3C88D
32DCA
0015A
2F801
0304B
07EE1
2EED7
3710A
3B526
060BC
3AAE7
3932E
31308
040D8
123E8
3DFEA
3B3FE
36555
016B2
0CDE1
08A7A
01283
2A75D
380FC
3F675
0693B
0247D
349BF
38D20
3E583
356DF
037B3
09180
3F983
3B7EA
3EF32
086A4
37FAD
3153E
0379C
33899
00A70
3911F
3E035
021C7
3CCDA
3732D
082C1
0200B
06BD1
3EE4C
081DB
079E3
0A774
34ADE
38FC5
3F26A
03DC0
3D527
03BB2
378F4
01D5C
364C0
3650F
0201A
025B1
03514
3D72D
079B4
3E250
3E91B
3FAB6
3C6A5
049A2
00A63
018B4
05323
0B464
3781E
02C26
3E4CE
394A5
05E49
3BFAA
3F20B
02A30
3841B
0D38E
004E9
39A21
37D11
05A6A
3CD01
03722
04DBA
38E6A
3D82F
36139
00D25
024A4
00088
0A38B
0CF38
05AF1
3404C
02525
3D195
00E5B
34535
3A06D
3F738
3E68F
397D8
09AFF
3C0D8
094E6
3DD70
0561C
33AC6
3D57C
02EC9
092CB
065EE
0A588
3823D
3D1AF
393EC
34685
39AAC
01A70
32860
04E3F
3C4CA
3F0B7
02411
01F2A
05854
316EB
08A10
06F58
00902
33372
091A5
3946D
2AC48
02DA8
3F31C
32CBB
0D176
01142
07C98
3F7D9
36F56
03115
0489D
38BBA
14A12
33AF4
09EB0
03913
0271E
39B18
3E3EA
02C4A
36869
0AFC1
3AA77
3A13B
027BC
31AE2
36FF4
14FBB
00773
070D6
3A28C
06A97
046B1
348A4
0BE5B
00456
0879C
02229
37EEB
3A706
010CA
33EEB
39E56
09080
3D421
37624
02557
1656C
061D2
06B5F
3B617
08D69
07C3B
04692
3B9E7
011FA
3C58F
3A5E5
3DE90
3A582
0487F
3C53B
3A912
39A7F
3C1F5
069B4
3AEB2
39049
3F5E1
03B1C
3F4C1
385E9
291F2
3E159
3E609
05BE8
3DB2F
3A878
01F7F
183A5
03125
31BE1
014D4
39704
008FC
34FEA
2F294
02E3D
0BD8E
077D1
0FFB3
091FC
3C0CA
04544
042BF
3C6EE
3C3EC
3E6BD
30C0D
3F1EF
3940F
0077D
2C6E1
07513
0573A
3CD65
034EE
06ADA
3E177
04D0A
33BE8
10B5B
09E68
39525
3FF82
3F27B
387C8
01FA3
1092A
02835
0B34C
2B0CD
06813
06B11
39F1D
3C616
002C0
08DA9
32E01
08D8C
06EF0
00C5F
3AA4D
02FF1
37A24
07965
3A25C
3C071
05C87
3BE94
3DF77
3A075
371C9
3CB7D
0998A
03B10
38B32
016A3
01CA2
04BFA
3A0F3
3840F
074CF
10C0A
06BE5
00AAE
02618
011A9
3B549
36606
3DF93
0E671
3A283
0681C
3EB66
026E4
377B5
3953A
36E1A
33718
3CA43
2EDE3
3E810
06636
09354
38DFC
3BFF0
354FD
0637A
04F9B
0BD52
33C05
3EC78
03FC8
37E1C
037EE
04B5E
3F5B7
0336E
0CC60
3A180
3B823
37CDF
02048
052F0
3D238
04B2E
3897B
00F93
3E993
3DC60
0476C
38B66
0C601
06E39
3A78A
0CF8C
06CD2
3B99F
01475
0E8BB
3F825
0A417
04538
0184B
2DD3B
124AB
00438
3CA59
3B91C
05574
35611
3C35C
372FC
36B6E
3652E
3DDFF
06EFE
3C6F6
3AB67
097F0
2EC4D
350E6
06227
04429
011A1
05432
30194
3CB1F
3D035
037AD
072AB
055DC
00D5A
3BA83
0BEED
3E662
00D11
04669
01041
3C5ED
38C98
00865
036DC
006A6
370A1
132CB
06711
3D9A1
072B9
38A0B
34910
3A8A7
00A67
0A902
0657F
3DE42
3C578
3A3BD
3DBBE
01C65
39AF9
00498
0488E
354D8
0383F
39C7A
02882
3F6B4
0291A
386BB
01E06
0C630
03E4F
04812
019FA
03E6C
0714A
3385A
069C2
3E6D4
05AC1
37DE1
3177D
0C7EA
3A500
368BF
3B949
01A89
2B47D
3EE5D
3FCE1
015E9
3DCAD
0A19C
037DD
35966
06C4F
04121
0C6F0
3D3CE
3BC6B
01628
374FE
3ED1A
3AA4F
39579
093C6
08514
0ADDB
3A7A0
00B65
36281
3B4E5
02001
0A2FA
3CC99
01DA7
09778
05D9A
04D65
30B4D
3D1AE
01D7C
30B11
3D7BB
04A06
3CB8A
0CC48
376BF
3E537
07375
0673A
10762
028D0
33D7E
3EC8B
3E592
3E713
3E8DD
3EA64
3EBAF
3ECD1
3EDD9
3EED2
3EFC4
3F0B4
3F1A5
3F299
3F390
3F48A
3F586
3F683
3F77E
3F876
3F968
3FA52
3FB32
3FC04
3FCC7
3FD7A
3FE19
3FEA3
3FF18
3FF76
3FFBD
3FFED
00006
00008
3FFF5
3FFCE
3FF95
3FF4B
3FEF4
3FE90
3FE24
3FDB1
3FD3B
3FCC3
3FC4E
3FBDD
3FB74
3FB13
3FABE
3FA75
3FA3C
3FA11
3F9F8
3F9EE
3F9F6
3FA0E
3FA36
3FA6D
3FAB2
3FB03
3FB5D
3FBC1
3FC2A
3FC97
3FD07
3FD75
3FDE1
3FE47
3FEA7
3FEFE
3FF4A
3FF8B
3FFBE
3FFE4
3FFFB
00004
3FFFF
3FFEB
3FFCA
3FF9D
3FF64
3FF22
3FED8
3FE87
3FE33
3FDDC
3FD84
3FD2E
3FCDC
3FC8F
3FC49
3FC0C
3FBD8
3FBB0
3FB93
3FB83
3FB7F
3FB88
3FB9E
3FBBF
3FBEB
3FC22
3FC61
3FCA8
3FCF5
3FD46
3FD99
3FDED
3FE40
3FE90
3FEDB
3FF21
3FF5E
3FF94
3FFBF
3FFE0
3FFF6
00000
3FFFF
3FFF2
3FFDB
3FFB9
3FF8E
3FF5A
3FF20
3FEDF
3FE9B
3FE54
3FE0C
3FDC4
3FD7F
3FD3E
3FD02
3FCCC
3FC9F
3FC7A
3FC5E
3FC4D
3FC45
3FC49
3FC57
3FC6F
3FC90
3FCBA
3FCEC
3FD25
3FD63
3FDA5
3FDEA
3FE30
3FE75
3FEB9
3FEF9
3FF35
3FF6A
3FF99
3FFC0
3FFDE
3FFF3
3FFFE
3FFFF
3FFF7
3FFE5
3FFCB
3FFA7
3FF7D
3FF4C
3FF16
3FEDC
3FE9F
3FE61
3FE23
3FDE7
3FDAD
3FD78
3FD48
3FD1E
3FCFC
3FCE1
3FCCF
3FCC6
3FCC6
3FCD0
3FCE2
3FCFC
3FD1F
3FD48
3FD77
3FDAC
3FDE5
3FE20
3FE5C
3FE99
3FED4
3FF0D
3FF42
3FF73
3FF9D
3FFC1
3FFDD
3FFF2
3FFFD
00001
3FFFC
3FFEE
3FFD8
3FFBB
3FF97
3FF6D
3FF3F
3FF0C
3FED7
3FEA0
3FE69
3FE32
3FDFF
3FDCE
3FDA2
3FD7B
3FD5A
3FD41
3FD2E
3FD24
3FD22
3FD28
3FD35
3FD4B
3FD68
3FD8B
3FDB4
3FDE1
3FE13
3FE47
3FE7D
3FEB3
3FEE8
3FF1C
3FF4C
3FF79
3FFA0
3FFC2
3FFDD
3FFF1
3FFFE
00003
00000
3FFF6
3FFE4
3FFCB
3FFAD
3FF88
3FF5F
3FF32
3FF02
3FED1
3FE9F
3FE6E
3FE3E
3FE11
3FDE8
3FDC3
3FDA4
3FD8B
3FD79
3FD6D
3FD69
3FD6C
3FD77
3FD88
3FDA0
3FDBF
3FDE2
3FE0A
3FE36
3FE65
3FE96
3FEC7
3FEF8
3FF27
3FF54
3FF7D
3FFA3
3FFC3
3FFDD
3FFF1
3FFFF
00005
00004
3FFFD
3FFEE
3FFD9
3FFBF
3FF9F
3FF7A
3FF52
3FF27
3FEFA
3FECC
3FE9F
3FE73
3FE48
3FE22
3FDFF
3FDE0
3FDC8
3FDB5
3FDA9
3FDA3
3FDA4
3FDAC
3FDBA
3FDCE
3FDE8
3FE08
3FE2C
3FE53
3FE7D
3FEAA
3FED7
3FF04
3FF30
3FF5A
3FF81
3FFA5
3FFC4
3FFDD
3FFF1
00000
00007
00008
00003
3FFF8
3FFE6
3FFCF
3FFB2
3FF92
3FF6D
3FF46
3FF1D
3FEF3
3FEC8
3FE9F
3FE77
3FE52
3FE31
3FE13
3FDFB
3FDE8
3FDDB
3FDD3
3FDD3
3FDD8
3FDE3
3FDF5
3FE0B
3FE27
3FE47
3FE6B
3FE92
3FEBA
3FEE4
3FF0E
3FF37
3FF5F
3FF84
3FFA6
3FFC4
3FFDE
3FFF2
00001
00009
0000C
00009
00000
3FFF1
3FFDD
3FFC4
3FFA6
3FF85
3FF61
3FF3B
3FF14
3FEED
3FEC6
3FEA0
3FE7D
3FE5C
3FE3F
3FE27
3FE14
3FE06
3FDFD
3FDFB
3FDFE
3FE07
3FE15
3FE29
3FE42
3FE5F
3FE7F
3FEA2
3FEC8
3FEEF
3FF16
3FF3D
3FF63
3FF86
3FFA7
3FFC5
3FFDE
3FFF2
00002
0000C
00010
0000F
00008
3FFFB
3FFEA
3FFD3
3FFB9
3FF9B
3FF7A
3FF57
3FF32
3FF0D
3FEE8
3FEC4
3FEA2
3FE82
3FE66
3FE4E
3FE3A
3FE2C
3FE22
3FE1E
3FE1F
3FE26
3FE32
3FE43
3FE59
3FE73
3FE90
3FEB1
3FED4
3FEF8
3FF1D
3FF42
3FF66
3FF88
3FFA8
3FFC5
3FFDE
3FFF2
00002
0000D
00013
00014
0000F
00005
3FFF5
3FFE2
3FFCA
3FFAE
3FF90
3FF6F
3FF4D
3FF2A
3FF06
3FEE4
3FEC3
3FEA5
3FE89
3FE71
3FE5D
3FE4D
3FE43
3FE3D
3FE3D
3FE41
3FE4B
3FE5A
3FE6D
3FE85
3FEA0
3FEBE
3FEDE
3FF00
3FF23
3FF46
3FF69
3FF8A
3FFA9
3FFC5
3FFDE
3FFF3
00003
0000F
00016
00018
00015
0000D
00000
3FFEF
3FFD9
3FFC0
3FFA4
3FF85
3FF65
3FF44
3FF22
3FF01
3FEE2
3FEC4
3FEA8
3FE90
3FE7C
3FE6C
3FE60
3FE59
3FE57
3FE5A
3FE62
3FE6F
3FE80
3FE95
3FEAD
3FEC9
3FEE7
3FF07
3FF28
3FF4A
3FF6B
3FF8B
3FFA9
3FFC5
3FFDD
3FFF3
00004
00011
00019
0001C
0001B
00015
0000A
3FFFA
3FFE7
3FFD0
3FFB6
3FF9A
3FF7B
3FF5C
3FF3C
3FF1C
3FEFD
3FEE0
3FEC5
3FEAD
3FE99
3FE88
3FE7B
3FE73
3FE70
3FE71
3FE77
3FE81
3FE90
3FEA3
3FEBA
3FED3
3FEEF
3FF0E
3FF2D
3FF4D
3FF6D
3FF8C
3FFA9
3FFC4
3FFDD
3FFF3
00004
00012
0001B
00020
00020
0001C
00013
00005
3FFF4
3FFDF
3FFC7
3FFAD
3FF90
3FF72
3FF54
3FF35
3FF17
3FEFA
3FEE0
3FEC8
3FEB3
3FEA1
3FE94
3FE8B
3FE86
3FE86
3FE8A
3FE93
3FEA0
3FEB0
3FEC5
3FEDD
3FEF7
3FF13
3FF31
3FF4F
3FF6E
3FF8C
3FFA9
3FFC4
3FFDD
3FFF2
00005
00013
0001D
00023
00025
00022
0001B
0000F
00000
3FFED
3FFD7
3FFBE
3FFA3
3FF87
3FF69
3FF4C
3FF2F
3FF13
3FEF9
3FEE1
3FECB
3FEB9
3FEAB
3FEA1
3FE9B
3FE99
3FE9C
3FEA3
3FEAE
3FEBD
3FECF
3FEE5
3FEFE
3FF18
3FF35
3FF52
3FF6F
3FF8C
3FFA9
3FFC3
3FFDC
3FFF2
00005
00014
0001F
00026
00029
00028
00022
00019
0000B
3FFFA
3FFE6
3FFCE
3FFB5
3FF9A
3FF7E
3FF62
3FF45
3FF2A
3FF10
3FEF8
3FEE2
3FED0
3FEC1
3FEB6
3FEAE
3FEAB
3FEAC
3FEB2
3FEBB
3FEC8
3FED9
3FEED
3FF04
3FF1D
3FF38
3FF54
3FF70
3FF8D
3FFA8
3FFC3
3FFDB
3FFF1
00004
00014
00021
00029
0002D
0002D
00029
00021
00015
00006
3FFF3
3FFDE
3FFC6
3FFAC
3FF91
3FF76
3FF5A
3FF3F
3FF26
3FF0E
3FEF8
3FEE5
3FED6
3FEC9
3FEC1
3FEBC
3FEBC
3FEC0
3FEC8
3FED3
3FEE2
3FEF5
3FF0A
3FF21
3FF3B
3FF56
3FF71
3FF8D
3FFA8
3FFC2
3FFDA
3FFF1
00004
00015
00022
0002B
00031
00032
00030
00029
0001F
00011
00000
3FFEC
3FFD6
3FFBD
3FFA4
3FF89
3FF6E
3FF54
3FF3B
3FF23
3FF0D
3FEF9
3FEE9
3FEDC
3FED3
3FECD
3FECB
3FECD
3FED4
3FEDE
3FEEB
3FEFC
3FF10
3FF26
3FF3E
3FF57
3FF72
3FF8D
3FFA7
3FFC1
3FFD9
3FFF0
00004
00015
00023
0002D
00034
00037
00036
00031
00028
0001C
0000C
3FFFA
3FFE5
3FFCD
3FFB5
3FF9B
3FF81
3FF67
3FF4E
3FF37
3FF20
3FF0D
3FEFC
3FEEE
3FEE3
3FEDD
3FEDA
3FEDA
3FEDF
3FEE7
3FEF3
3FF03
3FF15
3FF2A
3FF41
3FF59
3FF73
3FF8D
3FFA7
3FFC0
3FFD8
3FFEF
00003
00015
00023
0002F
00037
0003B
0003B
00037
00030
00025
00017
00006
3FFF3
3FFDD
3FFC5
3FFAD
3FF93
3FF7A
3FF61
3FF4A
3FF33
3FF1F
3FF0E
3FEFF
3FEF4
3FEEC
3FEE7
3FEE7
3FEEA
3FEF1
3FEFC
3FF09
3FF1A
3FF2E
3FF43
3FF5B
3FF73
3FF8C
3FFA6
3FFBF
3FFD7
3FFEE
00002
00014
00024
00030
00039
0003E
00040
0003E
00038
0002F
00022
00012
00000
3FFEB
3FFD5
3FFBD
3FFA5
3FF8C
3FF73
3FF5C
3FF46
3FF31
3FF1F
3FF10
3FF03
3FEFA
3FEF5
3FEF3
3FEF5
3FEFA
3FF03
3FF10
3FF1F
3FF31
3FF46
3FF5C
3FF74
3FF8C
3FFA5
3FFBE
3FFD6
3FFEC
00001
00014
00024
00031
0003B
00042
00044
00044
0003F
00037
0002C
0001E
0000D
3FFF9
3FFE4
3FFCD
3FFB5
3FF9D
3FF85
3FF6D
3FF57
3FF43
3FF30
3FF20
3FF13
3FF09
3FF02
3FEFF
3FF00
3FF04
3FF0B
3FF16
3FF24
3FF35
3FF48
3FF5D
3FF74
3FF8C
3FFA4
3FFBD
3FFD4
3FFEB
00000
00013
00024
00032
0003D
00044
00048
00049
00046
0003F
00036
00029
00019
00007
3FFF2
3FFDC
3FFC5
3FFAE
3FF96
3FF7F
3FF68
3FF53
3FF40
3FF30
3FF22
3FF17
3FF0F
3FF0B
3FF0A
3FF0D
3FF13
3FF1C
3FF29
3FF39
3FF4B
3FF5F
3FF75
3FF8C
3FFA3
3FFBB
3FFD3
3FFEA
3FFFF
00013
00024
00033
0003E
00047
0004C
0004E
0004C
00047
0003F
00033
00024
00013
00000
3FFEB
3FFD5
3FFBE
3FFA6
3FF8F
3FF79
3FF64
3FF50
3FF3F
3FF30
3FF24
3FF1C
3FF16
3FF14
3FF16
3FF1B
3FF23
3FF2E
3FF3C
3FF4D
3FF60
3FF75
3FF8C
3FFA3
3FFBA
3FFD1
3FFE8
3FFFE
00012
00023
00033
00040
00049
00050
00053
00052
0004E
00047
0003D
0002F
0001F
0000D
3FFF9
3FFE4
3FFCD
3FFB6
3FF9F
3FF89
3FF74
3FF60
3FF4E
3FF3F
3FF32
3FF28
3FF22
3FF1E
3FF1F
3FF22
3FF29
3FF33
3FF40
3FF50
3FF62
3FF76
3FF8B
3FFA2
3FFB9
3FFD0
3FFE7
3FFFC
00011
00023
00033
00041
0004B
00053
00057
00058
00055
0004F
00046
0003A
0002B
0001A
00007
3FFF2
3FFDC
3FFC6
3FFAF
3FF99
3FF83
3FF6F
3FF5D
3FF4D
3FF3F
3FF35
3FF2D
3FF29
3FF27
3FF2A
3FF2F
3FF38
3FF44
3FF52
3FF63
3FF76
3FF8B
3FFA1
3FFB8
3FFCE
3FFE5
3FFFB
0000F
00022
00033
00041
0004D
00055
0005B
0005D
0005B
00057
0004F
00044
00036
00026
00014
00000
3FFEB
3FFD5
3FFBE
3FFA8
3FF93
3FF7E
3FF6C
3FF5B
3FF4D
3FF41
3FF38
3FF33
3FF30
3FF31
3FF36
3FF3D
3FF48
3FF55
3FF65
3FF77
3FF8B
3FFA0
3FFB6
3FFCD
3FFE3
3FFF9
0000E
00021
00033
00042
0004E
00058
0005E
00061
00061
0005E
00057
0004E
00041
00032
00021
0000E
3FFF9
3FFE3
3FFCD
3FFB7
3FFA2
3FF8D
3FF7A
3FF69
3FF5A
3FF4D
3FF43
3FF3D
3FF39
3FF39
3FF3C
3FF42
3FF4C
3FF58
3FF67
3FF78
3FF8B
3FFA0
3FFB5
3FFCB
3FFE2
3FFF8
0000D
00020
00032
00042
0004F
0005A
00061
00066
00067
00065
0005F
00057
0004B
0003D
0002D
0001B
00007
3FFF2
3FFDC
3FFC6
3FFB1
3FF9C
3FF88
3FF77
3FF67
3FF59
3FF4F
3FF47
3FF42
3FF41
3FF43
3FF48
3FF50
3FF5B
3FF69
3FF79
3FF8B
3FF9F
3FFB4
3FFCA
3FFE0
3FFF6
0000B
0001F
00032
00042
00050
0005C
00064
0006A
0006C
0006B
00067
00060
00055
00049
00039
00028
00014
00000
3FFEB
3FFD5
3FFBF
3FFAB
3FF97
3FF84
3FF74
3FF66
3FF5A
3FF51
3FF4B
3FF49
3FF49
3FF4D
3FF54
3FF5E
3FF6B
3FF7A
3FF8B
3FF9F
3FFB3
3FFC9
3FFDE
3FFF4
0000A
0001E
00031
00042
00051
0005D
00067
0006D
00071
00071
0006E
00068
0005F
00053
00045
00034
00022
0000E
3FFF9
3FFE4
3FFCE
3FFB9
3FFA5
3FF92
3FF81
3FF72
3FF65
3FF5B
3FF55
3FF51
3FF50
3FF53
3FF59
3FF61
3FF6D
3FF7B
3FF8C
3FF9E
3FFB2
3FFC7
3FFDD
3FFF2
00008
0001D
00030
00042
00051
0005F
00069
00071
00076
00077
00075
00070
00068
0005E
00050
00040
0002F
0001B
00007
3FFF2
3FFDC
3FFC7
3FFB3
3FFA0
3FF8E
3FF7E
3FF71
3FF66
3FF5E
3FF59
3FF57
3FF59
3FF5D
3FF65
3FF70
3FF7D
3FF8C
3FF9E
3FFB1
3FFC6
3FFDB
3FFF1
00006
0001B
0002F
00041
00052
00060
0006B
00074
0007A
0007C
0007C
00078
00071
00068
0005B
0004C
0003C
00029
00015
00000
3FFEB
3FFD6
3FFC1
3FFAD
3FF9B
3FF8A
3FF7C
3FF70
3FF67
3FF61
3FF5E
3FF5F
3FF62
3FF69
3FF72
3FF7E
3FF8D
3FF9E
3FFB0
3FFC4
3FFD9
3FFEF
00004
0001A
0002E
00041
00052
00061
0006D
00077
0007E
00082
00082
00080
0007A
00071
00066
00058
00048
00036
00023
0000E
3FFF9
3FFE4
3FFCF
3FFBB
3FFA8
3FF97
3FF88
3FF7B
3FF71
3FF6A
3FF66
3FF65
3FF67
3FF6D
3FF75
3FF80
3FF8E
3FF9E
3FFB0
3FFC3
3FFD8
3FFED
00003
00018
0002C
00040
00051
00061
0006F
0007A
00081
00086
00088
00087
00082
0007B
00071
00064
00054
00043
00030
0001C
00007
3FFF2
3FFDD
3FFC8
3FFB5
3FFA3
3FF94
3FF86
3FF7B
3FF73
3FF6E
3FF6B
3FF6C
3FF71
3FF78
3FF82
3FF8F
3FF9E
3FFAF
3FFC2
3FFD6
3FFEB
00001
00016
0002B
0003F
00051
00062
00070
0007C
00085
0008B
0008E
0008E
0008B
00084
0007B
0006F
00060
00050
0003D
0002A
00015
00000
3FFEB
3FFD6
3FFC3
3FFB0
3FFA0
3FF91
3FF85
3FF7C
3FF75
3FF72
3FF72
3FF75
3FF7B
3FF84
3FF90
3FF9E
3FFAF
3FFC1
3FFD5
3FFEA
3FFFF
00015
0002A
0003E
00051
00062
00071
0007E
00088
0008F
00094
00095
00092
0008D
00085
0007A
0006C
0005D
0004B
00038
00023
0000E
3FFF9
3FFE4
3FFD0
3FFBD
3FFAC
3FF9C
3FF8F
3FF85
3FF7E
3FF79
3FF78
3FF7A
3FF7F
3FF86
3FF91
3FF9F
3FFAF
3FFC0
3FFD4
3FFE8
3FFFD
00013
00028
0003D
00050
00062
00072
00080
0008B
00093
00099
0009B
0009A
00096
0008F
00085
00078
00069
00058
00045
00031
0001C
00007
3FFF2
3FFDD
3FFCA
3FFB8
3FFA8
3FF9A
3FF8F
3FF86
3FF80
3FF7E
3FF7E
3FF82
3FF89
3FF93
3FF9F
3FFAE
3FFBF
3FFD2
3FFE6
3FFFC
00011
00027
0003C
00050
00062
00073
00082
0008E
00097
0009E
000A1
000A2
0009F
00099
00090
00084
00076
00065
00053
0003F
0002A
00015
00000
3FFEB
3FFD7
3FFC4
3FFB4
3FFA5
3FF98
3FF8F
3FF88
3FF84
3FF84
3FF86
3FF8C
3FF95
3FFA0
3FFAE
3FFBF
3FFD1
3FFE5
3FFFA
0000F
00025
0003A
0004F
00062
00074
00083
00090
0009B
000A3
000A7
000A9
000A7
000A2
0009A
0008F
00082
00072
00060
0004D
00039
00024
0000E
3FFF9
3FFE5
3FFD1
3FFC0
3FFB0
3FFA2
3FF98
3FF90
3FF8B
3FF89
3FF8A
3FF8F
3FF97
3FFA1
3FFAF
3FFBE
3FFD0
3FFE3
3FFF8
0000E
00023
00039
0004E
00062
00074
00085
00093
0009F
000A7
000AD
000B0
000AF
000AB
000A5
0009B
0008E
0007F
0006E
0005B
00047
00032
0001C
00007
3FFF2
3FFDE
3FFCC
3FFBB
3FFAD
3FFA1
3FF98
3FF92
3FF8F
3FF8F
3FF93
3FF99
3FFA3
3FFAF
3FFBE
3FFCF
3FFE2
3FFF6
0000C
00022
00037
0004D
00061
00075
00086
00095
000A2
000AC
000B3
000B7
000B7
000B5
000AF
000A6
0009A
0008C
0007C
00069
00055
00041
0002B
00015
00000
3FFEC
3FFD8
3FFC7
3FFB7
3FFAB
3FFA0
3FF99
3FF95
3FF94
3FF96
3FF9C
3FFA4
3FFB0
3FFBE
3FFCE
3FFE1
3FFF5
0000A
00020
00036
0004C
00061
00075
00087
00097
000A5
000B0
000B8
000BD
000BF
000BE
000B9
000B1
000A7
00099
00089
00078
00064
0004F
0003A
00024
0000E
3FFF9
3FFE5
3FFD3
3FFC3
3FFB5
3FFA9
3FFA1
3FF9B
3FF99
3FF9A
3FF9F
3FFA6
3FFB1
3FFBE
3FFCE
3FFE0
3FFF3
00008
0001E
00035
0004B
00060
00075
00088
00099
000A8
000B4
000BE
000C4
000C7
000C7
000C3
000BD
000B3
000A6
00097
00086
00073
0005E
00049
00033
0001D
00007
3FFF2
3FFDF
3FFCE
3FFBF
3FFB2
3FFA9
3FFA2
3FF9F
3FF9F
3FFA2
3FFA8
3FFB2
3FFBE
3FFCD
3FFDF
3FFF2
00007
0001D
00033
0004A
00060
00075
00089
0009B
000AB
000B8
000C3
000CA
000CF
000D0
000CD
000C8
000BF
000B3
000A5
00094
00082
0006D
00058
00042
0002B
00015
00000
3FFEC
3FFDA
3FFCA
3FFBC
3FFB1
3FFA9
3FFA5
3FFA3
3FFA5
3FFAB
3FFB3
3FFBF
3FFCD
3FFDE
3FFF1
00005
0001B
00032
00048
0005F
00075
0008A
0009D
000AE
000BC
000C8
000D1
000D6
000D9
000D7
000D3
000CB
000C1
000B3
000A3
00091
0007D
00067
00051
0003A
00024
0000E
3FFF9
3FFE6
3FFD5
3FFC6
3FFBA
3FFB1
3FFAB
3FFA8
3FFA9
3FFAD
3FFB5
3FFBF
3FFCD
3FFDD
3FFEF
00004
00019
00030
00047
0005E
00075
0008A
0009E
000B0
000C0
000CD
000D7
000DE
000E1
000E2
000DE
000D8
000CE
000C1
000B2
000A0
0008C
00077
00061
0004A
00033
0001C
00007
3FFF3
3FFE1
3FFD1
3FFC3
3FFB9
3FFB2
3FFAE
3FFAD
3FFB0
3FFB7
3FFC0
3FFCD
3FFDD
3FFEE
00002
00018
0002F
00046
0005D
00074
0008B
000A0
000B3
000C4
000D2
000DD
000E5
000EA
000EC
000EA
000E4
000DC
000D0
000C1
000B0
0009C
00087
00071
0005A
00042
0002B
00015
00000
3FFED
3FFDC
3FFCD
3FFC1
3FFB9
3FFB4
3FFB2
3FFB4
3FFB9
3FFC2
3FFCD
3FFDC
3FFED
00001
00016
0002D
00045
0005D
00074
0008B
000A1
000B5
000C7
000D7
000E4
000ED
000F3
000F6
000F5
000F1
000E9
000DE
000D0
000C0
000AD
00098
00081
0006A
00052
0003B
00024
0000E
3FFF9
3FFE7
3FFD7
3FFCA
3FFC1
3FFBA
3FFB7
3FFB8
3FFBC
3FFC3
3FFCE
3FFDC
3FFED
00000
00015
0002C
00043
0005C
00074
0008C
000A3
000B8
000CB
000DC
000EA
000F5
000FC
00100
00101
000FE
000F7
000ED
000E0
000D0
000BD
000A9
00093
0007B
00063
0004B
00033
0001C
00007
3FFF3
3FFE2
3FFD4
3FFC9
3FFC1
3FFBC
3FFBC
3FFBE
3FFC5
3FFCF
3FFDC
3FFEC
3FFFF
00014
0002A
00042
0005B
00074
0008C
000A4
000BA
000CF
000E1
000F0
000FD
00106
0010B
0010D
0010B
00106
000FD
000F0
000E1
000CF
000BA
000A4
0008D
00074
0005B
00043
0002B
00015
00000
3FFEE
3FFDE
3FFD1
3FFC8
3FFC2
3FFC0
3FFC2
3FFC7
3FFD0
3FFDC
3FFEC
3FFFE
00012
00029
00041
0005A
00074
0008D
000A5
000BD
000D2
000E6
000F7
00104
0010F
00116
00119
00119
00114
0010C
00101
000F2
000E1
000CD
000B6
0009F
00086
0006D
00053
0003B
00023
0000D
3FFFA
3FFE9
3FFDB
3FFD0
3FFC9
3FFC5
3FFC5
3FFC9
3FFD1
3FFDD
3FFEB
3FFFD
00011
00028
00040
00059
00073
0008D
000A7
000BF
000D6
000EB
000FD
0010D
00119
00121
00126
00126
00123
0011D
00112
00104
000F3
000E0
000C9
000B2
00099
0007F
00065
0004B
00033
0001B
00006
3FFF4
3FFE4
3FFD8
3FFCF
3FFCA
3FFC9
3FFCC
3FFD3
3FFDD
3FFEB
3FFFC
00010
00027
0003F
00059
00073
0008E
000A9
000C2
000DA
000F0
00104
00115
00122
0012C
00133
00135
00133
0012D
00124
00117
00107
000F3
000DD
000C5
000AC
00092
00077
0005C
00043
0002A
00014
00000
3FFEF
3FFE1
3FFD7
3FFD0
3FFCE
3FFCF
3FFD5
3FFDE
3FFEB
3FFFC
0000F
00026
0003E
00058
00073
0008F
000AA
000C5
000DF
000F6
0010B
0011E
0012D
00138
00140
00144
00144
0013F
00137
0012A
0011B
00108
000F2
000DA
000C1
000A6
0008A
0006F
00054
0003A
00022
0000D
3FFFA
3FFEB
3FFDF
3FFD7
3FFD3
3FFD3
3FFD7
3FFDF
3FFEC
3FFFC
0000F
00025
0003D
00058
00073
00090
000AC
000C8
000E3
000FC
00113
00127
00138
00145
0014E
00154
00155
00152
0014A
0013F
00130
0011E
00108
000F0
000D6
000BB
0009E
00082
00066
0004B
00032
0001A
00006
3FFF5
3FFE7
3FFDE
3FFD8
3FFD7
3FFDA
3FFE1
3FFEC
3FFFB
0000E
00024
0003D
00057
00074
00091
000AE
000CB
000E8
00102
0011B
00131
00143
00152
0015D
00164
00167
00165
0015F
00155
00147
00135
0011F
00107
000ED
000D1
000B4
00097
00079
0005D
00042
00029
00013
00000
3FFF1
3FFE5
3FFDE
3FFDB
3FFDD
3FFE3
3FFED
3FFFB
0000E
00023
0003C
00057
00074
00092
000B1
000CF
000ED
00109
00123
0013B
00150
00160
0016D
00176
0017A
0017A
00175
0016C
0015F
0014D
00138
00120
00106
000E9
000CB
000AC
0008E
00070
00053
00039
00021
0000C
3FFFB
3FFED
3FFE4
3FFE0
3FFE0
3FFE5
3FFEE
3FFFC
0000D
00023
0003C
00057
00074
00093
000B3
000D3
000F2
00111
0012D
00146
0015D
00170
0017F
00189
0018F
00190
0018D
00185
00178
00167
00153
0013B
00120
00103
000E4
000C4
000A4
00085
00066
0004A
00030
00019
00006
3FFF6
3FFEB
3FFE5
3FFE4
3FFE7
3FFEF
3FFFC
0000D
00023
0003B
00057
00075
00095
000B6
000D8
000F9
00119
00137
00153
0016B
00180
00191
0019E
001A6
001A9
001A7
001A0
00194
00184
00170
00158
0013C
0011E
000FF
000DE
000BC
0009B
0007B
0005C
00040
00027
00011
00000
3FFF3
3FFEB
3FFE8
3FFEA
3FFF1
3FFFD
0000D
00022
0003B
00057
00076
00097
000BA
000DD
00100
00122
00142
00160
0017B
00193
001A6
001B5
001BF
001C3
001C3
001BD
001B3
001A3
0018F
00177
0015B
0013D
0011C
000FA
000D6
000B3
00091
00070
00052
00036
0001E
0000B
3FFFB
3FFF1
3FFEC
3FFED
3FFF3
3FFFE
0000E
00022
0003B
00058
00078
0009A
000BE
000E3
00108
0012C
0014F
00170
0018D
001A7
001BD
001CE
001DA
001E1
001E2
001DE
001D4
001C6
001B2
0019A
0017E
0015E
0013C
00118
000F3
000CE
000A9
00086
00065
00047
0002D
00016
00005
3FFF8
3FFF1
3FFF0
3FFF4
3FFFE
0000E
00022
0003B
00059
0007A
0009D
000C3
000EA
00111
00138
0015E
00181
001A1
001BE
001D7
001EB
001F9
00202
00205
00203
001FA
001EC
001D9
001C1
001A4
00183
00160
0013A
00113
000EC
000C5
0009F
0007B
0005A
0003C
00023
0000F
00000
3FFF7
3FFF4
3FFF7
3FFFF
0000E
00022
0003C
0005A
0007C
000A1
000C9
000F2
0011C
00146
0016E
00195
001B9
001D9
001F5
0020B
0021D
00228
0022D
0022D
00225
00218
00205
001ED
001CF
001AE
00189
00161
00138
0010D
000E3
000BA
00093
0006E
0004E
00031
0001A
00008
3FFFD
3FFF8
3FFF9
00000
0000F
00023
0003C
0005B
0007F
000A6
000D0
000FC
00129
00156
00183
001AD
001D4
001F8
00218
00232
00246
00254
0025C
0025D
00257
0024B
00238
00220
00201
001DE
001B8
0018D
00161
00134
00106
000D9
000AE
00086
00061
00041
00027
00012
00003
3FFFC
3FFFB
00001
0000F
00023
0003D
0005D
00083
000AC
000D9
00108
00139
0016A
0019B
001CA
001F6
0021E
00241
00260
00278
00289
00294
00297
00293
00287
00275
0025C
0023D
00218
001EF
001C2
00192
00161
0012F
000FE
000CE
000A1
00078
00053
00035
0001C
0000A
00000
3FFFD
00002
0000F
00023
0003E
00060
00087
000B4
000E4
00118
0014D
00183
001B9
001ED
0021F
0024C
00275
00298
002B5
002CB
002D8
002DE
002DC
002D2
002BF
002A6
00285
0025E
00232
00201
001CE
00197
00160
00129
000F4
000C1
00093
00069
00045
00028
00012
00004
3FFFF
00003
0000E
00023
0003F
00063
0008D
000BE
000F3
0012C
00167
001A4
001E0
0021B
00254
00289
002B8
002E1
00304
0031E
00330
0033A
0033A
00331
0031F
00304
002E2
002B8
00288
00253
00219
001DD
0019F
00161
00124
000EA
000B4
00083
00059
00035
0001B
00009
00001
00002
0000D
00022
00040
00067
00096
000CB
00107
00147
0018B
001D0
00216
0025B
0029D
002DB
00314
00346
00370
00391
003A9
003B7
003BB
003B3
003A2
00386
00361
00334
002FE
002C2
00281
0023C
001F4
001AC
00165
00121
000E0
000A6
00072
00047
00025
0000E
00001
00000
0000A
00020
00041
0006C
000A2
000DF
00125
00170
001C0
00213
00267
002BA
0030B
00358
0039F
003DE
00415
00441
00462
00478
00481
0047D
0046D
00450
00428
003F4
003B7
00371
00324
002D2
0027C
00224
001CD
00179
00128
000DE
0009C
00063
00036
00015
00001
3FFFC
00005
0001C
00042
00075
000B6
00102
00159
001B9
0021F
0028B
002F9
00369
003D6
0043F
004A3
004FD
0054E
00593
005CA
005F2
0060A
00612
00608
005EF
005C4
0058B
00542
004ED
0048C
00423
003B2
0033D
002C5
0024F
001DC
00170
0010C
000B5
0006B
00032
0000B
3FFF8
3FFFA
00013
00043
0008A
000E8
0015D
001E7
00286
00339
003FC
004CE
005AE
00698
0078A
00882
0097D
00A7A
00B76
00C70
00D67
00E5B
00F4C
0103C
0112E
01227
0132F
01451
0159C
01723
018ED
01A6E
01375
0C282
3D730
2F89E
398C6
38C8B
01AC9
08941
333B8
03476
3B5FA
02845
0F4EF
3E284
02E52
0F4B3
3B29B
3A266
36888
3E259
03367
35D06
3DFFF
04B1B
09D7F
3F49B
05860
35225
37AEC
36C3A
06A87
055B1
012E6
08B02
3E9D8
04395
02C32
33910
3BEDF
393B1
0A69A
3C823
35E64
02353
3EA17
0031F
011A3
14B83
3E577
046B7
09741
05B00
33816
0E883
0821F
3A53F
0192C
3963E
0C7A6
38EB6
3C194
3E606
3B7EE
3C1B1
339D0
3E1FA
07945
3D6E6
0094C
3D77E
06386
3C7C1
0AB28
3B772
3FB68
06507
3E39B
02442
05C43
03A88
021BE
39A81
356FE
3F599
05759
0B6F0
075F5
38D47
0265F
398EF
2CD35
08F5F
3F95A
3C924
3F79B
07368
03A13
3EFBF
3B997
3F2EF
0199E
34113
0457D
3F2A6
3AA24
38D55
3C853
02FCB
034E1
0FE6C
3ABCE
3EE5F
3BBD7
39DD9
0AF1A
113B3
36810
05499
0390A
39102
02201
09AD2
09492
08D04
03CA4
0A9EF
3AA8C
046E4
035A7
3FBC8
2DB55
122C5
3E7B5
3BAC8
35BE9
007DB
31745
3EB8B
04661
3932E
33074
05876
391C7
339FF
0749A
3B894
023A0
0166D
3F06D
07685
3B4D2
02DC8
3AD10
3DFB8
08321
047DD
05E80
333A0
3CC92
00A49
3B4A2
3C812
081E4
3C038
01388
0C3FB
342AE
3B065
39C86
0AB03
04010
07204
36CAC
399CA
017F0
1121D
035BD
0C8E8
091E6
06AC6
0884B
3D91C
0149A
397E4
05D7D
3198F
0206D
099FA
04AB7
3EE57
3D9E8
3F552
3941B
2F3F6
38B31
07BF1
05F0D
3B406
3E35E
3E95D
074CE
3C4F0
36676
03483
08E37
05F8B
02089
0416C
3A379
03F8F
05DA4
3869B
085DC
3D00F
055B3
3F3A1
39110
37274
0D1FF
37257
3FD40
039EA
060E3
394EF
397ED
14F33
34CB4
3D7CB
2F6D6
3E05D
07838
00D85
0007E
06ADB
36198
2F4A5
0C418
3B2F6
01E89
39526
3CB12
0329B
3A8C6
38AED
1391F
3F883
06BF1
00E11
0F3F3
01943
03C14
03912
3BD41
3BABC
03F36
36E04
3004D
3882F
34272
3D1C3
10D6C
0B016
3F704
068FC
3EB2C
0E41F
3CEDB
27C5B
3E081
05788
024D1
3A418
019F7
01EA7
16E0E
07A17
00B3F
3C4E4
00A1F
06FB7
0514E
3964C
03E0B
06581
056EE
03AC5
3B781
05A7E
02170
05A1B
03A71
3EE06
04619
3B96E
383C5
37297
049E9
394A1
39E2E
29A94
3DAA9
089DC
02BDF
36F80
061AA
0C115
3EF36
058FA
08115
3DDD7
37864
3FBAA
341A5
0B75C
3B94F
39569
05D74
38F2A
3F88D
2B045
0900C
0E51E
3D844
05EC5
05589
3503F
09797
3D3B6
01C16
064E8
3D8E2
3C6ED
36150
0C50C
2B5EE
07446
3B763
3CEEB
090AA
00827
38368
3EEBE
32E8A
0D345
00CE4
3D258
153B8
06B93
36E5B
0CC8E
3F6FE
390A8
375F0
0E915
3A7AC
3E0D6
3DBEF
00F49
03B36
3B1C1
0D7A0
3E590
06554
0B97B
06C14
02E51
07DC3
35A78
39A12
36D35
3D137
02A84
0C53A
3A9E4
02290
36B1A
03F28
36501
06828
01971
008C8
05F93
0BACB
3F1A5
02E6B
3DADB
0BFB4
3A50F
330C8
35C75
3FF78
3DB5C
3F2DB
09EC7
027D1
07196
3B246
3C8DE
032FF
3A596
082EF
065DF
3FB17
32C72
07BE5
3D5D0
00DF5
04056
3A1B7
06B5B
01B32
3D3DA
087E2
34B9C
3ACDD
3E74C
3F59D
3B65E
0395B
0054A
016E5
01DB0
3864C
028D3
3CAEC
3DA4F
3DFE6
09AF1
09B40
3E2A4
0870C
3C44E
02AD9
3C240
00D96
0703B
0B522
3588C
3861D
37E25
011B4
3942F
3DFF5
37D3F
08CD3
03326
3DE39
01FCB
06EE1
3F590
0C767
3C864
0EAC2
08053
3795C
010CE
04816
0067D
36E80
3C84D
0A921
01A7D
072E0
0B641
3DB83
396C5
0098B
07F04
158A3
3ED7D
37586
3321F
3E94E
09AAB
04C02
02016
2DC18
3BF28
0ECF8
06CD2
05519
39F44
04ADA
08EF6
11129
3811F
3CFB5
107FF
3FEA6
0D236
03773
3FC57
380AD
3C7D2
378B7
31DC4
13B68
0E0F5
35AB1
024BB
01E99
00531
0A4E3
3DB2C
3B07E
33094
0A771
00803
0E908
010FD
095EA
025C8
03C97
0753F
3E9E6
3D9B9
3B825
3AB3E
02BB8
05BAF
0B470
3C677
127E5
38A24
00000
01986
0C0B3
3B486
3EB38
3CD02
3E1CF
3E9B8
3F098
07BC2
00353
0680C
3C6E3
3E6BE
3F9B1
023B8
30C8E
3BF85
2F95D
3ECBF
3F40B
3FDAE
00C79
01911
05B66
28309
3BABD
3DFB9
3F418
00607
02EE3
0C134
2E515
39CB1
37FDF
3AD9A
2DCAE
3BAAF
32B84
03109
0023D
3F215
3DA2A
08E44
016B9
0A0A3
3F3F6
3F714
3FB34
01830
392D5
3A1A6
0E534
00F32
3FD74
3F2CB
3B093
056BC
0AE44
2F5E6
39DA6
3B7EC
3C0E6
3DDD6
3B619
387EC
3CFDF
38546
04090
3BEC1
1A661
02F50
354EC
02E77
02106
020F3
03A2F
3C38E
3EE4D
03AB6
00E00
0105E
01A88
0590B
3E5F8
027CB
38B3E
3D447
3E0D2
3E526
3CD9F
3F2D3
3FB54
3E78A
3EC32
3ED51
3EDEB
3DC34
3E026
354DD
0013F
3BF96
04E05
06466
364B5
3C841
05761
3F3E2
3EA67
3D8FB
3701E
05784
00E9E
04FA0
0256D
01CC9
018B1
00FD9
0201C
051A8
3CEE1
3E943
3EA50
3E453
0036D
3CD31
2D8D0
01641
3EE31
3CDE0
37133
111A9
0392B
062B8
01387
00EE2
3EFF7
3AA9A
05C1D
04F3F
38E21
3E3FB
3ECAF
3EC7B
3B939
00D06
0197C
3EBC2
3FA49
00085
00891
3AE4B
012BD
0AD27
3D19A
3E8F5
3EC4A
3DA6A
06521
023E2
3D29C
018BB
02060
030C3
08696
3AB55
005B0
370BB
3C903
38527
3B3CC
2C38E
0370C
3FF5E
00D91
3FC5A
3F30C
3E7AF
157AF
3ED90
3AD20
00124
3F198
3E8BD
3D773
03282
3FC5F
3E7AC
3F2E5
3F2A6
3F470
001B0
3D371
3D080
05355
00DB4
00989
00ACB
00238
02FD7
08759
372A7
3C349
02352
3FC2B
03694
3F2BB
3B428
01F43
00D26
001F2
3E2CA
0C7A8
03BF8
01449
03037
037AB
050C6
0D705
32CD3
3DE43
2FF71
39FAE
3ABC5
3A2B7
33CC8
3D617
3565F
09E5F
0243B
00ECA
00960
006F0
024E0
0EB88
3832B
3D78D
38AA4
39A2F
09084
3FF6A
00922
3FAFD
00422
0172C
06811
34FB3
3AC91
07331
009D0
00969
00F87
02322
01672
0453D
3BAC3
3F5D1
00229
00815
3F5F8
0190A
04534
3ED14
3FCAB
3FE64
3FA36
02BE6
00CBE
1100C
3AD7E
2F4B9
08C69
05C23
3BD61
3E79D
3D8AB
3D60F
3C31C
3969D
27C3B
0B25B
01F43
066E8
02E2C
020F8
01D5B
0294C
034FC
0E1E9
3680B
3B612
3C5A6
3C796
3EAEC
3C04A
28E53
010F8
3F811
3EC88
3D102
04225
010A0
01FBD
01E6B
13496
3B7CE
37646
05BF6
0523D
3B091
3F818
00769
01951
0D8B7
3ECBA
03221
3C6D1
3E617
3EEB0
3F1F8
01CC0
00427
04602
3ED37
3F4F9
3F784
3F8CF
3FA0D
3FC4D
3BA5F
3EC3A
3E6CE
3D22C
3447E
0BC8E
09DE0
34481
3D73D
04A83
3F7C9
3D9A2
3F6C5
3C5BF
035CC
016C2
0103F
0117A
342E9
3E2B1
3513A
02B4A
0148E
00BD3
3FEF3
03441
01773
3F201
00E07
00EFE
01235
0294B
3E2FD
3E368
05B7D
023A9
02368
03108
0C560
3F10E
035D2
3CE2D
3F719
00316
015B9
2293B
00A0E
06DEA
3F2B4
00FB1
02A97
076BC
2C4E5
3C19B
04032
3FDBB
00EFA
02B85
0A72A
34EEF
3AE10
045C8
00D51
0121D
02140
0924D
3E3F9
0001C
00A2F
01114
016A8
01BE0
305DC
024F7
027B5
039B7
05763
02717
07879
2D6B5
3D92A
2F6DB
00645
009C2
008CE
3F180
04D43
03CE3
3E19C
01921
023BB
03666
0D3BF
3B5E4
3C989
02126
00A26
00709
00569
391D4
019AA
074C5
3C5CE
3DE88
3E0CD
3D86C
01E2B
3E731
2D1B6
3EDA0
3B3C4
005F9
3F2D2
3CB08
39714
19336
03C71
01936
00084
38549
07563
07DF2
3BA20
3FD5B
008A1
00D05
38BCC
04BCE
122CD
374B8
3C3BF
3D653
3DBC5
00A35
3FBD6
15601
3B9D1
3C3FF
3BDED
39AA1
00CE2
3C65C
0591C
3CA48
27A0F
3CB7E
2FFF7
0511C
3C434
0A44B
0326F
01B4F
012D7
05DAE
3F080
3E172
001F3
3F7E9
3F107
3DE76
0E510
02EDF
0FC94
3EA56
3FAA4
002EA
01173
3F48F
01D5D
2D9A8
3D57B
3E247
3DA9C
365A0
09F03
0BA42
3198A
3C3A9
05BA4
0017F
3D946
0117B
00EB7
0140F
015A6
0196B
023E3
376C2
3FEEF
3C61F
02309
020FA
025FB
039AC
3EA32
3F22F
3F62A
3F7C1
3F88E
3F903
3F94E
3F986
3F9B6
3F9E6
3FA1A
3FA54
3FA96
3FAE0
3FB31
3FB8A
3FBEA
3FC4E
3FCB5
3FD1E
3FD86
3FDEC
3FE4E
3FEAA
3FEFE
3FF49
3FF89
3FFBD
3FFE5
3FFFF
0000B
00009
3FFF9
3FFDC
3FFB2
3FF7C
3FF3B
3FEF1
3FEA0
3FE49
3FDEE
3FD90
3FD33
3FCD8
3FC80
3FC2F
3FBE4
3FBA2
3FB6B
3FB3F
3FB1F
3FB0B
3FB05
3FB0C
3FB21
3FB41
3FB6E
3FBA5
3FBE6
3FC30
3FC80
3FCD5
3FD2E
3FD88
3FDE2
3FE3A
3FE8E
3FEDD
3FF24
3FF63
3FF99
3FFC4
3FFE4
3FFF8
00000
3FFFC
3FFEC
3FFD2
3FFAC
3FF7D
3FF46
3FF08
3FEC4
3FE7C
3FE32
3FDE7
3FD9D
3FD56
3FD13
3FCD5
3FC9E
3FC6F
3FC4A
3FC2E
3FC1C
3FC16
3FC1A
3FC29
3FC42
3FC65
3FC90
3FCC4
3FCFF
3FD3F
3FD84
3FDCB
3FE14
3FE5C
3FEA2
3FEE5
3FF24
3FF5C
3FF8E
3FFB7
3FFD8
3FFEF
3FFFC
00000
3FFFA
3FFEA
3FFD1
3FFAF
3FF85
3FF55
3FF20
3FEE6
3FEA9
3FE6A
3FE2C
3FDEE
3FDB3
3FD7C
3FD4A
3FD1E
3FCFA
3FCDD
3FCC8
3FCBD
3FCBB
3FCC1
3FCD1
3FCE9
3FD0A
3FD31
3FD5F
3FD93
3FDCB
3FE05
3FE42
3FE7F
3FEBB
3FEF6
3FF2D
3FF5F
3FF8C
3FFB3
3FFD2
3FFEA
3FFF9
00000
3FFFF
3FFF5
3FFE2
3FFC9
3FFA8
3FF81
3FF55
3FF25
3FEF1
3FEBB
3FE85
3FE4F
3FE1B
3FDE9
3FDBC
3FD93
3FD70
3FD54
3FD3F
3FD31
3FD2B
3FD2D
3FD38
3FD49
3FD62
3FD82
3FDA7
3FDD2
3FE01
3FE33
3FE67
3FE9D
3FED1
3FF05
3FF36
3FF64
3FF8D
3FFB1
3FFCF
3FFE7
3FFF7
00000
00001
3FFFB
3FFEE
3FFDA
3FFBF
3FF9F
3FF79
3FF50
3FF23
3FEF4
3FEC4
3FE94
3FE65
3FE38
3FE0E
3FDE8
3FDC7
3FDAC
3FD96
3FD88
3FD80
3FD7F
3FD85
3FD92
3FDA6
3FDC0
3FDDF
3FE04
3FE2C
3FE58
3FE85
3FEB4
3FEE4
3FF12
3FF3F
3FF69
3FF8F
3FFB1
3FFCE
3FFE5
3FFF5
00000
00003
00000
3FFF6
3FFE6
3FFD0
3FFB5
3FF95
3FF70
3FF49
3FF1F
3FEF4
3FEC9
3FE9E
3FE75
3FE4E
3FE2A
3FE0B
3FDF0
3FDDB
3FDCB
3FDC2
3FDBF
3FDC2
3FDCC
3FDDC
3FDF1
3FE0C
3FE2B
3FE4F
3FE75
3FE9E
3FEC8
3FEF3
3FF1D
3FF46
3FF6D
3FF91
3FFB1
3FFCD
3FFE3
3FFF4
00000
00005
00004
3FFFD
3FFF0
3FFDE
3FFC6
3FFAA
3FF8B
3FF67
3FF42
3FF1B
3FEF3
3FECC
3FEA6
3FE81
3FE60
3FE42
3FE28
3FE13
3FE02
3FDF8
3FDF3
3FDF4
3FDFB
3FE08
3FE1A
3FE31
3FE4C
3FE6B
3FE8E
3FEB2
3FED9
3FF00
3FF27
3FF4D
3FF71
3FF93
3FFB2
3FFCC
3FFE3
3FFF4
00000
00006
00007
00003
3FFF9
3FFE9
3FFD5
3FFBD
3FFA0
3FF81
3FF5F
3FF3B
3FF17
3FEF2
3FECE
3FEAC
3FE8C
3FE6F
3FE56
3FE41
3FE31
3FE25
3FE1F
3FE1E
3FE23
3FE2D
3FE3C
3FE50
3FE68
3FE83
3FEA2
3FEC4
3FEE7
3FF0B
3FF2F
3FF52
3FF75
3FF95
3FFB2
3FFCC
3FFE2
3FFF4
00000
00008
0000B
00008
00000
3FFF3
3FFE2
3FFCC
3FFB3
3FF97
3FF78
3FF57
3FF35
3FF13
3FEF1
3FED1
3FEB3
3FE97
3FE7E
3FE69
3FE58
3FE4C
3FE45
3FE42
3FE45
3FE4D
3FE59
3FE6A
3FE7F
3FE98
3FEB4
3FED2
3FEF3
3FF14
3FF36
3FF57
3FF78
3FF96
3FFB3
3FFCC
3FFE2
3FFF3
00001
00009
0000D
0000C
00006
3FFFC
3FFED
3FFDA
3FFC3
3FFAA
3FF8D
3FF6F
3FF50
3FF30
3FF10
3FEF1
3FED4
3FEB9
3FEA1
3FE8C
3FE7B
3FE6E
3FE65
3FE62
3FE63
3FE68
3FE73
3FE81
3FE94
3FEAA
3FEC3
3FEDF
3FEFD
3FF1C
3FF3C
3FF5B
3FF7A
3FF98
3FFB3
3FFCC
3FFE1
3FFF3
00001
0000B
00010
00010
0000C
00004
3FFF7
3FFE6
3FFD2
3FFBB
3FFA1
3FF85
3FF67
3FF49
3FF2B
3FF0E
3FEF1
3FED7
3FEBF
3FEAB
3FE99
3FE8C
3FE83
3FE7E
3FE7D
3FE81
3FE89
3FE96
3FEA6
3FEBA
3FED1
3FEEB
3FF06
3FF23
3FF41
3FF5F
3FF7D
3FF99
3FFB3
3FFCC
3FFE1
3FFF3
00002
0000C
00012
00014
00012
0000B
00000
3FFF1
3FFDF
3FFCA
3FFB2
3FF98
3FF7C
3FF60
3FF44
3FF27
3FF0C
3FEF3
3FEDB
3FEC6
3FEB5
3FEA7
3FE9D
3FE97
3FE95
3FE97
3FE9E
3FEA8
3FEB6
3FEC8
3FEDD
3FEF5
3FF0E
3FF2A
3FF46
3FF62
3FF7E
3FF9A
3FFB4
3FFCB
3FFE1
3FFF3
00002
0000D
00014
00017
00016
00011
00008
3FFFB
3FFEB
3FFD8
3FFC2
3FFAA
3FF90
3FF75
3FF5A
3FF3F
3FF24
3FF0B
3FEF4
3FEE0
3FECE
3FEBF
3FEB5
3FEAD
3FEAA
3FEAB
3FEB0
3FEB9
3FEC5
3FED5
3FEE8
3FEFE
3FF16
3FF2F
3FF4A
3FF65
3FF80
3FF9B
3FFB4
3FFCB
3FFE0
3FFF3
00002
0000E
00016
0001A
0001B
00017
00010
00004
3FFF6
3FFE4
3FFD0
3FFBA
3FFA1
3FF88
3FF6E
3FF54
3FF3B
3FF22
3FF0C
3FEF7
3FEE5
3FED6
3FECA
3FEC2
3FEBE
3FEBE
3FEC1
3FEC8
3FED3
3FEE1
3FEF2
3FF06
3FF1C
3FF34
3FF4E
3FF68
3FF82
3FF9B
3FFB4
3FFCB
3FFE0
3FFF2
00002
0000F
00018
0001D
0001E
0001C
00016
0000D
00000
3FFF0
3FFDD
3FFC9
3FFB2
3FF9A
3FF81
3FF68
3FF4F
3FF37
3FF21
3FF0C
3FEFA
3FEEB
3FEDF
3FED6
3FED0
3FECF
3FED1
3FED6
3FEE0
3FEEC
3FEFC
3FF0E
3FF23
3FF39
3FF51
3FF6A
3FF83
3FF9C
3FFB4
3FFCA
3FFDF
3FFF2
00002
0000F
00019
0001F
00022
00021
0001D
00015
00009
3FFFB
3FFEA
3FFD6
3FFC1
3FFAA
3FF92
3FF7A
3FF62
3FF4B
3FF35
3FF21
3FF0E
3FEFE
3FEF2
3FEE8
3FEE1
3FEDF
3FEDF
3FEE4
3FEEB
3FEF6
3FF04
3FF15
3FF28
3FF3E
3FF54
3FF6C
3FF84
3FF9C
3FFB3
3FFCA
3FFDF
3FFF1
00002
00010
0001A
00021
00025
00026
00022
0001C
00012
00005
3FFF5
3FFE3
3FFCF
3FFBA
3FFA3
3FF8C
3FF74
3FF5E
3FF48
3FF33
3FF21
3FF11
3FF03
3FEF9
3FEF2
3FEEE
3FEED
3FEF0
3FEF6
3FF00
3FF0D
3FF1C
3FF2E
3FF42
3FF57
3FF6E
3FF85
3FF9C
3FFB3
3FFC9
3FFDE
3FFF1
00002
00010
0001B
00023
00028
0002A
00028
00022
0001A
0000E
00000
3FFEF
3FFDC
3FFC8
3FFB2
3FF9C
3FF85
3FF6F
3FF5A
3FF45
3FF33
3FF22
3FF14
3FF09
3FF01
3FEFC
3FEFA
3FEFC
3FF01
3FF09
3FF14
3FF22
3FF33
3FF46
3FF5A
3FF6F
3FF86
3FF9C
3FFB3
3FFC9
3FFDD
3FFF0
00001
00010
0001C
00025
0002B
0002D
0002C
00028
00021
00017
0000A
3FFFB
3FFE9
3FFD6
3FFC1
3FFAB
3FF95
3FF80
3FF6A
3FF56
3FF44
3FF33
3FF24
3FF18
3FF0F
3FF0A
3FF07
3FF07
3FF0B
3FF12
3FF1C
3FF29
3FF38
3FF49
3FF5C
3FF71
3FF86
3FF9C
3FFB2
3FFC8
3FFDC
3FFEF
00001
00010
0001C
00026
0002D
00030
00031
0002E
00028
0001F
00014
00005
3FFF5
3FFE2
3FFCF
3FFBA
3FFA5
3FF8F
3FF7A
3FF66
3FF54
3FF43
3FF34
3FF27
3FF1D
3FF17
3FF13
3FF12
3FF15
3FF1A
3FF23
3FF2F
3FF3D
3FF4D
3FF5F
3FF73
3FF87
3FF9D
3FFB2
3FFC7
3FFDB
3FFEF
00000
00010
0001D
00027
0002F
00033
00035
00033
0002F
00027
0001C
0000F
00000
3FFEF
3FFDC
3FFC8
3FFB3
3FF9E
3FF8A
3FF76
3FF63
3FF52
3FF43
3FF35
3FF2B
3FF23
3FF1E
3FF1D
3FF1E
3FF23
3FF2A
3FF34
3FF41
3FF50
3FF61
3FF74
3FF88
3FF9D
3FFB1
3FFC6
3FFDA
3FFEE
3FFFF
0000F
0001D
00028
00031
00036
00039
00038
00035
0002E
00025
00019
0000B
3FFFA
3FFE8
3FFD5
3FFC1
3FFAD
3FF99
3FF85
3FF72
3FF61
3FF51
3FF43
3FF38
3FF30
3FF2A
3FF27
3FF27
3FF2B
3FF31
3FF3A
3FF46
3FF54
3FF64
3FF75
3FF89
3FF9D
3FFB1
3FFC5
3FFD9
3FFED
3FFFE
0000F
0001D
00029
00032
00038
0003C
0003D
0003A
00035
0002D
00022
00015
00005
3FFF4
3FFE2
3FFCF
3FFBB
3FFA7
3FF93
3FF80
3FF6F
3FF5F
3FF51
3FF45
3FF3C
3FF35
3FF31
3FF30
3FF33
3FF38
3FF40
3FF4A
3FF57
3FF66
3FF77
3FF89
3FF9D
3FFB0
3FFC5
3FFD8
3FFEC
3FFFE
0000E
0001D
00029
00033
0003B
0003F
00041
0003F
0003B
00034
0002B
0001E
00010
00000
3FFEE
3FFDC
3FFC8
3FFB5
3FFA1
3FF8E
3FF7D
3FF6C
3FF5E
3FF51
3FF47
3FF40
3FF3B
3FF39
3FF3A
3FF3E
3FF45
3FF4E
3FF5A
3FF68
3FF78
3FF8A
3FF9D
3FFB0
3FFC4
3FFD7
3FFEA
3FFFD
0000D
0001C
0002A
00034
0003C
00042
00045
00044
00041
0003B
00033
00028
0001A
0000B
3FFFA
3FFE8
3FFD5
3FFC2
3FFAF
3FF9C
3FF8A
3FF7A
3FF6B
3FF5E
3FF53
3FF4A
3FF45
3FF42
3FF42
3FF45
3FF4B
3FF53
3FF5E
3FF6B
3FF7A
3FF8B
3FF9D
3FFB0
3FFC3
3FFD6
3FFE9
3FFFC
0000D
0001C
0002A
00035
0003E
00044
00048
00049
00047
00042
0003A
00030
00024
00016
00006
3FFF4
3FFE2
3FFCF
3FFBC
3FFA9
3FF97
3FF87
3FF77
3FF6A
3FF5E
3FF55
3FF4E
3FF4B
3FF4A
3FF4B
3FF50
3FF57
3FF61
3FF6D
3FF7B
3FF8B
3FF9D
3FFAF
3FFC2
3FFD5
3FFE8
3FFFA
0000C
0001C
0002A
00036
00040
00047
0004B
0004D
0004C
00048
00042
00039
0002D
00020
00011
00000
3FFEE
3FFDC
3FFC9
3FFB6
3FFA4
3FF93
3FF83
3FF75
3FF69
3FF5F
3FF58
3FF53
3FF51
3FF52
3FF56
3FF5C
3FF65
3FF70
3FF7D
3FF8C
3FF9D
3FFAF
3FFC1
3FFD4
3FFE7
3FFF9
0000B
0001B
0002A
00036
00041
00049
0004E
00051
00051
0004E
00049
00041
00036
0002A
0001B
0000B
3FFFA
3FFE8
3FFD6
3FFC3
3FFB1
3FFA0
3FF90
3FF81
3FF74
3FF6A
3FF62
3FF5C
3FF59
3FF59
3FF5B
3FF60
3FF68
3FF72
3FF7F
3FF8D
3FF9D
3FFAE
3FFC0
3FFD3
3FFE6
3FFF8
0000A
0001A
00029
00036
00042
0004B
00051
00055
00056
00054
00050
00049
0003F
00033
00026
00016
00006
3FFF4
3FFE2
3FFD0
3FFBE
3FFAC
3FF9C
3FF8D
3FF7F
3FF74
3FF6B
3FF65
3FF61
3FF5F
3FF61
3FF65
3FF6C
3FF75
3FF81
3FF8E
3FF9D
3FFAE
3FFC0
3FFD2
3FFE4
3FFF7
00008
00019
00029
00037
00043
0004C
00053
00058
0005A
00059
00056
00050
00047
0003D
00030
00021
00011
00000
3FFEE
3FFDC
3FFCA
3FFB8
3FFA8
3FF98
3FF8A
3FF7E
3FF75
3FF6D
3FF68
3FF66
3FF67
3FF6A
3FF70
3FF78
3FF82
3FF8F
3FF9E
3FFAE
3FFBF
3FFD1
3FFE3
3FFF5
00007
00018
00028
00037
00043
0004E
00056
0005B
0005E
0005F
0005C
00057
00050
00046
0003A
0002C
0001C
0000C
3FFFA
3FFE8
3FFD6
3FFC4
3FFB4
3FFA4
3FF95
3FF89
3FF7E
3FF76
3FF70
3FF6D
3FF6C
3FF6F
3FF73
3FF7B
3FF84
3FF90
3FF9E
3FFAE
3FFBE
3FFD0
3FFE2
3FFF4
00006
00017
00028
00036
00044
0004F
00058
0005E
00062
00063
00062
0005E
00057
0004E
00043
00036
00027
00017
00006
3FFF4
3FFE2
3FFD0
3FFBF
3FFAF
3FFA0
3FF93
3FF88
3FF7F
3FF78
3FF74
3FF72
3FF74
3FF77
3FF7E
3FF87
3FF92
3FF9F
3FFAD
3FFBE
3FFCF
3FFE1
3FFF3
00005
00016
00027
00036
00044
00050
00059
00061
00066
00068
00068
00064
0005F
00057
0004C
00040
00032
00022
00011
00000
3FFEE
3FFDC
3FFCB
3FFBB
3FFAB
3FF9E
3FF92
3FF88
3FF80
3FF7B
3FF79
3FF79
3FF7C
3FF81
3FF89
3FF93
3FF9F
3FFAD
3FFBD
3FFCE
3FFDF
3FFF1
00003
00015
00026
00036
00044
00051
0005B
00063
00069
0006C
0006D
0006B
00066
0005F
00055
0004A
0003C
0002D
0001D
0000C
3FFFA
3FFE8
3FFD7
3FFC6
3FFB6
3FFA8
3FF9B
3FF91
3FF88
3FF82
3FF7F
3FF7E
3FF80
3FF84
3FF8B
3FF95
3FFA0
3FFAE
3FFBD
3FFCD
3FFDE
3FFF0
00002
00014
00025
00035
00044
00051
0005D
00066
0006C
00070
00072
00071
0006D
00067
0005E
00053
00047
00038
00028
00017
00006
3FFF4
3FFE3
3FFD2
3FFC1
3FFB3
3FFA5
3FF9A
3FF91
3FF8A
3FF85
3FF84
3FF84
3FF88
3FF8E
3FF96
3FFA1
3FFAE
3FFBC
3FFCC
3FFDD
3FFEF
00001
00013
00024
00035
00044
00052
0005E
00068
0006F
00074
00077
00077
00074
0006F
00067
0005D
00051
00043
00033
00023
00012
00000
3FFEE
3FFDD
3FFCD
3FFBD
3FFAF
3FFA3
3FF99
3FF91
3FF8C
3FF89
3FF89
3FF8C
3FF91
3FF98
3FFA2
3FFAE
3FFBC
3FFCB
3FFDC
3FFED
3FFFF
00011
00023
00034
00044
00052
0005F
0006A
00072
00078
0007C
0007C
0007B
00076
0006F
00066
0005B
0004D
0003F
0002E
0001D
0000C
3FFFA
3FFE9
3FFD8
3FFC8
3FFB9
3FFAD
3FFA2
3FF99
3FF93
3FF8F
3FF8E
3FF90
3FF94
3FF9A
3FFA3
3FFAF
3FFBC
3FFCB
3FFDB
3FFEC
3FFFE
00010
00022
00033
00043
00052
00060
0006B
00075
0007C
00080
00082
00081
0007E
00078
0006F
00065
00058
0004A
0003A
00029
00018
00006
3FFF4
3FFE3
3FFD3
3FFC4
3FFB6
3FFAB
3FFA1
3FF9A
3FF95
3FF93
3FF94
3FF97
3FF9D
3FFA5
3FFAF
3FFBC
3FFCA
3FFDA
3FFEB
3FFFD
0000F
00021
00032
00043
00053
00061
0006D
00077
0007F
00084
00087
00087
00085
00080
00078
0006E
00062
00055
00045
00035
00024
00012
00000
3FFEF
3FFDE
3FFCE
3FFC0
3FFB4
3FFA9
3FFA1
3FF9C
3FF98
3FF98
3FF9A
3FF9F
3FFA7
3FFB0
3FFBC
3FFCA
3FFD9
3FFEA
3FFFB
0000D
0001F
00031
00042
00053
00061
0006E
00079
00082
00089
0008C
0008E
0008C
00088
00081
00078
0006D
00060
00051
00041
00030
0001E
0000C
3FFFA
3FFE9
3FFD9
3FFCA
3FFBD
3FFB2
3FFA9
3FFA2
3FF9E
3FF9D
3FF9E
3FFA2
3FFA8
3FFB1
3FFBC
3FFCA
3FFD8
3FFE9
3FFFA
0000C
0001E
00030
00042
00052
00062
00070
0007C
00085
0008D
00091
00094
00093
00090
0008A
00082
00077
0006B
0005C
0004C
0003C
0002A
00018
00006
3FFF4
3FFE4
3FFD4
3FFC6
3FFBA
3FFB0
3FFA9
3FFA4
3FFA1
3FFA2
3FFA5
3FFAA
3FFB2
3FFBD
3FFC9
3FFD8
3FFE8
3FFF9
0000B
0001D
0002F
00041
00052
00062
00071
0007E
00088
00090
00096
00099
0009A
00098
00093
0008B
00082
00076
00068
00058
00048
00036
00024
00012
00000
3FFEF
3FFDF
3FFD0
3FFC3
3FFB9
3FFB0
3FFAA
3FFA7
3FFA6
3FFA8
3FFAD
3FFB4
3FFBD
3FFC9
3FFD7
3FFE7
3FFF8
00009
0001C
0002E
00040
00052
00063
00072
0007F
0008B
00094
0009B
0009F
000A1
0009F
0009B
00095
0008C
00081
00073
00064
00054
00042
00030
0001E
0000C
3FFFA
3FFEA
3FFDA
3FFCD
3FFC1
3FFB7
3FFB0
3FFAC
3FFAA
3FFAB
3FFAF
3FFB5
3FFBE
3FFCA
3FFD7
3FFE6
3FFF6
00008
0001A
0002D
00040
00052
00063
00073
00081
0008E
00098
000A0
000A5
000A7
000A7
000A4
0009E
00096
0008C
0007F
00070
00060
0004F
0003D
0002A
00018
00006
3FFF5
3FFE5
3FFD6
3FFCA
3FFBF
3FFB7
3FFB2
3FFAF
3FFAF
3FFB2
3FFB7
3FFBF
3FFCA
3FFD6
3FFE5
3FFF5
00007
00019
0002C
0003F
00051
00063
00074
00083
00090
0009B
000A4
000AA
000AE
000AF
000AD
000A8
000A1
00097
0008B
0007D
0006D
0005C
0004A
00037
00024
00012
00000
3FFEF
3FFE0
3FFD3
3FFC7
3FFBE
3FFB8
3FFB4
3FFB3
3FFB5
3FFB9
3FFC0
3FFCA
3FFD6
3FFE4
3FFF4
00006
00018
0002B
0003E
00051
00063
00075
00085
00093
0009F
000A9
000B0
000B5
000B6
000B5
000B2
000AB
000A2
00096
00089
00079
00069
00057
00044
00031
0001E
0000C
3FFFA
3FFEA
3FFDC
3FFD0
3FFC6
3FFBE
3FFB9
3FFB7
3FFB8
3FFBC
3FFC2
3FFCB
3FFD6
3FFE4
3FFF3
00004
00017
0002A
0003D
00050
00063
00075
00086
00095
000A2
000AD
000B5
000BB
000BE
000BE
000BB
000B6
000AD
000A2
00095
00086
00076
00064
00051
0003E
0002B
00018
00006
3FFF5
3FFE6
3FFD8
3FFCD
3FFC5
3FFBF
3FFBC
3FFBB
3FFBE
3FFC4
3FFCC
3FFD6
3FFE4
3FFF3
00003
00016
00029
0003C
00050
00063
00076
00088
00098
000A6
000B2
000BB
000C2
000C6
000C7
000C5
000C0
000B9
000AF
000A2
00094
00083
00072
0005F
0004B
00038
00024
00012
00000
3FFF0
3FFE2
3FFD5
3FFCC
3FFC5
3FFC1
3FFBF
3FFC1
3FFC5
3FFCD
3FFD7
3FFE3
3FFF2
00002
00014
00028
0003B
00050
00063
00077
00089
0009A
000A9
000B6
000C0
000C8
000CD
000D0
000CF
000CB
000C4
000BB
000AF
000A1
00091
00080
0006D
00059
00045
00031
0001E
0000C
3FFFB
3FFEB
3FFDE
3FFD3
3FFCB
3FFC6
3FFC3
3FFC4
3FFC8
3FFCE
3FFD7
3FFE3
3FFF1
00002
00013
00027
0003B
0004F
00063
00077
0008B
0009C
000AC
000BA
000C6
000CF
000D5
000D9
000D9
000D6
000D0
000C8
000BD
000AF
0009F
0008E
0007B
00067
00053
0003F
0002B
00018
00006
3FFF5
3FFE7
3FFDB
3FFD2
3FFCB
3FFC8
3FFC7
3FFCA
3FFCF
3FFD8
3FFE3
3FFF1
00001
00012
00026
0003A
0004F
00063
00078
0008C
0009F
000B0
000BF
000CC
000D6
000DD
000E2
000E3
000E2
000DD
000D5
000CB
000BD
000AE
0009D
0008A
00076
00062
0004D
00038
00024
00011
00000
3FFF1
3FFE4
3FFD9
3FFD1
3FFCD
3FFCB
3FFCD
3FFD1
3FFD9
3FFE3
3FFF0
00000
00011
00025
00039
0004E
00063
00079
0008D
000A1
000B3
000C3
000D1
000DD
000E6
000EB
000EE
000ED
000E9
000E3
000D9
000CC
000BD
000AC
0009A
00086
00071
0005B
00046
00031
0001E
0000B
3FFFB
3FFEC
3FFE1
3FFD8
3FFD2
3FFCF
3FFD0
3FFD3
3FFDA
3FFE4
3FFF0
3FFFF
00011
00024
00038
0004E
00064
0007A
0008F
000A4
000B7
000C8
000D7
000E4
000EE
000F5
000F9
000F9
000F6
000F1
000E8
000DC
000CD
000BC
000AA
00096
00080
0006B
00055
0003F
0002A
00017
00005
3FFF6
3FFE9
3FFDF
3FFD8
3FFD4
3FFD3
3FFD5
3FFDB
3FFE4
3FFF0
3FFFF
00010
00023
00037
0004D
00064
0007A
00091
000A6
000BA
000CD
000DE
000EC
000F7
000FF
00104
00106
00104
000FF
000F7
000EC
000DE
000CD
000BB
000A6
00091
0007B
00064
0004E
00038
00024
00011
00000
3FFF2
3FFE6
3FFDE
3FFD8
3FFD6
3FFD8
3FFDD
3FFE5
3FFF0
3FFFE
0000F
00022
00037
0004D
00064
0007B
00092
000A9
000BE
000D2
000E4
000F3
00100
0010A
00110
00113
00112
0010E
00107
000FD
000EF
000DF
000CD
000B8
000A2
0008C
00074
0005D
00046
00031
0001D
0000B
3FFFB
3FFEE
3FFE4
3FFDE
3FFDA
3FFDB
3FFDF
3FFE6
3FFF0
3FFFE
0000F
00021
00036
0004D
00064
0007C
00094
000AC
000C2
000D8
000EB
000FC
0010A
00115
0011C
00121
00121
0011F
00118
0010E
00102
000F2
000DF
000CB
000B5
0009E
00086
0006E
00056
0003F
0002A
00016
00005
3FFF7
3FFEB
3FFE3
3FFDF
3FFDE
3FFE1
3FFE7
3FFF1
3FFFE
0000E
00021
00036
0004C
00064
0007D
00096
000AF
000C7
000DD
000F2
00104
00114
00120
0012A
0012F
00131
00130
0012A
00121
00115
00106
000F4
000DF
000C9
000B1
00098
0007F
00066
0004E
00037
00023
00010
00000
3FFF3
3FFEA
3FFE4
3FFE2
3FFE3
3FFE8
3FFF1
3FFFE
0000E
00020
00035
0004C
00065
0007E
00098
000B2
000CC
000E4
000FA
0010E
0011F
0012D
00138
0013F
00142
00142
0013E
00136
0012A
0011B
00109
000F4
000DE
000C5
000AC
00092
00078
0005F
00046
00030
0001C
0000A
3FFFC
3FFF0
3FFE9
3FFE5
3FFE6
3FFEA
3FFF2
3FFFE
0000D
00020
00035
0004C
00065
00080
0009B
000B6
000D1
000EA
00102
00118
0012B
0013B
00147
00150
00155
00156
00153
0014B
00141
00132
00120
0010C
000F5
000DC
000C1
000A6
0008B
00070
00056
0003E
00028
00015
00005
3FFF8
3FFEF
3FFEA
3FFE9
3FFEC
3FFF3
3FFFE
0000D
0001F
00035
0004C
00066
00082
0009E
000BA
000D6
000F2
0010B
00123
00138
0014A
00158
00162
00169
0016B
00169
00163
00159
0014B
0013A
00125
0010D
000F4
000D9
000BC
000A0
00084
00068
0004E
00036
00021
0000F
00000
3FFF5
3FFEE
3FFEC
3FFEE
3FFF4
3FFFE
0000D
0001F
00034
0004D
00067
00083
000A1
000BF
000DD
000FA
00115
0012F
00146
0015A
0016A
00177
0017F
00183
00182
0017D
00174
00167
00155
00141
00129
0010F
000F2
000D5
000B7
00099
0007B
0005F
00045
0002E
0001A
00009
3FFFC
3FFF4
3FFF0
3FFF0
3FFF5
3FFFF
0000D
0001F
00034
0004D
00068
00086
000A5
000C4
000E4
00103
00121
0013D
00156
0016C
0017F
0018D
00198
0019D
0019E
0019B
00192
00185
00174
0015F
00147
0012C
0010F
000F0
000D0
000B0
00091
00073
00056
0003D
00026
00013
00004
3FFFA
3FFF4
3FFF3
3FFF7
3FFFF
0000D
0001E
00034
0004D
0006A
00088
000A9
000CA
000EC
0010D
0012E
0014C
00168
00181
00196
001A7
001B3
001BB
001BE
001BB
001B4
001A8
00197
00182
00169
0014D
0012F
0010F
000ED
000CB
000A9
00088
00069
0004D
00034
0001E
0000D
00000
3FFF8
3FFF5
3FFF8
00000
0000C
0001E
00034
0004E
0006B
0008B
000AE
000D1
000F5
00119
0013C
0015E
0017D
00198
001B0
001C4
001D3
001DD
001E2
001E1
001DB
001CF
001BF
001AA
00191
00174
00154
00132
0010E
000E9
000C5
000A1
0007F
00060
00043
0002B
00017
00007
3FFFD
3FFF9
3FFFA
00000
0000C
0001D
00034
0004E
0006D
0008F
000B3
000D9
00100
00127
0014E
00172
00195
001B4
001CF
001E6
001F8
00205
0020C
0020D
00208
001FE
001ED
001D8
001BE
001A0
0017F
0015A
00134
0010D
000E5
000BE
00099
00075
00056
0003A
00022
00010
00003
3FFFC
3FFFB
00000
0000C
0001D
00033
0004F
0006F
00093
000BA
000E3
0010D
00138
00162
0018B
001B1
001D5
001F4
0020F
00224
00234
0023E
00241
0023E
00235
00225
00210
001F5
001D6
001B2
0018B
00162
00137
0010C
000E1
000B7
00090
0006B
0004B
00030
0001A
0000A
00000
3FFFD
00000
0000B
0001B
00032
0004F
00071
00097
000C1
000EE
0011C
0014C
0017B
001A8
001D4
001FC
00221
00240
0025A
0026E
0027B
00281
00280
00278
0026A
00254
00239
00218
001F2
001C8
0019B
0016C
0013C
0010C
000DD
000B0
00087
00061
00041
00026
00012
00005
3FFFF
00000
00009
00019
00031
0004F
00073
0009C
000CA
000FB
0012F
00163
00199
001CD
001FF
0022E
00259
0027E
0029E
002B7
002C8
002D3
002D5
002CF
002C1
002AC
00290
0026D
00244
00217
001E5
001B1
0017B
00145
0010F
000DB
000AB
0007F
00058
00037
0001E
0000B
00001
00000
00007
00016
0002E
0004D
00074
000A1
000D3
0010A
00145
00181
001BE
001FB
00235
0026D
002A1
002CF
002F6
00317
0032F
0033F
00345
00343
00338
00323
00306
002E2
002B6
00284
0024D
00212
001D4
00196
00157
0011A
000E0
000AB
0007B
00051
0002F
00016
00006
00000
00004
00011
00028
00049
00072
000A4
000DC
0011B
0015E
001A4
001EC
00235
0027C
002C1
00301
0033C
00370
0039B
003BE
003D7
003E6
003EA
003E4
003D2
003B6
00391
00362
0032B
002ED
002AA
00263
00219
001CE
00184
0013C
000F8
000BA
00083
00054
0002E
00014
00004
00000
00008
0001C
0003C
00067
0009D
000DC
00123
00172
001C6
0021E
00278
002D2
0032B
00380
003D0
0041A
0045B
00492
004BF
004DF
004F4
004FB
004F5
004E1
004C1
00495
0045E
0041C
003D1
00380
00328
002CD
00270
00212
001B7
00160
0010F
000C5
00084
0004E
00024
00007
3FFF7
3FFF5
00001
0001B
00043
00077
000B7
00102
00156
001B2
00214
0027A
002E2
0034B
003B2
00416
00476
004CF
00520
0056A
005AC
005E6
0061A
0064A
0067A
006B2
006FD
00772
0083F
009D6
00DD1
015CE
3C654
3DA05
3DF06
3DCF7
039E1
00111
0893E
3DC1D
3E695
3EA5A
3EBF1
3F149
3EE85
026BA
3FE81
3A45C
03C57
0E676
345BE
360FD
09A60
02564
01DB9
02A85
12658
3E2A3
00B71
3EE8D
3FD16
0055C
015AA
3036C
3D121
31AF0
0218A
00EF9
00817
3FE0D
01E8E
00F80
3A252
3ED29
3E4B1
3CD91
35BB5
03BCC
3AEE4
10009
03482
185F1
035B8
3A6E4
039A4
3F31E
0655F
04213
03C01
0462F
2A9FF
0042A
3F5CB
0243B
029AD
03C41
08B48
2DD33
3B432
07434
3F2FB
3F75F
002A5
045E0
3820E
38A9D
07AB7
3FF7C
3E6CA
3C38F
26CCA
068EC
034F8
00D2E
3FA07
04C3C
01260
12E4A
018CF
3E1D5
02794
01F33
02178
03A32
38B3B
3E656
06E2C
3FA97
3F8F7
3F5DA
3DEDA
03677
04A1C
32C41
3C99A
3DC45
3E6DF
01E64
3C31D
3B2BD
00E80
3F732
3F63E
3F9BB
10925
026D6
1294B
38787
3D8E9
3A89D
3C649
3D84B
3DB09
0FA24
3E420
3E958
3EEEC
3F5D1
3FFE4
01C07
36DB3
3DEC0
3EDE3
3F2AF
3BA38
051F0
0B111
358D6
3D47B
3F106
00245
3BFCE
03E65
13B1B
38944
3D569
3F04F
00D4C
39216
3F5F2
1D6C5
3EA47
3FCEA
008E7
031D3
3CA2E
00EF2
33AA0
3CEF8
3DC98
3DC57
3A483
01C98
01D03
3D6B5
3EDCB
3F102
3F1F9
00DFF
3E88D
3CBBF
0010D
3F42D
3EB72
3D4B6
0AEC6
01D4F
0BD17
3EE86
3EFC1
3E93E
3CA34
03A41
0093B
0265E
00837
3B57D
028C3
0BB7F
36220
34372
0BB82
02DD4
01932
013C6
045A1
003B3
005F3
00731
0087C
00B07
012C9
3B9FE
3FBD9
3E340
00E08
01150
019E9
0392F
3CDDF
01346
32749
3E6AF
3F897
007E8
04F6F
3ADC3
3A40A
089BA
04832
2CB6A
3E195
3E043
3EF60
3BDDB
02EFE
01378
007EF
3EF08
171AD
03FB6
01514
0386A
03A5A
049EE
097F5
31E17
3CB04
3D6B4
3E2A5
3DF08
3D1D4
39918
3E0BD
34DA5
183C5
06963
03CE4
029F1
02755
01863
0429F
3A3DD
37397
10B47
05282
2EFF4
3F342
3D41A
005CA
0019C
00355
012EC
3BACC
3E6F6
00A08
3F7EB
3FDD7
00A2F
0453D
3BAC3
3E98E
3DCDE
3F079
3F697
3F630
38CCF
0536F
0B04D
397EF
3E8D4
3FBDE
00503
3F6DE
00096
36F7C
065D1
0755C
02873
07CD5
31478
3DB20
3F910
3F6A0
3F136
3DBC5
361A1
0A9A1
029E9
0C338
05D49
0543B
06052
1008F
021BD
0D32D
328FB
3AF3A
3C855
3CFC9
3EBB7
3C408
33858
01D36
3FE0E
3F2DA
3E0BD
04BD8
00D45
3C96C
003D5
3DCAE
03CB7
08D59
378A7
3D029
3FDC8
3F535
3F677
3F24C
3ACAB
02F80
02C8F
3FE50
00B90
00D5A
00D1B
01854
003A1
3CD7E
0288D
01743
00E68
3FEDC
052E0
01270
2A851
01851
00CF4
003A6
3F26F
000A2
3C8F4
13C72
04C34
07AD9
036FD
08F45
3FA50
054AB
3796A
3CF3D
3DFA0
3E745
02D64
3DC1E
39ADF
02596
013B6
0170B
02E66
352D9
3ED43
051B5
3F76F
3FF7B
005B7
0143E
3E684
3F2FA
046C7
01385
01351
01C05
071DF
3B0C1
3A3E3
05566
01009
3F11E
3EC79
39D48
3C6D5
2EE57
08ECD
03220
011CF
3E9BF
12730
032CF
3FC93
01BAD
015B0
016BD
0311F
3AE58
3DFE4
3F027
3E74F
3E337
3DA93
3B060
3F162
3A87C
08FE2
02705
01599
00C1E
3A89F
037BF
09B4B
39B9A
3B1FB
0406A
3FEC1
0AB23
01FDA
023CC
01215
012AF
013CE
01876
004AC
00D2D
03261
01ADA
01F2E
02BB9
074C2
3D835
01A08
3A6F5
3E578
3EFA2
3F200
3C54A
011B3
03C72
3C5D1
3DF0D
3DEFA
3D189
0AB14
3D0B0
2599F
0413F
3BF70
07ABA
03021
07814
049E7
0222A
03F1A
04814
0625A
10A1A
351BC
3A944
04F6D
00D35
0028C
3F0CE
31ACC
05E5A
06D2B
3E7D0
004CC
008EC
00C0A
35F5D
3E947
371BC
025D6
00DEB
3FDC3
3CEF7
0D47C
04551
12352
05266
08021
0634F
11AEB
33ECC
3D11D
3F9F9
00BE8
02047
04543
17CF7
3A49A
3E6EF
3F387
00252
00BF5
01341
106A3
0407B
0F372
3DC48
0064F
01942
0391D
397F4
3FCAD
3843E
00F68
01648
01E31
032FE
014C8
04B7A
33F4D
3E67A
00000
3A83E
0040C
03F36
37CE7
06086
0C327
33C4D
2D7A6
01226
3E642
05B11
3C3AC
356F7
3A1A9
3D3A7
36665
03522
0C937
0C774
02EE0
03A99
2E9C5
1AA81
33046
0B556
0D202
37630
311A7
3C74D
00E19
32F9A
2897E
02C09
003E1
006F6
08B18
294A9
32A15
0289A
36D85
35681
0E43E
03118
39E35
2F6CE
33C43
05091
3F22A
385D8
038E1
0666C
09FAF
3BAB7
2700A
3F8B7
3D1FC
3C73B
39550
38AEA
32FBD
3420F
3BC67
04AA1
00ECB
05C39
11332
31CF7
059B9
375C9
002B7
02FFC
3BD96
09871
0056D
374BC
08785
03A4B
3ED72
3C5A6
3A871
3F153
07A7E
33AFC
0461E
09AA5
3CB12
3DA0E
02862
00EAD
0AE91
39CB3
3B000
16FBC
008A1
094E5
3BAE9
03478
333AE
32CAB
02D48
00314
30AFF
02474
15ED4
06126
0076A
3C178
074EE
3BD7E
3AC94
39CC0
3EEEA
36601
02512
08A21
2DE08
3CD1C
368CE
048C1
349A8
38C96
3A214
3463B
0D742
3821F
39CCF
3F2AC
0BF99
3FB49
05585
3EC7B
0632B
10335
0BC76
35CB3
328C7
0686F
36482
01F18
3E856
3862E
054E7
0A61A
3453E
03283
13073
04F32
360A3
03E18
3BABE
3E738
3E817
37C49
05E03
120C0
34D4C
393BB
3D1A7
30DE1
3FDD6
31BF7
3A37B
00183
0CF32
0CBAA
32DCC
048A1
364B3
37E16
3E867
3606D
04177
117FB
3B7E3
05564
0671B
001F4
0A462
3D1AA
3CCD1
3E359
3F34F
3E0B4
3AFF1
0482E
3D331
30752
05177
3E4C8
3F97D
3F7C3
061E1
057AA
3A55B
076C0
0F557
00BF6
376F3
03E72
39E15
2F888
0D169
306CA
05B8B
34A20
19BB4
0490C
3DA1C
00329
03074
3E261
3CE9B
04451
3A710
31080
0E9A2
3A9B6
35521
02A8E
3739E
058C0
2B142
007E5
11723
3C29C
32727
067AE
04C55
3D0A6
3BB6E
3AB86
0645B
0688F
02EA9
3F458
085E2
0418C
06085
0386F
02571
3223A
022D9
3F620
003F5
0729E
313C5
01A56
05EAA
00495
00727
09CD4
3148E
2A9C5
0363F
32930
08D93
0BFD7
38B42
0500F
03572
3ED04
32D84
060EE
06CEB
036FA
02BBE
36B5E
3BCC5
0078D
33F36
30D73
11D0D
375AB
3BD0B
007AC
3C3C2
091CC
3D406
3F6E5
0315D
348FE
10D84
0DEE8
06A58
028EB
0438C
2B8F1
3C674
3A161
084A1
0467E
0B12A
3A30E
005D5
0C2B6
2DDD2
3F28D
3B6AF
092EC
04152
39F46
0A6B3
0AFE1
0580F
3E60F
30669
3D8B1
0687B
056B7
3B701
3BC00
3AA43
3C217
02ECE
3865A
2DF5B
3E9E7
021FE
3F14D
3AE92
038E7
10601
3EBD5
3F8F6
385C7
14087
3CD5C
02F7D
3FB9E
03FC9
38B99
0305B
00183
02EB1
03EC8
3FC16
2B5AE
019FB
059D2
33561
30677
368CB
0CA81
3F9CC
0C645
02616
3EDCB
04B48
01A92
373E5
3AAD4
3AC92
3367A
3D046
30092
3E6DC
0AF35
08D76
04E87
3DA5F
00F8A
3DDD9
377C5
0C3E1
05386
15F3F
3EBAE
003C6
09765
3F4CD
0751B
0B8E4
3D55C
31D6A
38E3F
3CD41
3135D
3E3EC
0227E
0530E
0F3B5
09E4A
3D00A
2215B
3E011
04810
3A128
3959B
067D8
3877F
37F75
01C01
16AA7
090EC
0D5A6
03374
3BC3E
00356
01E08
392AE
01E06
349AD
09967
08D9F
04036
376AF
358C6
32284
3D124
3F98C
3DEF3
0979B
31873
15568
0C094
30591
35D58
0003C
3D486
035E9
3ADAF
0601E
03A45
3E2C4
0AEA2
3DCEF
391AC
361E6
398B5
3D15A
3554B
0850F
39BA9
06431
3C22D
012F5
3680F
3D882
3C047
38BFD
11771
3E7FD
06620
05390
05AAB
00590
010C0
3E8DB
390ED
3E88F
12037
2FD4D
3CD75
3E00D
333C4
0D000
3992F
03264
0A6D5
06774
05DD8
06E72
3761A
11CE8
0B5AC
369EA
3F6F9
36295
392EE
042AD
08702
0DE3E
3689B
2E71C
34037
01759
083D3
022DF
032F8
3CA32
30FE5
06DE3
0B83D
3ECB2
03B5F
006F4
09AC0
0015F
03469
355A0
3AEF0
02671
3F531
3214D
3BE80
3CC1E
0933C
3DF0E
0597D
064DB
30CAB
32C4C
06F0F
3697C
02E2C
3AABF
057AF
3DE8A
36E23
3D806
37C4D
38EB1
0BAAC
02AA9
39B87
3FF0F
0A430
06510
3F19F
090F1
3E482
046E8
31A06
016ED
3FCA9
3F72A
3F4E3
3F391
3F2A6
3F1F6
3F171
3F110
3F0D3
3F0B9
3F0C2
3F0EF
3F13D
3F1AD
3F23C
3F2E7
3F3AC
3F488
3F575
3F671
3F777
3F882
3F98D
3FA96
3FB96
3FC8B
3FD70
3FE42
3FEFE
3FFA1
0002B
00099
000EA
0011F
00138
00135
00118
000E3
00098
0003A
3FFCB
3FF50
3FECB
3FE3F
3FDB1
3FD23
3FC99
3FC16
3FB9D
3FB31
3FAD3
3FA85
3FA4A
3FA21
3FA0D
3FA0B
3FA1D
3FA42
3FA78
3FABE
3FB12
3FB72
3FBDC
3FC4D
3FCC3
3FD3A
3FDB2
3FE26
3FE94
3FEFB
3FF58
3FFA9
3FFED
00022
00048
0005F
00066
0005D
00045
0001F
3FFED
3FFAE
3FF66
3FF16
3FEC0
3FE67
3FE0B
3FDB0
3FD58
3FD05
3FCB8
3FC73
3FC38
3FC08
3FBE4
3FBCD
3FBC3
3FBC6
3FBD6
3FBF2
3FC1A
3FC4D
3FC89
3FCCE
3FD18
3FD68
3FDBA
3FE0D
3FE60
3FEB0
3FEFB
3FF40
3FF7E
3FFB4
3FFDF
00000
00016
00020
0001E
00012
3FFFA
3FFD8
3FFAD
3FF79
3FF3F
3FEFF
3FEBC
3FE76
3FE2F
3FDE9
3FDA6
3FD67
3FD2E
3FCFB
3FCD0
3FCAE
3FC96
3FC88
3FC84
3FC8A
3FC9B
3FCB5
3FCD9
3FD04
3FD37
3FD70
3FDAD
3FDEE
3FE31
3FE74
3FEB6
3FEF5
3FF30
3FF66
3FF96
3FFBE
3FFDE
3FFF6
00004
00008
00003
3FFF4
3FFDD
3FFBE
3FF97
3FF69
3FF36
3FEFF
3FEC5
3FE89
3FE4E
3FE13
3FDDB
3FDA7
3FD77
3FD4E
3FD2C
3FD11
3FCFF
3FCF5
3FCF4
3FCFC
3FD0D
3FD26
3FD46
3FD6D
3FD9B
3FDCD
3FE03
3FE3B
3FE75
3FEAF
3FEE8
3FF1E
3FF51
3FF7E
3FFA6
3FFC8
3FFE2
3FFF4
3FFFE
00000
3FFFA
3FFEB
3FFD5
3FFB7
3FF93
3FF6A
3FF3C
3FF0A
3FED6
3FEA1
3FE6C
3FE38
3FE07
3FDD9
3FDAF
3FD8B
3FD6E
3FD57
3FD48
3FD40
3FD40
3FD49
3FD59
3FD70
3FD8E
3FDB2
3FDDB
3FE09
3FE3A
3FE6D
3FEA1
3FED5
3FF08
3FF39
3FF66
3FF8F
3FFB2
3FFD0
3FFE7
3FFF7
3FFFF
00000
3FFF9
3FFEB
3FFD6
3FFBB
3FF9A
3FF73
3FF49
3FF1B
3FEEC
3FEBB
3FE8A
3FE5B
3FE2D
3FE03
3FDDE
3FDBD
3FDA2
3FD8D
3FD7F
3FD79
3FD79
3FD81
3FD90
3FDA5
3FDC1
3FDE2
3FE08
3FE32
3FE60
3FE8F
3FEBF
3FEEF
3FF1E
3FF4B
3FF75
3FF9B
3FFBB
3FFD7
3FFEC
3FFFB
00002
00003
3FFFD
3FFF0
3FFDD
3FFC3
3FFA5
3FF81
3FF5A
3FF2F
3FF03
3FED5
3FEA8
3FE7C
3FE51
3FE2A
3FE06
3FDE8
3FDCE
3FDBA
3FDAD
3FDA6
3FDA6
3FDAD
3FDBB
3FDCE
3FDE8
3FE07
3FE2A
3FE51
3FE7B
3FEA7
3FED4
3FF01
3FF2E
3FF58
3FF7F
3FFA3
3FFC2
3FFDC
3FFF1
3FFFF
00007
00008
00003
3FFF8
3FFE6
3FFCE
3FFB2
3FF91
3FF6C
3FF44
3FF1B
3FEF0
3FEC5
3FE9B
3FE73
3FE4D
3FE2B
3FE0E
3FDF5
3FDE2
3FDD4
3FDCD
3FDCC
3FDD2
3FDDE
3FDEF
3FE07
3FE23
3FE44
3FE69
3FE90
3FEB9
3FEE4
3FF0F
3FF39
3FF61
3FF87
3FFA9
3FFC7
3FFE1
3FFF5
00003
0000C
0000E
0000A
00000
3FFF0
3FFDB
3FFC0
3FFA2
3FF7F
3FF5A
3FF32
3FF0A
3FEE1
3FEB9
3FE92
3FE6E
3FE4D
3FE30
3FE18
3FE04
3FDF7
3FDEF
3FDED
3FDF1
3FDFB
3FE0B
3FE20
3FE3A
3FE59
3FE7B
3FEA0
3FEC7
3FEF0
3FF19
3FF41
3FF67
3FF8C
3FFAD
3FFCB
3FFE4
3FFF9
00007
00011
00014
00011
00009
3FFFB
3FFE7
3FFCF
3FFB2
3FF92
3FF6F
3FF4A
3FF23
3FEFC
3FED6
3FEB0
3FE8D
3FE6D
3FE50
3FE38
3FE24
3FE16
3FE0D
3FE0A
3FE0C
3FE15
3FE23
3FE36
3FE4E
3FE6A
3FE8A
3FEAD
3FED2
3FEF9
3FF20
3FF47
3FF6C
3FF90
3FFB0
3FFCE
3FFE7
3FFFB
0000B
00015
0001A
00018
00012
00005
3FFF4
3FFDE
3FFC3
3FFA5
3FF84
3FF60
3FF3C
3FF16
3FEF1
3FECD
3FEAA
3FE8A
3FE6E
3FE55
3FE41
3FE32
3FE28
3FE24
3FE25
3FE2C
3FE38
3FE49
3FE5F
3FE79
3FE97
3FEB8
3FEDB
3FF00
3FF25
3FF4B
3FF6F
3FF92
3FFB2
3FFCF
3FFE9
3FFFE
0000E
00019
0001F
0001F
0001A
00010
00000
3FFEC
3FFD3
3FFB7
3FF98
3FF76
3FF53
3FF2F
3FF0B
3FEE8
3FEC6
3FEA7
3FE8A
3FE71
3FE5D
3FE4D
3FE42
3FE3C
3FE3C
3FE41
3FE4B
3FE5A
3FE6E
3FE86
3FEA2
3FEC1
3FEE3
3FF06
3FF2A
3FF4E
3FF71
3FF93
3FFB3
3FFD0
3FFEA
3FFFF
00010
0001D
00024
00025
00022
00019
0000C
3FFF9
3FFE3
3FFC9
3FFAB
3FF8B
3FF6A
3FF47
3FF24
3FF02
3FEE1
3FEC1
3FEA5
3FE8C
3FE77
3FE66
3FE5A
3FE53
3FE51
3FE54
3FE5C
3FE6A
3FE7C
3FE92
3FEAC
3FEC9
3FEE9
3FF0A
3FF2D
3FF50
3FF72
3FF94
3FFB3
3FFD0
3FFEA
00000
00012
0001F
00028
0002B
00029
00023
00017
00006
3FFF2
3FFD9
3FFBE
3FFA0
3FF7F
3FF5E
3FF3C
3FF1B
3FEFA
3FEDB
3FEBF
3FEA5
3FE90
3FE7E
3FE71
3FE68
3FE65
3FE66
3FE6D
3FE78
3FE88
3FE9C
3FEB5
3FED0
3FEEE
3FF0E
3FF2F
3FF51
3FF73
3FF94
3FFB3
3FFD0
3FFEA
00001
00014
00022
0002C
00030
00030
0002B
00021
00013
00000
3FFE9
3FFD0
3FFB3
3FF94
3FF74
3FF53
3FF32
3FF12
3FEF4
3FED7
3FEBE
3FEA7
3FE95
3FE86
3FE7D
3FE78
3FE77
3FE7C
3FE86
3FE94
3FEA6
3FEBC
3FED6
3FEF2
3FF11
3FF31
3FF52
3FF73
3FF93
3FFB2
3FFCF
3FFEA
00001
00014
00024
0002F
00035
00036
00033
0002B
0001E
0000D
3FFF9
3FFE0
3FFC5
3FFA8
3FF89
3FF69
3FF49
3FF2A
3FF0B
3FEEF
3FED5
3FEBE
3FEAB
3FE9B
3FE90
3FE8A
3FE88
3FE8B
3FE93
3FE9F
3FEB0
3FEC4
3FEDC
3FEF7
3FF14
3FF32
3FF52
3FF72
3FF92
3FFB1
3FFCE
3FFE9
00000
00015
00025
00031
00039
0003C
0003A
00034
00029
0001A
00007
3FFF1
3FFD7
3FFBB
3FF9E
3FF7F
3FF5F
3FF40
3FF22
3FF06
3FEEC
3FED4
3FEC0
3FEAF
3FEA3
3FE9B
3FE98
3FE99
3FE9F
3FEAA
3FEB8
3FECB
3FEE1
3FEFA
3FF16
3FF34
3FF52
3FF72
3FF91
3FFAF
3FFCC
3FFE7
00000
00015
00026
00033
0003D
00041
00041
0003C
00033
00026
00015
00000
3FFE8
3FFCE
3FFB1
3FF93
3FF75
3FF56
3FF38
3FF1C
3FF01
3FEE9
3FED4
3FEC3
3FEB6
3FEAC
3FEA7
3FEA7
3FEAB
3FEB4
3FEC1
3FED2
3FEE6
3FEFE
3FF18
3FF34
3FF52
3FF71
3FF90
3FFAE
3FFCB
3FFE6
3FFFE
00014
00027
00035
0003F
00046
00047
00044
0003D
00031
00022
0000F
3FFF8
3FFDF
3FFC4
3FFA7
3FF89
3FF6B
3FF4E
3FF31
3FF17
3FEFE
3FEE9
3FED6
3FEC8
3FEBD
3FEB7
3FEB5
3FEB7
3FEBE
3FEC9
3FED8
3FEEB
3FF01
3FF1A
3FF35
3FF52
3FF70
3FF8E
3FFAC
3FFC8
3FFE4
3FFFD
00013
00027
00036
00042
00049
0004D
0004B
00046
0003C
0002E
0001C
00008
3FFF0
3FFD6
3FFBA
3FF9D
3FF80
3FF63
3FF46
3FF2C
3FF13
3FEFC
3FEE9
3FED9
3FECD
3FEC6
3FEC2
3FEC3
3FEC8
3FED2
3FEDF
3FEF0
3FF05
3FF1C
3FF36
3FF52
3FF6E
3FF8C
3FFA9
3FFC6
3FFE2
3FFFB
00012
00026
00037
00044
0004D
00051
00052
0004E
00046
0003A
0002A
00016
00000
3FFE7
3FFCD
3FFB1
3FF94
3FF77
3FF5B
3FF40
3FF27
3FF10
3FEFC
3FEEB
3FEDE
3FED4
3FECF
3FECF
3FED2
3FEDA
3FEE6
3FEF5
3FF08
3FF1E
3FF37
3FF51
3FF6D
3FF8A
3FFA7
3FFC4
3FFDF
3FFF9
00011
00025
00037
00045
0004F
00056
00058
00055
0004F
00044
00036
00024
0000F
3FFF8
3FFDE
3FFC3
3FFA7
3FF8B
3FF6F
3FF54
3FF3A
3FF23
3FF0E
3FEFC
3FEEE
3FEE3
3FEDD
3FEDA
3FEDC
3FEE2
3FEEC
3FEFA
3FF0C
3FF20
3FF37
3FF51
3FF6C
3FF88
3FFA5
3FFC1
3FFDC
3FFF7
0000F
00024
00037
00046
00052
00059
0005D
0005C
00057
0004F
00042
00032
0001E
00008
3FFEF
3FFD5
3FFBA
3FF9E
3FF82
3FF67
3FF4D
3FF35
3FF20
3FF0D
3FEFE
3FEF2
3FEEA
3FEE6
3FEE6
3FEEB
3FEF3
3FEFF
3FF0F
3FF22
3FF38
3FF51
3FF6B
3FF86
3FFA2
3FFBE
3FFDA
3FFF4
0000D
00023
00036
00047
00054
0005D
00062
00063
0005F
00058
0004D
0003E
0002C
00017
00000
3FFE7
3FFCC
3FFB1
3FF95
3FF7A
3FF60
3FF48
3FF32
3FF1E
3FF0D
3FF00
3FEF7
3FEF2
3FEF0
3FEF3
3FEFA
3FF05
3FF13
3FF25
3FF39
3FF50
3FF6A
3FF84
3FFA0
3FFBB
3FFD7
3FFF1
0000A
00021
00035
00047
00055
0005F
00066
00068
00067
00061
00058
0004A
0003A
00026
00010
3FFF8
3FFDE
3FFC3
3FFA8
3FF8D
3FF73
3FF5A
3FF43
3FF2F
3FF1D
3FF0F
3FF04
3FEFE
3FEFB
3FEFC
3FF01
3FF0A
3FF17
3FF27
3FF3A
3FF50
3FF68
3FF82
3FF9D
3FFB8
3FFD4
3FFEE
00008
0001F
00034
00047
00056
00062
00069
0006D
0006D
00069
00061
00056
00047
00034
0001F
00008
3FFEF
3FFD5
3FFBA
3FF9F
3FF85
3FF6C
3FF55
3FF40
3FF2D
3FF1E
3FF12
3FF09
3FF05
3FF05
3FF08
3FF10
3FF1B
3FF2A
3FF3C
3FF50
3FF68
3FF80
3FF9B
3FFB6
3FFD1
3FFEB
00005
0001D
00033
00046
00056
00063
0006D
00072
00074
00071
0006B
00061
00053
00042
0002E
00018
00000
3FFE6
3FFCC
3FFB2
3FF97
3FF7E
3FF66
3FF50
3FF3D
3FF2C
3FF1F
3FF16
3FF10
3FF0E
3FF10
3FF16
3FF1F
3FF2D
3FF3D
3FF51
3FF67
3FF7F
3FF98
3FFB3
3FFCE
3FFE8
00002
0001A
00031
00045
00056
00065
0006F
00076
00079
00078
00074
0006B
0005F
0004F
0003D
00028
00010
3FFF8
3FFDE
3FFC3
3FFA9
3FF90
3FF77
3FF61
3FF4D
3FF3B
3FF2D
3FF22
3FF1B
3FF17
3FF18
3FF1C
3FF24
3FF30
3FF3F
3FF51
3FF66
3FF7D
3FF96
3FFB0
3FFCA
3FFE5
3FFFF
00018
0002F
00044
00056
00066
00071
0007A
0007E
0007F
0007C
00075
0006A
0005C
0004B
00037
00020
00008
3FFEF
3FFD5
3FFBB
3FFA1
3FF89
3FF72
3FF5D
3FF4A
3FF3B
3FF2E
3FF26
3FF21
3FF20
3FF22
3FF29
3FF33
3FF41
3FF52
3FF66
3FF7C
3FF94
3FFAD
3FFC7
3FFE2
3FFFC
00015
0002D
00042
00056
00066
00073
0007D
00083
00085
00083
0007E
00075
00068
00058
00045
00030
00019
00000
3FFE6
3FFCC
3FFB3
3FF9A
3FF82
3FF6C
3FF59
3FF48
3FF3B
3FF31
3FF2A
3FF28
3FF29
3FF2E
3FF37
3FF43
3FF53
3FF66
3FF7B
3FF92
3FFAB
3FFC4
3FFDE
3FFF9
00012
0002A
00041
00055
00066
00075
00080
00087
0008B
0008B
00087
0007F
00074
00065
00053
0003F
00029
00011
3FFF8
3FFDE
3FFC4
3FFAB
3FF93
3FF7C
3FF68
3FF56
3FF48
3FF3C
3FF35
3FF31
3FF30
3FF34
3FF3B
3FF46
3FF54
3FF66
3FF7A
3FF90
3FFA8
3FFC1
3FFDB
3FFF5
0000F
00027
0003E
00053
00066
00076
00082
0008B
00090
00091
0008F
00089
0007F
00071
00061
0004E
00038
00021
00008
3FFEF
3FFD5
3FFBC
3FFA3
3FF8C
3FF77
3FF65
3FF55
3FF48
3FF3F
3FF39
3FF38
3FF3A
3FF40
3FF49
3FF56
3FF66
3FF79
3FF8E
3FFA6
3FFBE
3FFD8
3FFF2
0000C
00025
0003C
00052
00065
00076
00084
0008E
00095
00098
00097
00092
00089
0007D
0006E
0005C
00048
00031
00019
00000
3FFE6
3FFCD
3FFB4
3FF9D
3FF87
3FF73
3FF62
3FF54
3FF4A
3FF43
3FF3F
3FF40
3FF44
3FF4C
3FF58
3FF67
3FF79
3FF8D
3FFA3
3FFBC
3FFD5
3FFEF
00008
00022
0003A
00050
00065
00076
00085
00091
00099
0009D
0009E
0009B
00094
00089
0007B
0006A
00057
00041
0002A
00011
3FFF7
3FFDE
3FFC5
3FFAD
3FF96
3FF82
3FF70
3FF61
3FF55
3FF4C
3FF48
3FF47
3FF49
3FF50
3FF5A
3FF68
3FF78
3FF8C
3FFA1
3FFB9
3FFD2
3FFEB
00005
0001F
00037
0004E
00064
00076
00086
00093
0009D
000A3
000A5
000A3
0009D
00094
00088
00078
00066
00051
0003A
00022
00008
3FFEF
3FFD6
3FFBD
3FFA6
3FF91
3FF7E
3FF6E
3FF60
3FF56
3FF50
3FF4E
3FF4F
3FF54
3FF5D
3FF69
3FF78
3FF8B
3FF9F
3FFB6
3FFCF
3FFE8
00002
0001B
00034
0004C
00062
00076
00087
00095
000A0
000A7
000AB
000AB
000A7
0009F
00094
00085
00074
00060
0004A
00032
00019
00000
3FFE7
3FFCE
3FFB6
3FFA0
3FF8C
3FF7B
3FF6C
3FF61
3FF59
3FF55
3FF55
3FF59
3FF60
3FF6B
3FF79
3FF8A
3FF9E
3FFB4
3FFCC
3FFE5
3FFFE
00018
00031
0004A
00061
00075
00088
00097
000A3
000AC
000B1
000B2
000B0
000AA
000A0
00092
00082
0006F
0005A
00043
0002A
00011
3FFF8
3FFDE
3FFC6
3FFAF
3FF9A
3FF88
3FF78
3FF6C
3FF63
3FF5D
3FF5B
3FF5D
3FF63
3FF6D
3FF7A
3FF8A
3FF9C
3FFB2
3FFC9
3FFE1
3FFFB
00015
0002E
00047
0005F
00074
00088
00098
000A6
000B0
000B7
000B9
000B8
000B4
000AB
0009F
00090
0007E
0006A
00053
0003B
00022
00009
3FFEF
3FFD6
3FFBF
3FFA9
3FF96
3FF85
3FF77
3FF6C
3FF65
3FF62
3FF63
3FF67
3FF6F
3FF7B
3FF8A
3FF9B
3FFB0
3FFC6
3FFDE
3FFF8
00011
0002B
00044
0005D
00073
00087
00099
000A8
000B4
000BC
000C0
000C1
000BD
000B6
000AC
0009E
0008D
00079
00063
0004C
00033
0001A
00000
3FFE7
3FFCF
3FFB8
3FFA4
3FF92
3FF83
3FF77
3FF6E
3FF69
3FF68
3FF6B
3FF72
3FF7C
3FF8A
3FF9B
3FFAE
3FFC4
3FFDB
3FFF4
0000E
00028
00042
0005A
00072
00087
0009A
000AA
000B7
000C0
000C6
000C8
000C7
000C1
000B8
000AB
0009B
00089
00074
0005D
00044
0002B
00011
3FFF8
3FFDF
3FFC8
3FFB2
3FF9F
3FF8F
3FF81
3FF77
3FF71
3FF6F
3FF70
3FF75
3FF7E
3FF8A
3FF9A
3FFAD
3FFC2
3FFD9
3FFF1
0000B
00025
0003F
00058
00070
00086
0009A
000AC
000BA
000C5
000CC
000D0
000CF
000CB
000C4
000B8
000AA
00098
00084
0006D
00055
0003C
00022
00008
3FFEF
3FFD7
3FFC1
3FFAD
3FF9B
3FF8C
3FF81
3FF79
3FF75
3FF75
3FF79
3FF80
3FF8B
3FF9A
3FFAB
3FFBF
3FFD6
3FFEE
00007
00022
0003C
00055
0006E
00085
0009A
000AD
000BD
000C9
000D2
000D7
000D8
000D6
000CF
000C5
000B8
000A7
00094
0007E
00066
0004D
00034
0001A
00000
3FFE7
3FFD0
3FFBB
3FFA8
3FF98
3FF8B
3FF82
3FF7D
3FF7B
3FF7D
3FF83
3FF8D
3FF9A
3FFAA
3FFBE
3FFD3
3FFEB
00004
0001E
00039
00053
0006C
00084
0009A
000AE
000BF
000CD
000D7
000DE
000E0
000DF
000DA
000D2
000C5
000B6
000A3
0008E
00077
0005F
00045
0002B
00011
3FFF8
3FFE0
3FFC9
3FFB5
3FFA4
3FF96
3FF8B
3FF84
3FF81
3FF82
3FF86
3FF8F
3FF9A
3FFAA
3FFBC
3FFD1
3FFE8
00001
0001B
00036
00050
0006A
00083
0009A
000AF
000C1
000D0
000DC
000E4
000E8
000E9
000E5
000DE
000D3
000C5
000B3
0009F
00089
00070
00057
0003D
00022
00008
3FFF0
3FFD8
3FFC3
3FFB1
3FFA1
3FF95
3FF8C
3FF88
3FF87
3FF8A
3FF91
3FF9B
3FFAA
3FFBB
3FFCF
3FFE6
3FFFE
00018
00032
0004D
00068
00081
00099
000AF
000C3
000D3
000E1
000EA
000F0
000F2
000F0
000EA
000E1
000D4
000C3
000B0
0009A
00082
00069
0004E
00034
0001A
00000
3FFE8
3FFD2
3FFBE
3FFAD
3FF9F
3FF95
3FF8F
3FF8C
3FF8E
3FF93
3FF9D
3FFAA
3FFBA
3FFCD
3FFE3
3FFFB
00015
0002F
0004A
00065
00080
00098
000B0
000C4
000D6
000E5
000F0
000F8
000FB
000FB
000F7
000EE
000E2
000D3
000C0
000AB
00094
0007B
00061
00046
0002B
00011
3FFF8
3FFE1
3FFCC
3FFB9
3FFAA
3FF9F
3FF97
3FF93
3FF93
3FF97
3FF9E
3FFAA
3FFB9
3FFCC
3FFE1
3FFF8
00012
0002C
00048
00063
0007E
00098
000B0
000C6
000D9
000E9
000F6
000FF
00104
00105
00102
000FC
000F1
000E3
000D1
000BD
000A6
0008D
00073
00058
0003D
00022
00008
3FFF0
3FFDA
3FFC6
3FFB6
3FFA8
3FF9F
3FF99
3FF98
3FF9A
3FFA1
3FFAB
3FFB9
3FFCB
3FFDF
3FFF6
0000F
00029
00045
00060
0007C
00096
000B0
000C7
000DB
000ED
000FB
00106
0010D
00110
0010E
00109
00100
000F3
000E2
000CE
000B8
000A0
00086
0006B
0004F
00034
00019
00000
3FFE9
3FFD4
3FFC2
3FFB3
3FFA8
3FFA1
3FF9D
3FF9E
3FFA3
3FFAC
3FFB9
3FFCA
3FFDD
3FFF3
0000C
00026
00042
0005E
0007A
00095
000AF
000C8
000DE
000F1
00101
0010D
00115
0011A
0011A
00116
0010E
00102
000F3
000E0
000CB
000B3
00099
0007E
00062
00046
0002B
00011
3FFF8
3FFE2
3FFCE
3FFBE
3FFB1
3FFA9
3FFA4
3FFA3
3FFA7
3FFAE
3FFBA
3FFC9
3FFDC
3FFF1
00009
00024
0003F
0005B
00078
00094
000AF
000C9
000E0
000F4
00106
00114
0011E
00124
00126
00123
0011D
00112
00104
000F2
000DD
000C6
000AC
00091
00075
00059
0003D
00022
00008
3FFF1
3FFDC
3FFCA
3FFBC
3FFB1
3FFAB
3FFA8
3FFAA
3FFB1
3FFBB
3FFC9
3FFDB
3FFEF
00007
00021
0003C
00059
00076
00093
000AF
000C9
000E2
000F8
0010B
0011A
00126
0012E
00131
00131
0012C
00122
00115
00104
000F0
000D9
000C0
000A5
00089
0006C
0004F
00033
00019
00000
3FFEA
3FFD6
3FFC6
3FFBA
3FFB2
3FFAE
3FFAF
3FFB3
3FFBC
3FFC9
3FFDA
3FFEE
00005
0001E
0003A
00057
00074
00092
000AE
000CA
000E4
000FB
00110
00121
0012E
00138
0013D
0013E
0013A
00133
00127
00117
00104
000ED
000D4
000BA
0009D
00080
00063
00046
0002A
00010
3FFF8
3FFE4
3FFD2
3FFC4
3FFBA
3FFB5
3FFB3
3FFB7
3FFBE
3FFCA
3FFD9
3FFED
00003
0001C
00038
00054
00072
00090
000AE
000CB
000E6
000FF
00115
00128
00137
00142
00149
0014B
00149
00143
00138
0012A
00117
00102
000E9
000CF
000B2
00095
00077
00059
0003C
00021
00008
3FFF1
3FFDE
3FFCF
3FFC3
3FFBC
3FFB9
3FFBA
3FFC1
3FFCB
3FFD9
3FFEC
00002
0001A
00035
00052
00070
0008F
000AE
000CC
000E8
00102
0011A
0012E
0013F
0014C
00155
00159
00159
00154
0014A
0013D
0012C
00117
000FF
000E4
000C8
000AA
0008B
0006D
0004F
00032
00018
00000
3FFEB
3FFDA
3FFCD
3FFC4
3FFBF
3FFBF
3FFC3
3FFCD
3FFDA
3FFEB
00000
00019
00034
00051
0006F
0008E
000AE
000CC
000EA
00106
0011F
00135
00148
00156
00161
00167
00168
00165
0015D
00151
00140
0012C
00114
000FA
000DE
000C0
000A1
00081
00062
00045
00029
0000F
3FFF9
3FFE6
3FFD7
3FFCC
3FFC6
3FFC4
3FFC7
3FFCF
3FFDB
3FFEB
00000
00017
00032
0004F
0006E
0008E
000AE
000CE
000EC
00109
00124
0013C
00150
00161
0016D
00175
00178
00176
00170
00165
00155
00142
0012B
00111
000F5
000D6
000B7
00097
00077
00058
0003B
00020
00007
3FFF3
3FFE2
3FFD5
3FFCD
3FFCA
3FFCB
3FFD1
3FFDC
3FFEC
3FFFF
00016
00031
0004E
0006D
0008D
000AE
000CF
000EF
0010E
0012A
00144
0015A
0016C
0017A
00184
00189
00188
00183
0017A
0016B
00159
00142
00129
0010C
000EE
000CE
000AD
0008C
0006C
0004D
00030
00017
00000
3FFED
3FFDF
3FFD5
3FFD0
3FFD0
3FFD4
3FFDE
3FFEC
3FFFF
00016
00030
0004D
0006C
0008D
000AF
000D1
000F2
00112
00130
0014B
00164
00178
00188
00193
0019A
0019B
00198
0018F
00182
00170
0015B
00141
00125
00106
000E5
000C4
000A2
00081
00060
00042
00027
0000E
3FFFA
3FFE9
3FFDD
3FFD7
3FFD5
3FFD8
3FFE1
3FFEE
00000
00016
00030
0004D
0006C
0008E
000B0
000D3
000F6
00117
00137
00154
0016E
00184
00196
001A4
001AC
001AF
001AD
001A6
0019A
00189
00174
0015B
0013F
0011F
000FE
000DC
000B9
00096
00075
00055
00037
0001D
00007
3FFF4
3FFE7
3FFDE
3FFDB
3FFDC
3FFE3
3FFF0
00001
00016
00030
0004D
0006D
0008F
000B2
000D6
000FA
0011D
0013F
0015E
0017A
00192
001A6
001B5
001BF
001C4
001C4
001BE
001B3
001A3
0018F
00176
00159
0013A
00118
000F5
000D1
000AD
0008A
00068
00049
0002D
00014
00000
3FFF0
3FFE6
3FFE1
3FFE1
3FFE7
3FFF2
00002
00017
00031
0004E
0006E
00091
000B5
000DB
00100
00125
00148
00169
00187
001A1
001B7
001C8
001D4
001DB
001DC
001D8
001CE
001BF
001AB
00192
00176
00156
00133
0010F
000EA
000C4
000A0
0007C
0005B
0003D
00022
0000C
3FFFB
3FFEE
3FFE8
3FFE6
3FFEB
3FFF5
00005
00019
00032
00050
00070
00094
000B9
000E0
00107
0012E
00153
00176
00196
001B2
001CA
001DD
001EB
001F4
001F6
001F3
001EA
001DC
001C8
001B0
00193
00173
00150
0012A
00104
000DD
000B6
00091
0006E
0004E
00031
00019
00005
3FFF7
3FFEF
3FFEC
3FFEF
3FFF9
00007
0001C
00035
00053
00074
00099
000BF
000E7
00110
00139
00160
00185
001A7
001C6
001E0
001F5
00205
0020F
00213
00211
00209
001FC
001E8
001D0
001B3
00192
0016E
00147
0011F
000F6
000CE
000A6
00081
0005E
00040
00025
00010
00000
3FFF6
3FFF2
3FFF4
3FFFD
0000B
0001F
00039
00057
00079
0009F
000C7
000F1
0011C
00147
00170
00197
001BC
001DD
001F9
00211
00222
0022E
00234
00233
0022C
0021E
0020B
001F2
001D5
001B3
0018D
00165
0013B
00110
000E5
000BC
00094
0006F
0004E
00032
0001A
00008
3FFFD
3FFF8
3FFF9
00001
0000F
00024
0003E
0005D
00081
000A8
000D2
000FF
0012C
00159
00185
001AF
001D6
001F9
00218
00232
00245
00253
0025A
0025A
00253
00246
00232
00218
001FA
001D6
001AF
00184
00158
0012B
000FD
000D1
000A6
0007F
0005B
0003D
00023
00010
00003
3FFFD
3FFFE
00005
00014
00029
00045
00065
0008B
000B5
000E2
00111
00141
00171
001A0
001CE
001F8
0021E
0023F
0025B
00270
0027F
00287
00287
00281
00273
0025E
00243
00222
001FD
001D3
001A5
00176
00145
00114
000E5
000B7
0008D
00066
00045
0002A
00015
00007
00000
00001
00009
00019
00030
0004E
00071
0009A
000C7
000F8
0012B
0015F
00193
001C6
001F7
00225
0024E
00272
00290
002A7
002B7
002C0
002C0
002B8
002A9
00292
00275
00251
00227
001F9
001C8
00194
0015F
0012A
000F6
000C4
00096
0006D
00049
0002B
00015
00006
00000
00002
0000C
0001E
00038
0005A
00082
000AF
000E2
00118
00151
0018B
001C5
001FD
00233
00265
00293
002BA
002DA
002F3
00304
0030C
0030B
00301
002EF
002D4
002B2
00289
00259
00225
001ED
001B2
00177
0013B
00101
000CA
00097
00069
00042
00023
0000C
3FFFD
3FFF8
3FFFC
0000A
00022
00042
0006A
0009A
000D0
0010B
0014A
0018C
001CF
00212
00253
00290
002C9
002FC
00327
0034B
00365
00376
0037C
00378
0036A
00352
00330
00305
002D2
00299
0025A
00217
001D1
0018A
00144
00101
000C1
00087
00053
00028
00006
3FFEE
3FFE2
3FFE0
3FFEA
00000
00021
0004C
00082
000C0
00105
00150
001A0
001F3
00246
00298
002E8
00332
00377
003B3
003E6
0040E
0042A
0043A
0043D
00433
0041C
003F8
003C8
0038D
00348
002FB
002A8
00250
001F5
00199
00140
000EA
0009A
00052
00013
3FFE1
3FFBB
3FFA3
3FF9A
3FFA1
3FFB8
3FFDE
00013
00057
000A8
00105
0016C
001DA
0024E
002C6
0033D
003B3
00424
0048E
004EE
00542
00588
005BE
005E3
005F5
005F3
005DF
005B6
0057B
0052D
004CF
00463
003EA
00367
002DD
0024F
001C1
00135
000B0
00035
3FFC6
3FF68
3FF1D
3FEE8
3FECB
3FEC8
3FEE1
3FF16
3FF67
3FFD5
0005F
00102
001BE
00290
00375
0046A
0056A
00673
0077E
00889
0098F
00A8B
00B78
00C54
00D19
00DC4
00E53
00EC3
00F11
00F3E
00F47
00F2D
00EF0
00E8F
00E0A
00D5A
00C6F
00B1D
008D6
00357
3E913
0E5FA
3B918
01B7E
36F0F
00E61
39AF0
35BD0
000F1
06479
3D557
34554
0714F
083B3
027FA
091DD
02176
3A851
05541
3D1D4
09684
390F1
0D3B4
0F355
39B25
3A683
020F2
36CC4
033E2
04180
0DEB3
00ACF
3D98F
05110
0AA60
3CB97
3FEA1
36540
3F90C
3C4A1
0134E
347C3
3921D
0F01B
035CE
3CD08
3DD21
37C2D
3E8A7
0BFC9
118E4
09765
321C2
378FE
3BD53
06D12
09D6B
00907
09616
34A54
2E318
089E6
3918E
3A228
3988C
3592B
3CD9C
066D1
33000
0CC3C
01FF3
0328B
102B3
2DFC9
01771
06F13
01725
3EF40
3FA70
3A555
3AC70
399E0
01803
2E88F
07403
03FB9
0277E
097F1
3ED0B
03DD3
39BCF
06457
37AF1
0AAB5
02EA6
0674B
09E1A
06E54
02311
3515E
01D3C
3C5BB
39FE2
05251
3CA17
02B7A
3FFC4
0A2A8
0FA6F
33F6C
2AA98
0E78D
36865
0210D
00674
02EDC
0DD7C
0A73A
08951
3BFCA
37261
36699
0B653
3E1FA
06D52
3E1F8
3FCAA
043C2
3CC8C
32A5A
36F14
29559
3E3FF
0808B
07881
39828
06A65
05ED8
3B7F0
01FEF
1DEA5
02FF6
361B6
30C4B
3ACF2
3DD82
01C14
0ECA3
032BF
071C1
0E296
02AA4
3471C
38AE5
00B33
3689B
3FC3A
01452
2A0C1
3AC7A
33C1F
0883B
02227
3F076
025A1
3B179
3728A
350CB
01924
0FF6E
02FBA
0C986
0536E
0552C
08C1B
3E56E
3B4B8
01235
3D9EA
339BB
00634
3357F
09735
0F989
0CA9F
3A62E
3E605
14A52
003EA
3C138
3D14F
3FE7D
3CFA5
07467
3C037
00462
3D083
032A4
2BF79
07A39
0070A
0142B
2F9FF
3C719
0516E
00EB3
3DE02
01619
120A5
079A6
3D132
03DE9
055BD
04400
048FF
3A949
39785
0274F
0F997
019F1
3A7F1
3501F
3594D
060BA
3BEAE
36D14
04951
00D73
1222E
33D4A
3FA2B
05CF2
34ED6
3B982
37B5F
05E9F
0398C
1470F
3BC74
3D715
395A8
32118
2F27C
0B702
3CEA3
0091B
02BFA
36E34
03C3E
3F854
042F5
08A55
2E2F3
0F28D
0C0CA
3F873
0433B
094A2
3D442
3C906
39315
39F12
0D27C
012FC
3CA8E
3AFF1
074BE
34029
3726D
0D6D0
3C9C1
1563B
0EB72
3632C
3F8D9
3FB6B
3A156
3E5AA
0EC3B
38D62
3FC0B
009E0
3DD27
0DDC6
3DA8F
3C791
39F7B
3BE74
37A1E
00BA8
3D157
39771
39BA5
0547A
04492
02F5A
3B3AB
39852
0D8D9
03D64
2E8DD
3F81B
14EBE
3A740
08C62
3D572
0AADF
0564A
3165E
0EF80
058F0
3BBAF
03165
01D9F
3CF8C
3FCD7
025E4
3B6F4
2644C
0B5E0
3A475
0F936
32E97
10778
061EB
3C18E
0890D
3F40A
30AA9
38940
05AA5
3A856
39E1F
0083D
00683
01B38
3AE89
0F8AE
02CCF
3B7D2
0500F
01F4C
00CB1
01CA7
0332F
02E56
35B9E
3FE0C
398E5
3AA9C
0481D
2E805
3BE89
09F93
01799
081EA
09B4D
3B75F
0D234
33456
330CE
3FE7D
05C85
0E409
0022A
0F21F
02E59
06C45
0B2B4
2DF40
3A1FD
083B7
017E9
018C8
04542
3C1E8
09F5D
3B0CE
2CF8D
3CD7D
0BAC2
359E6
3AB19
079D2
017AA
3E0E8
09B7E
39791
0D739
0A34D
3438A
2FCCB
39CD5
01385
3AA7B
004B7
34067
00D54
06331
07DE1
328BE
0B9C5
05DEC
0736A
0B658
3B73F
09732
032E4
121F8
375DF
3DAEE
099FF
01116
06340
0536C
04282
38B12
03E88
3F896
39EDA
2A12C
3DB8C
0F501
3FCEC
3D2B8
0D355
0CC52
3CB88
04517
36B1B
3F75F
29044
05000
0634D
3516F
3F153
3D79E
025F2
034EE
3655B
3B9E2
0C504
38582
00EAD
0578F
03A5A
0128E
3C5B5
3787B
08B44
3FA93
3678F
0426A
3D004
3FD49
08A37
3A647
0E309
2ECCE
3A3C7
3F135
3B55F
04399
0BDF1
0D043
07516
06AB0
038C5
02E04
00749
18FF6
04549
36051
39994
3C71F
07A28
00DD6
3AF6F
0C3BD
10932
061CB
3CEE8
31BC2
0A97F
0927B
3D766
0D5EB
16B57
374E8
3F90A
3FC1F
3D3F7
17682
0D066
3F1E7
038B3
0EE59
089D0
32DFE
34AAA
0CFBA
2557F
1163B
3C567
3D120
3388C
336C9
3CADE
0999B
02C59
05E57
0A909
03C54
3A4EF
019BE
3EDDA
1285A
0C3B3
33CD9
39F7A
08319
3C0CA
3FBF4
057C2
00000
02D8F
0A43D
38A47
0B530
07BE6
05062
3E662
3BDBC
03C09
31959
3B503
32E5B
3EB84
0D8FA
3E9E5
36703
3B472
33C83
03C00
049C8
01740
01116
380C9
3BEC3
17503
3D740
35C7F
0332C
39D87
3B0A1
3A633
3131E
0864B
002DA
3CE90
3943A
38657
01C21
3AF1C
34C0B
027DC
37CDE
3C561
07A5E
2BB61
3D0A0
04059
3AA2B
3A146
38412
381DC
003F8
39548
32E11
0B2E1
04CA2
3A6CD
13828
01DD0
3CA29
150D9
3C1B1
3AA45
052BB
3B24B
30C38
00CAD
37610
014F2
2CD12
3254B
38E13
38890
00A43
3D3FC
3EE70
07B78
322ED
00AEF
33AA8
0CAEB
3E0EC
061FE
3557C
08B7B
02293
005C1
0B8BC
06089
29F52
3E5B4
3D1E8
3EB19
06EDD
0B04F
0A335
3FEC5
02357
0071D
37C7D
3E5F8
0744F
0604E
0C123
3EF40
049EF
0EDF7
3DEA7
0ABDD
26E95
38AA1
0A693
02B39
3CD94
02AFC
2DE37
3F77B
0591F
34EF9
3F812
3E657
11F19
04E42
06DEB
3BF6D
03145
05161
36309
38AC4
37023
2E0BD
08024
3A8E3
3EC9F
3AF03
34690
394EB
00430
3EA45
3B0B4
0487D
3E58E
09152
3A999
02C9F
3F711
33068
368D7
332BA
074BD
11CE7
02374
313EE
3D90E
34160
35B4D
3DE80
1AFCF
38B5F
048CB
3CD5E
04175
3DC57
3F3FE
00053
3DD5A
0B0B3
0D674
3996B
0A60F
053AF
00023
08748
02D46
32C98
36398
37817
357DD
02B28
08EA2
0AD14
0BEBC
1B2A9
014F2
00DBE
319D8
30D3E
03DEC
3A65E
3BD04
01285
394B9
3DD8E
3ED35
050DA
3B29B
0385C
00941
31021
36B19
03E5B
38DB7
3CCCD
07B5A
3931B
062DA
3C5BE
0122D
3995B
05FCA
04D88
08B8F
33957
3CD09
0A938
093AC
0752D
03DFF
3549B
3C90C
34032
38861
10CE5
0DE2C
0503F
07585
3A860
346D5
3DBBE
0084F
3A68B
2A477
01453
36C5D
0655D
006C4
3C651
3B3D2
32ED0
09CE6
04308
05FEF
007D2
09CD2
01A06
02D29
2E90B
3F6E4
06160
37F72
3BB0C
3E647
051D7
3BEFD
09A35
3A07F
06F07
37071
3D88C
11699
388C7
04081
08042
387D3
0C916
04104
359A4
08530
35FDB
07C22
3F3BD
3CCDF
3FA4D
354CF
00562
0C3D3
3801E
36BCC
395C7
344E2
39187
06C23
3EC0B
086B5
03F09
11C59
3C37F
39167
37D4C
0281B
1A193
063BA
3C3C4
394D1
03691
308B5
12AE5
39B22
36CAF
391BC
32EFB
0929B
0770D
3FAEB
3A0FF
39D2A
058D8
052E2
01B3D
35243
3AAF4
0398C
3F6D7
0504C
34FA5
3946B
112DF
3CB41
3C77C
09CBF
3AE9E
33433
0795C
0D2DC
3DF9F
04A51
04447
090D7
3EB18
31C7F
0D6DF
36FFA
281BE
00A47
10733
3C480
00C9B
367E9
3F979
04DB8
3849F
3D30A
36FB1
02C82
3D72A
08178
3847A
3A9BB
37AEB
3EDA0
3C62C
04CE2
3E88F
07B22
3C8F0
00F95
02A52
00627
0AA9A
07859
3671D
0155C
34715
0B496
3F354
0CDB0
0B1D1
3DFA8
0070E
0409F
0C7B5
01324
3942C
3F0EA
0008D
086FA
2EFB5
0A1D2
31C48
06712
31FDC
3CE77
319D1
00C40
36781
3C13B
02458
0C030
35BCA
093E8
34B75
3C69E
013CC
08568
10772
3BB1E
07924
0DCE3
06943
00ECE
05DD3
3EC18
376AE
380B5
3CC7E
037BB
07F77
3B9A4
02F34
2916E
04395
01DDC
345CD
08D1A
29437
36AE8
2FFA1
0258E
0290A
0A905
3FBE2
3BB96
38C3C
3CFD8
0911C
088D5
0CAC4
39F6C
3A99C
02A31
3E14B
03A41
00E75
3EA99
087D1
098BB
002BB
00A92
39A52
35CBC
3E3D3
01AD4
0CC69
0AA6B
2D07A
396A8
0A493
062CF
39C42
3B8FA
07F43
3ED45
0B438
02F2A
00C8B
0382E
3EE83
01A55
312F4
355E9
38926
365E9
081DC
02CA0
02DFE
3D753
064BD
32BA2
3BC98
03CEC
0B20E
35B62
0D8C4
006A8
3ED47
39043
3BAE5
06159
39290
0109A
05585
0A70A
3DA05
098B6
371CD
21C29
03B34
3F18F
3AE6D
08E99
0A31A
09685
36DEF
0D844
04D77
02940
003AF
36AFF
3AF92
33E6F
39B65
049E4
34E14
0CD5D
0510E
02491
00E12
3DAD1
02972
39B3D
3D215
08A02
246B7
36158
3E14B
0D654
3571B
00967
0C43E
02D72
0DAF5
3B1C0
01BAB
3DA8E
3E88E
3ED1B
3EF52
3F08C
3F148
3F1C2
3F21D
3F26A
3F2B9
3F30F
3F373
3F3E7
3F46D
3F504
3F5AD
3F664
3F729
3F7F7
3F8CC
3F9A5
3FA7D
3FB51
3FC1E
3FCDF
3FD92
3FE34
3FEC2
3FF39
3FF99
3FFDF
0000C
0001F
00017
3FFF7
3FFBF
3FF72
3FF10
3FE9E
3FE1D
3FD91
3FCFE
3FC66
3FBCE
3FB37
3FAA7
3FA20
3F9A4
3F938
3F8DB
3F892
3F85D
3F83C
3F832
3F83D
3F85D
3F892
3F8DB
3F935
3F99E
3FA15
3FA97
3FB20
3FBAF
3FC40
3FCCF
3FD5B
3FDE1
3FE5D
3FECD
3FF30
3FF83
3FFC5
3FFF4
00011
0001B
00012
3FFF6
3FFC9
3FF8C
3FF40
3FEE8
3FE85
3FE1A
3FDAA
3FD37
3FCC3
3FC51
3FBE5
3FB7F
3FB23
3FAD3
3FA8F
3FA5A
3FA35
3FA20
3FA1B
3FA28
3FA44
3FA71
3FAAC
3FAF4
3FB47
3FBA5
3FC0A
3FC75
3FCE3
3FD51
3FDBF
3FE28
3FE8B
3FEE7
3FF38
3FF7E
3FFB8
3FFE3
00000
0000E
0000C
3FFFC
3FFDE
3FFB2
3FF79
3FF36
3FEEA
3FE96
3FE3D
3FDE0
3FD82
3FD24
3FCCA
3FC75
3FC26
3FBE0
3FBA4
3FB73
3FB4F
3FB38
3FB2E
3FB32
3FB44
3FB62
3FB8D
3FBC4
3FC04
3FC4E
3FC9E
3FCF4
3FD4D
3FDA8
3FE02
3FE5A
3FEAD
3FEFB
3FF41
3FF7E
3FFB1
3FFD9
3FFF4
00004
00006
3FFFD
3FFE7
3FFC5
3FF99
3FF63
3FF25
3FEE0
3FE95
3FE48
3FDF8
3FDA9
3FD5B
3FD11
3FCCC
3FC8E
3FC58
3FC2C
3FC09
3FBF2
3FBE5
3FBE5
3FBF0
3FC06
3FC27
3FC52
3FC87
3FCC3
3FD05
3FD4D
3FD98
3FDE5
3FE32
3FE7E
3FEC7
3FF0B
3FF49
3FF7F
3FFAE
3FFD2
3FFED
3FFFD
00002
3FFFD
3FFEC
3FFD2
3FFAE
3FF81
3FF4D
3FF13
3FED4
3FE91
3FE4C
3FE06
3FDC2
3FD81
3FD43
3FD0B
3FCDA
3FCB0
3FC90
3FC78
3FC6A
3FC67
3FC6D
3FC7E
3FC98
3FCBC
3FCE7
3FD1A
3FD52
3FD90
3FDD1
3FE14
3FE58
3FE9B
3FEDB
3FF18
3FF50
3FF82
3FFAC
3FFCF
3FFE8
3FFF9
00000
3FFFD
3FFF1
3FFDC
3FFBF
3FF99
3FF6C
3FF3A
3FF03
3FEC8
3FE8B
3FE4E
3FE11
3FDD6
3FD9E
3FD6B
3FD3D
3FD16
3FCF7
3FCDF
3FCD1
3FCCB
3FCCE
3FCDB
3FCF0
3FD0D
3FD32
3FD5D
3FD8E
3FDC4
3FDFD
3FE39
3FE75
3FEB1
3FEEC
3FF23
3FF56
3FF84
3FFAC
3FFCD
3FFE6
3FFF7
3FFFF
3FFFF
3FFF6
3FFE5
3FFCC
3FFAC
3FF86
3FF5A
3FF29
3FEF5
3FEBE
3FE87
3FE4F
3FE19
3FDE6
3FDB7
3FD8C
3FD67
3FD49
3FD32
3FD22
3FD1B
3FD1C
3FD25
3FD36
3FD4E
3FD6E
3FD93
3FDBF
3FDEE
3FE21
3FE57
3FE8E
3FEC4
3FEF9
3FF2C
3FF5C
3FF87
3FFAC
3FFCC
3FFE4
3FFF6
3FFFF
00001
3FFFB
3FFEE
3FFD9
3FFBD
3FF9B
3FF74
3FF49
3FF1A
3FEE8
3FEB6
3FE83
3FE51
3FE22
3FDF5
3FDCD
3FDAA
3FD8D
3FD76
3FD66
3FD5D
3FD5C
3FD62
3FD70
3FD84
3FD9F
3FDC0
3FDE7
3FE11
3FE3F
3FE70
3FEA2
3FED4
3FF05
3FF34
3FF61
3FF89
3FFAD
3FFCC
3FFE4
3FFF6
00000
00004
00000
3FFF5
3FFE4
3FFCC
3FFAE
3FF8B
3FF64
3FF3A
3FF0D
3FEDE
3FEAF
3FE81
3FE55
3FE2B
3FE04
3FDE3
3FDC6
3FDAF
3FD9F
3FD95
3FD92
3FD96
3FDA0
3FDB2
3FDC9
3FDE6
3FE09
3FE2F
3FE59
3FE85
3FEB3
3FEE1
3FF0F
3FF3C
3FF65
3FF8C
3FFAE
3FFCC
3FFE4
3FFF6
00002
00006
00005
3FFFD
3FFEE
3FFD9
3FFBF
3FFA0
3FF7C
3FF55
3FF2C
3FF01
3FED6
3FEAA
3FE80
3FE59
3FE34
3FE14
3FDF8
3FDE1
3FDD0
3FDC5
3FDC0
3FDC2
3FDCA
3FDD9
3FDED
3FE07
3FE26
3FE48
3FE6F
3FE97
3FEC2
3FEED
3FF18
3FF42
3FF6A
3FF8F
3FFB0
3FFCD
3FFE4
3FFF7
00003
00009
0000A
00003
3FFF7
3FFE5
3FFCE
3FFB2
3FF92
3FF6E
3FF48
3FF20
3FEF8
3FECF
3FEA7
3FE81
3FE5E
3FE3E
3FE23
3FE0C
3FDFB
3FDEF
3FDE9
3FDE9
3FDEF
3FDFB
3FE0D
3FE23
3FE3F
3FE5F
3FE82
3FEA7
3FECF
3FEF7
3FF20
3FF47
3FF6D
3FF91
3FFB1
3FFCD
3FFE5
3FFF8
00005
0000C
0000E
0000A
00000
3FFF1
3FFDC
3FFC3
3FFA6
3FF85
3FF62
3FF3C
3FF16
3FEF0
3FECA
3FEA6
3FE84
3FE65
3FE4A
3FE33
3FE21
3FE14
3FE0D
3FE0B
3FE10
3FE19
3FE29
3FE3D
3FE55
3FE72
3FE93
3FEB5
3FEDA
3FF00
3FF27
3FF4C
3FF71
3FF93
3FFB2
3FFCE
3FFE6
3FFF9
00007
0000F
00013
00010
00008
3FFFB
3FFE9
3FFD2
3FFB8
3FF99
3FF79
3FF56
3FF32
3FF0D
3FEE9
3FEC6
3FEA5
3FE87
3FE6C
3FE56
3FE43
3FE36
3FE2D
3FE2A
3FE2D
3FE35
3FE41
3FE53
3FE6A
3FE84
3FEA2
3FEC2
3FEE5
3FF08
3FF2D
3FF51
3FF74
3FF95
3FFB4
3FFCF
3FFE7
3FFFA
00009
00012
00017
00016
00010
00005
3FFF5
3FFE0
3FFC8
3FFAC
3FF8E
3FF6D
3FF4B
3FF28
3FF06
3FEE4
3FEC4
3FEA7
3FE8C
3FE75
3FE63
3FE54
3FE4B
3FE47
3FE47
3FE4D
3FE58
3FE68
3FE7C
3FE94
3FEAF
3FECD
3FEEE
3FF10
3FF32
3FF55
3FF77
3FF97
3FFB5
3FFD0
3FFE7
3FFFB
0000A
00015
0001B
0001B
00017
0000E
00000
3FFEE
3FFD8
3FFBE
3FFA1
3FF83
3FF62
3FF41
3FF20
3FF00
3FEE1
3FEC4
3FEA9
3FE92
3FE7F
3FE70
3FE66
3FE60
3FE60
3FE64
3FE6D
3FE7A
3FE8C
3FEA2
3FEBC
3FED8
3FEF6
3FF16
3FF37
3FF58
3FF79
3FF98
3FFB6
3FFD1
3FFE8
3FFFC
0000C
00018
0001F
00021
0001E
00016
0000A
3FFFA
3FFE6
3FFCE
3FFB4
3FF97
3FF78
3FF59
3FF39
3FF19
3FEFB
3FEDF
3FEC4
3FEAD
3FE9A
3FE8A
3FE7F
3FE78
3FE76
3FE79
3FE80
3FE8C
3FE9C
3FEB0
3FEC7
3FEE1
3FEFE
3FF1C
3FF3C
3FF5C
3FF7B
3FF9A
3FFB7
3FFD1
3FFE9
3FFFD
0000E
0001A
00022
00026
00024
0001F
00014
00006
3FFF3
3FFDD
3FFC5
3FFA9
3FF8C
3FF6E
3FF50
3FF31
3FF14
3FEF8
3FEDE
3FEC7
3FEB3
3FEA2
3FE96
3FE8E
3FE8B
3FE8C
3FE92
3FE9C
3FEAA
3FEBC
3FED2
3FEEA
3FF05
3FF22
3FF40
3FF5F
3FF7D
3FF9B
3FFB8
3FFD2
3FFEA
3FFFE
0000F
0001D
00026
0002A
0002A
00026
0001D
00011
00000
3FFEC
3FFD5
3FFBB
3FFA0
3FF83
3FF65
3FF48
3FF2B
3FF0F
3FEF5
3FEDE
3FECA
3FEB9
3FEAC
3FEA3
3FE9F
3FE9E
3FEA2
3FEAB
3FEB7
3FEC8
3FEDC
3FEF2
3FF0C
3FF27
3FF44
3FF62
3FF7F
3FF9C
3FFB8
3FFD2
3FFEA
3FFFF
00011
0001F
00029
0002F
00030
0002D
00026
0001B
0000C
3FFF9
3FFE4
3FFCC
3FFB2
3FF96
3FF7A
3FF5D
3FF41
3FF25
3FF0C
3FEF5
3FEE0
3FECF
3FEC1
3FEB7
3FEB1
3FEAF
3FEB2
3FEB9
3FEC4
3FED3
3FEE5
3FEFA
3FF12
3FF2C
3FF48
3FF64
3FF81
3FF9D
3FFB9
3FFD3
3FFEB
00000
00012
00021
0002C
00033
00035
00034
0002E
00025
00017
00006
3FFF2
3FFDC
3FFC3
3FFA8
3FF8D
3FF71
3FF55
3FF3B
3FF21
3FF0A
3FEF5
3FEE3
3FED4
3FECA
3FEC3
3FEC0
3FEC1
3FEC7
3FED0
3FEDD
3FEEE
3FF02
3FF18
3FF31
3FF4B
3FF67
3FF83
3FF9E
3FFB9
3FFD3
3FFEB
00001
00013
00023
0002E
00036
0003A
0003A
00036
0002E
00022
00013
00000
3FFEB
3FFD3
3FFBA
3FF9F
3FF84
3FF69
3FF4F
3FF36
3FF1E
3FF09
3FEF7
3FEE7
3FEDC
3FED4
3FED0
3FECF
3FED3
3FEDB
3FEE7
3FEF6
3FF09
3FF1E
3FF35
3FF4E
3FF69
3FF84
3FF9F
3FFBA
3FFD3
3FFEB
00001
00014
00024
00031
0003A
0003F
00040
0003D
00037
0002C
0001E
0000D
3FFF9
3FFE3
3FFCA
3FFB1
3FF97
3FF7C
3FF62
3FF49
3FF32
3FF1C
3FF09
3FEF9
3FEED
3FEE4
3FEDF
3FEDD
3FEE0
3FEE6
3FEF1
3FEFE
3FF0F
3FF23
3FF39
3FF51
3FF6B
3FF85
3FFA0
3FFBA
3FFD4
3FFEC
00002
00015
00026
00033
0003D
00044
00046
00044
0003F
00036
00029
0001A
00007
3FFF2
3FFDB
3FFC2
3FFA8
3FF8E
3FF75
3FF5C
3FF44
3FF2F
3FF1B
3FF0B
3FEFD
3FEF4
3FEED
3FEEB
3FEEC
3FEF1
3FEFA
3FF06
3FF16
3FF28
3FF3D
3FF54
3FF6D
3FF87
3FFA1
3FFBB
3FFD4
3FFEC
00002
00016
00027
00035
00040
00048
0004B
0004B
00047
0003F
00034
00025
00014
00000
3FFEA
3FFD2
3FFB9
3FFA0
3FF87
3FF6E
3FF57
3FF41
3FF2D
3FF1C
3FF0E
3FF03
3FEFB
3FEF8
3FEF8
3FEFB
3FF03
3FF0E
3FF1C
3FF2E
3FF41
3FF57
3FF6F
3FF88
3FFA1
3FFBB
3FFD4
3FFEC
00002
00017
00028
00037
00043
0004C
00050
00051
0004E
00048
0003E
00031
00021
0000E
3FFF9
3FFE2
3FFCA
3FFB1
3FF98
3FF80
3FF68
3FF52
3FF3E
3FF2C
3FF1D
3FF12
3FF09
3FF04
3FF03
3FF06
3FF0C
3FF16
3FF23
3FF33
3FF45
3FF5A
3FF71
3FF89
3FFA2
3FFBB
3FFD4
3FFEC
00002
00017
00029
00039
00046
0004F
00055
00057
00056
00051
00048
0003C
0002D
0001B
00007
3FFF1
3FFDA
3FFC2
3FFA9
3FF91
3FF79
3FF63
3FF4F
3FF3C
3FF2D
3FF20
3FF17
3FF11
3FF0E
3FF10
3FF15
3FF1D
3FF29
3FF38
3FF49
3FF5D
3FF73
3FF8A
3FFA3
3FFBB
3FFD4
3FFEC
00002
00017
0002A
0003B
00048
00053
00059
0005D
0005D
00059
00051
00047
00039
00028
00015
00000
3FFE9
3FFD2
3FFBA
3FFA2
3FF8A
3FF74
3FF5F
3FF4C
3FF3C
3FF2E
3FF24
3FF1D
3FF19
3FF1A
3FF1D
3FF24
3FF2F
3FF3C
3FF4D
3FF60
3FF75
3FF8B
3FFA3
3FFBB
3FFD4
3FFEC
00002
00018
0002B
0003C
0004A
00056
0005E
00062
00063
00060
0005A
00051
00044
00035
00023
0000E
3FFF9
3FFE2
3FFCA
3FFB2
3FF9B
3FF84
3FF6F
3FF5C
3FF4B
3FF3C
3FF31
3FF29
3FF24
3FF23
3FF26
3FF2C
3FF35
3FF41
3FF51
3FF63
3FF77
3FF8D
3FFA4
3FFBB
3FFD4
3FFEB
00002
00018
0002C
0003D
0004D
00059
00062
00067
00069
00068
00063
0005B
0004F
00041
00030
0001C
00007
3FFF1
3FFDA
3FFC2
3FFAB
3FF94
3FF7F
3FF6B
3FF59
3FF4A
3FF3E
3FF35
3FF2F
3FF2D
3FF2E
3FF33
3FF3B
3FF46
3FF55
3FF65
3FF79
3FF8E
3FFA4
3FFBC
3FFD3
3FFEB
00002
00018
0002C
0003F
0004E
0005B
00065
0006C
0006F
0006F
0006B
00064
0005A
0004D
0003C
0002A
00016
00000
3FFE9
3FFD2
3FFBB
3FFA4
3FF8E
3FF7A
3FF68
3FF58
3FF4B
3FF41
3FF3A
3FF37
3FF37
3FF3A
3FF41
3FF4B
3FF58
3FF68
3FF7B
3FF8F
3FFA5
3FFBC
3FFD3
3FFEB
00002
00018
0002D
00040
00050
0005E
00069
00071
00075
00076
00073
0006D
00064
00058
00049
00037
00024
0000F
3FFF8
3FFE1
3FFCA
3FFB4
3FF9E
3FF89
3FF76
3FF66
3FF58
3FF4D
3FF45
3FF40
3FF3F
3FF42
3FF47
3FF50
3FF5C
3FF6B
3FF7D
3FF90
3FFA5
3FFBC
3FFD3
3FFEA
00002
00018
0002D
00040
00052
00060
0006C
00075
0007A
0007D
0007B
00076
0006E
00063
00055
00045
00032
0001D
00007
3FFF1
3FFDA
3FFC3
3FFAD
3FF98
3FF85
3FF74
3FF65
3FF59
3FF50
3FF4A
3FF48
3FF49
3FF4E
3FF55
3FF60
3FF6E
3FF7F
3FF92
3FFA6
3FFBC
3FFD3
3FFEA
00001
00018
0002D
00041
00053
00063
0006F
00079
00080
00083
00083
0007F
00078
0006E
00061
00051
00040
0002C
00016
00000
3FFE9
3FFD2
3FFBC
3FFA7
3FF93
3FF81
3FF72
3FF65
3FF5B
3FF54
3FF51
3FF51
3FF54
3FF5B
3FF65
3FF71
3FF81
3FF93
3FFA7
3FFBC
3FFD3
3FFEA
00001
00018
0002D
00042
00054
00065
00072
0007D
00085
00089
0008A
00088
00082
00079
0006D
0005E
0004D
0003A
00025
0000F
3FFF8
3FFE2
3FFCB
3FFB6
3FFA1
3FF8F
3FF7F
3FF71
3FF66
3FF5E
3FF59
3FF58
3FF5A
3FF60
3FF69
3FF75
3FF83
3FF94
3FFA8
3FFBC
3FFD3
3FFE9
00001
00017
0002E
00042
00056
00067
00075
00081
0008A
0008F
00091
00090
0008B
00083
00078
0006B
0005A
00048
00034
0001E
00008
3FFF1
3FFDA
3FFC4
3FFB0
3FF9D
3FF8B
3FF7D
3FF71
3FF68
3FF62
3FF60
3FF61
3FF65
3FF6D
3FF78
3FF86
3FF96
3FFA8
3FFBD
3FFD3
3FFE9
00000
00017
0002E
00043
00057
00068
00078
00085
0008E
00095
00098
00098
00095
0008E
00084
00077
00067
00056
00042
0002D
00017
00000
3FFE9
3FFD3
3FFBE
3FFAA
3FF99
3FF89
3FF7C
3FF72
3FF6B
3FF68
3FF68
3FF6B
3FF72
3FF7B
3FF88
3FF98
3FFA9
3FFBD
3FFD2
3FFE9
00000
00017
0002D
00043
00058
0006A
0007A
00088
00093
0009B
0009F
000A0
0009E
00098
0008F
00083
00075
00063
00050
0003C
00026
0000F
3FFF8
3FFE2
3FFCC
3FFB8
3FFA6
3FF95
3FF88
3FF7D
3FF75
3FF70
3FF6F
3FF71
3FF76
3FF7F
3FF8B
3FF99
3FFAA
3FFBE
3FFD2
3FFE9
3FFFF
00017
0002D
00044
00058
0006C
0007D
0008B
00097
000A0
000A6
000A8
000A7
000A2
0009A
0008F
00081
00071
0005F
0004A
00035
0001E
00008
3FFF1
3FFDB
3FFC6
3FFB3
3FFA2
3FF93
3FF87
3FF7E
3FF78
3FF76
3FF77
3FF7B
3FF83
3FF8E
3FF9B
3FFAC
3FFBE
3FFD3
3FFE8
3FFFF
00016
0002D
00044
00059
0006D
0007F
0008F
0009B
000A5
000AC
000AF
000AF
000AC
000A5
0009B
0008E
0007F
0006D
00059
00044
0002E
00017
00000
3FFEA
3FFD4
3FFC0
3FFAF
3FF9F
3FF92
3FF88
3FF81
3FF7D
3FF7D
3FF80
3FF87
3FF91
3FF9D
3FFAD
3FFBF
3FFD3
3FFE8
3FFFF
00016
0002D
00044
0005A
0006E
00081
00092
000A0
000AB
000B2
000B7
000B8
000B6
000B0
000A7
0009B
0008C
0007B
00068
00053
0003D
00026
0000F
3FFF9
3FFE3
3FFCE
3FFBB
3FFAB
3FF9D
3FF92
3FF8A
3FF85
3FF83
3FF86
3FF8B
3FF94
3FFA0
3FFAE
3FFC0
3FFD3
3FFE8
3FFFE
00016
0002D
00044
0005B
00070
00083
00095
000A4
000B0
000B9
000BE
000C1
000C0
000BB
000B3
000A8
0009A
0008A
00077
00062
0004C
00036
0001F
00008
3FFF1
3FFDC
3FFC9
3FFB7
3FFA8
3FF9C
3FF93
3FF8D
3FF8A
3FF8B
3FF8F
3FF97
3FFA2
3FFB0
3FFC0
3FFD3
3FFE8
3FFFE
00015
0002D
00044
0005B
00071
00085
00098
000A8
000B5
000BF
000C6
000C9
000C9
000C6
000BF
000B5
000A8
00098
00086
00072
0005C
00045
0002E
00017
00000
3FFEA
3FFD6
3FFC4
3FFB3
3FFA6
3FF9C
3FF95
3FF91
3FF91
3FF94
3FF9B
3FFA5
3FFB2
3FFC1
3FFD4
3FFE8
3FFFE
00015
0002D
00044
0005C
00072
00087
0009B
000AB
000BA
000C5
000CD
000D2
000D3
000D1
000CB
000C2
000B6
000A7
00095
00081
0006C
00055
0003E
00026
0000F
3FFF9
3FFE4
3FFD0
3FFBF
3FFB1
3FFA5
3FF9D
3FF98
3FF97
3FF99
3FF9E
3FFA7
3FFB3
3FFC3
3FFD4
3FFE8
3FFFE
00015
0002C
00045
0005C
00073
00089
0009D
000AF
000BF
000CB
000D4
000DA
000DD
000DC
000D7
000CF
000C4
000B5
000A4
00091
0007C
00065
0004E
00036
0001E
00007
3FFF2
3FFDD
3FFCB
3FFBC
3FFAF
3FFA6
3FFA0
3FF9D
3FF9E
3FFA2
3FFAA
3FFB6
3FFC4
3FFD5
3FFE8
3FFFE
00014
0002C
00045
0005D
00075
0008B
000A0
000B3
000C4
000D1
000DC
000E3
000E6
000E7
000E3
000DC
000D2
000C4
000B4
000A1
0008C
00076
0005E
00046
0002E
00017
00000
3FFEB
3FFD8
3FFC7
3FFB9
3FFAF
3FFA7
3FFA3
3FFA3
3FFA7
3FFAD
3FFB8
3FFC5
3FFD6
3FFE9
3FFFE
00014
0002C
00045
0005D
00076
0008D
000A3
000B7
000C8
000D7
000E3
000EB
000F0
000F2
000EF
000E9
000E0
000D3
000C4
000B1
0009D
00087
0006F
00057
0003E
00026
0000F
3FFF9
3FFE5
3FFD3
3FFC4
3FFB8
3FFAF
3FFAA
3FFA9
3FFAB
3FFB1
3FFBA
3FFC7
3FFD7
3FFE9
3FFFE
00014
0002C
00045
0005E
00077
0008F
000A6
000BB
000CD
000DD
000EA
000F4
000FA
000FD
000FC
000F7
000EE
000E3
000D4
000C2
000AE
00098
00080
00068
0004F
00036
0001E
00007
3FFF2
3FFDF
3FFCF
3FFC2
3FFB8
3FFB2
3FFAF
3FFB0
3FFB4
3FFBD
3FFC9
3FFD8
3FFE9
3FFFE
00014
0002C
00045
0005F
00078
00091
000A9
000BF
000D2
000E4
000F2
000FD
00105
00108
00108
00105
000FD
000F2
000E4
000D3
000BF
000A9
00092
00079
00060
00047
0002E
00016
00000
3FFEC
3FFDB
3FFCC
3FFC1
3FFB9
3FFB5
3FFB5
3FFB8
3FFC0
3FFCB
3FFD9
3FFEA
3FFFE
00014
0002C
00045
0005F
00079
00093
000AC
000C3
000D8
000EA
000FA
00106
0010F
00114
00115
00113
0010C
00103
000F5
000E5
000D1
000BC
000A4
0008B
00072
00058
0003E
00025
0000E
3FFF9
3FFE6
3FFD7
3FFCA
3FFC1
3FFBC
3FFBA
3FFBC
3FFC3
3FFCD
3FFDA
3FFEB
3FFFE
00014
0002C
00046
00060
0007B
00095
000AF
000C7
000DD
000F1
00102
0010F
0011A
00120
00123
00121
0011C
00113
00107
000F7
000E4
000CE
000B7
0009E
00084
00069
0004F
00036
0001D
00007
3FFF3
3FFE2
3FFD4
3FFC9
3FFC3
3FFC0
3FFC1
3FFC6
3FFCF
3FFDC
3FFEC
3FFFF
00015
0002D
00046
00061
0007C
00097
000B2
000CB
000E2
000F7
0010A
00119
00125
0012D
00131
00130
0012C
00124
00119
00109
000F7
000E2
000CA
000B1
00097
0007C
00061
00046
0002D
00015
00000
3FFED
3FFDE
3FFD2
3FFCA
3FFC6
3FFC6
3FFCA
3FFD2
3FFDD
3FFED
3FFFF
00015
0002D
00047
00062
0007D
00099
000B5
000CF
000E8
000FE
00112
00123
00130
00139
0013F
00140
0013D
00136
0012C
0011D
0010B
000F6
000DF
000C5
000AB
0008F
00073
00058
0003D
00024
0000E
3FFFA
3FFE9
3FFDB
3FFD2
3FFCC
3FFCB
3FFCD
3FFD4
3FFDF
3FFEE
00000
00015
0002D
00047
00063
0007F
0009C
000B8
000D4
000EE
00106
0011B
0012D
0013C
00147
0014E
00151
0014F
00149
0013F
00131
00120
0010B
000F4
000DB
000BF
000A3
00086
0006A
0004E
00034
0001C
00007
3FFF4
3FFE5
3FFDA
3FFD3
3FFD0
3FFD1
3FFD7
3FFE1
3FFEF
00001
00016
0002E
00048
00064
00081
0009E
000BC
000D9
000F4
0010E
00124
00138
00149
00155
0015E
00162
00161
0015D
00154
00147
00136
00122
0010B
000F1
000D5
000B8
0009B
0007D
00060
00045
0002B
00014
00000
3FFEF
3FFE3
3FFDA
3FFD6
3FFD6
3FFDA
3FFE3
3FFF1
00002
00016
0002E
00048
00065
00083
000A1
000C0
000DE
000FB
00116
0012E
00144
00156
00164
0016E
00174
00175
00172
0016A
0015E
0014D
00139
00122
00108
000EC
000CF
000B0
00092
00074
00057
0003B
00023
0000D
3FFFA
3FFEC
3FFE1
3FFDC
3FFDA
3FFDE
3FFE6
3FFF2
00003
00017
0002F
00049
00066
00085
000A4
000C4
000E4
00102
0011F
00139
00150
00164
00174
00180
00187
0018A
00188
00181
00176
00166
00153
0013C
00121
00105
000E7
000C7
000A7
00088
00069
0004C
00032
0001A
00006
3FFF6
3FFEA
3FFE2
3FFDF
3FFE1
3FFE8
3FFF4
00004
00018
0002F
0004A
00068
00087
000A8
000C9
000EA
0010A
00128
00144
0015E
00174
00186
00193
0019C
001A0
001A0
0019A
00190
00181
0016E
00157
0013C
0011F
00100
000E0
000BF
0009E
0007D
0005F
00042
00028
00012
00000
3FFF2
3FFE9
3FFE5
3FFE5
3FFEB
3FFF6
00005
00019
00030
0004B
00069
00089
000AB
000CE
000F0
00112
00133
00151
0016C
00184
00198
001A8
001B3
001B9
001B9
001B5
001AC
0019D
0018B
00174
00159
0013C
0011C
000FA
000D8
000B5
00093
00072
00054
00038
00020
0000B
3FFFB
3FFF0
3FFEA
3FFE9
3FFEE
3FFF7
00006
00019
00031
0004C
0006B
0008C
000AF
000D3
000F8
0011B
0013E
0015E
0017C
00196
001AD
001BF
001CB
001D3
001D6
001D3
001CA
001BD
001AA
00194
00179
0015B
0013A
00117
000F3
000CE
000AA
00087
00067
00048
0002E
00017
00005
3FFF8
3FFF0
3FFED
3FFF1
3FFF9
00007
0001A
00032
0004E
0006D
0008F
000B4
000D9
00100
00126
0014B
0016D
0018E
001AB
001C3
001D7
001E7
001F0
001F5
001F3
001EC
001DF
001CD
001B6
0019B
0017C
0015A
00136
00110
000EA
000C4
0009E
0007B
0005A
0003D
00024
0000F
00000
3FFF6
3FFF2
3FFF4
3FFFB
00008
0001B
00033
0004F
0006F
00093
000B9
000E0
00109
00131
00159
0017E
001A1
001C1
001DD
001F3
00205
00211
00217
00217
00211
00205
001F4
001DD
001C2
001A2
0017F
00159
00131
00108
000E0
000B8
00092
0006E
0004E
00032
0001B
00009
3FFFD
3FFF6
3FFF7
3FFFD
00009
0001C
00033
00050
00071
00096
000BE
000E8
00113
0013E
00169
00191
001B8
001DA
001F9
00213
00227
00236
0023E
00240
0023B
00230
0021F
00208
001EC
001CC
001A7
00180
00156
0012A
000FF
000D4
000AB
00084
00060
00041
00027
00012
00003
3FFFB
3FFFA
3FFFE
0000A
0001C
00034
00052
00074
0009B
000C4
000F1
0011F
0014D
0017B
001A7
001D1
001F7
0021A
00237
0024E
00260
0026A
0026E
0026B
00261
00251
0023A
0021D
001FC
001D5
001AB
0017F
00151
00122
000F3
000C6
0009C
00075
00052
00034
0001C
0000B
00000
3FFFC
00000
0000A
0001C
00034
00053
00077
0009F
000CC
000FB
0012C
0015E
00190
001C1
001EF
00219
00240
00261
0027C
00290
0029E
002A4
002A3
0029A
0028A
00273
00256
00233
0020B
001DE
001AF
0017D
0014A
00118
000E6
000B7
0008C
00065
00043
00027
00012
00005
3FFFF
00001
0000A
0001C
00034
00054
00079
000A4
000D4
00107
0013C
00172
001A9
001DF
00212
00241
0026D
00292
002B2
002CA
002DB
002E4
002E5
002DE
002CE
002B7
00299
00274
00249
0021A
001E7
001B1
00179
00142
0010B
000D7
000A6
0007A
00054
00034
0001B
0000A
00001
00001
00009
0001A
00033
00054
0007C
000AA
000DD
00114
0014F
0018B
001C7
00203
0023C
00272
002A3
002CE
002F3
00310
00325
00332
00335
0032F
00321
00309
002EA
002C3
00295
00262
0022A
001EF
001B2
00175
00138
000FD
000C6
00094
00067
00041
00024
0000F
00003
00000
00007
00018
00031
00054
0007E
000B0
000E8
00125
00165
001A8
001EC
0022F
00270
002AE
002E6
00319
00344
00368
00382
00393
00399
00396
00388
00370
00350
00326
002F5
002BD
0027F
0023E
001FA
001B4
0016F
0012C
000ED
000B3
0007F
00052
0002E
00014
00003
3FFFE
00003
00013
0002E
00052
00081
000B7
000F5
00139
00182
001CE
0021B
00268
002B3
002FB
0033D
00379
003AE
003D9
003FA
00410
0041B
0041B
0040E
003F7
003D4
003A8
00372
00334
002EF
002A5
00257
00208
001B8
0016B
00120
000DB
0009D
00067
0003B
00019
00003
3FFFA
3FFFC
0000C
00027
0004F
00082
000BF
00105
00153
001A6
001FE
00258
002B3
0030C
00362
003B2
003FC
0043C
00473
0049E
004BC
004CE
004D2
004C8
004B1
0048D
0045C
00420
003DA
0038B
00336
002DC
0027E
00220
001C3
0016A
00116
000CA
00087
0004E
00022
00004
3FFF4
3FFF2
00000
0001D
00048
00082
000C8
00119
00175
001D8
00241
002AF
0031D
0038B
003F6
0045B
004B9
0050C
00554
0058F
005BC
005D8
005E5
005E0
005CB
005A6
00571
0052D
004DD
00481
0041B
003AF
0033D
002C9
00256
001E6
0017B
00118
000C0
00074
00037
0000A
3FFEE
3FFE5
3FFEF
0000C
0003B
0007D
000D0
00133
001A3
0021F
002A5
00331
003C0
00451
004E0
00569
005EB
00662
006CB
00725
0076E
007A3
007C3
007CE
007C4
007A3
0076E
00725
006C8
0065C
005E0
00559
004C9
00432
0039A
00302
0026F
001E3
00162
000F0
0008E
00041
00009
3FFE9
3FFE1
3FFF4
00021
00067
000C7
0013E
001CC
0026E
00321
003E2
004AF
00583
0065B
00734
00809
008D7
0099C
00A53
00AFC
00B93
00C19
00C8D
00CF1
00D47
00D96
00DE3
00E3E
00EB8
00F74
010AE
012E5
01772
02572
3E455
04E40
3250B
3D28E
33BC2
3F699
0A8E5
329AC
01EB5
09EA8
1B949
375FE
02DEB
064C3
3D68E
0252F
3F1EE
3DB6F
3AEF2
332A3
0B1EC
3B61C
0649B
0C191
0506E
09501
3FC51
3D6C0
3B289
327BC
09211
3697B
35CE6
37167
05193
00E71
3C4CC
1E3D7
08E33
3674A
025FB
358F6
3AA7B
3EF66
06D70
39EA7
0451B
06FBD
012B9
3F958
3273C
0A49E
34DF2
3C314
04368
0D45E
39B43
028AD
3D202
3D360
37E24
09A17
076DA
0AA17
0ED0C
3E5AB
0117D
3C7D2
3F375
3D0D6
34BC8
012BB
380BD
04706
063BE
39D31
35B6D
06958
12F86
35595
33397
3E52C
01C2D
0A344
065AE
3F56E
3FD45
36745
3782F
01567
3F18B
3C5BF
01EB5
3D5CF
05664
06094
3353C
3772B
36EE4
03028
073C4
0446A
0041E
356FB
3D6F6
3DA72
1005F
09518
16BC9
372E6
0BA33
3E224
3BC6B
16E92
3D0CC
0465C
38089
3C845
03382
07F4B
08952
013E8
3A22D
3F132
396BD
3231D
386DC
044E2
2F88E
37A98
3EC34
03962
0B48B
36C18
0A436
33FD0
3DBA8
03EC5
0987F
3F3C0
0E62F
03189
0E024
398EE
0E3B8
35E2E
1104B
37906
3FF73
00F16
06BD4
3ECDC
3384B
3BF61
3F8F2
02058
34E2F
33250
00CAC
34B6A
0B8EB
3EAA4
098E3
387A7
35566
3F9D9
3D5AE
3F06B
03710
384DE
01771
3B31E
039D4
01260
08515
05645
07B86
37E88
028D6
3D37E
0904F
02CF6
07B61
3B248
00687
09817
3F365
03B80
2F8CD
3F5B9
17E42
09006
32921
0E381
014E8
36F29
3BBB9
3B5AF
02061
32D24
386A4
0CBCD
05162
36341
03884
034BF
2ED21
06B95
0B05B
3AFB4
00929
3C674
0550C
0ADBD
3E4C3
3AD1E
3A728
062D6
05F01
00515
388F3
36D65
0D105
06E44
09351
064DE
2D51B
0F74B
3C96F
06B2F
03C3C
39C46
25E6D
3D7E5
082B4
06E99
03C81
2E3A7
3C0F7
3794B
013F5
393DD
06E79
0BB1E
06A39
09434
07FE2
33C2D
3FA9E
0AB31
005B3
03321
00C43
383DE
0A025
37AD0
0A65C
3BEFC
336EA
0782D
37FBE
3BF7F
07739
2E967
02774
08F8F
390F9
05F81
365CB
04103
3AE29
019B9
044F4
0808E
39EA0
0091C
116F5
3D2D7
3E5FA
3632E
3F82E
3A011
3BCF8
3631A
0D130
04C2E
039AF
3F93C
39AA3
093A3
3EBAD
15B89
05975
3F7B1
02442
0B92B
057A0
38A7B
3AFC1
321D4
2F31B
0779F
0BFCE
036F4
0AB65
3C201
38AD3
36C54
356C8
032F7
0C6A9
37471
3B278
3A036
066A5
3EDD3
03A42
39D26
06CE5
384A6
03333
07249
3C1A5
094E7
0EFDF
3F6BF
3C7A4
04D65
3AF26
012CB
02272
06B47
3ED7B
042FC
059A2
3C214
0F2C2
0E628
3F242
3EB0E
24D57
34144
352EC
3715E
3D4D8
0A823
087E9
09C68
0D368
3D2BA
378B8
3FFDD
3AC51
359F1
06695
3298C
34F4D
022A6
3FFAD
00C02
023A9
3BE8B
032A2
3B735
074A1
25031
02180
0A4B3
0BEA0
026F2
0EC12
3DC8C
2E319
38B43
0CD46
09729
0CF98
008EF
3D361
05667
36EAE
01A72
3B783
04F4C
015BB
3FBD0
06B15
0B970
050FD
01361
0571D
37FDC
11F43
08FDD
0753C
09CF7
3AE9F
3CEBB
04093
39215
3B1BE
2E0E7
019A9
007EE
0B107
3A6E1
00885
121C9
3D504
0326C
3D4C7
3596D
0755F
1916B
35423
02159
31209
3B611
010C0
33EDD
39FB2
38BB1
01A08
08383
3F8E3
3DCA9
0013B
35CCB
34FB1
39123
014E7
02E18
01A4C
160AE
39F77
34744
3FA3F
3DD6D
37485
0AA84
39E02
01F14
33515
0C558
3F511
0DD13
38488
01190
02C04
3F5BD
07770
071ED
0DAB5
132EE
3EB0E
089F0
3F353
0F3C8
04DB5
3AD45
055BB
03E4F
2AF27
035D7
3E230
2C7D8
05933
3B35E
34D1F
0D1EF
06AB8
3FC08
07E24
07BEE
05EBA
055D5
3BFA7
02F60
1449F
385A2
03A9F
08322
3D824
0B3F5
050E4
3E3DF
079A9
06BC6
03170
3FD26
379B5
0ECE2
059CD
04F5F
06279
3CCD4
0A381
028C0
28AFD
0413D
07F37
3EEEA
3E8C0
3B638
3C400
0C37D
04B8E
098FD
0161B
32706
0147C
0D1A5
04AFD
0E6A7
3C3F7
04244
0199E
3AF9E
3841A
34AD0
075B9
35BC3
3D271
